tree
version=v4
num_class=1
num_tree_per_iteration=1
label_index=0
max_feature_idx=14
objective=tweedie
feature_names=f_MeanSmoothInterval_payment_prev7days_smooth1days f_Interval_sum_payment_prev7days f_TrendFraction_sum_payment_prev6days_to3days_interval6days f_TrendFraction_sum_finish_quest_prev7days_to2days_interval7days f_TrendFraction_sum_battle_prev7days_to1days_interval7days f_Interval_sum_login_prev7days f_Interval_max_payment_prev7days f_Interval_count_finish_quest_prev7days f_TrendFraction_max_login_prev7days_to2days_interval7days f_Interval_min_payment_prev7days f_TrendFraction_sum_finish_quest_prev7days_to1days_interval7days f_Interval_sum_finish_quest_prev7days f_TrendFraction_sum_login_prev7days_to2days_interval7days f_TrendFraction_sum_battle_prev6days_to3days_interval6days f_Interval_max_login_prev1days
feature_infos=[1.5818076376250971:714.49985869914076] [11.07265346337568:5001.4990108939855] [0:21.450790046919881] [0:76] [1:173] [0:6782] [11.07265346337568:1385.680438062536] [0:90] [0.021739130434782608:101.5] [11.07265346337568:489.90199165701864] [1:156] [10:1960] [0.024691358024691357:657] [0:172] [0:1569]
tree_sizes=3722 3826 4231 4441 3822 4336 4104 4115 3709 4324 4135 4640 4221 3271 4450 3282 3936 3712 3400 3612 3607 3818 3407 3707 3191 3701 2986 3490 3603 3494 3079 2982 3385 2884 2785 3202 2779 3407 2669 2458 3181 3293 2976 2676 2245 3832 2576 3293 3507 2670 2362 2158 2261 2045 1940 2977 2673 3399 2991 2651 3314 2984 2988 2960 3408 2668 2667 2254 2571 2666 1944 2885 2048 2367 2574 2039 2680 2466 1941 2149 2056 3195 2378 2688 2583 3509 2773 2893 2878 2978 3315 3308 3627 2463 2892

Tree=0
num_leaves=36
num_cat=0
split_feature=1 1 1 12 12 2 5 0 3 10 2 1 1 12 0 5 13 10 0 13 1 13 13 13 1 13 6 1 1 0 10 0 14 1 3
split_gain=79356.4 9043.32 1994.99 1495.67 1072.53 896.509 637.854 433.749 366.143 320.28 235.264 202.816 173.772 163.488 163.267 144.358 110.017 74.5433 53.3378 43.4228 31.9423 31.9206 31.4217 25.2292 20.7789 18.4869 12.2328 9.04596 7.83676 6.23222 2.94996 1.05116 0.556691 0.414822 0.16345
threshold=79.422456716927229 20.356813500582906 233.31169483724932 33.483957219251344 1.525260640255121 1.0000000180025095e-35 523.00000000000011 4.3302300575386514 1.5138888888888891 5.479166666666667 7.4975248761124567 1145.7767760826366 41.569994590977565 2.916064527687019 17.439896104157224 1510.5000000000002 16.541666666666668 7.0227272727272743 1.0000000180025095e-35 0.88427630844771798 107.73132006264781 1.1230817742274544 2.5496503496503498 2.3019813519813526 53.882185174172314 1.2532051282051284 27.01533167356445 26.892792739600683 135.85124371319594 5.4628321899408947 4.5385629531970997 11.674357684160455 83.000000000000014 23.774484611986221 1.8245283018867926
decision_type=10 10 10 8 10 8 10 10 8 8 8 10 10 10 10 10 10 10 10 10 10 10 10 10 10 8 10 10 10 10 10 10 10 10 10
left_child=1 5 4 6 20 -1 7 17 -9 21 14 13 23 -4 -6 16 -11 25 30 -10 -2 -8 -15 27 31 -3 -26 33 -22 -29 32 -14 34 -5 -7
right_child=2 3 11 12 10 18 9 8 19 15 -12 -13 24 22 -16 -17 -18 -19 -20 -21 28 -23 -24 -25 26 -27 -28 29 -30 -31 -32 -33 -34 -35 -36
leaf_value=4.9230446029677486 4.9193558857055901 4.8716821697781363 5.0036516983496373 4.8640905846090945 4.961927991196097 4.835495257682723 4.9180626577318858 4.9852660848591164 4.894232142129086 4.9392590233241762 5.0102512993992763 5.0311332114371661 4.8930156337915873 5.0183848720120734 4.9952997020441607 4.9768788490284699 4.9751935807881296 4.9168675057846345 4.8614927634582958 4.9228961768314701 4.934604680416121 4.8927094107351596 5.0271550331508994 4.8899454175649621 4.9151685495937265 4.885813265333617 4.8986071603828307 4.8820837675334827 4.9467456422357152 4.8709788348539789 4.8415809042709084 4.8878325868253629 4.8385837242911052 4.8665764572302255 4.8373576947168511
leaf_weight=304.20418787002563 274.2290563583374 460.8510217666626 1444.6816930770874 220.21986865997314 561.1934642791748 11105.790791034698 391.74648427963257 234.84060335159302 233.80749416351318 1311.5182414054871 1728.9143228530884 6490.0799407958984 173.8584132194519 1861.3718547821045 1056.4614372253418 462.84737825393677 254.29811334609985 149.15373659133911 203.37377834320068 303.8031907081604 280.60138702392578 181.7467679977417 2262.9311294555664 162.08672285079956 196.0636739730835 464.95576286315918 258.51440238952637 161.46953105926514 252.53193283081055 580.77102422714233 206.82266330718994 223.6745080947876 149.76075458526611 705.29785823822021 119.06725549697876
leaf_count=29 27 64 39 32 35 1883 39 10 28 107 37 24 21 27 36 23 13 15 30 29 24 22 16 20 20 59 30 21 19 81 34 28 25 101 20
internal_value=4.93336 4.86464 5.01483 4.90929 4.98495 4.8383 4.92707 4.9046 4.93318 4.94302 4.99743 5.02513 4.8798 5.01813 4.98372 4.95235 4.9451 4.88406 4.83611 4.91043 4.93322 4.91003 5.0232 4.87111 4.89845 4.87878 4.90575 4.86928 4.94036 4.87339 4.83566 4.8901 4.83556 4.86598 4.83552
internal_weight=35433.5 19220.5 16213 7131.52 4153.93 12089 4449.57 1847.41 772.451 2602.16 3346.57 12059.1 2681.96 5568.98 1617.65 2028.66 1565.82 1074.96 11784.8 537.611 807.362 573.493 4124.3 1829.85 852.111 925.807 454.578 1667.76 533.133 742.241 11581.4 397.533 11374.6 925.518 11224.9
internal_count=3068 2784 284 763 178 2021 409 205 67 204 108 106 354 82 71 143 120 138 1992 57 70 61 43 255 99 123 50 235 43 102 1962 49 1928 133 1903
is_linear=0
shrinkage=1


Tree=1
num_leaves=35
num_cat=0
split_feature=1 1 1 8 12 2 10 13 0 2 0 1 4 12 1 0 8 11 3 11 0 13 13 1 1 11 1 1 10 11 0 0 13 8
split_gain=74259.6 9042.17 2027.23 1384.04 1003.44 906.19 532.312 292.887 255.053 232.618 227.287 222.548 198.959 172.852 163.547 154.982 120.176 119.462 103.089 91.5217 58.961 34.3839 30.4388 28.8628 17.3977 10.037 7.07868 6.23126 3.3852 2.05967 1.07834 0.643462 0.198375 0.185153
threshold=79.422456716927229 20.356813500582906 233.31169483724932 13.468750000000002 1.525260640255121 1.0000000180025095e-35 5.5192307692307701 16.541666666666668 4.2400283017096045 7.4975248761124567 5.8972022822435521 1145.7767760826366 34.250000000000007 2.916064527687019 41.569994590977565 17.439896104157224 1.2135225511785339 1175.0000000000002 7.0227272727272743 285.00000000000006 1.0000000180025095e-35 2.5496503496503498 2.3019813519813526 107.73132006264781 53.882185174172314 225.00000000000003 135.85124371319594 26.892792739600683 4.5385629531970997 95.000000000000014 11.674357684160455 5.5649520716088015 6.8730158730158744 0.7567878787878789
decision_type=10 10 10 8 10 8 10 10 10 8 10 10 8 10 10 10 10 10 8 10 10 10 10 10 10 10 10 10 10 8 10 10 10 8
left_child=1 5 4 6 23 -1 7 8 19 15 17 13 -10 -4 22 -6 -12 18 -8 -3 28 -15 27 -2 30 -26 -25 31 32 -29 -16 -5 33 -7
right_child=2 3 11 14 9 20 10 -9 12 -11 16 -13 -14 21 24 -17 -18 -19 -20 -21 -22 -23 -24 26 25 -27 -28 29 -30 -31 -32 -33 -34 -35
leaf_value=-0.011837304247931578 -0.015352415426774239 -0.054061736792130249 0.066289002584047033 -0.065103222577592532 0.025199201086744189 -0.097945881532702311 -0.051946461274528989 0.030553605913911482 -0.02228166434445554 0.073060511189838889 0.014232552836585777 0.095210659471238968 0.024922816672303963 0.081547332472629158 -0.040453921572900405 0.057849317672576367 0.050414265466966625 0.015163575181465497 -0.0032451606006567088 -0.027014866155539052 -0.072282379776177699 0.090895626195336185 -0.040429245443804863 -0.00084605192836698236 -0.035183266706801962 -0.019660271000961051 0.010694639515673799 -0.056141243808535558 -0.093335095345955812 -0.062670737928131007 -0.045800118108398014 -0.06823656146509699 -0.097853680304811022 -0.099977154028932771
leaf_weight=303.97429513931274 273.88082504272461 745.39791107177734 1411.95924949646 214.15662384033203 559.28192520141602 113.38580083847046 185.2471604347229 240.65204381942749 908.48213624954224 1681.8010454177856 523.66391181945801 6200.5770797729492 295.93600177764893 1799.0078582763672 164.43754148483276 1038.0384149551392 408.54324054718018 364.63516664505005 262.82910251617432 538.89850282669067 197.94299268722534 2170.2145709991455 139.58202934265137 280.60030269622803 257.84542179107666 174.68017482757568 252.37610626220703 153.81427192687988 197.92659616470337 562.2808895111084 221.19714403152466 697.52537488937378 113.4368371963501 10593.708740711212
leaf_count=29 27 100 39 31 35 20 24 14 95 37 38 24 19 27 20 36 17 26 23 59 30 16 17 24 30 18 19 21 34 80 28 103 20 1888
internal_value=-0.00210604 -0.0697155 0.0780712 -0.0251582 0.0477911 -0.0970206 -0.00832918 -0.0221187 -0.0272119 0.0600821 0.01324 0.0887539 -0.0106831 0.0813139 -0.0542812 0.0464173 0.0300893 -0.00608664 -0.0233796 -0.0427127 -0.0993292 0.0866586 -0.0628373 -0.00216031 -0.0357987 -0.0289141 0.00461872 -0.0647588 -0.0998151 -0.0612682 -0.0435205 -0.0675005 -0.0999336 -0.0999556
internal_weight=34247.9 18580.2 15667.7 7059.8 4085.98 11520.4 4474.29 2729.37 2488.71 3279.12 1744.92 11581.8 1204.42 5381.18 2585.52 1597.32 932.207 812.711 448.076 1284.3 11216.4 3969.22 1767.36 806.857 818.16 432.526 532.976 1627.78 11018.5 716.095 385.635 911.682 10820.5 10707.1
internal_count=3068 2784 284 763 178 2021 415 287 273 108 128 106 114 82 348 71 55 73 47 159 1992 43 252 70 96 48 43 235 1962 101 48 134 1928 1908
is_linear=0
shrinkage=0.05


Tree=2
num_leaves=39
num_cat=0
split_feature=1 1 1 8 12 2 5 12 0 10 1 6 13 13 10 1 5 8 5 11 0 0 0 13 13 1 1 6 6 5 1 1 10 0 1 1 8 10
split_gain=69430.9 9032.67 2053.5 1282.42 936.916 915.2 529.917 367.775 289.138 279.162 243.229 239.208 292.81 184.729 171.247 169.132 167.993 118.756 178.567 90.1502 64.9782 50.0004 32.5533 29.5375 27.602 26.0772 22.3815 20.0908 14.6844 13.4242 6.3934 4.8877 3.88009 1.50048 0.847216 0.64129 0.229675 0.214349
threshold=79.422456716927229 20.356813500582906 233.31169483724932 4.291666666666667 1.525260640255121 1.0000000180025095e-35 523.00000000000011 0.88535353535353545 4.6194114596767912 5.479166666666667 1145.7767760826366 26.799005657545973 5.2111111111111121 1.7524509803921571 3.804761904761905 41.569994590977565 1277.0000000000002 1.8448951048951052 1510.5000000000002 1125.0000000000002 1.0000000180025095e-35 20.445310332869973 5.4150187801396497 1.1230817742274544 1.2532051282051284 107.73132006264781 53.882185174172314 27.005920476630752 26.642030347610731 353.50000000000006 135.85124371319594 28.776554654133772 4.5385629531970997 11.674357684160455 32.120469981405208 24.418788088397786 3.9724409448818903 3.0128205128205132
decision_type=10 10 10 8 10 8 10 8 10 8 10 10 10 10 10 10 10 10 10 8 10 10 10 10 8 10 10 10 10 10 10 10 10 10 10 10 10 8
left_child=1 5 4 6 25 -1 7 -3 24 23 13 -6 16 19 -10 22 21 18 -11 -4 32 -13 28 -8 -9 -2 33 -28 29 -5 -27 35 36 -17 -33 -24 37 -7
right_child=2 3 10 15 11 20 9 8 14 17 -12 12 -14 -15 -16 26 -18 -19 -20 -21 -22 -23 31 -25 -26 30 27 -29 -30 -31 -32 34 -34 -35 -36 -37 -38 -39
leaf_value=-0.011253330601531886 -0.014602017592324157 0.040419347532705679 0.056536013150613476 -0.064271627320016331 0.079752966921723845 -0.097735477819940644 -0.015412656894437224 -0.059802689384643809 -0.02821196218202553 0.00014681509099643048 0.094744819296732549 0.01217206672850028 0.075755087813860394 0.087648275992339431 0.029872860422321207 -0.037899626056695446 0.055620351350028845 0.037609864700007947 0.042589409680031588 0.077495709603090615 -0.070511042839803001 0.036402960820506945 -0.067130308387100338 -0.039938079816556865 -0.043152281850099422 -0.00080375205289851817 -0.013362063235234587 -0.034256257567769614 -0.039481843364081975 -0.044996927395869663 0.010165725983075594 -0.060736391105916478 -0.092706847255254896 -0.04397161694836562 -0.055817512873092424 -0.064464079884793954 -0.097633482091808388 -0.099974752592440846
leaf_weight=303.7666482925415 273.56612968444824 174.88889980316162 903.76724338531494 203.12618970870972 920.56878662109375 108.01305532455444 390.3235912322998 534.24990701675415 343.89791917800903 1135.6642756462097 5926.4550628662109 490.54317760467529 729.36137008666992 3114.7921886444092 201.09303140640259 190.07736349105835 700.05323314666748 502.40263748168945 316.99466562271118 1186.5911846160889 192.90015029907227 376.15246772766113 408.3991641998291 179.09764242172241 466.01759338378906 280.59932422637939 204.1601390838623 263.59082126617432 225.68393707275391 162.68325471878052 252.23539066314697 227.38860607147217 189.51790475845337 218.93497371673584 142.334388256073 503.66196060180664 108.04070997238159 10077.449845790863
leaf_count=29 27 9 31 30 15 20 39 76 38 96 24 35 14 30 12 23 25 26 15 21 30 19 62 22 59 24 20 31 28 21 19 33 34 28 20 75 20 1888
internal_value=-0.00207721 -0.0685416 0.0767534 -0.0241334 0.0461378 -0.096832 -0.00690079 -0.0283029 -0.0360808 0.00768233 0.0878183 0.0582191 0.0495856 0.0799318 -0.00677958 -0.0507316 0.0374031 0.0166556 0.0094085 0.0684338 -0.099267 0.0226885 -0.0592147 -0.0231265 -0.0520454 -0.00205356 -0.0326068 -0.0251365 -0.0495118 -0.0556998 0.00438902 -0.0636921 -0.0997962 -0.0411498 -0.0588427 -0.065658 -0.0999267 -0.099951
internal_weight=33129 17974.4 15154.7 6994.67 4023.08 10979.7 4244.63 1720.15 1545.26 2524.48 11131.6 3216.68 2296.11 5205.15 544.991 2750.04 1566.75 1955.06 1452.66 2090.36 10675.9 866.696 1873.28 569.421 1000.27 806.401 876.763 467.751 591.493 365.809 532.835 1281.78 10483 409.012 369.723 912.061 10293.5 10185.5
internal_count=3068 2784 284 763 178 2021 392 194 185 198 106 108 93 82 50 371 79 137 111 52 1992 54 269 61 135 70 102 51 79 51 43 190 1962 51 53 137 1928 1908
is_linear=0
shrinkage=0.05


Tree=3
num_leaves=41
num_cat=0
split_feature=0 0 8 0 12 0 10 5 3 12 0 14 8 0 13 8 14 10 8 0 5 0 14 0 11 13 13 9 9 7 14 5 11 3 9 14 5 11 11 14
split_gain=59482.8 9964.24 3323.58 2729.2 1172.85 757.502 616.356 574.333 335.124 332.843 257.961 187.345 183.721 171.312 165.611 163.928 158.08 152.204 148.108 139.372 83.1411 75.0649 64.4617 53.079 38.7614 32.7088 29.0944 26.2645 26.7269 17.9562 17.6353 15.7139 10.144 7.92199 4.84467 3.63434 1.89025 1.56911 1.1533 0.86382
threshold=12.266553398367694 2.7799948926227644 0.44510236852669616 64.486535294065163 33.483957219251344 33.850082349228458 13.267857142857144 512.50000000000011 6.9115384615384627 0.88535353535353545 4.6194114596767912 18.500000000000004 0.58259204348900429 153.5156921233839 1.7524509803921571 1.2363166549213063 20.500000000000004 4.60952380952381 0.95355034123150084 32.609499444663534 319.50000000000006 8.7341908034413791 43.500000000000007 1.0000000180025095e-35 1315.0000000000002 2.0051020408163267 1.2532051282051284 26.892792739600683 27.145660401908632 14.500000000000002 29.500000000000004 158.50000000000003 425.00000000000006 4.5812500000000007 24.418788088397786 17.500000000000004 378.50000000000006 165.00000000000003 185.00000000000003 83.000000000000014
decision_type=10 10 10 10 8 10 10 10 8 8 10 10 8 10 10 10 10 10 10 10 10 10 10 10 8 10 8 10 10 10 10 10 10 8 10 8 10 10 8 10
left_child=1 6 3 19 7 11 12 9 18 -3 26 -4 -1 14 24 -12 -10 -13 -9 20 30 -18 -20 29 -7 27 -11 34 -29 39 31 -2 -22 -31 37 -36 -30 -6 -32 -14
right_child=2 4 5 -5 25 13 -8 8 16 10 15 17 23 -15 -16 -17 21 -19 22 -21 32 -23 -24 -25 -26 -27 -28 28 36 33 38 -33 -34 -35 35 -37 -38 -39 -40 -41
leaf_value=-0.054494042717627311 -0.04963274398658897 0.038714857986504571 0.03350563305783634 0.079794167895488807 -0.066275902946560508 0.060666841697727764 0.013965267822363623 0.012235922602872151 -0.0024395733248088903 -0.057545403771759478 -0.031273019830710631 0.074287925893742154 -0.099977790611308043 0.093739173642433282 0.087649998348338171 0.022521976808607111 0.025835088036139417 0.04755466022099504 -0.031567029479224261 0.00033498022732726467 -0.025045121357826397 0.053634487347371251 -0.0031786365488332422 -0.070885370410467163 0.075621744512743491 -0.037300130037185845 -0.040862570145432923 -0.030827345370962406 -0.056579537005972735 -0.077184448489654944 -0.058688433192659567 -0.027423048273513301 -0.010510123950050044 -0.094501704153891308 -0.051079844772952 -0.060911957187480853 -0.049499132842404599 -0.060744445548616181 -0.052393753918570887 -0.095871204173457028
leaf_weight=236.25901126861572 160.21180534362793 173.49592304229736 606.40628719329834 1050.3308849334717 294.71180820465088 865.08882141113281 124.22722387313843 518.86191701889038 391.85131883621216 505.29506778717041 316.14288806915283 1488.0120887756348 9500.5451855659485 4988.4764289855957 2934.5924530029297 256.52343559265137 791.20218706130981 829.08622264862061 563.43330335617065 392.46924448013306 298.99832344055176 350.3640079498291 309.98448753356934 163.97295141220093 868.04915618896484 300.9134840965271 541.31322050094604 175.65231561660767 269.28598165512085 119.11913204193115 149.04283571243286 158.36368751525879 200.55580043792725 148.21259260177612 172.33848667144775 206.73373365402222 145.03140592575073 226.92786264419556 142.1876277923584 129.80597400665283
leaf_count=34 22 9 32 17 46 26 10 39 34 73 36 30 1871 23 27 17 49 34 64 33 33 13 27 26 16 37 69 21 39 20 22 18 19 28 24 31 20 34 20 25
internal_value=-0.00204762 -0.0664269 0.0699912 0.0179668 -0.0178957 0.0805459 -0.0967413 -0.00481838 0.00883684 -0.0271029 -0.0341549 0.0582473 -0.0980768 0.087297 0.0804122 -0.00717578 0.0249615 0.0647224 -0.00892241 -0.0252733 -0.0343331 0.0343671 -0.0214917 -0.0991002 0.0681571 -0.0523369 -0.0489169 -0.0553722 -0.0471717 -0.0995676 -0.0467221 -0.0385923 -0.0192098 -0.0867854 -0.0607436 -0.056442 -0.054101 -0.0638696 -0.0556152 -0.0999224
internal_weight=32064.1 16932.2 15131.9 2552.16 6510.06 12579.7 10422.1 4718.47 2925.7 1792.77 1619.27 2923.5 10297.9 9656.21 4667.73 572.666 1533.42 2317.1 1392.28 1501.83 1109.36 1141.57 873.418 10061.7 1733.14 1791.6 1046.61 1490.68 589.97 9897.68 609.806 318.575 499.554 267.332 900.712 379.072 414.317 521.64 291.23 9630.35
internal_count=3068 2696 372 184 682 188 2014 430 226 204 195 96 2004 92 69 53 96 64 130 167 134 62 91 1970 42 252 142 215 80 1944 82 40 52 48 135 55 59 80 42 1896
is_linear=0
shrinkage=0.05


Tree=4
num_leaves=35
num_cat=0
split_feature=1 1 1 12 2 12 14 10 1 3 6 8 12 12 1 0 0 0 2 14 1 0 6 1 7 1 1 10 7 0 14 1 1 10
split_gain=60608.8 8958.39 2079.06 1095.85 954.272 825.92 441.235 302.497 286.534 272.832 243.618 259.141 238.447 202.355 150.221 133.115 77.0986 76.5944 37.2298 27.2923 21.1741 17.6324 21.3768 15.7627 11.207 5.16561 4.91516 4.78395 4.08087 1.03968 0.993621 0.666739 0.646572 0.280027
threshold=79.422456716927229 20.356813500582906 233.31169483724932 33.483957219251344 1.0000000180025095e-35 1.525260640255121 114.50000000000001 5.4083333333333341 1145.7767760826366 2.8388888888888895 26.799005657545973 2.9009803921568631 2.9665107709750571 2.916064527687019 41.569994590977565 7.7524581222053284 1.0000000180025095e-35 17.439896104157224 10.083433166746968 8.5000000000000018 107.73132006264781 5.4150187801396497 26.892792739600683 53.882185174172314 11.500000000000002 135.85124371319594 28.953231699056179 4.5385629531970997 9.5000000000000018 11.674357684160455 83.000000000000014 32.048149800656006 24.418788088397786 3.0128205128205132
decision_type=10 10 10 8 8 10 10 8 10 8 10 10 10 10 10 10 10 10 8 10 10 10 10 10 10 8 10 10 10 10 10 10 10 8
left_child=1 4 5 6 -1 20 7 15 13 -9 -7 17 -11 -4 21 19 27 -12 -15 -3 -2 22 28 29 -25 -22 32 30 -5 -16 33 -28 -23 -6
right_child=2 3 8 14 16 10 -8 9 -10 12 11 -13 -14 18 23 -17 -18 -19 -20 -21 25 26 -24 24 -26 -27 31 -29 -30 -31 -32 -33 -34 -35
leaf_value=-0.008649477502244941 -0.013485301861566568 -0.056443064802896792 0.060309330841827671 -0.062510091792921413 -0.09731893882148164 0.077121323194062327 0.051630883478762928 0.038812363045725801 0.093698332776793 -0.03097425340771633 0.020582696540773705 0.070462328736177401 0.0015131288645332979 0.078063974406277326 -0.035465636446610951 -0.0026064778172651785 -0.067097885023543496 0.043511068730693166 0.088290985523569121 -0.037272946987515938 -0.0010288132896253497 -0.063434430840900433 -0.034820333939273244 -0.030958077544845936 -0.014748928084346172 0.0088380707541506499 -0.05696511516897771 -0.091591313907921745 -0.050599286998946093 -0.040711077009345106 -0.095465195121689328 -0.052389827767105296 -0.060750168144094188 -0.10000000000000001
leaf_weight=300.41837406158447 273.04832553863525 286.08242702484131 1323.1623382568359 154.3184814453125 98.446974277496338 869.52488613128662 298.75119829177856 342.88770389556885 5427.5586395263672 820.19148921966553 618.64936351776123 725.58296298980713 1813.9597706794739 1768.4620790481567 168.32648849487305 254.95916843414307 184.21382665634155 885.73860168457031 1791.2141923904419 528.95012950897217 280.20156574249268 391.56444644927979 175.09371042251587 271.6309175491333 175.55694246292114 251.89723968505859 159.90151691436768 176.03806829452515 134.67118740081787 215.28556632995605 123.9874382019043 158.61082077026367 525.30285882949829 9095.2438340187073
leaf_count=29 27 41 39 24 20 15 12 18 24 95 39 16 154 28 21 23 30 38 15 66 24 62 22 32 18 19 24 34 19 28 25 23 81 1883
internal_value=-0.00201712 -0.0661512 0.0740249 -0.0222387 -0.0964111 0.0429524 -0.00700782 -0.0113365 0.0857924 -0.0031413 0.0546728 0.0459195 -0.00860242 0.0770044 -0.048398 -0.0341381 -0.0991354 0.0340822 0.0832102 -0.0440018 -0.00216622 -0.0569161 -0.0486067 -0.0309735 -0.0245947 0.0036422 -0.0600377 -0.0997571 -0.0569596 -0.0384094 -0.0999113 -0.0546867 -0.0618965 -0.0999713
internal_weight=31069.4 16854.4 14215 6876.04 9978.35 3904.64 4345.78 4047.03 10310.4 2977.04 3099.5 2229.97 2634.15 4882.84 2530.26 1069.99 9677.93 1504.39 3559.68 815.033 805.147 1699.46 464.083 830.8 447.188 532.099 1235.38 9493.72 288.99 383.612 9317.68 318.512 916.867 9193.69
internal_count=3068 2784 284 763 2021 178 409 397 106 267 108 93 249 82 354 130 1992 77 43 107 70 255 65 99 50 43 190 1962 43 49 1928 47 143 1903
is_linear=0
shrinkage=0.05


Tree=5
num_leaves=40
num_cat=0
split_feature=1 1 1 8 5 2 1 5 8 12 0 2 1 12 12 13 7 8 14 4 7 4 8 13 8 5 10 0 1 1 0 7 1 0 12 1 7 4 14
split_gain=60892.4 5528.12 5092.13 1070.17 900.039 780.035 761.057 675.921 634.852 533.603 239.856 212.823 197.514 191.173 149.102 146.218 142.839 188.057 118.641 118.629 112.646 101 69.2855 52.3221 50.9453 39.0899 37.3723 25.5041 25.4128 23.2269 23.1685 11.9211 12.7771 3.86191 2.79738 1.28084 1.01543 0.433614 0.346429
threshold=38.47745497910828 11.134920335983301 120.73784355985522 34.250000000000007 652.50000000000011 1.0000000180025095e-35 320.39778533465216 993.50000000000011 13.988095238095239 0.88535353535353545 4.4712454822166849 1.9997210221650186 1145.7767760826366 3.5199871050934886 1.5339627477785374 6.0400000000000009 28.500000000000004 1.0953210175651125 26.500000000000004 4.7042502951593876 37.500000000000007 2.9893617021276602 1.8175416133162614 0.79682539682539699 1.3377192982456141 631.50000000000011 3.5058139534883725 10.282162846992223 53.882185174172314 26.189791352004118 5.4150187801396497 13.500000000000002 71.932096073634241 12.213249792009593 7.6813253012048204 23.423085818535352 4.5000000000000009 3.0871212121212124 80.500000000000014
decision_type=10 10 10 8 10 8 10 10 10 8 10 8 10 10 10 8 10 8 10 10 10 10 8 10 10 10 10 10 10 10 10 10 10 10 10 10 10 8 10
left_child=1 5 3 8 9 -1 7 14 11 -3 13 18 19 23 -4 -9 17 -13 27 -8 -18 -16 24 -6 26 34 -11 -2 33 35 -31 32 -30 -5 36 -24 38 -38 -7
right_child=2 4 6 28 10 25 12 15 -10 22 -12 16 -14 -15 21 -17 20 -19 -20 -21 -22 -23 29 -25 -26 -27 -28 -29 31 30 -32 -33 -34 -35 -36 -37 37 -39 -40
leaf_value=-0.009040562706425375 -0.022228361154777325 0.037587797575949461 0.014288463748539587 -0.029390127555062297 0.0076920736834298377 -0.099918860562672879 0.067773647763532438 0.067474231950168717 0.09316371102627706 -0.037432132250003435 -0.042714936755195762 -0.020409895780928305 0.093352629484849542 0.034761893609158899 0.060140120656641254 0.091673288822262777 0.061842510554487133 0.032741258078504372 0.025156502669904903 0.085468464411353806 0.031148034089766442 0.0284701395767437 -0.064856128759147036 -0.024064931181110503 -0.014275051634122371 -0.076283799085120355 -0.059933951633180022 -0.00037777364834890243 -0.035006678225688849 -0.037023427695186815 -0.055190116669027081 -0.0098035936351990247 -0.017899201114573212 -0.039311208708771861 -0.091217156411414535 -0.059793310920894141 -0.095081806108167521 -0.098429442714574433 -0.096864041211521187
leaf_weight=246.31378126144409 270.94188165664673 188.81208992004395 540.63048553466797 164.43223524093628 283.11083173751831 8320.7127289772034 1533.9997310638428 1575.1899137496948 371.12812805175781 632.55921363830566 213.88250303268433 244.27219009399414 5392.0804824829102 584.72610139846802 593.62859725952148 1033.9872770309448 492.21937274932861 522.16112279891968 377.59186315536499 2476.0901966094971 761.08774423599243 437.12896537780762 147.45472812652588 239.35972929000854 171.94213962554932 182.48524713516235 260.52189302444458 263.34238052368164 169.35393953323364 267.10859346389771 511.74891376495361 215.26997804641724 306.99502182006836 243.11971044540405 97.130945205688477 817.62850189208984 124.87654209136963 429.18308782577515 93.854380130767822
leaf_count=24 29 10 38 20 23 1810 35 38 2 82 27 25 24 32 17 6 15 28 23 25 42 23 24 26 18 34 39 22 21 34 78 21 32 32 20 128 26 92 20
internal_value=0.00342626 -0.0755236 0.064065 0.0173301 -0.0286249 -0.0968568 0.079211 0.0614617 0.0315524 -0.0437773 0.00575873 0.0237527 0.087103 0.0151226 0.0355551 0.077064 0.0328048 0.0158013 0.00370315 0.0786996 0.0432029 0.0467094 -0.0492464 -0.00685678 -0.0391979 -0.0991957 -0.0439962 -0.0114585 -0.0254045 -0.0553831 -0.0489599 -0.0195684 -0.0239813 -0.0353084 -0.0996569 -0.0605669 -0.0997483 -0.0976749 -0.0998848
internal_weight=31798.1 13813.4 17984.7 4401.92 4318.86 9494.56 13582.7 4180.57 3302.74 2997.78 1321.08 2931.62 9402.17 1107.2 1571.39 2609.18 2019.74 766.433 911.876 4010.09 1253.31 1030.76 2808.96 522.471 1065.02 9248.24 893.081 534.284 1099.17 1743.94 778.858 691.619 476.349 407.552 9065.76 965.083 8968.63 554.06 8414.57
internal_count=3065 2547 518 312 521 2026 206 122 186 413 108 184 84 81 78 44 110 53 74 60 57 40 403 49 139 2002 121 51 126 264 112 74 53 52 1968 152 1948 118 1830
is_linear=0
shrinkage=0.05


Tree=6
num_leaves=38
num_cat=0
split_feature=1 1 1 8 6 5 2 8 5 12 14 2 1 4 12 1 3 11 3 8 14 14 1 3 12 5 5 3 1 11 6 1 11 1 11 4 4
split_gain=56842 5558.39 4914.08 975.577 888.731 825.987 785.143 617.545 602.299 488.275 223.588 194.824 189.28 216.449 174.389 151.84 151.808 127.012 133.843 129.605 114.69 107.379 95.1554 91.3681 61.8143 55.0804 43.3627 33.0527 23.3488 20.46 18.4437 14.5033 7.65737 6.49799 3.84685 1.83663 0.365615
threshold=38.47745497910828 11.134920335983301 120.73784355985522 34.250000000000007 107.73890513338769 652.50000000000011 1.0000000180025095e-35 13.988095238095239 1328.5000000000002 0.88535353535353545 49.500000000000007 1.9997210221650186 1145.7767760826366 31.250000000000004 1.9424603174603177 487.1581051874295 2.8388888888888895 685.00000000000011 2.6373307543520315 1.0953210175651125 41.500000000000007 26.500000000000004 174.81515573538749 7.1333333333333337 2.2178028659527822 476.50000000000006 631.50000000000011 2.7290209790209796 53.882185174172314 985.00000000000011 11.091227957149913 27.683196900608991 215.00000000000003 73.254998752474805 135.00000000000003 4.5320512820512828 1.2247474747474751
decision_type=10 10 10 8 10 10 8 10 10 8 10 8 10 10 10 10 10 10 10 8 8 10 10 10 8 10 10 10 10 10 10 10 10 10 10 10 8
left_child=1 6 3 7 8 9 -1 11 14 -3 16 21 13 15 22 -6 -7 19 -19 -13 -16 27 -4 24 25 -11 30 -2 34 -18 35 -26 33 -30 -5 36 -8
right_child=2 5 4 28 12 10 26 -9 -10 23 -12 17 -14 -15 20 -17 29 18 -20 -21 -22 -23 -24 -25 31 -27 -28 -29 32 -31 -32 -33 -34 -35 -36 -37 -38
leaf_value=-0.0085920493435421973 -0.0012011779425812807 0.035962646572621694 0.0063661787484258943 -0.028037123461752408 0.054753823717871547 0.012142180224089201 -0.096747502857599227 0.092521163888734104 0.07976294517321604 -0.044097198355610726 0.030051792988465893 -0.010643272533657088 0.092725848654414966 0.094531417728967435 0.037703863339348491 0.079337393830891847 -0.020371516887946292 0.067725201363038598 0.030834242146358295 0.030624283531496578 0.066828824629520847 0.023974601489570039 0.040120381474397733 -0.0083010128698081803 -0.055951703027043477 -0.008661097198868685 -0.074642201220776291 -0.026865928595580613 -0.03016180993594178 -0.042634553718528444 -0.076500190169544 -0.046164008604487904 -0.012586477829583756 -0.017256650398302421 -0.037908418311494649 -0.092798610590596159 -0.099963049266301271
leaf_weight=246.21563959121704 331.97924137115479 187.51154899597168 434.58699798583984 170.30405616760254 1013.9376096725464 356.017906665802 89.345251083374023 355.41903686523438 1767.9362659454346 429.06147527694702 543.72600555419922 285.76663208007812 5162.9178771972656 1354.3011674880981 707.52523136138916 1650.6458492279053 191.72242259979248 356.51268672943115 792.18496417999268 569.27267503738403 647.21523857116699 376.42690896987915 401.86832904815674 141.74796009063721 1554.8753700256348 147.30823135375977 177.30710649490356 201.65219736099243 181.37831354141235 223.50806903839111 85.395604133605957 500.25428199768066 297.61729288101196 211.03118419647217 234.72374629974365 91.284286022186279 8360.5637993812561
leaf_count=24 29 10 33 21 32 28 20 2 25 60 32 27 24 5 31 23 20 9 43 31 15 23 18 14 242 15 34 22 22 28 16 72 30 22 31 20 1912
internal_value=0.00335231 -0.0744597 0.0625868 0.0166178 0.0778536 -0.0274791 -0.0966557 0.0302995 0.0580518 -0.0421247 0.00549663 0.0227098 0.0863921 0.0782553 0.0405344 0.0699828 -0.0118146 0.031423 0.0422838 0.0168321 0.0516181 0.00352543 0.0225831 -0.0474046 -0.0495109 -0.0350405 -0.0991186 -0.0108995 -0.0242282 -0.0323551 -0.0996217 -0.0535692 -0.0186346 -0.0232216 -0.0337578 -0.0998528 -0.099929
internal_weight=30831 13325.8 17505.2 4364.27 13140.9 4275.73 9050.11 3269.21 3959.13 2960.76 1314.97 2913.8 9181.8 4018.88 2191.2 2664.58 771.248 2003.74 1148.7 855.039 1354.74 910.058 836.455 2773.25 2631.5 576.37 8803.9 533.631 1095.05 415.23 8626.59 2055.13 690.027 392.409 405.028 8541.19 8449.91
internal_count=3065 2547 518 312 206 521 2026 186 122 413 108 184 84 60 97 55 76 110 52 58 46 74 51 403 389 75 2002 51 126 48 1968 314 74 44 52 1952 1932
is_linear=0
shrinkage=0.05


Tree=7
num_leaves=38
num_cat=0
split_feature=1 1 1 6 8 5 5 12 3 12 14 0 1 13 12 5 12 1 14 9 10 1 3 3 5 12 5 13 11 1 0 1 14 1 8 0 12
split_gain=53023.1 5582.72 4735.48 910.216 888.774 757.39 592.761 558.305 499.001 446.425 222.94 216.601 202.972 210.777 166.802 164.612 163.395 153.594 110.975 109.231 103.411 87.1702 84.9779 81.422 79.7028 58.4799 50.7858 45.1813 39.8183 21.429 20.2819 14.3633 7.51264 8.67612 5.58757 3.63256 2.12184
threshold=38.47745497910828 11.134920335983301 120.73784355985522 107.73890513338769 34.250000000000007 652.50000000000011 1328.5000000000002 52.136363636363647 3.2182539682539688 0.88535353535353545 19.500000000000004 4.4712454822166849 1145.7767760826366 10.250000000000002 3.5199871050934886 844.50000000000011 1.9424603174603177 487.1581051874295 41.500000000000007 28.776554654133772 4.8957219251336914 174.81515573538749 7.1333333333333337 2.1589473684210532 1510.5000000000002 2.2178028659527822 476.50000000000006 0.79682539682539699 455.00000000000006 53.882185174172314 11.465826581055007 26.189791352004118 46.500000000000007 77.756839350840167 0.95355034123150084 12.213249792009593 7.6813253012048204
decision_type=10 10 10 10 8 10 10 10 8 8 8 10 10 10 10 10 10 10 8 10 10 10 10 10 10 8 10 10 10 10 8 10 10 10 8 10 10
left_child=1 8 4 6 7 9 16 15 10 -3 -1 14 13 17 27 19 21 -5 -18 20 -2 -4 25 -17 -25 26 -11 -7 30 35 -10 -27 33 -31 -32 -6 -36
right_child=2 5 3 12 29 11 -8 -9 28 22 -12 -13 -14 -15 -16 23 18 -19 -20 -21 -22 -23 -24 24 -26 31 -28 -29 -30 32 34 -33 -34 -35 36 -37 -38
leaf_value=-0.08673504729999354 0.0025754196627023837 0.034387050204652214 0.0060490964799748987 0.052832024223389312 -0.026497464552436675 0.0071725131786460408 0.078265259094696227 0.088763210852182306 -0.074893747979006386 -0.042303942393243005 -0.0092827892257965599 -0.041060095016691452 0.092047190119231084 0.09218746403213654 0.032660974204930852 0.052287098143741939 0.036075282652975715 0.078209228053850666 0.064938185644920404 -0.023426396441351319 0.032762371220297293 0.038423833473314045 -0.0078886827900543164 0.014123796319032531 0.041156124137080169 -0.055493357556871514 -0.0082311322654096963 -0.022399571006906538 -0.071689924597943613 -0.026417414735064145 -0.086693834401296785 -0.047041492671219313 -0.0093755177864555013 -0.012919603669800087 -0.099958680578583425 -0.03617245267710132 -0.092128306993686057
leaf_weight=156.66814613342285 667.9747519493103 186.32924032211304 434.50113582611084 997.51356983184814 162.94834041595459 282.14452886581421 1713.0883665084839 349.50630950927734 82.989628791809082 424.99374723434448 228.29712390899658 211.7549877166748 4946.4322891235352 1414.63796043396 577.84404563903809 409.20267486572266 702.62164497375488 1482.2273998260498 633.12128925323486 214.67529964447021 493.16556310653687 398.71465015411377 141.70034456253052 611.67845869064331 492.0015811920166 1101.6733641624451 147.25436067581177 238.21242237091064 130.93143844604492 296.59826231002808 81.252841472625732 924.52549743652344 193.20502614974976 198.88285160064697 7859.7931628227234 239.78233003616333 87.477255821228027
leaf_count=33 55 10 33 32 20 23 25 3 16 60 25 27 24 7 32 15 31 21 15 22 27 18 14 42 22 177 15 26 25 35 17 137 19 20 1890 32 20
internal_value=0.00327732 -0.073363 0.0610923 0.0764629 0.0159248 -0.0263576 0.0562808 0.0290766 -0.0964447 -0.040502 -0.0408033 0.00524147 0.0853249 0.0767867 0.0141693 0.021855 0.0389171 0.0680009 0.0497558 0.00933884 0.0153966 0.0215412 -0.0455944 0.0332373 0.0261743 -0.0476506 -0.0335361 -0.00636519 -0.0990434 -0.0230961 -0.0994849 -0.0516369 -0.0177385 -0.0209995 -0.0997391 -0.0322579 -0.0998725
internal_weight=29916.3 12863.8 17052.5 12722.9 4329.62 4236.43 3882.05 3238.2 8627.41 2926.48 384.965 1309.96 8840.81 3894.38 1098.2 2888.7 2168.96 2479.74 1335.74 1375.82 1161.14 833.216 2740.15 1512.88 1103.68 2598.45 572.248 520.357 8242.44 1091.42 8111.51 2026.2 688.686 495.481 8028.52 402.731 7947.27
internal_count=3065 2547 518 206 312 521 122 186 2026 413 58 108 84 60 81 183 97 53 46 104 82 51 403 79 64 389 75 49 1968 126 1943 314 74 55 1927 52 1910
is_linear=0
shrinkage=0.05


Tree=8
num_leaves=34
num_cat=0
split_feature=1 1 1 1 2 8 5 5 12 12 1 14 10 13 3 14 14 3 14 3 12 12 5 5 0 1 11 1 9 1 11 12 13
split_gain=49416.9 5597.1 4556.42 825.541 808.781 808.729 693.504 641.329 539.036 407.781 242.192 197.555 182.4 173.357 156.888 173.699 145.181 134.273 126.783 86.784 65.6575 55.4789 51.8948 46.7434 22.6757 19.6346 17.5486 14.1156 7.32437 12.6176 3.605 2.41131 0.505465
threshold=38.47745497910828 11.134920335983301 120.73784355985522 320.39778533465216 1.0000000180025095e-35 34.250000000000007 652.50000000000011 993.50000000000011 52.136363636363647 0.88535353535353545 1145.7767760826366 49.500000000000007 4.0294117647058831 6.0400000000000009 2.6373307543520315 20.500000000000004 40.500000000000007 2.8388888888888895 17.500000000000004 7.9687500000000009 2.6713787153948716 2.2178028659527822 631.50000000000011 476.50000000000006 1.0000000180025095e-35 53.882185174172314 985.00000000000011 26.189791352004118 26.979366987438389 62.811486658128757 135.00000000000003 7.4063880706921958 0.03509852216748769
decision_type=10 10 10 10 8 8 10 10 10 8 10 10 8 8 8 10 10 10 10 10 10 8 10 10 10 10 10 10 10 10 10 10 8
left_child=1 4 5 7 -1 8 9 18 12 -3 16 17 -2 -9 -14 -16 -5 -8 -4 21 -20 23 24 -11 31 30 -19 -23 -27 -30 -7 32 -6
right_child=2 6 3 10 22 25 11 13 -10 19 -12 -13 14 -15 15 -17 -18 26 20 -21 -22 27 -24 -25 -26 28 -28 -29 29 -31 -32 -33 -34
leaf_value=-0.0066225518437517204 -0.018746408576368136 0.032862143760839853 0.01098895925247605 0.059979338028167517 -0.09590223549375293 -0.025253497424722104 0.011286433706189477 0.061646285000881568 0.087783900794568492 -0.040551869329853114 0.091313709429272805 0.028219455115951076 0.051482877027186208 0.089361814732249703 -0.0022877480040380837 0.028592735014010197 0.081158124091119083 -0.019608169266339334 0.029355107000109876 -0.0047759150923182905 0.054995059814040362 -0.053610942121925444 -0.071506427492663657 -0.0078222283085700884 -0.073178759408949204 -0.010378425004105419 -0.040289343821697361 -0.04518976242829164 -0.031562595823844547 -0.013913828084175947 -0.034858164372208761 -0.091376591273990337 -0.099954908208518406
leaf_weight=244.43926239013672 263.96714305877686 185.25508260726929 528.15338897705078 1204.6226482391357 77.729185342788696 168.90249252319336 353.95965671539307 1471.7224206924438 336.07742404937744 421.28564834594727 4742.0500793457031 538.17002725601196 456.80502796173096 914.96529197692871 653.70586919784546 1500.9313702583313 2465.0136547088623 191.37042379379272 538.1234188079834 135.26109409332275 465.81858444213867 1091.5284705162048 168.57116937637329 147.20572185516357 80.696534633636475 265.56426954269409 221.05678606033325 914.55087518692017 168.86372089385986 253.00441455841064 231.74084138870239 83.616068124771118 7571.3540091514587
leaf_count=24 27 10 36 31 19 21 28 38 3 60 24 32 18 6 56 82 29 20 28 13 14 178 34 15 16 27 28 137 21 26 31 20 1913
internal_value=0.00320031 -0.072234 0.0595652 0.0750198 -0.0962105 0.0152439 -0.025268 0.0560652 0.0278661 -0.0389072 0.0838503 0.00500028 0.0208629 0.0722714 0.0248667 0.0192238 0.0742058 -0.0113046 0.0308194 -0.0438136 0.0412518 -0.0458646 -0.0989541 -0.0320768 -0.0995462 -0.022011 -0.0306931 -0.0497718 -0.0168834 -0.0209782 -0.030809 -0.0998214 -0.0999137
internal_weight=29056.1 12426.1 16630 12330.5 8226.41 4299.56 4199.64 3918.78 3211.49 2895.09 8411.69 1304.56 2875.41 2386.69 2611.44 2154.64 3669.64 766.387 1532.1 2709.83 1003.94 2574.57 7981.97 568.491 7813.4 1088.08 412.427 2006.08 687.432 421.868 400.643 7732.7 7649.08
internal_count=3065 2547 518 206 2026 312 521 122 186 413 84 108 183 44 156 138 60 76 78 403 42 390 2002 75 1968 126 48 315 74 47 52 1952 1932
is_linear=0
shrinkage=0.05


Tree=9
num_leaves=40
num_cat=0
split_feature=1 1 1 1 2 12 8 5 12 12 2 1 0 10 7 3 5 5 11 3 9 8 0 7 12 10 0 4 1 1 7 1 7 7 5 5 5 5 5
split_gain=46015.8 5606.65 4371.73 849.725 811.573 773.13 740.516 634.456 544 372.167 203.568 195.759 195.543 168.013 160.912 142.034 160.82 137.689 109.555 80.2451 79.8268 62.9954 59.1916 53.5211 52.1373 46.5509 29.2687 23.0821 18.8508 13.8282 9.56963 10.1575 3.77346 1.98676 1.16369 0.510481 0.274796 0.193073 0.0264579
threshold=38.47745497910828 11.134920335983301 120.73784355985522 1145.7767760826366 0.9968574985590456 2.2006739012898744 13.988095238095239 652.50000000000011 30.282692307692312 0.88535353535353545 3.6480263481806587 197.5364970827103 4.4712454822166849 4.0294117647058831 27.500000000000004 2.6373307543520315 1417.5000000000002 1592.0000000000002 415.00000000000006 7.9687500000000009 24.418788088397786 0.71237234878240396 46.448603094738097 16.500000000000004 2.2178028659527822 2.8856209150326801 3.8444647830952876 3.1801948051948057 53.882185174172314 27.683196900608991 13.500000000000002 71.932096073634241 5.5000000000000009 4.5000000000000009 205.50000000000003 83.500000000000014 92.500000000000014 275.50000000000006 67.500000000000014
decision_type=10 10 10 10 8 10 10 10 8 8 8 10 10 8 10 8 10 10 10 10 10 10 10 10 8 10 10 10 10 10 10 10 10 10 10 10 10 10 10
left_child=1 4 6 5 -1 11 8 9 13 -3 22 21 14 -2 -9 -15 -17 26 -12 24 -20 -4 -7 33 25 -11 -16 -25 32 -26 31 -30 -10 35 -35 38 -37 -36 -6
right_child=2 7 3 -5 23 10 -8 12 28 19 18 -13 -14 15 17 16 -18 -19 20 -21 -22 -23 -24 27 29 -27 -28 -29 30 -31 -32 -33 -34 34 37 36 -38 -39 -40
leaf_value=-0.00732208590792373 -0.017840463224849345 0.031388654074610105 -0.0004466129599558875 0.090522546374048413 -0.10000000000000001 0.045073465305371041 0.087324510180896792 0.039584929521668664 -0.023766773267339204 -0.018258900163745779 0.088557624864738727 0.047740428238480563 -0.039434854798122844 0.049566025578805593 -0.026798155405960696 0.010620475708953851 0.042110413881041114 0.032433769239759457 0.082160493512564242 -0.0045376377566770758 0.065059137220665905 0.02964580126274674 0.065317075843470337 -0.088697275145914439 -0.050260223389063996 -0.047266316584213458 -0.0024161047476552993 -0.055582667151260645 -0.030164877507003925 -0.040548502837868899 -0.0077030514342058768 -0.014809699603246726 -0.033617910327247001 -0.092790268558883976 -0.10000000000000001 -0.096105235510918652 -0.098991190672712948 -0.09728430536878746 -0.099478056787303676
leaf_weight=249.92935514450073 263.51490116119385 184.27974367141724 389.34880638122559 4549.2240982055664 5804.8534643650055 700.50021553039551 323.40598583221436 379.04915189743042 160.80967044830322 323.42361259460449 1420.831615447998 956.34670162200928 209.83491373062134 450.90194129943848 261.7813663482666 1585.0163640975952 544.81103992462158 217.1599702835083 1105.0191488265991 135.24605417251587 1784.1445016860962 314.30947303771973 745.27424621582031 120.52088570594788 1496.2188558578491 241.64628791809082 232.31426382064819 93.407847166061401 166.38523769378662 485.45937013626099 225.49103593826294 305.35930824279785 245.78714609146118 150.54417634010315 98.680948734283447 92.149884223937988 786.39821410179138 194.34283304214478 253.39896440505981
leaf_count=25 27 10 31 24 1543 25 3 19 20 39 10 33 27 18 29 113 23 12 12 13 39 16 16 28 243 36 21 18 21 72 22 32 33 38 26 24 207 50 67
internal_value=0.00312091 -0.0710783 0.0580084 0.0735103 -0.0959752 0.063074 0.0145856 -0.0242042 0.00862724 -0.0373452 0.0717441 0.0330122 0.00476609 0.0201896 0.0132728 0.0240728 0.0186756 -0.000749712 0.0771902 -0.0420679 0.0715999 0.012995 0.0555087 -0.0988927 -0.0440609 -0.0306636 -0.0153342 -0.0742384 -0.0211654 -0.0478811 -0.0161757 -0.0202255 -0.0297218 -0.0996074 -0.0963632 -0.0998148 -0.0986885 -0.0981989 -0.0999782
internal_weight=28247.1 12010.6 16236.5 11965 7844.23 7415.77 4271.48 4166.41 3948.08 2866.27 5755.77 1660 1300.14 2844.24 1090.3 2580.73 2129.83 711.256 4310 2681.99 2889.16 703.658 1445.77 7594.3 2546.75 565.07 494.096 213.929 1103.83 1981.68 697.236 471.745 406.597 7380.37 443.568 6936.8 878.548 293.024 6058.25
internal_count=3065 2547 518 206 2026 182 312 521 309 413 102 80 108 181 81 154 136 62 61 403 51 47 41 2001 390 75 50 46 128 315 75 53 53 1955 114 1841 231 76 1610
is_linear=0
shrinkage=0.05


Tree=10
num_leaves=38
num_cat=0
split_feature=1 1 1 1 12 12 8 2 14 13 11 13 12 11 14 4 11 11 14 10 1 11 2 13 10 9 1 1 1 8 9 1 14 10 1 1 3
split_gain=43528.2 5789.75 4761.34 882.364 674.986 566.091 538.246 470.036 396.801 288.989 221.661 169.214 250.972 237.95 156.492 155.802 189.182 152.42 250.119 120.028 79.5213 78.5345 45.9381 35.3171 33.8036 29.0343 34.8219 28.7809 20.8622 13.7904 11.9107 4.95008 2.25618 0.681224 0.537709 0.381694 3.63798e-12
threshold=38.47745497910828 11.134920335983301 120.73784355985522 1145.7767760826366 1.1987481265979019 0.61060606060606071 3.2554347826086958 0.99835740821116836 54.500000000000007 1.7524509803921571 315.00000000000006 3.5662055335968383 1.1797664141414144 1065.0000000000002 49.500000000000007 13.156250000000002 1175.0000000000002 335.00000000000006 50.500000000000007 7.5108695652173916 218.77396297991501 455.00000000000006 1.0388819944718366 2.3019813519813526 1.788888888888889 24.418788088397786 26.892792739600683 1.0000000180025095e-35 53.882185174172314 3.4833333333333338 27.005920476630752 29.450950662496641 15.500000000000002 2.7470930232558142 23.70789205684774 32.178062525458763 6.5119047619047628
decision_type=10 10 10 10 10 10 8 8 10 10 8 10 8 10 10 8 10 8 10 8 10 10 10 10 8 10 10 10 10 10 10 10 10 8 10 10 8
left_child=1 7 5 4 20 28 10 -1 11 19 24 12 -7 -14 15 16 -12 -11 -19 22 -4 27 -6 29 -3 -26 -27 33 32 31 -30 34 -2 -9 -8 -33 -35
right_child=2 6 3 -5 9 8 23 21 -10 17 14 -13 13 -15 -16 -17 -18 18 -20 -21 -22 -23 -24 -25 25 26 -28 -29 30 -31 -32 35 -34 36 -36 -37 -38
leaf_value=-0.019848693722678206 -0.024861821004133065 -0.013708775723582318 0.0014185446785465561 0.089697503538492054 0.068299360750749383 0.051449388024780253 -0.053764400347397191 -0.095084392329517764 0.049310752181222189 0.088106583701244884 -0.033654883839187931 0.033722290272822933 -0.020370704806912922 0.022290967301950348 0.024452861773842122 0.020871304446201062 0.011856424263199092 0.04779720696582232 0.080585148142662141 0.038302466087685241 0.032469548476781643 -0.060138656762408538 0.052543348993115024 -0.027538677023595883 -0.054790434862930198 -0.013412148483975908 -0.044012637767093188 -0.069009128123485391 -0.0075023475440292621 -0.031770738584028756 -0.020820539217854928 -0.045655741943415512 -0.032041860417991001 -0.10000000000000001 -0.050659200863397473 -0.042176969234598599 -0.10000000000000001
leaf_weight=193.033278465271 230.46227025985718 179.86538124084473 339.89652442932129 4561.230884552002 1059.7480125427246 224.12612342834473 164.00091409683228 71.207863807678223 922.18324661254883 1534.6548547744751 685.13845109939575 574.40716361999512 933.79202508926392 502.86903762817383 475.96709203720093 332.89728021621704 342.47950124740601 942.61464786529541 1518.8743515014648 800.32102966308594 524.17135906219482 128.26546740531921 821.01725673675537 240.38846635818481 185.74869728088379 165.05218458175659 212.87285184860229 75.977185249328613 331.25774049758911 118.47755146026611 340.36752653121948 168.30034112930298 208.2999153137207 99.474129199981689 929.94940090179443 148.35652637481689 6810.9499294757843
leaf_count=22 29 21 27 25 21 9 29 19 34 11 89 29 94 30 30 24 27 30 17 31 23 26 25 31 29 19 31 16 33 16 39 27 28 27 157 23 1902
internal_value=0.00365027 -0.0698724 0.0563251 0.072338 0.0618383 0.0109159 -0.0241154 -0.0968438 0.021715 0.0672194 -0.00954903 0.0103297 0.00223905 -0.005438 -0.000223751 -0.0088567 -0.0184871 0.0757396 0.0680292 0.0545202 0.0202551 -0.0989121 0.0614213 -0.0453542 -0.0325817 -0.038604 -0.0306484 -0.0996168 -0.0197912 -0.048155 -0.0142518 -0.0495312 -0.0282705 -0.0999499 -0.0511247 -0.0440259 -0.1
internal_weight=28098.7 11728.4 16370.3 12102.5 7541.3 4267.77 4349.49 7378.91 3157.38 6677.23 2580.02 2235.19 1660.79 1436.66 1836.48 1360.52 1027.62 3996.14 2461.49 2681.09 864.068 7185.87 1880.77 1769.47 743.539 563.674 377.925 7057.61 1110.39 1529.08 671.625 1410.61 438.762 6981.63 1093.95 316.657 6910.42
internal_count=3100 2565 535 210 185 325 553 2012 196 135 270 162 133 124 170 140 116 58 47 77 50 1990 46 283 100 79 50 1964 129 252 72 236 57 1948 186 50 1929
is_linear=0
shrinkage=0.05


Tree=11
num_leaves=43
num_cat=0
split_feature=1 1 1 1 4 8 8 2 14 11 11 14 1 2 7 0 14 6 13 8 3 3 11 13 14 1 3 13 0 10 6 13 0 1 8 1 1 10 1 1 1 3
split_gain=40466.9 5792.34 4541.96 907.338 669.034 501.591 493.983 478.826 361.951 202.813 201.719 192.677 185.714 166.352 187.643 157.39 141.703 142.336 137.707 124.449 112.48 101.65 84.7867 76.1545 53.6183 36.8376 35.6389 33.1806 31.557 31.2471 27.3171 33.5093 19.9634 22.5795 13.0229 4.73351 3.83874 0.783694 0.519473 0.398723 0.361635 3.63798e-12
threshold=38.47745497910828 11.134920335983301 120.73784355985522 1145.7767760826366 2.3175024108003863 0.28161276948590391 3.2554347826086958 0.99835740821116836 85.500000000000014 335.00000000000006 315.00000000000006 50.500000000000007 556.75998687301217 1.9997210221650186 28.500000000000004 53.988799484485163 49.500000000000007 27.719650989335047 3.5662055335968383 7.1071428571428585 3.0862708719851581 2.8056603773584912 455.00000000000006 2.6300520208083236 21.500000000000004 218.77396297991501 2.4068965517241385 2.3019813519813526 1.0000000180025095e-35 1.788888888888889 24.418788088397786 1.2532051282051284 9.3348230349371324 62.811486658128757 3.4833333333333338 29.450950662496641 87.674969799319371 2.7470930232558142 23.70789205684774 51.895512083503576 32.178062525458763 1.7165775401069521
decision_type=10 10 10 10 10 10 8 8 10 8 8 10 10 8 10 10 10 10 10 8 10 10 10 10 10 10 10 10 10 8 10 10 10 10 10 10 10 8 10 10 10 10
left_child=1 7 5 4 12 32 10 -1 13 -6 29 15 19 24 18 -11 17 23 -15 -4 -19 -16 28 -12 26 -21 -7 34 37 -3 -31 -32 -2 39 35 38 -35 -9 -8 -34 -37 -39
right_child=2 6 3 -5 9 8 27 22 -10 11 16 -13 -14 14 21 -17 -18 20 -20 25 -22 -23 -24 -25 -26 -27 -28 -29 -30 30 31 -33 33 36 -36 40 -38 41 -40 -41 -42 -43
leaf_value=-0.018893508160287727 -0.0025118012021225883 -0.013035596185131691 0.040807864666676616 0.088784898718073435 0.085804276957412426 -0.002869982966459923 -0.051825686534429316 -0.094607273957605098 0.05921968561801625 0.034339000387919504 -0.027912459290379749 0.073780094123164816 0.061800617940818564 -0.019434892274030877 0.054305553029677815 0.064917094661548755 0.023299936097184983 0.031771020779857322 0.027182630741225608 0.0004328800517055221 -0.017385499175780177 0.023093164232544306 -0.058184480670052163 0.0098582198185885594 0.011865447767099715 0.02294366685185896 -0.028546080559390782 -0.026261403644535254 -0.067158537787280509 -0.052844594797609751 -0.045043825597820712 -0.015138557710184445 -0.031073975367487142 -0.018142948694934363 -0.030335422687183713 -0.043830078953384685 -0.0090073444977694633 -0.10000000000000001 -0.048752226824694746 -0.028008255407556939 -0.0404279663525983 -0.10000000000000001
leaf_weight=192.66253280639648 155.24949836730957 179.70059251785278 868.00111961364746 4382.267261505127 1423.8299531936646 294.10371065139771 161.68957662582397 68.068173408508301 505.60994815826416 764.87828540802002 697.87382555007935 2110.1069412231445 543.96372604370117 379.89289569854736 390.40913105010986 935.52186965942383 474.57963132858276 304.58315706253052 271.7250804901123 329.59153270721436 188.32734489440918 786.05217027664185 126.00364637374878 165.00595283508301 292.85265636444092 405.13448047637939 250.05111789703369 239.49970149993896 74.212943553924561 183.02997446060181 177.80566263198853 197.96421718597412 278.20282649993896 268.33916568756104 117.89452838897705 166.58997678756714 201.21115589141846 6496.0405588150024 918.31355667114258 171.40164375305176 147.06986284255981 77.358285188674927
leaf_count=22 16 21 32 25 12 26 29 19 14 32 87 32 12 38 13 19 30 19 15 26 21 45 26 13 20 20 28 31 16 29 27 23 38 30 16 27 20 1907 157 22 23 22
internal_value=0.00355489 -0.0686447 0.0547639 0.0707631 0.0600631 0.0104298 -0.0230735 -0.0966309 0.0204345 0.0697034 -0.00911407 0.0636872 0.036557 0.0130764 0.0215291 0.0511624 -0.000214318 -0.00844523 4.64233e-06 0.0279893 0.0129897 0.033451 -0.09882 -0.0206897 -0.00538493 0.0128455 -0.0146687 -0.0435525 -0.0995824 -0.0311721 -0.0370045 -0.029289 -0.0190955 -0.0218966 -0.0462922 -0.047642 -0.0142282 -0.0999447 -0.0492124 -0.0299052 -0.0422349 -0.1
internal_weight=27362.7 11354.3 16008.4 11763.3 7381.03 4245.1 4319.93 7034.35 3170.7 5234.34 2568.87 3810.51 2146.69 2665.09 1828.08 1700.4 1830.37 1355.79 651.618 1602.73 492.911 1176.46 6841.68 862.88 837.007 734.726 544.155 1751.06 6715.68 738.5 558.8 375.77 1074.4 919.155 1511.56 1393.66 469.55 6641.47 1080 449.604 313.66 6573.4
internal_count=3100 2565 535 210 185 325 553 2012 199 95 270 83 90 185 111 51 170 140 53 78 40 58 1990 100 74 46 54 283 1964 100 79 50 126 110 252 236 50 1948 186 60 50 1929
is_linear=0
shrinkage=0.05


Tree=12
num_leaves=39
num_cat=0
split_feature=1 1 1 1 4 5 2 8 3 2 11 5 0 0 1 7 5 13 3 11 8 7 11 10 2 0 4 5 0 1 1 0 1 5 1 10 1 3
split_gain=37590.8 5786.2 4322.24 928.949 651.366 560.147 487.131 455.27 263.745 219.777 208.638 199.344 234.659 193.961 175.534 136.076 133.891 137.048 177.208 120.855 114.415 105.345 91.2443 71.0742 52.7552 37.9262 37.6688 36.061 34.4924 33.3866 26.2616 18.123 20.6308 13.051 3.48123 0.900728 0.367879 3.63798e-12
threshold=38.47745497910828 11.134920335983301 120.73784355985522 1145.7767760826366 2.3175024108003863 652.50000000000011 0.99835740821116836 0.28161276948590391 0.91987179487179505 1.9997210221650186 335.00000000000006 1328.5000000000002 61.372327296146288 4.4712454822166849 556.75998687301217 27.500000000000004 844.50000000000011 3.9197303921568634 3.1053682342502222 1145.0000000000002 7.1071428571428585 46.500000000000007 455.00000000000006 7.0227272727272743 6.1932066233953842 8.2412815185624719 1.7631741140215718 467.50000000000006 1.0000000180025095e-35 218.77396297991501 27.683196900608991 9.3348230349371324 62.811486658128757 817.00000000000011 87.674969799319371 2.7470930232558142 51.895512083503576 2.367532467532468
decision_type=10 10 10 10 10 10 8 10 8 8 8 10 10 10 10 10 10 10 8 10 8 10 10 10 8 10 10 10 10 10 10 10 10 10 10 8 10 10
left_child=1 6 7 4 14 8 -1 31 -3 25 -6 12 -12 15 20 -7 17 18 -11 -17 -4 -18 28 26 -13 -9 30 -28 35 -22 -10 -2 36 -27 -34 -8 -33 -37
right_child=2 5 3 -5 10 13 22 9 23 16 11 24 -14 -15 -16 19 21 -19 -20 -21 29 -23 -24 -25 -26 33 27 -29 -30 -31 -32 32 34 -35 -36 37 -38 -39
leaf_value=-0.017980952623711369 -0.0023862859199894177 0.025917072925223203 0.039093214904380863 0.087807105383595846 0.084630180117725273 0.034622909026045479 -0.09408798695412518 -0.015411031798025561 -0.047295914777085363 0.032961875131624067 0.026070817694009374 0.063172147836264278 0.068250625203074441 -0.042793771463382486 0.059854218012725807 -0.02557682198250992 0.051328437018656636 0.038222452553968743 -0.023833543289181323 0.015623917202569105 0.00041123649378799063 0.022700982805042895 -0.056227582109267121 -0.006153438972703644 0.077973961277099879 -0.00048671704852700594 -0.036999129968165866 -0.01105920737893951 -0.065273320823285935 0.021854052509488575 -0.034369559263873452 -0.029663604957081847 -0.017264239579736738 0.014012775671727613 -0.0085604529735527693 -0.10000000000000001 -0.026712702532645117 -0.10000000000000001
leaf_weight=192.32725524902344 155.24472379684448 171.08791637420654 860.95398139953613 4213.8075218200684 1372.7105579376221 425.98046112060547 65.09697437286377 303.04889011383057 1380.8560948371887 226.54681015014648 690.05216979980469 1234.2698574066162 631.48961067199707 186.64241361618042 533.83393478393555 296.36411333084106 713.17504739761353 349.64089727401733 348.78320932388306 445.61775064468384 329.59123420715332 584.93032169342041 123.92378664016724 164.24556112289429 1175.0662775039673 339.52766799926758 488.04854106903076 184.67825126647949 72.580871105194092 404.09477710723877 549.19919443130493 276.89319801330566 267.90855884552002 285.85673999786377 201.13157176971436 6185.9336810112 170.74613904953003 66.876719951629639
leaf_count=22 16 12 32 25 12 23 19 30 235 12 32 26 11 26 12 33 25 16 36 32 26 32 26 17 14 29 72 21 16 20 82 38 30 19 20 1909 22 20
internal_value=0.00345842 -0.067393 0.0531944 0.0691461 0.0582731 -0.0220646 -0.096406 0.00996377 -0.0343284 0.0195378 0.0679637 0.0618315 0.0462261 0.00453549 0.0350375 0.0120988 0.0280708 0.0135343 -0.0014693 -0.000832577 0.0267296 0.0384288 -0.0987213 -0.0380535 0.0703912 -0.000893875 -0.0400665 -0.0298781 -0.0995454 0.0122214 -0.0436177 -0.0181843 -0.0208598 0.00614085 -0.0135319 -0.0999391 -0.028538 -0.1
internal_weight=26668.8 10999.5 15669.3 11445.9 7232.06 4292.72 6706.74 4223.43 2938.12 3151.51 5103.59 3730.88 1321.54 1354.6 2128.47 1167.96 2223.08 924.971 575.33 741.982 1594.64 1298.11 6514.41 2767.03 2409.34 928.433 2602.78 672.727 6390.49 733.686 1930.06 1071.92 916.679 625.384 469.04 6317.91 447.639 6252.81
internal_count=3100 2565 535 210 185 553 2012 325 439 199 95 83 43 114 90 88 121 64 48 65 78 57 1990 427 40 78 410 93 1964 46 317 126 110 48 50 1948 60 1929
is_linear=0
shrinkage=0.05


Tree=13
num_leaves=30
num_cat=0
split_feature=6 6 5 2 0 13 0 4 0 0 14 3 2 8 6 14 5 13 0 5 4 13 0 8 0 6 13 4 3
split_gain=33786.1 9022.17 1596.09 535.367 504.91 450.71 448.443 443.973 434.23 322.198 294.123 241.635 152.771 134.632 129.894 127.164 124.76 105.278 86.2479 84.3599 67.8686 61.1255 53.5521 38.858 30.7202 29.195 9.1565 1.04863 3.63798e-12
threshold=20.299219347784035 64.571366994073927 674.50000000000011 0.99835740821116836 172.96399734174483 1.7712418300653596 4.3837299104192731 3.7231800766283532 12.924953954541023 1.0000000180025095e-35 18.500000000000004 0.68627450980392168 5.1360634615241647 0.61395160473828103 32.819051831260019 11.500000000000002 1061.0000000000002 5.1421568627450993 83.448018359383866 680.50000000000011 2.1593215811965814 6.6733333333333347 7.5729182945305107 1.0661283282409431 21.763448751788943 26.785635693911996 0.99779735682819393 1.1300675675675678 2.9713709677419362
decision_type=10 10 10 8 10 10 10 10 10 10 10 8 8 8 10 10 10 8 10 10 10 10 10 8 10 10 10 8 10
left_child=3 2 5 -1 7 11 25 16 13 19 -8 -2 -10 -4 20 22 23 18 -9 27 -13 -17 -15 -3 -16 -7 -11 -5 -29
right_child=1 4 8 9 -6 6 10 17 12 26 -12 14 -14 15 24 21 -18 -19 -20 -21 -22 -23 -24 -25 -26 -27 -28 28 -30
leaf_value=-0.020415279810399343 0.039272556017053858 0.039535424682116786 0.041760570220493697 -0.0934340899710423 0.086094458568624674 -0.050753841777622405 -0.011006722471089976 0.056977109238908585 0.02662773617665791 -0.05348736758974363 0.04228401780926469 -0.031727492389450572 0.056834234868862757 -0.034886335157016175 -0.013513389598444676 0.010239470155438241 0.055621158303637931 0.084420463195873652 0.076172781109597631 -0.055672946972547988 -0.014223947455224387 0.032819707397702597 0.0020090746857737035 0.01893061218614155 0.011470047053541228 -0.021987035503047633 -0.035267156575861887 -0.10000000000000001 -0.10000000000000001
leaf_weight=238.21029281616211 153.05111408233643 455.93393898010254 369.29090118408203 61.437315464019775 3891.8046646118164 215.13569927215576 387.87405395507812 1194.9289789199829 671.95576095581055 131.76994466781616 778.79194450378418 2747.7434740066528 1110.0842628479004 199.00174760818481 240.73029470443726 1589.2255415916443 872.24173355102539 1234.7661867141724 1146.7424736022949 109.62326908111572 693.59909391403198 369.37282800674438 194.4485650062561 459.33682155609131 251.68955850601196 149.4826545715332 144.64807319641113 5885.7578375339508 64.086069583892822
leaf_count=28 8 16 17 19 26 36 39 29 32 25 34 398 31 25 25 117 22 10 14 24 79 19 16 24 18 19 21 1909 20
internal_value=0.0033613 0.0367068 0.00408086 -0.0940151 0.0723844 -0.0136958 0.00944017 0.0624372 0.0262578 -0.0967557 0.0245668 -0.0223647 0.0454442 0.0136938 -0.0247628 0.00928712 0.0420899 0.0726068 0.0663774 -0.0991402 -0.0281997 0.0144979 -0.0166521 0.0291947 -0.000743656 -0.0389603 -0.0439528 -0.0999329 -0.1
internal_weight=26012.8 19377.2 10121.5 6635.53 9255.75 5618.1 1531.28 5363.95 4503.38 6397.32 1166.67 4086.81 1782.04 2721.34 3933.76 2352.05 1787.51 3576.44 2341.67 6120.9 3441.34 1958.6 393.45 915.271 492.42 364.618 276.418 6011.28 5949.84
internal_count=3100 1054 913 2046 141 656 128 115 257 2018 73 528 63 194 520 177 62 53 43 1972 477 136 41 40 43 55 46 1948 1929
is_linear=0
shrinkage=0.05


Tree=14
num_leaves=41
num_cat=0
split_feature=1 1 1 1 4 2 12 12 14 11 9 14 11 13 12 11 14 6 14 11 7 8 0 13 13 1 12 13 7 1 1 9 0 14 11 4 14 14 14 12
split_gain=32464.3 5709.42 3894.17 956.771 615.386 517.169 397.293 386.131 312.256 221.152 194.205 168.283 141.924 119.313 188.418 181.145 114.943 138.018 111.443 99.0706 88.9252 86.4907 70.2685 39.3434 28.8214 22.8437 22.4695 27.128 22.1238 15.4709 11.3003 11.2633 5.06033 3.49844 2.38768 2.61453 1.72334 0.731554 0.724542 0.158023
threshold=38.47745497910828 11.118783647394945 120.73784355985522 1145.7767760826366 2.3175024108003863 0.99835740821116836 0.81162464985994409 0.61060606060606071 54.500000000000007 335.00000000000006 26.878156088414258 48.500000000000007 315.00000000000006 3.5662055335968383 1.1987481265979019 1065.0000000000002 48.500000000000007 27.719650989335047 55.500000000000007 1175.0000000000002 23.500000000000004 1.0661283282409431 49.54844862766992 2.6300520208083236 2.3019813519813526 195.5589966696501 6.7661557580778799 1.2431633407243166 8.5000000000000018 53.882185174172314 29.785359140276771 27.005920476630752 4.4163448488274595 10.500000000000002 75.000000000000014 3.0871212121212124 15.500000000000002 51.500000000000007 11.500000000000002 6.1420393559928455
decision_type=10 10 10 10 10 8 10 10 10 8 10 10 8 10 8 10 10 10 8 8 10 8 10 10 10 10 10 8 10 10 10 10 10 10 10 8 10 10 8 10
left_child=1 5 7 4 11 -1 24 29 13 -6 18 21 26 14 -9 -16 17 23 -11 -19 34 -4 -12 -14 30 -23 27 28 -8 36 32 -31 -3 -32 39 -36 -2 -37 -34 -7
right_child=2 6 3 -5 9 20 12 8 -10 10 22 -13 16 -15 15 -17 -18 19 -20 -21 -22 25 -24 -25 -26 -27 -28 -29 -30 31 33 -33 38 -35 35 37 -38 -39 -40 -41
leaf_value=-0.01416456558369795 -0.020661061951300019 -0.054743934557698229 0.037384436938505836 0.08566603032647005 0.082335827617133539 -0.10000000000000001 -0.046907036875764821 0.043955186583346656 0.043292051954330585 0.056566487012473458 0.03060125088268037 0.051472029124898781 -0.026275542144742182 0.028025194275768814 -0.018535596704096251 0.01890384101223444 0.01816066381603481 -0.0083497105655936064 0.078391563756604554 0.036728687313889417 -0.054031587866710973 0.00067316722535453117 0.054498067622309979 -0.0024690012557476489 -0.017537730326336112 0.017915444465196814 -0.043616299756331939 -0.010444045627709729 -0.021321689148591488 -0.0049510155158688299 -0.028476281348304107 -0.017932439557001828 -0.041815130595452561 -0.039129604392100038 -0.087246333251851244 -0.098922003822138296 -0.026979988235099062 -0.093211031455029097 -0.044805143301637956 -0.097431215598015444
leaf_weight=186.06394624710083 227.8737678527832 122.37262964248657 536.97410774230957 3908.4558982849121 1281.8727188110352 5267.2651829719543 145.12797498703003 223.84910297393799 884.46079635620117 1278.2416772842407 641.54715442657471 731.26415920257568 718.83529329299927 561.2891731262207 921.11350440979004 497.61455774307251 514.45770645141602 268.41472148895264 1078.3250427246094 223.26803588867188 108.69293808937073 302.40229320526123 591.021484375 228.78277683258057 122.17901802062988 526.62597560882568 168.73930501937866 251.27195692062378 202.22759008407593 330.22075986862183 138.61487722396851 338.24969816207886 279.76133918762207 173.54427480697632 69.905640363693237 289.44290637969971 204.94321537017822 69.548458099365234 734.66988563537598 60.557684421539307
leaf_count=21 29 21 20 25 12 1797 24 10 34 31 26 21 92 29 93 30 35 28 12 13 24 23 14 22 16 26 27 30 27 33 20 39 49 28 21 97 28 22 131 20
internal_value=0.00326068 -0.0649473 0.0500886 0.0658651 0.0547589 -0.0962326 -0.0208396 0.00913093 0.0181953 0.0645088 0.0581418 0.0321144 -0.00928073 0.00812345 0.00132278 -0.00540383 -0.00212442 -0.00937503 0.0665533 0.0121199 -0.0988359 0.0217516 0.0420599 -0.0205279 -0.0408589 0.011626 -0.0275011 -0.0229586 -0.0320115 -0.0162883 -0.0428254 -0.0115197 -0.0451392 -0.034399 -0.0996819 -0.0960929 -0.0236531 -0.0978156 -0.0439806 -0.0999708
internal_weight=25410.1 10343.7 15066.3 10876.7 6968.27 6051.48 4292.27 4189.61 3088.33 4871.01 3589.14 2097.27 2721.13 2203.87 1642.58 1418.73 1953.76 1439.3 2356.57 491.683 5865.41 1366 1232.57 947.618 1571.14 829.028 767.367 598.628 347.356 1101.29 1448.96 668.47 1136.8 312.159 5756.72 428.897 432.817 358.991 1014.43 5327.82
internal_count=3100 2565 535 210 185 2002 563 325 196 95 83 90 298 162 133 123 190 155 43 41 1981 69 40 114 265 49 108 81 51 129 249 72 201 48 1957 140 57 119 180 1817
is_linear=0
shrinkage=0.05


Tree=15
num_leaves=30
num_cat=0
split_feature=0 6 12 0 2 0 5 12 6 0 8 6 8 13 0 4 13 12 13 12 5 2 13 0 7 6 10 14 5
split_gain=28814 7439.96 1308.42 1097 895.581 629.942 364.836 324.055 311.581 243.65 176.958 171.515 167.875 147.54 126.822 123.449 98.1112 95.2963 77.0979 76.3061 65.1094 61.9593 36.7587 33.7799 20.3716 3.88737 3.05258 1.26902 3.63798e-12
threshold=3.3744612770230247 89.936631377801334 0.77350601538360408 10.464999821782113 1.0001267461017174 172.96399734174483 921.50000000000011 2.5321676029962554 25.52714648635266 1.0000000180025095e-35 2.1517629024016354 32.967288957822028 0.8320895522388061 1.7524509803921571 4.1361759570080254 3.7875939849624065 8.1666666666666696 2.8367864693446094 0.40238095238095245 6.0498200629779584 768.50000000000011 2.3198898596347362 2.2311111111111117 8.9651643149812195 13.500000000000002 26.892792739600683 1.9375000000000002 83.000000000000014 10.500000000000002
decision_type=10 10 10 10 8 10 10 10 10 10 10 10 10 10 10 8 10 10 8 10 10 8 10 10 10 10 10 10 8
left_child=4 2 11 6 18 7 14 21 -5 20 17 22 -8 -9 16 -16 -4 -10 -1 -14 26 -3 23 25 -25 -2 27 28 -6
right_child=1 5 3 8 9 -7 12 13 10 -11 -12 -13 19 -15 15 -17 -18 -19 -20 -21 -22 -23 -24 24 -26 -27 -28 -29 -30
leaf_value=0.006959657450067761 -0.041277913814249501 0.046249541128899146 -0.030053827737258045 0.061296632760200379 -0.10000000000000001 0.085900407311769525 0.048599319504189609 0.051948649127622551 0.027419885732595486 -0.045708889144645493 0.048479570720308555 0.0065640014034755601 0.016546433467461437 0.07397002001022257 -0.023247878144255826 0.0096731581150167872 0.0098715379442034634 0.0014588969214083675 -0.039451741873519769 -0.013418571463499061 -0.058721090273482948 0.022679018282445854 -0.01035556713524328 -0.028629098070310846 -0.014318207019955013 -0.0337992101082547 -0.091772371619958437 -0.093348602963165911 -0.10000000000000001
leaf_weight=184.81018161773682 486.26842927932739 538.18759155273438 1054.0032839775085 995.90471363067627 1653.0468587875366 3446.6854305267334 352.26998138427734 1251.366849899292 1001.1051092147827 222.95018577575684 704.71148681640625 420.35498809814453 854.7198600769043 1939.4501514434814 434.59582996368408 825.94092798233032 180.1760835647583 546.42942237854004 173.47464847564697 282.73595380783081 98.502235889434814 578.50694370269775 266.71535873413086 1203.2095642089844 313.4603157043457 270.36713981628418 117.77307105064392 72.695201873779297 3641.9860935211182
leaf_count=17 84 16 149 26 593 21 14 32 50 38 21 34 58 25 51 64 16 35 25 25 23 28 30 177 36 43 38 25 1305
internal_value=0.00102378 0.033059 0.00498044 0.0164414 -0.0922317 0.0699686 -0.0011403 0.0572207 0.0380084 -0.0969652 0.0277108 -0.0230201 0.0184388 0.0653337 -0.012832 -0.00167704 -0.0242252 0.0182531 -0.0155119 0.00909807 -0.0990117 0.0340388 -0.027916 -0.0299763 -0.0256714 -0.0386056 -0.0997352 -0.0999099 -0.1
internal_weight=24112.4 17947.2 10193 7232.59 6165.24 7754.2 3984.44 4307.51 3248.15 5806.95 2252.25 2960.38 1489.73 3190.82 2494.72 1260.54 1234.18 1547.53 358.285 1137.46 5584 1116.69 2540.02 2273.31 1516.67 756.636 5485.5 5367.73 5295.03
internal_count=3099 1035 913 509 2064 122 377 101 132 2022 106 404 97 57 280 115 165 85 42 83 1984 44 370 340 213 127 1961 1923 1898
is_linear=0
shrinkage=0.05


Tree=16
num_leaves=36
num_cat=0
split_feature=1 1 1 12 1 10 1 6 14 5 3 9 5 14 4 13 1 10 3 14 11 10 13 10 1 12 13 12 6 1 3 11 11 11 14
split_gain=27561.3 4636.1 3739.2 782.176 560.909 532.036 422.996 346.77 318.577 222.148 196.076 183.299 165.35 125.098 119.957 103.775 103.431 91.9217 75.4194 71.4772 66.2744 61.9303 61.4151 43.1046 41.7945 34.3055 27.9454 20.4725 16.2268 10.0912 7.30581 7.0959 12.5139 4.34371 1.44985
threshold=27.683196900608991 233.31169483724932 1.0000000180025095e-35 0.77350601538360408 1145.7767760826366 10.418750000000001 73.254998752474805 25.52714648635266 40.500000000000007 888.50000000000011 0.96428571428571441 31.90685080480921 921.50000000000011 50.500000000000007 16.583333333333339 2.1690891472868219 146.55899750411513 4.0294117647058831 3.4494949494949503 26.500000000000004 700.00000000000011 7.0227272727272743 1.0889328063241108 1.788888888888889 53.882185174172314 7.1229528848576473 7.0113636363636376 0.88535353535353545 23.652087266112037 32.571503829923998 2.2954545454545459 295.00000000000006 195.00000000000003 335.00000000000006 83.000000000000014
decision_type=10 10 10 10 10 10 10 10 10 10 10 10 10 10 8 10 10 8 8 10 8 10 10 8 10 10 8 8 10 10 8 10 10 10 10
left_child=2 3 5 16 8 14 11 -8 18 21 -9 12 17 -11 19 -12 24 -5 -3 30 -13 23 -14 -4 26 28 -2 -16 -25 -28 -1 32 -26 -32 -29
right_child=1 4 9 6 -6 -7 7 10 -10 13 15 20 22 -15 27 -17 -18 -19 -20 -21 -22 -23 -24 25 31 -27 29 34 -30 -31 33 -33 -34 -35 -36
leaf_value=-0.074877119098744144 -0.0072690706757905432 0.052579462129956504 -0.0096631695916795084 -0.033481143214137324 0.08469463411509276 0.010831754066114065 0.060551325051248661 0.045393816738391879 0.068229866623127314 -0.022112607390993771 0.021575905920799492 -0.0026635568786924513 0.044362615518829897 0.024636087144335267 -0.068922855186003398 -0.0097310688467345374 0.019805622732549825 0.0069739244946742289 0.029126527904184046 -0.041701677810298848 -0.041349477311323921 -0.0084875935595533324 0.018370056816453328 -0.049813414825318869 -0.011626964973647368 -0.020177152027335922 -0.036674489925226407 -0.10000000000000001 -0.037322120970491528 -0.024257767756907547 -0.097670711709443872 -0.017227209326162826 0.0031668172586139494 -0.081839691527690828 -0.092743136433747528
leaf_weight=97.666111946105957 174.93199396133423 566.05179595947266 154.52360582351685 169.01630258560181 3503.861083984375 115.94821643829346 959.82020473480225 810.29858684539795 2368.5669755935669 275.95124435424805 1354.8631734848022 228.54037666320801 395.53309202194214 297.25610065460205 53.926893472671509 328.96850681304932 213.70081901550293 829.75212335586548 869.10434055328369 134.75056004524231 214.72341156005859 242.38717842102051 534.16766309738159 316.44157266616821 434.3204984664917 262.29302310943604 292.69812297821045 4876.4350881576538 1457.4066333770752 371.08828592300415 116.34304785728455 215.79990673065186 213.07682418823242 69.043067455291748 69.813599109649658
leaf_count=26 19 14 19 23 22 13 25 28 38 31 68 23 17 17 15 23 13 67 33 29 27 26 33 60 47 36 49 1838 241 52 42 23 19 18 25
internal_value=0.000983614 0.0416978 -0.07076 0.0147345 0.0702615 -0.0951449 0.0238482 0.0350127 0.0569662 -0.0258721 0.0251846 0.00758935 0.0142535 0.00213051 -0.0974129 0.0154595 -0.0129818 0.000127927 0.0383768 -0.0716751 -0.0214036 -0.0324692 0.0294284 -0.0351227 -0.0170987 -0.0370548 -0.0250476 -0.0995635 -0.0395505 -0.0297329 -0.0859443 -0.00937524 -0.00675791 -0.0917748 -0.0998976
internal_weight=23589.1 15048.9 8540.19 7741.3 7307.58 5533.93 5825.68 3453.95 3803.72 3006.26 2494.13 2371.73 1928.47 573.207 5417.98 1683.83 1915.62 998.768 1435.16 417.803 443.264 2433.05 929.701 2190.66 1701.92 2036.14 838.718 5000.18 1773.85 663.786 283.052 863.197 647.397 185.386 4946.25
internal_count=3099 663 2436 556 107 2006 334 144 85 430 119 190 140 48 1993 91 222 90 47 115 50 382 50 356 209 337 120 1878 301 101 86 89 66 60 1863
is_linear=0
shrinkage=0.05


Tree=17
num_leaves=34
num_cat=0
split_feature=0 6 12 0 3 0 12 5 14 6 12 10 10 6 0 0 9 5 9 0 3 4 6 11 12 6 9 14 5 0 8 14 5
split_gain=25376.3 6560.02 1079.49 908.789 748.584 648.668 316.905 300.32 293.963 320.345 201.847 171.953 164.51 143.276 141.569 131.175 130.39 118.473 101.673 90.6956 79.3849 69.3183 49.4197 38.2489 30.0626 22.0936 31.415 21.3644 13.7836 15.919 12.0645 1.59666 3.63798e-12
threshold=3.3744612770230247 89.936631377801334 0.77350601538360408 10.464999821782113 4.5812500000000007 172.96399734174483 2.5321676029962554 476.50000000000006 18.500000000000004 25.730522085440747 0.96626663350329578 9.8019480519480542 10.418750000000001 108.63704093826361 32.609499444663534 1.0000000180025095e-35 31.90685080480921 1762.0000000000002 27.607258685943261 2.2214841852601745 6.354166666666667 5.2154088050314478 109.25283818559956 305.00000000000006 0.88535353535353545 26.892792739600683 26.996921261505907 6.5000000000000009 596.00000000000011 7.9440593802356814 0.65934065934065944 83.000000000000014 10.500000000000002
decision_type=10 10 10 10 8 10 10 10 8 10 8 8 10 10 10 10 10 10 10 10 10 10 10 8 8 10 10 10 10 10 8 10 10
left_child=4 2 14 7 12 6 22 10 18 -10 -4 -11 19 -8 25 21 17 -9 -5 23 -12 24 -3 30 -6 28 -27 -28 29 -2 -1 32 -26
right_child=1 5 3 8 15 -7 13 16 9 11 20 -13 -14 -15 -16 -17 -18 -19 -20 -21 -22 -23 -24 -25 31 26 27 -29 -30 -31 -32 -33 -34
leaf_value=-0.069151395203767702 -0.039563733940797804 0.020024692538859246 0.0349549547102153 -0.0043301637569054209 -0.062144338403156058 0.083499272044636752 0.071406166510293842 0.0075303481461066399 0.069728952150585041 0.0085723662676100345 -0.031966070416180194 0.043252118420718758 0.018424227456656294 0.049609481973310089 0.0063532037592601703 -0.053220262424257141 -0.028352971266710089 0.03866957932097962 0.031268567068352175 -0.017472227567575174 0.0076523703391023134 -0.051730944888112751 0.041226079085758066 -0.049631363079388285 -0.10000000000000001 -0.0039079127332618336 -0.013783222761092721 -0.029801312709962769 -0.013651885088307459 -0.027413962897354427 -0.10000000000000001 -0.092367481883177727 -0.10000000000000001
leaf_weight=57.383379459381104 396.03709030151367 553.69571590423584 147.00346708297729 514.15140342712402 53.339800596237183 3206.39528465271 1718.4906282424927 2051.7659568786621 797.43711566925049 559.55403709411621 1042.1129837036133 989.53637027740479 111.59997510910034 1343.2360572814941 407.81750869750977 163.62848091125488 216.36734485626221 358.88162040710449 328.86798667907715 146.04992389678955 143.89878416061401 77.237572431564331 545.80177116394043 161.92925667762756 1530.3922071456909 232.74544143676758 312.96023416519165 621.66625690460205 121.58064126968384 844.47017240524292 70.796905040740967 69.528050899505615 3195.5035309791565
leaf_count=14 70 27 9 38 14 21 24 163 14 32 152 33 10 33 32 30 25 15 15 19 13 20 17 34 607 25 39 94 14 130 27 26 1263
internal_value=0.000944017 0.0307319 0.00453473 0.0150189 -0.0912853 0.066598 0.0535748 -0.000979521 0.0348819 0.0439802 -0.0203093 0.0307253 -0.0357461 0.0618436 -0.0209846 -0.0972626 0.0088289 0.0121662 0.00955716 -0.0496067 -0.0271592 -0.0987255 0.0305493 -0.0657841 -0.0994741 -0.0253921 -0.0203445 -0.0244376 -0.0297182 -0.0312928 -0.0861898 -0.0998893 -0.1
internal_weight=23091.9 17454.5 10086.9 7149.58 5637.39 7367.62 4161.22 3960.03 3189.55 2346.53 1333.02 1549.09 547.759 3061.73 2937.28 5089.63 2627.01 2410.65 843.019 436.159 1186.01 4926 1099.5 290.11 4848.76 2529.46 1167.37 934.626 1362.09 1240.51 128.18 4795.42 4725.9
internal_count=3099 1035 913 509 2064 122 101 377 132 79 174 65 104 57 404 1960 203 178 53 94 165 1930 44 75 1910 372 158 133 214 200 41 1896 1870
is_linear=0
shrinkage=0.05


Tree=18
num_leaves=31
num_cat=0
split_feature=1 1 0 1 2 1 5 8 14 5 8 8 1 5 2 8 5 3 10 12 3 1 10 5 1 12 3 4 0 14
split_gain=23993.5 5569.85 1617.65 1014.51 805.685 577.758 444.001 423.262 310.802 293.07 165.894 144.141 136.105 119.947 104.276 96.776 78.3481 72.0833 63.0891 56.788 106.995 38.0691 33.682 29.386 20.005 19.36 4.82344 4.40195 2.11641 1.90421
threshold=24.418788088397786 233.31169483724932 1.0000000180025095e-35 73.254998752474805 1.0000000180025095e-35 1145.7767760826366 888.50000000000011 2.1889880952380958 40.500000000000007 1553.5000000000002 0.48596938775510207 0.80577595481441644 122.05899792134764 383.50000000000006 2.0001106541743461 1.3523809523809527 768.50000000000011 3.4494949494949503 2.8856209150326801 5.7514293882218421 6.8640350877192988 27.683196900608991 9.162280701754387 1014.0000000000001 23.423085818535352 1.6773731429673935 1.9791666666666667 1.1680790960451979 4.7468359328345811 83.000000000000014
decision_type=10 10 10 10 8 10 10 10 10 10 8 8 10 10 8 10 10 8 8 8 8 10 8 10 10 10 10 10 10 10
left_child=2 3 4 6 -1 8 10 9 17 12 -2 -8 22 21 -14 -15 26 -3 -4 20 -13 -12 -5 24 27 28 29 -20 -26 -6
right_child=1 5 18 7 16 -7 11 -9 -10 -11 13 19 14 15 -16 -17 -18 -19 23 -21 -22 -23 -24 -25 25 -27 -28 -29 -30 -31
leaf_value=0.00021120398749092213 0.027322941943675294 0.048989856905353124 -0.0029390539713649434 -0.016526955213507572 -0.10000000000000001 0.082181194522782094 0.046795274529658759 0.055775783551246599 0.064757491110288043 0.042220534594005626 -0.036888206730641852 -0.0021426201242322773 0.038245775781240082 -0.017598566640634115 0.0080220970664773086 0.0074519422175941446 -0.053327252668960407 0.025824985417323809 -0.043908300656760435 -0.0078268977778085339 0.034547649946483593 -0.021930389662864574 0.0018800536376300621 -0.013185696836549486 -0.044344403718745318 -0.021719873426816718 -0.088326000056389603 -0.056062677849013531 -0.037357043104248845 -0.091314370744095721
leaf_weight=214.78023815155029 208.39963722229004 550.92990493774414 166.21909141540527 369.08957958221436 4574.4862654209137 3268.7653160095215 307.94572067260742 939.7921314239502 2267.6831741333008 877.37383270263672 682.8475489616394 404.75666379928589 475.32107067108154 1142.5671172142029 714.17111587524414 581.89862871170044 93.055687427520752 860.12928676605225 157.60290360450745 370.73151826858521 390.31366729736328 1128.1712384223938 760.82985687255859 125.77899360656738 165.93869400024414 215.09154891967773 92.120960235595703 141.26529979705811 312.37971258163452 63.9858558177948
leaf_count=22 13 14 20 32 1903 22 12 23 38 29 117 35 18 142 44 48 23 33 32 32 19 153 63 13 27 30 33 26 58 25
internal_value=0.000904753 0.0329721 -0.0817738 0.00778451 -0.0945424 0.0668849 -0.00687698 0.0262776 0.0532933 0.0176058 -0.0160281 0.0163704 0.00829462 -0.0185835 0.0200995 -0.0091456 -0.0987614 0.0348694 -0.0316806 0.00833375 0.0158693 -0.0275703 -0.00413262 -0.0359535 -0.0388395 -0.0341786 -0.0996552 -0.0496533 -0.0397811 -0.0998802
internal_weight=22624.4 16301.7 6322.71 9354.21 5038.43 6947.51 5217.63 4136.58 3678.74 3196.79 3743.88 1473.75 2319.41 3535.48 1189.49 1724.47 4823.65 1411.06 1284.28 1165.8 795.07 1811.02 1129.92 1118.06 992.278 693.41 4730.59 298.868 478.318 4638.47
internal_count=3099 887 2212 780 2006 107 571 209 85 186 473 98 157 460 62 190 1984 47 206 86 54 270 95 186 173 115 1961 58 85 1928
is_linear=0
shrinkage=0.05


Tree=19
num_leaves=33
num_cat=0
split_feature=1 1 0 1 2 1 8 10 14 8 0 10 8 10 11 8 7 4 10 2 1 13 7 1 1 7 10 3 14 3 14 4
split_gain=22380.3 5223.96 1649.86 921.912 802.106 582.579 393.431 372.927 298.899 253.823 201.837 199.403 144.384 125.079 100.182 97.0714 73.377 72.355 57.8038 50.7377 45.0964 42.9178 104.179 29.3761 26.2262 32.5743 18.0645 10.219 9.07823 3.17282 2.08552 1.82195
threshold=24.418788088397786 233.31169483724932 1.0000000180025095e-35 73.254998752474805 1.0000000180025095e-35 1145.7767760826366 2.1889880952380958 6.2546296296296306 40.500000000000007 1.0042372881355934 17.127395040745927 9.3035714285714306 0.48596938775510207 4.0294117647058831 275.00000000000006 0.90200000000000014 34.500000000000007 3.5916666666666672 2.8856209150326801 2.9906078309406707 32.491243240456065 4.354166666666667 52.500000000000007 155.14117024074724 22.21981141274005 40.500000000000007 7.4250000000000016 1.9791666666666667 56.500000000000007 12.238095238095239 83.000000000000014 1.1680790960451979
decision_type=10 10 10 10 8 10 10 10 10 8 10 10 8 10 10 10 10 10 8 8 10 10 10 10 10 10 8 10 8 8 10 10
left_child=2 3 4 7 -1 8 9 12 17 10 -5 26 -2 -12 20 -16 27 -3 -4 -11 -14 22 -13 -21 31 28 -9 30 29 -26 -6 -20
right_child=1 5 18 6 16 -7 -8 11 -10 19 13 21 14 -15 15 -17 -18 -19 24 23 -22 -23 -24 -25 25 -27 -28 -29 -30 -31 -32 -33
leaf_value=0.0002006434461790596 0.030188192770487666 0.022792335391582097 -0.0027922222821237606 0.0034936817807671794 -0.10000000000000001 0.080801477306390201 0.053824725862934478 0.040817849155068406 0.062837851344818133 0.01767380254383065 0.058240485546714883 -0.036068797083045646 -0.030882491412953933 0.025909460002906861 -0.025448448382992036 0.0010253476334272501 -0.052011076467556122 0.04557199380555324 -0.044504530665508156 -0.0086701515761518234 -0.015791603863465852 0.013658274880012212 0.011605287220765155 0.0097278477450716272 -0.043368695350419324 -0.0072014703406569625 0.025332516150887236 -0.083533861104964149 -0.022472729228319985 -0.034920927497858509 -0.090905451303541773 -0.053105750058776525
leaf_weight=214.78019571304321 170.23013305664062 752.03518199920654 166.21208953857422 508.28401851654053 4348.5253467559814 3161.1120491027832 925.53754234313965 366.47315311431885 2221.3156394958496 368.33878898620605 563.65147686004639 238.82889461517334 1140.386706829071 637.48030853271484 511.44415473937988 1072.0660085678101 82.787356853485107 649.78086853027344 123.22348690032959 811.08749580383301 874.82532453536987 220.15199041366577 220.2892484664917 296.20007610321045 146.98645448684692 129.66263628005981 387.44123649597168 97.875327110290527 131.31491184234619 455.85639381408691 63.963578701019287 123.04959774017334
leaf_count=22 10 30 20 36 1902 22 23 17 38 21 13 29 187 27 72 96 21 17 26 72 107 15 15 17 23 13 23 35 20 81 26 23
internal_value=0.000865555 0.031743 -0.0808264 0.00743159 -0.0942413 0.0651152 0.0251292 -0.0065526 0.0514293 0.0167907 0.0299049 0.0151569 -0.0148079 0.0410813 -0.0169363 -0.00752519 -0.0986575 0.0333513 -0.0302914 0.0015987 -0.0243314 -0.00449137 -0.0131943 -0.00374868 -0.0344088 -0.0303053 0.0328598 -0.0995137 -0.0343857 -0.0369807 -0.0998682 -0.0488021
internal_weight=22181.2 16097 6084.24 9312.72 4807.93 6784.24 4110.58 5202.14 3623.13 3185.04 1709.42 1433.18 3768.95 1201.13 3598.72 1583.51 4593.15 1401.82 1276.31 1475.63 2015.21 679.27 459.118 1107.29 1110.09 863.82 753.914 4510.36 734.158 602.843 4412.49 246.273
internal_count=3099 887 2212 780 2006 107 209 571 85 186 76 99 472 40 462 168 1984 47 206 110 294 59 44 89 186 137 40 1963 124 104 1928 49
is_linear=0
shrinkage=0.05


Tree=20
num_leaves=33
num_cat=0
split_feature=6 1 1 7 7 13 14 13 12 1 8 3 1 12 13 5 14 12 3 6 6 6 8 14 1 1 4 12 4 8 3 14
split_gain=20511.2 5129.81 869.314 794.185 725.391 512.079 467.53 355.846 223.416 214.085 209.985 173.664 157.419 129.345 124.244 109.209 95.418 139.513 86.8503 83.6811 60.5344 96.3853 45.0721 50.6329 31.3552 31.17 27.0178 16.9957 19.9166 14.644 9.95265 2.56738
threshold=11.533035595355731 120.73784355985522 1346.5974611859924 22.500000000000004 23.500000000000004 6.3095238095238102 16.500000000000004 10.250000000000002 6.2425837320574171 48.738679723598217 1.2363166549213063 0.91987179487179505 1.0000000180025095e-35 1.4525153130671509 1.7524509803921571 1048.5000000000002 29.500000000000004 1.2605411520873147 0.72363636363636374 29.160653939439708 26.001242757520497 27.169600777459731 0.920144927536232 38.500000000000007 218.77396297991501 25.341959428739504 5.2154088050314478 2.3732142857142864 1.6867732558139539 0.76139171691212815 1.3033088235294119 83.000000000000014
decision_type=10 10 10 10 10 10 10 10 8 10 10 8 10 8 10 10 8 8 8 10 10 10 10 10 10 10 10 10 10 8 8 10
left_child=3 4 6 12 9 16 15 8 14 11 27 -2 18 -5 -8 24 17 -6 -1 -19 25 -22 29 -24 -3 -18 30 28 -11 -13 -20 -32
right_child=1 2 -4 13 5 -7 7 -9 -10 10 -12 22 -14 -15 -16 -17 20 19 26 -21 21 -23 23 -25 -26 -27 -28 -29 -30 -31 31 -33
leaf_value=-0.028647031269038305 0.030802117278019854 -0.0028900559678959529 0.081547187754474892 0.020452779517619753 0.034974751584147895 0.054102613816252414 0.041215927457679762 0.076764174860758871 0.022123479404077998 -0.01284110079358497 0.025860205790576091 -0.048584015298377498 -0.045195320691176433 -0.042902216014690429 0.061077990107927305 0.035357488822807301 0.011232822045943171 -0.022995360453299279 -0.077306108580833741 0.0051011721256077214 0.038080685501617584 0.0075987704339862024 -0.024555511204659854 0.0011319109105793548 0.016494501435016989 -0.013391879581782435 -0.066903810367342331 -0.02613871854023278 0.0049556503173565558 -0.030775572310390811 -0.10000000000000001 -0.08931130710155287
leaf_weight=44.188937425613403 138.32578563690186 407.30379581451416 2029.6950263977051 138.25650930404663 190.03776216506958 670.17133092880249 1676.373649597168 1068.909330368042 885.07384490966797 966.38405275344849 495.67997932434082 125.64102840423584 143.69755625724792 193.05212616920471 1484.6467437744141 574.80134963989258 275.64775705337524 644.18629455566406 49.5166335105896 450.22744846343994 453.00687742233276 606.61222839355469 917.52803897857666 242.54913854598999 427.63645648956299 240.74895906448364 64.174748659133911 188.51529359817505 187.74983263015747 1421.5001950263977 4129.4929611682892 56.954650640487671
leaf_count=9 9 29 13 13 11 22 49 11 37 114 27 20 30 39 26 19 22 74 16 38 20 42 132 25 19 19 20 20 16 246 1900 24
internal_value=-0.000257709 0.0258698 0.0529694 -0.0911687 -0.00235126 0.0147623 0.0440795 0.051106 0.0443276 -0.0152512 -0.00195187 -0.0238431 -0.0966835 -0.0164639 0.0505446 0.018585 0.00554541 -0.00457011 -0.0983865 -0.0114368 0.0137895 0.0206304 -0.0266353 -0.0191848 0.00703825 -0.000247443 -0.0991032 -0.0122195 -0.009946 -0.0322218 -0.099591 -0.0998546
internal_weight=21588.3 16769 8554.44 4819.33 8214.51 3530.64 6524.75 5115 4046.09 4683.87 1838.33 2845.54 4488.03 331.309 3161.02 1409.74 2860.47 1284.45 4344.33 1094.41 1576.02 1059.62 2707.22 1160.08 834.94 516.397 4300.14 1342.65 1154.13 1547.14 4235.96 4186.45
internal_count=3111 1060 203 2051 857 248 190 123 112 609 177 432 1999 52 75 67 226 123 1969 112 103 62 423 157 48 41 1960 150 130 266 1940 1924
is_linear=0
shrinkage=0.05


Tree=21
num_leaves=35
num_cat=0
split_feature=6 1 1 7 7 13 14 13 1 8 11 3 12 14 0 13 13 12 14 12 6 9 6 4 8 14 0 1 8 4 12 8 14 4
split_gain=19256 4740.35 857.417 801.487 657.381 471.575 438.322 349.654 194.399 190.003 182.836 157.406 148.512 144.093 132.818 101.625 98.0259 90.5619 86.3401 126.509 75.7679 66.2874 80.2758 65.2481 41.3213 45.9325 31.9375 16.598 13.7165 13.4443 13.4081 9.53004 3.0443 1.81899e-12
threshold=11.533035595355731 120.73784355985522 1346.5974611859924 17.500000000000004 23.500000000000004 6.3095238095238102 16.500000000000004 10.250000000000002 48.738679723598217 1.2363166549213063 945.00000000000011 0.91987179487179505 1.4525153130671509 52.500000000000007 1.0000000180025095e-35 1.9861111111111114 1.6458061144499612 0.6752406432663508 29.500000000000004 1.2605411520873147 29.160653939439708 25.963654191055529 27.169600777459731 5.2154088050314478 0.920144927536232 38.500000000000007 5.5649520716088015 82.964917467571084 0.76139171691212815 2.6569693094629159 2.4837752464822445 0.37874940673944002 83.000000000000014 2.3397435897435903
decision_type=10 10 10 10 10 10 10 10 10 10 8 8 8 10 10 8 10 8 8 8 10 10 10 10 10 10 10 10 8 10 10 10 10 8
left_child=3 4 6 14 8 18 15 10 11 27 16 -2 -5 -12 17 -3 -8 -1 19 -6 -21 26 -23 30 28 -26 -20 31 -13 32 -14 -10 33 -19
right_child=1 2 -4 12 5 -7 7 -9 9 -11 13 24 23 -15 -16 -17 -18 29 21 20 -22 22 -24 -25 25 -27 -28 -29 -30 -31 -32 -33 -34 -35
leaf_value=-0.037652547537969691 0.029401601349160745 0.028537897492938037 0.080135081652371015 0.019470899269277846 0.033430639515134752 0.052161362866037668 0.014719499767834671 0.075140686088711273 -0.011458614483938359 0.02464968496782291 0.032243371738211825 -0.046706415108909133 -0.053387004661635144 0.057582044335495901 -0.043299310521218354 0.0010179999131144186 0.042100708684385653 -0.10000000000000001 0.010293960971887263 -0.021903551889945732 0.0048467443573914264 0.036441072506137893 0.0082848791568800959 -0.013335733960499918 -0.023398336513552016 0.0010753218992488043 -0.014010199227645365 -0.0016948997051777184 -0.029376019536422462 -0.080471195553897035 -0.083499664729686007 -0.021855388293496925 -0.087883121465104672 -0.10000000000000001
leaf_weight=60.265703201293945 137.68596410751343 852.56315803527832 1963.8769035339355 137.97455739974976 188.90446043014526 660.60707330703735 710.94057369232178 1038.1949977874756 698.75686645507812 494.06393814086914 798.12882232666016 124.19513559341431 93.73462986946106 1888.9649019241333 111.96882152557373 553.09135246276855 605.05986976623535 77.137129306793213 291.06821870803833 642.52565240859985 450.17034101486206 449.80418157577515 579.02218532562256 99.313218116760254 914.83089923858643 242.54762315750122 252.36773824691772 320.48895740509033 1414.9364581108093 91.679955720901489 61.038924932479858 321.97611999511719 52.535968065261841 3823.6062231063843
leaf_count=14 9 33 13 13 11 22 33 11 85 27 27 20 23 35 24 34 17 36 23 74 38 20 40 14 132 25 20 29 246 34 19 36 23 1851
internal_value=-0.000261405 0.0248501 0.0512105 -0.0906709 -0.00224099 0.0140933 0.0423995 0.0492838 -0.014535 -0.00185714 0.0425778 -0.0227445 -0.0222895 0.0500559 -0.0970281 0.0177095 0.0273086 -0.0984935 0.00528142 -0.00435123 -0.0108829 0.0131333 0.0205948 -0.0449664 -0.0254071 -0.0182695 -0.000992716 -0.0116214 -0.0307744 -0.0994 -0.0652627 -0.0147381 -0.099839 -0.1
internal_weight=21204 16594.8 8410.82 4609.26 8183.95 3514.47 6446.94 5041.29 4669.48 1835.29 4003.09 2834.2 392.061 2687.09 4217.19 1405.65 1316 4105.22 2853.86 1281.6 1092.7 1572.26 1028.83 254.087 2696.51 1157.38 543.436 1341.22 1539.13 4044.96 154.774 1020.73 3953.28 3900.74
internal_count=3111 1060 203 2051 857 248 190 123 609 177 112 432 69 62 1982 67 50 1958 226 123 112 103 60 56 423 157 43 150 266 1944 42 121 1910 1887
is_linear=0
shrinkage=0.05


Tree=22
num_leaves=31
num_cat=0
split_feature=6 1 2 1 7 13 4 14 0 12 1 4 3 12 3 14 12 7 3 0 6 6 0 13 1 13 11 10 14 3
split_gain=18076.7 4375.37 891.971 841.786 595.535 433.633 426.129 322.006 235.925 199.229 176.434 151.244 142.616 129.063 119.594 78.1376 143.016 73.6969 63.562 58.4877 46.9888 81.3928 37.8557 30.1483 26.9556 26.5177 14.1318 11.0461 3.31383 1.81899e-12
threshold=11.533035595355731 120.73784355985522 0.99835740821116836 1346.5974611859924 23.500000000000004 6.3095238095238102 33.500000000000007 44.500000000000007 1.0000000180025095e-35 6.5475816582914588 48.738679723598217 5.2154088050314478 0.91987179487179505 4.9670809647686047 3.1967741935483875 29.500000000000004 1.1987481265979019 30.500000000000004 1.3402777777777779 64.486535294065163 26.001242757520497 27.169600777459731 3.842130415524466 1.6458061144499612 218.77396297991501 5.9411764705882364 305.00000000000006 4.5385629531970997 83.000000000000014 1.5400641025641029
decision_type=10 10 8 10 10 10 10 10 10 8 10 10 8 10 10 10 8 10 8 10 10 10 10 10 10 10 10 10 10 10
left_child=2 4 -1 6 10 15 7 9 11 19 12 27 -2 18 -9 16 -6 -18 -12 -3 -17 -22 23 -14 -11 -24 -20 28 29 -4
right_child=1 3 8 -5 5 -7 -8 14 -10 24 13 -13 22 -15 -16 20 17 -19 26 -21 21 -23 25 -25 -26 -27 -28 -29 -30 -31
leaf_value=0.0030067571243119146 0.02805287091546458 0.026045909202674158 -0.10000000000000001 0.078654571018955857 0.036166716518090884 0.050237158590896086 0.072869703795799254 0.033843055296617471 -0.039259649661644115 -0.010625433844024023 0.019816736278439821 -0.028182630370055174 -0.0090879873574894934 0.026768248069476044 0.055852818438040422 5.69217808729817e-05 0.012409647675416292 -0.017797218838334111 -0.0091375469226127812 0.044462636613155589 0.034850594697949426 0.0065590907944222832 -0.030065512848163223 -0.02979353792162311 0.0093155221009826924 -0.0090193802367374253 -0.021992971670586552 -0.080197268501815688 -0.087371895866625138 -0.10000000000000001
leaf_weight=242.74372863769531 137.10570669174194 1519.773946762085 3737.0192039012909 1902.3802185058594 190.29898166656494 651.84382200241089 888.90023708343506 963.45645141601562 177.93182301521301 311.45042991638184 181.45722770690918 75.866759538650513 579.80106592178345 325.81782293319702 1717.2558946609497 497.03880739212036 263.87270402908325 860.01644659042358 1057.3934473991394 601.8133373260498 446.89209079742432 589.66242122650146 1690.477322101593 252.30814218521118 371.76032638549805 164.20690822601318 267.95236253738403 73.032086849212646 52.673591136932373 49.71370005607605
leaf_count=25 9 59 1899 13 10 22 10 31 35 25 12 21 75 17 32 39 24 92 117 15 20 41 290 39 18 19 31 25 24 22
internal_value=-0.000264906 0.0238548 -0.0901628 0.0494661 -0.00213527 0.0134495 0.0407551 0.0355511 -0.0955913 0.0237079 -0.0138481 -0.0981045 -0.0216886 -0.00176664 0.0479424 0.00502902 -0.00391789 -0.0107051 -0.00793678 0.03127 0.0126959 0.0187565 -0.0242268 -0.0153662 0.00022518 -0.0282022 -0.0117366 -0.0994603 -0.0998268 -0.1
internal_weight=20841.9 16432.9 4408.98 8276.79 8156.15 3499.63 6374.41 5485.51 4166.24 2804.8 4656.52 3988.31 2823.9 1832.62 2680.71 2847.78 1314.19 1123.89 1506.8 2121.59 1533.59 1036.55 2686.79 832.109 683.211 1854.68 1325.35 3912.44 3839.41 3786.73
internal_count=3111 1060 2051 203 857 248 190 180 2026 117 609 1991 432 177 63 226 126 116 160 74 100 61 423 114 43 309 148 1970 1945 1921
is_linear=0
shrinkage=0.05


Tree=23
num_leaves=34
num_cat=0
split_feature=6 1 1 7 7 4 8 14 12 1 8 0 3 12 12 12 12 12 12 4 14 4 0 13 4 1 4 1 3 8 0 14 3
split_gain=16967.6 4032.34 823.344 819.658 539.349 410.573 408.302 300.025 181.43 160.045 159.205 144.507 129.171 129.124 114.814 106.153 101.15 95.7984 83.3613 67.4375 63.5469 60.5729 54.412 35.5604 59.0558 24.34 15.4534 14.8965 11.715 10.8865 9.13752 3.91297 1.81899e-12
threshold=11.533035595355731 120.73784355985522 1346.5974611859924 17.500000000000004 23.500000000000004 33.500000000000007 4.7950000000000008 44.500000000000007 6.5475816582914588 48.738679723598217 1.2363166549213063 1.0000000180025095e-35 0.91987179487179505 1.4525153130671509 2.8637617554858941 3.5199871050934886 1.1797664141414144 0.6752406432663508 3.8498260144364886 8.5277777777777803 31.500000000000004 5.2154088050314478 64.486535294065163 0.85239651416122009 3.8452380952380958 218.77396297991501 2.6569693094629159 82.964917467571084 3.4040816326530616 0.9853252807798264 8.1240995572076411 83.000000000000014 1.8810483870967745
decision_type=10 10 10 10 10 10 10 10 8 10 10 10 8 8 10 10 8 8 10 8 10 10 10 10 8 10 10 10 10 8 10 10 8
left_child=3 4 5 11 9 7 15 8 22 12 27 17 -2 -5 -9 16 -6 -1 -17 -20 -18 28 -3 29 -25 -10 31 30 -15 -14 -11 32 -19
right_child=1 2 -4 13 6 -7 -8 14 25 10 -12 -13 23 21 -16 18 20 26 19 -21 -22 -23 -24 24 -26 -27 -28 -29 -30 -31 -32 -33 -34
leaf_value=-0.034957772840242339 0.026755589201974579 0.024827897158375634 0.077107793640500077 0.018902900437153897 0.031399911267424523 0.071115097466458374 0.068558161878282134 0.030247734015938534 -0.010099868351594687 -0.023519596173854414 0.022677968898816955 -0.040189709338412413 -0.041885133061040698 -0.049765889409158798 0.052936194119901817 0.043282219776695857 -0.014345604255951938 -0.10000000000000001 -0.0047980692776440244 0.020944713246479237 0.0057451601074121218 -0.011326022169257332 0.042661494121416045 0.0067056233925373403 -0.022355702771819665 0.0088535909503025256 -0.07846379259297033 -0.0012039268943380649 -0.078213625366674255 -0.02630024364548967 -0.011313253419614117 -0.085727761545396394 -0.10000000000000001
leaf_weight=58.778268456459045 136.57968902587891 1514.7476968765259 1844.9906044006348 137.0843071937561 219.040207862854 865.88481998443604 300.36439800262451 797.93927383422852 311.27901077270508 188.01399946212769 490.87975358963013 110.21069526672363 120.49006652832031 85.281642556190491 1851.2742195129395 263.44343376159668 833.40161085128784 39.898965716362 389.09911060333252 734.93961429595947 745.80668449401855 99.020800590515137 596.01287078857422 230.13637638092041 727.18170928955078 371.60305213928223 86.87809145450592 320.32038402557373 62.868785619735718 1600.1451644897461 830.85892915725708 48.686835527420044 3489.6985174417496
leaf_count=14 9 59 13 13 12 10 6 27 25 22 27 24 19 22 36 10 91 20 31 43 55 14 15 25 105 18 34 29 20 274 99 23 1867
internal_value=-0.000268571 0.0228819 0.0477275 -0.0896371 -0.00203394 0.0391352 0.0128304 0.0340476 0.022616 -0.0131906 -0.00168038 -0.0966145 -0.0206749 -0.0200167 0.0461025 0.00757615 -0.000441 -0.0982844 0.0179668 0.0120335 -0.00485742 -0.041602 0.0298635 -0.0230939 -0.0153694 0.000214011 -0.0992999 -0.0106089 -0.0618379 -0.0273916 -0.0135657 -0.0998058 -0.1
internal_weight=20502.8 16284.4 8153.73 4218.41 8130.7 6308.74 3486.1 5442.86 2793.64 4644.61 1830.07 3834.15 2814.53 384.256 2649.21 3185.73 1798.25 3723.94 1387.48 1124.04 1579.21 247.171 2110.76 2677.95 957.318 682.882 3665.16 1339.19 148.15 1720.64 1018.87 3578.28 3529.6
internal_count=3111 1060 203 2051 857 190 248 180 117 609 177 1982 432 69 63 242 158 1958 84 74 146 56 74 423 130 43 1944 150 42 293 121 1910 1887
is_linear=0
shrinkage=0.05


Tree=24
num_leaves=29
num_cat=0
split_feature=1 1 2 1 5 4 8 14 12 4 12 3 3 0 14 0 12 1 5 4 8 1 11 0 5 1 14 3
split_gain=15935.1 3812.12 909.875 801.947 498.285 394.055 291.448 278.865 165.093 155.913 126.832 119.237 115.405 90.2663 78.643 145.411 99.9182 72.0643 66.1063 27.3003 23.8736 21.9771 21.189 19.1193 16.4861 13.3501 4.19822 1.81899e-12
threshold=11.134920335983301 120.73784355985522 0.99835740821116836 1346.5974611859924 523.00000000000011 33.500000000000007 4.7950000000000008 44.500000000000007 6.5475816582914588 5.2154088050314478 30.282692307692312 1.6446593776282592 3.1967741935483875 1.0000000180025095e-35 20.500000000000004 6.949783930983247 3.5199871050934886 32.299430694083618 722.50000000000011 1.7677322677322678 1.2745972073039744 218.77396297991501 95.000000000000014 8.1240995572076411 780.50000000000011 41.569994590977565 83.000000000000014 0.34523809523809529
decision_type=10 10 8 10 10 10 10 10 8 10 8 8 10 10 10 10 10 10 10 8 10 10 8 10 10 10 10 10
left_child=2 4 -1 5 11 7 10 8 18 13 14 -2 -9 24 15 -6 -16 19 -3 -13 23 -10 -21 -19 26 -12 27 -4
right_child=1 3 9 -5 6 -7 -8 12 21 -11 25 17 -14 -15 16 -17 -18 20 -20 22 -22 -23 -24 -25 -26 -27 -28 -29
leaf_value=0.0073693474405231059 0.0095130366463185637 0.015448765384335426 -0.10000000000000001 0.075497597497167349 -0.022597272627348855 0.069312800911174269 0.049081970083492722 0.030390208745708643 -0.0095997755386018971 -0.02521598555527766 -0.031613065941897049 -0.0040127251215243262 0.052212800465790965 -0.042484639776775052 0.0012463033228873144 0.014464807215028999 0.022218750623308348 -0.026318131416701224 0.034531227193873575 -0.016286337943008249 0.005009317161538001 0.0084142120685682439 -0.02875637042942826 -0.0097969960999596314 -0.072590046022444052 -0.013111605236888424 -0.085321579538504722 -0.10000000000000001
leaf_weight=222.40918874740601 441.68819761276245 663.21352005004883 3348.6971453428268 1791.5003967285156 498.94340801239014 844.53218460083008 421.03041219711304 950.91482353210449 311.12421703338623 74.604975938796997 181.90398454666138 155.35432958602905 1669.4464321136475 71.166911602020264 974.46619367599487 563.60648393630981 1361.2636895179749 208.57873582839966 1437.7064514160156 445.72622728347778 230.59088373184204 371.46105098724365 1445.1052889823914 1091.6110134124756 56.603170156478882 210.1352858543396 49.412845969200134 91.39413583278656
leaf_count=22 39 29 1882 13 59 10 16 31 25 21 30 19 32 18 75 40 73 29 45 72 18 18 252 130 19 25 24 45
internal_value=-0.0002716 0.0215193 -0.0908466 0.0460063 -0.00240202 0.0375508 0.00961616 0.0325869 0.0215665 -0.0967634 0.00523228 -0.0149965 0.0442935 -0.098239 0.00833885 -0.0029385 0.013469 -0.0180229 0.0285073 -0.0241614 -0.00981774 0.000203388 -0.0258168 -0.0124473 -0.0993579 -0.0216962 -0.0997921 -0.1
internal_weight=20184.2 16269.9 3914.29 8039.9 8230 6248.4 4211.35 5403.87 2783.51 3691.88 3790.32 4018.65 2620.36 3617.27 3398.28 1062.55 2335.73 3576.97 2100.92 2046.19 1530.78 682.585 1890.83 1300.19 3546.11 392.039 3489.5 3440.09
internal_count=3111 1080 2031 203 877 190 318 180 117 2009 302 559 63 1988 247 99 148 520 74 343 177 43 324 159 1970 55 1951 1927
is_linear=0
shrinkage=0.05


Tree=25
num_leaves=34
num_cat=0
split_feature=1 6 2 1 5 5 14 8 2 4 0 0 4 9 8 10 1 3 0 1 2 14 4 7 9 1 5 8 9 0 14 14 3
split_gain=15633.3 4127.65 1010.17 725.246 396.085 379.092 262.723 263.452 312.938 253.074 237.399 200.154 158.608 130.58 97.5662 93.2328 86.1733 122.428 49.2591 56.4763 40.2008 39.4805 81.6057 38.0696 36.0506 38.1584 35.2279 30.9155 15.7545 8.72311 6.29554 4.47354 1.81899e-12
threshold=20.356813500582906 89.936631377801334 0.9968574985590456 73.254998752474805 949.50000000000011 888.50000000000011 16.500000000000004 0.6772183449651048 7.8713448941789119 5.7169174883238201 1.0000000180025095e-35 214.53976158726914 5.2154088050314478 25.859673401551376 0.80577595481441644 4.8090909090909095 27.683196900608991 1.2679487179487181 3.842130415524466 25.563626013405589 1.8381481360718934 43.500000000000007 4.4852941176470598 47.500000000000007 27.569715535204015 135.85124371319594 722.50000000000011 0.57552233084147997 27.043138481463242 3.8691078717750607 62.500000000000007 85.500000000000014 1.6781609195402301
decision_type=10 10 8 10 10 10 8 10 8 10 10 10 10 10 8 10 10 8 10 10 8 10 10 10 10 10 10 8 10 10 10 10 10
left_child=2 3 -1 5 9 16 24 28 15 20 12 13 27 -6 -7 -9 18 -18 19 -2 -3 22 -16 -23 25 -5 -19 -4 -8 -20 32 -32 -29
right_child=1 4 10 6 11 14 7 8 -10 -11 -12 -13 -14 -15 21 -17 17 26 29 -21 -22 23 -24 -25 -26 -27 -28 30 -30 -31 31 -33 -34
leaf_value=0.0037882000178143041 -0.020123846072664597 0.028734882822918029 -0.06382063828802402 -0.019079394941509929 0.063244208128779567 0.039115563774843459 -0.010981364023255669 0.02947578006084807 0.052089147476941905 0.059374375468538555 -0.033513205766380977 0.074036044527405573 -0.02614733369581921 0.043394133598327174 -0.020803315139866593 -0.001590200626746364 0.024514855120045916 -0.0099954073607821537 -0.040181433578306905 0.0090605125037575684 0.0103547292227954 0.027466188568030316 0.01456995520386428 0.0042975409227187121 0.010915987872401108 0.0049044137067433026 -0.030433490451316877 -0.10000000000000001 0.0056783954069268214 -0.027454019713205165 -0.079735699343368993 -0.10000000000000001 -0.10000000000000001
leaf_weight=280.69314002990723 786.99847221374512 603.65761852264404 61.508967757225037 363.31824779510498 1630.8605051040649 296.28553485870361 271.41477108001709 496.79249095916748 1275.7002820968628 605.83232021331787 152.04412770271301 1756.6332855224609 76.50432276725769 1683.9967222213745 296.40156888961792 469.99808025360107 253.57001781463623 2019.9082479476929 156.00745677947998 210.00442981719971 586.55848121643066 347.7397837638855 362.39214181900024 361.74976539611816 395.32535076141357 305.11631679534912 235.4088191986084 3153.5097696781158 297.40367126464844 982.31655645370483 66.9040607213974 45.933460474014282 70.137476205825806
leaf_count=29 111 19 24 34 22 13 24 20 30 10 33 13 22 39 32 26 17 248 26 21 27 20 24 25 26 17 26 1863 21 181 34 25 34
internal_value=0.00261685 0.0232882 -0.0875941 0.00308661 0.0532451 -0.00737079 0.0201117 0.0281201 0.035829 0.0330674 -0.0946671 0.060391 -0.0973432 0.0531601 0.0131019 0.0143733 -0.0147086 -0.0084252 -0.0220912 -0.0139766 0.0196768 0.00746894 -0.00134503 0.0156531 -0.00105297 -0.00813165 -0.0121287 -0.0989461 -0.0022709 -0.0291983 -0.0995937 -0.0879848 -0.1
internal_weight=20958.6 17051.4 3907.24 10183.9 6867.54 6308.78 3875.07 2811.31 2242.49 1796.05 3626.54 5071.49 3474.5 3314.86 1664.57 966.791 4644.21 2508.89 2135.33 997.003 1190.22 1368.28 658.794 709.49 1063.76 668.435 2255.32 3397.99 568.818 1138.32 3336.48 112.838 3223.65
internal_count=3136 1072 2064 942 130 744 198 121 76 56 2035 74 2002 61 114 46 630 291 339 132 46 101 56 45 77 51 274 1980 45 207 1956 59 1897
is_linear=0
shrinkage=0.05


Tree=26
num_leaves=27
num_cat=0
split_feature=1 6 2 1 1 13 5 13 5 7 2 13 1 3 8 0 13 2 8 3 2 8 5 4 13 5
split_gain=14652 3872.49 1046.54 678.45 383.105 439.67 337.438 221.244 235.889 183.654 114.003 101.54 113.853 114.871 82.4954 64.9106 53.2229 50.6717 48.8338 47.8498 84.0305 28.1904 27.8169 6.00922 5.44303 0.404244
threshold=11.134920335983301 89.936631377801334 0.9968574985590456 73.254998752474805 1145.7767760826366 1.6458061144499612 888.50000000000011 5.4006410256410264 1277.0000000000002 16.500000000000004 0.57151097124431038 16.541666666666668 27.683196900608991 1.2679487179487181 0.80577595481441644 1.0000000180025095e-35 6.6733333333333347 0.99001306808558864 1.2363166549213063 2.4068965517241385 1.3375256315725808 1.0412414965986396 949.50000000000011 1.0625000000000002 4.9500000000000011 83.500000000000014
decision_type=10 10 8 10 10 10 10 10 10 10 10 10 10 8 8 10 10 10 10 10 10 8 10 8 10 10
left_child=2 3 -1 6 5 10 11 8 19 15 -3 12 21 -14 -8 23 17 -16 -11 20 -5 -2 -21 -4 25 -25
right_child=1 4 9 7 -6 -7 14 -9 -10 18 -12 -13 13 -15 16 -17 -18 -19 -20 22 -22 -23 -24 24 -26 -27
leaf_value=0.006574378914387247 -0.016261653410396131 0.0089178512270991616 -0.077924259975225105 0.0018719332170385767 0.066713878238140567 0.057450064721423923 0.035674497355942296 0.040672720874601179 0.035128178127414783 -0.064507421480279201 0.033942121727610568 0.019245884836625912 0.023359363683433401 -0.01223477040501517 -0.0055141489272116564 -0.041590322497493719 0.026560535287242559 0.01736055328610869 -0.0070504331733216826 -0.016200874423267949 0.030031667340989478 -0.028708202702004276 0.0036067857190513319 -0.10000000000000001 -0.079389243691356914 -0.098463906454949596
leaf_weight=269.2760214805603 683.60432147979736 704.14141654968262 32.508774995803833 1043.7134504318237 2548.3789901733398 2220.6778259277344 299.48416996002197 915.66912841796875 828.86238098144531 100.68288505077362 1286.9740810394287 216.20378160476685 252.82709932327271 2190.8839683532715 750.76692771911621 49.465223789215088 271.5858736038208 357.32749462127686 58.448801875114441 377.70020294189453 355.04297828674316 1359.9631175994873 333.97862720489502 2599.3618005514145 33.184205293655396 512.79437446594238
leaf_count=27 93 32 17 80 24 36 14 27 28 36 38 18 17 269 66 13 14 23 13 31 14 246 18 1615 17 310
internal_value=0.00251232 0.0220427 -0.088297 0.00264957 0.0514118 0.0421531 -0.00735364 0.0192118 0.0125262 -0.0958408 0.0250925 -0.0142228 -0.0158354 -0.00855219 0.0118874 -0.0984264 0.00672404 0.00186226 -0.0434036 0.00364939 0.00901965 -0.0245446 -0.00690548 -0.0993111 -0.0995321 -0.0997469
internal_weight=20653.5 16997.8 3655.72 10237.6 6760.17 4211.79 6382.65 3854.97 2939.3 3386.45 1991.12 4703.48 4487.28 2443.71 1679.16 3227.31 1379.68 1108.09 159.132 2110.44 1398.76 2043.57 711.679 3177.85 3145.34 3112.16
internal_count=3136 1088 2048 958 130 106 760 198 171 2021 70 643 625 286 117 1972 103 89 49 143 94 339 49 1959 1942 1925
is_linear=0
shrinkage=0.05


Tree=27
num_leaves=32
num_cat=0
split_feature=1 6 2 1 5 5 14 13 2 13 1 7 9 13 1 3 12 3 1 14 13 9 2 1 9 10 13 14 10 13 3
split_gain=13732.5 3571.52 1030.1 614.587 372.958 305.188 230.555 246.015 347.792 212.607 192.778 190.834 148.882 91.8249 103.444 104.099 75.0376 73.2228 68.0933 59.4746 116.62 59.1104 53.6084 35.2444 34.3709 31.4009 21.7009 18.1077 7.30514 2.68943 1.81899e-12
threshold=11.134920335983301 89.936631377801334 0.9968574985590456 73.254998752474805 949.50000000000011 888.50000000000011 18.500000000000004 11.91666666666667 7.8713448941789119 1.6458061144499612 1346.5974611859924 16.500000000000004 25.859673401551376 16.541666666666668 27.683196900608991 1.4813384813384816 3.0332244008714602 2.919967987194878 1.0000000180025095e-35 49.500000000000007 2.2586618876941462 27.607258685943261 1.8381481360718934 144.32668607382507 28.735420487991377 4.5606617647058831 1.6065531475748196 83.000000000000014 2.018518518518519 1.3385416666666667 5.0172413793103461
decision_type=10 10 8 10 10 10 8 8 8 10 10 10 10 10 10 8 10 8 10 10 10 10 8 10 10 10 10 10 8 8 8
left_child=2 3 -1 5 9 13 21 8 16 22 12 18 -6 14 26 -16 -8 -7 27 20 -19 23 -3 29 -9 -13 -2 28 -4 -5 -30
right_child=1 4 11 6 10 17 7 24 -10 -11 -12 25 -14 -15 15 -17 -18 19 -20 -21 -22 -23 -24 -25 -26 -27 -28 -29 30 -31 -32
leaf_value=0.0062470120435004729 -0.020951101768914224 0.026852478507200919 -0.075273618456437749 -0.022143813564129124 0.059685844771298339 0.034783452037201561 0.022950487996296249 -0.016934668647990654 0.052296884256731527 0.051137154292300591 0.0694561694542076 -0.020924627957180433 0.037572582954884137 0.018317543837123969 0.020161158893476267 -0.011899711621689592 -0.0053917867318019133 -0.027199762538829404 -0.039855760211199034 0.017612352919297931 0.013240674409205292 0.013736934384454664 0.0043753304034924913 0.0045540031832621165 0.0090169135971458602 -0.065741788156874301 -0.03430158335902983 -0.069587015696353796 -0.10000000000000001 -0.01422584273765559 -0.10000000000000001
leaf_weight=269.21928358078003 1664.7279322147369 537.32637786865234 30.177020311355591 216.05927181243896 1571.8999462127686 277.40841770172119 601.912766456604 270.47488021850586 1169.4845180511475 707.74120330810547 1844.9689788818359 83.930126309394836 1475.7665777206421 215.81337261199951 286.89812421798706 2154.5416073799133 381.58248424530029 298.50735473632812 49.04807448387146 657.22686243057251 442.59328985214233 465.02547645568848 523.92869281768799 281.52601337432861 241.50793647766113 73.144596219062805 372.49399280548096 50.606590032577515 37.459158182144165 212.93859958648682 2906.6050118207932
leaf_count=27 276 17 16 20 22 14 27 25 27 14 15 23 37 18 20 266 21 35 13 39 29 28 25 15 15 26 63 26 22 20 1895
internal_value=0.00240857 0.0211059 -0.0877202 0.00252482 0.0495863 -0.00699987 0.0183233 0.0264598 0.033868 0.0299112 0.0567001 -0.09555 0.048978 -0.0135385 -0.0150735 -0.00813218 0.0119541 0.0113177 -0.0982969 0.0066624 -0.0030483 -0.000122081 0.0157558 -0.00919256 -0.00469302 -0.0417945 -0.0233922 -0.0992445 -0.0997491 -0.0182136 -0.1
internal_weight=20372.5 16872.4 3500.19 10210.7 6661.63 6370.21 3840.51 2664.96 2152.98 1769 4892.64 3230.97 3047.67 4694.48 4478.66 2441.44 983.495 1675.74 3073.9 1398.33 741.101 1175.55 1061.26 710.524 511.983 157.075 2037.22 3024.85 2974.24 428.998 2944.06
internal_count=3136 1088 2048 958 130 760 198 115 75 56 74 2021 59 643 625 286 48 117 1972 103 64 83 42 55 40 49 339 1959 1933 40 1917
is_linear=0
shrinkage=0.05


Tree=28
num_leaves=33
num_cat=0
split_feature=1 6 2 1 1 4 5 14 8 2 1 7 11 10 8 0 1 8 8 8 14 4 14 8 8 14 9 1 11 14 1 4
split_gain=12870 3288.92 1013.67 557.377 360.043 400.472 275.979 210.994 217.128 278.366 199.11 198.523 159.152 83.9177 73.1607 71.2596 68.439 57.4095 47.9453 46.0148 35.0205 73.574 36.3971 33.0292 86.7993 31.2442 28.5227 29.6914 27.819 19.8637 12.6283 8.29478
threshold=11.134920335983301 89.936631377801334 0.9968574985590456 73.254998752474805 1145.7767760826366 29.250000000000004 888.50000000000011 16.500000000000004 0.72783389450056124 7.8713448941789119 442.57726372673636 16.500000000000004 1405.0000000000002 4.8090909090909095 0.80577595481441644 1.0000000180025095e-35 30.398507840462972 0.90900735294117652 1.2042925278219399 1.2363166549213063 43.500000000000007 4.4852941176470598 62.500000000000007 1.7555970149253735 2.3205128205128207 4.5000000000000009 27.569715535204015 135.85124371319594 685.00000000000011 83.000000000000014 129.2581196793067 1.0161290322580647
decision_type=10 10 8 10 10 10 10 8 10 8 10 10 8 10 8 10 10 8 10 10 10 10 10 10 8 10 10 10 10 10 10 8
left_child=2 3 -1 6 5 10 16 26 30 13 12 15 28 -10 -8 29 23 -18 -19 -13 21 -16 -22 25 -25 -2 27 -5 -3 31 -9 -4
right_child=1 4 11 7 -6 -7 14 8 9 -11 -12 19 -14 -15 20 -17 17 18 -20 -21 22 -23 -24 24 -26 -27 -28 -29 -30 -31 -32 -33
leaf_value=0.0059358202818418741 -0.0092770030966830442 0.016372245886477382 -0.072961499491694684 -0.017427951197442653 0.06300450305840484 0.072006790444534549 0.0333376632038868 -0.0080995473142848745 0.026721509162220471 0.048471628209733809 0.044205153020379646 -0.061225326432242544 0.039459610939967131 -0.0028341037204567127 -0.020174823213697724 -0.038166328192548699 0.012052000297598592 -0.014690249434929515 0.0034195825437221684 -0.005007243974623714 0.026421639440169072 0.013072088569672402 0.0035711657326022261 0.022562632112983247 -0.02537186640023081 -0.024454833373498158 0.0092126788777850497 0.0037484633415460775 0.00058733388350698393 -0.067748723356194834 0.0063065212005766402 -0.10000000000000001
leaf_weight=269.16806602478027 429.54767942428589 555.10159015655518 28.654958724975586 362.18649578094482 2442.0260314941406 743.63890647888184 295.80664348602295 330.92280006408691 491.21418762207031 1186.6872501373291 1611.2304973602295 97.146202921867371 656.38608646392822 469.92636585235596 308.8757472038269 48.668228387832642 348.18490314483643 1418.247486114502 492.35060358047485 58.20795738697052 312.9302396774292 360.75621461868286 393.28200626373291 162.20209217071533 226.06603908538818 1609.7682983875275 394.33165073394775 304.8454475402832 561.42940807342529 49.411703586578369 281.54685306549072 2801.1687346696854
leaf_count=27 63 23 16 34 24 7 14 31 20 28 34 36 17 26 34 13 27 188 40 13 17 24 28 15 36 274 26 17 25 26 16 1917
internal_value=0.00230848 0.0202071 -0.0871173 0.00240773 0.0477866 0.0387836 -0.00666301 0.0174985 0.0247836 0.0322721 0.0314831 -0.0952408 0.0199213 0.012271 0.0107788 -0.0981633 -0.0128846 -0.00662058 -0.0100234 -0.0401616 0.00592867 -0.00226345 0.0136965 -0.0187131 -0.00534685 -0.0212579 -0.00144778 -0.00774995 0.00843506 -0.0991774 -0.00147721 -0.0997262
internal_weight=20101.9 16749.5 3352.43 10179.7 6569.81 4127.79 6358.02 3821.66 2760.3 2147.83 3384.15 3083.26 1772.92 961.141 1671.65 2927.9 4686.37 2258.78 1910.6 155.354 1375.84 669.632 706.212 2427.58 388.268 2039.32 1061.36 667.032 1116.53 2879.24 612.47 2829.82
internal_count=3136 1088 2048 958 130 106 760 198 121 74 99 2021 65 46 117 1972 643 255 228 49 103 58 45 388 51 337 77 51 48 1959 47 1933
is_linear=0
shrinkage=0.05


Tree=29
num_leaves=32
num_cat=0
split_feature=1 6 3 1 5 10 5 4 4 14 6 0 13 9 13 1 3 8 9 13 10 8 13 0 12 0 8 3 14 5 5
split_gain=12066.5 3051.4 826.67 513.966 347.819 248.582 247.663 220.405 197.853 192.855 237.211 192.825 187.532 132.494 80.0825 88.5805 90.3713 68.0605 49.1161 48.5832 51.2868 44.3122 42.1968 39.6678 34.7963 32.9383 28.7269 27.7623 10.0569 6.51618 0.237996
threshold=11.118783647394945 89.936631377801334 3.3923076923076927 73.254998752474805 949.50000000000011 13.267857142857144 888.50000000000011 5.7169174883238201 5.2154088050314478 18.500000000000004 25.063395072282379 214.53976158726914 2.3770903010033448 24.418788088397786 16.541666666666668 27.683196900608991 1.2679487179487181 0.80577595481441644 27.607258685943261 6.6733333333333347 9.3035714285714306 0.64608585858585876 0.60136986301369866 83.448018359383866 3.1737333812432631 20.445310332869973 1.0412414965986396 3.9635549872122766 83.000000000000014 476.50000000000006 109.50000000000001
decision_type=10 10 8 10 10 10 10 10 10 8 10 10 10 10 10 10 8 8 10 10 10 10 8 10 10 8 8 8 10 10 10
left_child=2 3 5 6 7 21 14 27 22 18 -11 13 24 -6 15 26 -17 -8 25 20 -19 -1 -4 -15 -12 -5 -2 -3 29 30 -24
right_child=1 4 8 9 11 -7 17 -9 -10 10 12 -13 -14 23 -16 16 -18 19 -20 -21 -22 -23 28 -25 -26 -27 -28 -29 -30 -31 -32
leaf_value=-0.02011919012914478 -0.013069692170570572 0.023685561025567084 -0.059532683266781461 -0.019484301025598942 0.061902007813655305 0.055141119450652365 0.031847896024996956 0.05249710749712843 -0.019025941734284301 0.047309982220067978 0.0067809261746637319 0.067215911101198206 0.033330848279311084 0.032891747780843104 0.017468464865176756 0.021056620492795122 -0.010607585734737525 0.0058449381820115335 0.01248663996877142 0.024385432796481525 -0.021866483025255068 -0.064453015490445228 -0.10000000000000001 0.046242042761874214 -0.012964827455354317 0.0020720559755084181 -0.02558708082453905 0.0080982547108571102 -0.075993493790209643 -0.08071085488326786 -0.098484227150645809
leaf_weight=123.84678828716278 687.06443786621094 489.10574913024902 69.114846706390381 345.6706600189209 914.04183483123779 97.500011920928955 294.2038631439209 568.65474128723145 81.418398380279541 781.63523578643799 766.43247509002686 1594.8351135253906 769.17022609710693 1159.6485080718994 214.55297136306763 251.2337818145752 2186.1170444488525 904.18218898773193 464.18808174133301 269.80957555770874 204.78056287765503 103.43709766864777 2310.9713819026947 1069.6314315795898 314.73409080505371 363.62775611877441 1376.9402406215668 686.76988410949707 46.286085724830627 45.340925455093384 291.64694440364838
leaf_count=24 94 15 27 32 12 5 14 10 22 23 49 13 25 31 18 17 269 70 28 14 20 39 1669 18 18 23 254 31 26 21 205
internal_value=0.00221102 0.0192075 -0.0872179 0.00215224 0.0460277 -0.0116455 -0.00651236 0.0269408 -0.0958459 0.016699 0.0242149 0.0530553 0.0144589 0.0458705 -0.0123758 -0.0137983 -0.00734375 0.0100158 -0.000158114 0.00535729 0.00072776 -0.0402956 -0.0981093 0.0392974 0.00103282 -0.00843325 -0.0214203 0.0145818 -0.0990989 -0.0995028 -0.0998301
internal_weight=19846.6 16677 3169.56 10194.3 6482.69 324.784 6388.88 1744.53 2844.78 3805.46 2631.97 4738.16 1850.34 3143.32 4715.91 4501.36 2437.35 1672.98 1173.49 1378.77 1108.96 227.284 2763.36 2229.28 1081.17 709.298 2064 1175.88 2694.25 2647.96 2602.62
internal_count=3136 1098 2038 968 130 68 770 56 1970 198 115 74 92 61 652 634 286 118 83 104 90 63 1948 49 67 55 348 46 1921 1895 1874
is_linear=0
shrinkage=0.05


Tree=30
num_leaves=28
num_cat=0
split_feature=1 6 7 1 1 5 5 8 3 4 13 0 13 5 7 8 3 5 8 14 0 14 1 8 3 6 4
split_gain=10819.8 2479.11 700.069 595.226 353.745 221.924 221.007 185.154 169.631 162.783 121.898 108.84 77.4661 75.8545 70.1014 66.7158 73.7011 63.998 59.7964 49.8785 45.6546 27.3586 26.0602 28.5785 22.9675 21.8986 7.51286
threshold=11.118783647394945 108.73348424051848 17.500000000000004 73.254998752474805 1145.7767760826366 888.50000000000011 1277.0000000000002 2.1889880952380958 5.5954545454545466 3.8452380952380958 0.62750000000000006 36.763946315537495 2.0051020408163267 1762.0000000000002 13.500000000000002 1.3377192982456141 6.5871212121212128 652.50000000000011 0.67315444696397086 55.500000000000007 1.0000000180025095e-35 83.000000000000014 53.882185174172314 0.42688413948256471 3.1530612244897962 27.023054109194231 2.2828571428571434
decision_type=10 8 10 10 10 10 10 10 10 10 8 10 8 10 10 10 10 10 8 10 10 10 10 8 10 8 8
left_child=2 3 18 5 8 15 7 12 -3 26 -7 -8 14 19 -5 22 17 -17 -1 -12 21 -20 23 -2 -14 -24 -4
right_child=1 4 9 6 -6 10 11 -9 -10 -11 13 -13 24 -15 -16 16 -18 -19 20 -21 -22 -23 25 -25 -26 -27 -28
leaf_value=-0.053475561045388066 0.0049872268913331193 0.020312166566401248 -0.037420314253933155 0.027753367977974799 0.061641424490629697 0.036881142949095509 0.019094702985792057 0.032210722125557562 0.050554431926390857 0.027750879266433229 -0.013586451256524707 0.045396264092028196 -0.0030442304496832114 0.02107259238516512 0.0032954278814783301 -0.017728996221760062 0.025097834525644208 0.015484296659999123 -0.10000000000000001 0.010989652685853502 -0.035760951322044508 -0.058874374692750087 0.0068322278000286412 -0.018843186287014597 -0.019496041795677613 -0.013746808848012102 -0.060841183254588975
leaf_weight=75.391789197921753 131.29476070404053 1162.5443811416626 62.370724081993103 414.43911457061768 2214.9744453430176 305.57147312164307 857.71712112426758 654.97517013549805 771.31243896484375 129.3689466714859 641.33114719390869 726.50573921203613 944.50979614257812 368.27679300308228 999.61181831359863 529.93790340423584 208.04555797576904 199.691725730896 2531.8408797979355 304.47040367126465 28.546029806137085 41.096177816390991 206.08197736740112 3011.8511669635773 273.59253025054932 346.84328651428223 75.918286442756653
leaf_count=24 12 38 16 18 21 14 34 21 14 16 62 14 75 20 56 74 15 13 1915 20 8 22 19 479 18 42 25
internal_value=-0.00190534 0.0150133 -0.0896641 0.0027116 0.0479994 -0.00749621 0.0158155 0.00842199 0.0323742 -0.0125638 0.00843576 0.0311563 0.0025025 0.00182117 0.0104637 -0.013065 -0.00115359 -0.00863888 -0.0973733 -0.00567496 -0.0986454 -0.0993431 -0.0160868 -0.0178477 -0.0067394 -0.00607675 -0.050278
internal_weight=18218.1 15273.6 2944.53 11124.7 4148.83 6253.4 4871.35 3287.13 1933.86 267.658 1619.65 1584.22 2632.15 1314.08 1414.05 4633.75 937.675 729.63 2676.87 945.802 2601.48 2572.94 3696.07 3143.15 1218.1 552.925 138.289
internal_count=3105 1079 2026 1006 73 770 236 188 52 57 116 48 167 102 74 654 102 87 1969 82 1945 1937 552 491 93 61 41
is_linear=0
shrinkage=0.05


Tree=31
num_leaves=27
num_cat=0
split_feature=1 6 7 1 1 13 9 5 3 13 1 5 13 6 2 3 2 13 14 2 10 2 5 14 3 5
split_gain=10186.1 2300.34 714.196 553.136 337.039 207.993 203.104 201.297 158.033 101.544 76.9181 68.6008 65.9627 60.5327 60.365 60.1692 54.1763 47.6861 45.0547 43.4883 65.1563 34.2733 29.5069 26.9116 23.2443 1.81899e-12
threshold=1.0000000180025095e-35 108.73348424051848 20.500000000000004 73.254998752474805 1145.7767760826366 1.7524509803921571 26.785635693911996 888.50000000000011 5.5954545454545466 0.62750000000000006 351.17994968203442 1762.0000000000002 2.9761904761904767 53.993263680369573 1.0000000180025095e-35 8.4500000000000011 1.0000000180025095e-35 16.541666666666668 55.500000000000007 2.9939927207610064 8.5750000000000011 1.3375256315725808 711.50000000000011 83.000000000000014 1.9791666666666667 41.500000000000007
decision_type=10 10 10 10 10 10 10 10 10 8 10 10 10 10 8 10 8 10 10 8 10 10 10 10 10 8
left_child=2 3 14 7 8 10 12 15 -3 -9 19 18 -7 -8 -1 17 -4 22 -11 21 -21 -5 -2 24 25 -16
right_child=1 4 16 5 -6 6 13 9 -10 11 -12 -13 -14 -15 23 -17 -18 -19 -20 20 -22 -23 -24 -25 -26 -27
leaf_value=-0.04171025842174611 -0.014092913561798662 0.019336481051272471 0.020737742972417539 0.00085512802263763279 0.059694056157784475 0.049796924279020438 -0.0052369306924521207 0.033619084790240249 0.048648788676765753 -0.012919062567753579 0.026178698486219815 0.020063547087013339 0.027820118979256642 0.020619294470821135 -0.10000000000000001 0.0094009816349487265 -0.029066825038287027 0.010012355311842771 0.010446484760397589 -0.012164062390707444 0.014810587734494438 0.01891784993336329 -0.030639571345762395 -0.059422629295812338 -0.06175160511356434 -0.10000000000000001
leaf_weight=47.373051166534424 3900.0385117530823 1160.2060670852661 112.45859527587891 576.24736022949219 2173.9390907287598 649.51092433929443 451.63525676727295 308.32519340515137 761.70139503479004 640.75402212142944 378.62336158752441 367.47954511642456 719.84494304656982 453.81060409545898 1684.5896800756454 290.1593132019043 106.13354575634003 195.74780869483948 304.29113626480103 839.59378051757812 305.25612449645996 482.53306007385254 289.42282128334045 42.895768165588379 40.386400938034058 729.32887768745422
leaf_count=8 585 38 9 34 21 14 28 15 14 62 12 20 26 15 1344 24 33 19 20 72 13 22 39 23 22 573
internal_value=-0.00184333 0.0141622 -0.0901732 0.00239387 0.0462081 0.0150715 0.0260954 -0.00738596 0.0309537 0.007798 0.00536015 0.00173237 0.0382441 0.00772224 -0.0976237 -0.0126499 -0.00344398 -0.014109 -0.00539569 0.00178315 -0.0049717 0.00908711 -0.015236 -0.0986844 -0.0993706 -0.1
internal_weight=18012.3 15249.1 2763.17 11153.3 4095.85 4857.06 2274.8 6296.22 1921.91 1620.85 2582.25 1312.52 1369.36 905.446 2544.57 4675.37 218.592 4385.21 945.045 2203.63 1144.85 1058.78 4189.46 2497.2 2454.3 2413.92
internal_count=3105 1093 2012 1020 73 236 83 784 52 117 153 102 40 43 1970 667 42 643 82 141 85 56 624 1962 1939 1917
is_linear=0
shrinkage=0.05


Tree=32
num_leaves=31
num_cat=0
split_feature=0 6 11 1 1 13 9 12 12 11 3 6 8 13 8 8 13 6 0 6 4 3 14 11 13 13 11 14 3 14
split_gain=9589.13 2110.44 706.772 500.66 319.911 189.497 186.191 152.669 111.364 88.468 89.9186 90.5563 89.6534 87.0737 82.6938 70.0041 61.8584 54.7594 54.5515 54.9533 50.0007 41.2386 29.5154 26.857 22.6595 14.8373 9.74715 8.35796 7.51427 1.81899e-12
threshold=1.0000000180025095e-35 108.73348424051848 455.00000000000006 73.254998752474805 1145.7767760826366 1.7524509803921571 26.785635693911996 5.029761904761906 6.3491176470588249 115.00000000000001 6.8640350877192988 24.418788088397786 0.42688413948256471 11.91666666666667 0.67315444696397086 1.1403940886699508 2.9761904761904767 53.993263680369573 32.609499444663534 47.534613380391981 11.91666666666667 3.1053682342502222 83.000000000000014 405.00000000000006 1.3580586080586083 5.9411764705882364 205.00000000000003 10.500000000000002 2.9713709677419362 22.500000000000004
decision_type=10 10 10 10 10 10 10 10 8 10 8 10 8 10 8 8 10 10 10 10 10 10 10 8 8 10 10 10 10 10
left_child=2 3 14 8 7 15 16 21 9 24 12 -12 -11 20 -1 18 -7 -8 19 -5 25 -3 28 26 27 -10 -17 -2 29 -16
right_child=1 4 -4 5 -6 6 17 -9 13 10 11 -13 -14 -15 22 23 -18 -19 -20 -21 -22 -23 -24 -25 -26 -27 -28 -29 -30 -31
leaf_value=-0.047130667025425586 -0.022016124768890605 0.010656503426540433 -0.001192716432163899 0.013490568885632334 0.05773865671899181 0.047901382320890223 -0.0049757668802493833 0.048308154306922958 -0.01590979228061383 0.02435081229538805 -0.010812349670228785 0.02343085399875966 -0.0084271312602248929 0.011170211069693181 -0.10000000000000001 -0.003482528644563096 0.026531868796204013 0.01963009311323953 0.024654455154388112 -0.011233353639665163 -0.04265496600393133 0.029167174491382578 -0.057466662391894734 -0.013162736147607802 -0.0062020772690250092 0.00099366411133248273 0.0099883768753270818 -0.039180862728140725 -0.074065556107460809 -0.10000000000000001
leaf_weight=79.662722826004028 159.67592573165894 674.35180950164795 207.9220666885376 649.12428188323975 2136.168888092041 641.65836906433105 451.574875831604 693.35993576049805 2413.064350605011 240.99873065948486 259.89734363555908 750.83285522460938 1552.449875831604 310.56694149971008 1892.5477783679962 284.27156925201416 717.12884998321533 452.8700008392334 541.85239410400391 343.77760982513428 174.64202785491943 543.2917652130127 42.157256364822388 505.67867469787598 160.87685298919678 137.20172929763794 254.50815773010254 127.58694887161255 28.275787591934204 392.30787146091461
leaf_count=25 23 25 38 37 21 14 28 12 389 15 29 48 174 27 1582 24 26 15 17 20 22 15 23 37 21 15 18 21 17 327
internal_value=-0.00178228 0.013523 -0.089677 0.00228004 0.0444426 0.0143639 0.0249228 0.02958 -0.00702617 -0.00059767 0.00269896 0.0146256 -0.00402252 -0.0139139 -0.0972327 0.0050986 0.0366232 0.00734478 0.011894 0.00493028 -0.0167728 0.0189156 -0.0989273 -0.00488672 -0.0212259 -0.0150004 0.00288084 -0.0296398 -0.099683 -0.1
internal_weight=17820.3 15177.4 2642.87 11130.2 4047.17 4842.44 2263.23 1911 6287.79 3252.32 2804.18 1010.73 1793.45 3035.48 2434.95 2579.21 1358.79 904.445 1534.75 992.902 2724.91 1217.64 2355.29 1044.46 448.14 2550.27 538.78 287.263 2313.13 2284.86
internal_count=3105 1093 2012 1020 73 236 83 52 784 331 266 77 189 453 1974 153 40 43 74 57 426 40 1949 79 65 404 42 44 1926 1909
is_linear=0
shrinkage=0.05


Tree=33
num_leaves=26
num_cat=0
split_feature=0 6 11 1 1 5 5 8 10 13 0 8 12 3 5 8 10 5 14 14 10 1 0 12 10
split_gain=9024.24 1934.21 701.802 453.106 302.314 182.766 171.665 157.905 142.744 90.7307 90.6195 87.3522 69.0196 73.9284 61.3215 54.3034 69.6675 47.0199 40.048 31.7332 30.9546 25.2529 20.8575 10.3047 8.39388
threshold=1.0000000180025095e-35 108.73348424051848 455.00000000000006 73.254998752474805 1145.7767760826366 1277.0000000000002 888.50000000000011 2.1517629024016354 6.5954545454545466 0.62750000000000006 36.763946315537495 0.67315444696397086 2.6787715116998889 2.0556402439024395 1762.0000000000002 1.3377192982456141 9.029411764705884 652.50000000000011 55.500000000000007 83.000000000000014 9.1269841269841283 48.738679723598217 3.8149805452721011 2.4681368333828431 2.948412698412699
decision_type=10 10 10 10 10 10 10 10 10 8 10 8 8 10 10 10 8 10 10 10 8 10 10 10 10
left_child=2 3 11 6 8 7 15 12 -3 -8 -7 -1 13 -5 18 21 -17 -18 -11 24 -14 22 -2 -23 -13
right_child=1 4 -4 5 -6 10 9 -9 -10 14 -12 19 20 -15 -16 16 17 -19 -20 -21 -22 23 -24 -25 -26
leaf_value=-0.045277348533500406 -0.0093229927571023344 0.015731098389695469 -0.001133087700402536 0.027286640711037438 0.055782087106632176 0.016804469949379119 0.031881036740895666 0.02822012479868102 0.043246653901368975 -0.012212378088084234 0.04103067536389373 -0.10000000000000001 -0.01993093859976465 0.0011383153485333276 0.01900480519378217 0.024864729633031112 -0.01622234877329044 0.011527983763320471 0.0098353619603636418 -0.055510460569543466 -0.0022128406953606378 -0.0056377886863112547 -0.019529974683233378 -0.01837293304981245 -0.072078445626859278
leaf_weight=78.79998779296875 672.58273077011108 1034.9526710510254 207.92062485218048 409.80626487731934 2101.4468879699707 851.80773067474365 305.88956308364868 690.05188941955566 865.53533744812012 639.10375499725342 705.8760871887207 2173.6871720552444 321.60498237609863 794.11428260803223 366.04444074630737 206.22278690338135 516.99063539505005 216.59835481643677 303.9037938117981 41.478460073471069 1055.6782522201538 901.94248914718628 1956.2479839324951 192.79643201828003 27.254309773445129
leaf_count=25 97 35 38 18 21 34 15 23 17 62 14 1909 21 45 20 16 73 15 20 23 81 109 336 21 17
internal_value=-0.00172272 0.0129096 -0.0891366 0.00217135 0.0427132 0.0136863 -0.00668533 0.00697396 0.0282625 0.00736417 0.0277828 -0.0970195 0.00129407 0.010039 0.00163525 -0.0115507 -0.000810999 -0.00802883 -0.00510704 -0.0988377 -0.00635014 -0.0142614 -0.0169185 -0.0078806 -0.0996542
internal_weight=17638.3 15109.2 2529.14 11107.3 4001.93 4828.94 6278.32 3271.26 1900.49 1614.94 1557.68 2321.22 2581.2 1203.92 1309.05 4663.38 939.812 733.589 943.008 2242.42 1377.28 3723.57 2628.83 1094.74 2200.94
internal_count=3105 1093 2012 1020 73 236 784 188 52 117 48 1974 165 63 102 667 104 88 82 1949 102 563 433 130 1926
is_linear=0
shrinkage=0.05


Tree=34
num_leaves=25
num_cat=0
split_feature=0 1 11 1 11 12 5 5 8 13 12 11 13 10 10 8 10 10 13 14 1 8 9 10
split_gain=8491.33 1769.21 696.52 403.301 317.668 294.038 155.145 96.7498 92.0059 82.4123 66.5514 60.5393 79.6468 56.6992 60.2613 49.0566 63.0413 47.2635 44.897 34.0107 22.9124 21.3946 17.8484 9.25289
threshold=1.0000000180025095e-35 384.63462501231743 455.00000000000006 73.254998752474805 1245.0000000000002 16.137681159420293 888.50000000000011 1277.0000000000002 0.67315444696397086 0.62750000000000006 3.7384997927890598 285.00000000000006 7.0113636363636376 10.639610389610391 5.8693181818181825 1.3377192982456141 9.029411764705884 9.8019480519480542 15.833333333333334 83.000000000000014 53.882185174172314 0.42688413948256471 26.996921261505907 2.948412698412699
decision_type=10 10 10 10 10 10 10 10 8 8 10 8 8 10 10 10 8 10 8 10 10 8 10 10
left_child=2 3 8 6 -3 7 15 11 -1 -8 -9 12 -5 14 -11 20 -17 -13 -18 23 21 -2 -22 -10
right_child=1 4 -4 5 -6 -7 9 10 19 13 -12 17 -14 -15 -16 16 18 -19 -20 -21 22 -23 -24 -25
leaf_value=-0.043459257709603655 0.0041969575570271877 0.021315005083260251 -0.0010764409700011813 0.026971003363746207 0.050908628458577368 0.045632247256384817 0.030441811688775466 0.029781602869649034 -0.10000000000000001 -0.0053748385738820572 0.0063216852160825204 -0.0059775975046933508 -0.0011460427424789638 -0.020292735093256461 0.01840358550508386 0.023694800804090199 -0.018072257640245722 0.013493040149921892 0.007040969226108626 -0.053560648802348579 0.0070287669389190914 -0.01607354694959106 -0.011386746492973401 -0.070301479816219453
leaf_weight=78.012397050857544 136.01206970214844 1382.5843601226807 207.91932475566864 512.89265060424805 2635.1730270385742 601.06941223144531 304.3738317489624 718.88970565795898 2067.6752116680145 532.81810235977173 521.67786407470703 1518.7304039001465 494.8920373916626 242.00813770294189 532.973228931427 205.60121583938599 428.26504039764404 392.15659427642822 304.52035284042358 40.85529363155365 216.48430156707764 3031.2339527606964 335.45973873138428 26.563885450363159
leaf_count=25 13 37 38 21 35 14 15 23 1909 48 21 100 40 23 31 16 55 18 33 23 20 489 41 17
internal_value=-0.00166435 0.0123183 -0.0885729 0.00197101 0.0407249 0.0129434 -0.00635981 0.00821945 -0.0967932 0.00700886 0.0199163 0.00324774 0.0131636 0.00155513 0.0065161 -0.0109872 -0.000771449 -0.00198179 -0.00763607 -0.0987419 -0.0135648 -0.0152031 -0.00416379 -0.0996233
internal_weight=17468.8 15047.8 2421.03 11030.1 4017.76 4760.31 6269.75 4159.24 2213.11 1612.17 1240.57 2918.67 1007.78 1307.8 1065.79 4657.58 938.387 1910.89 732.785 2135.09 3719.19 3167.25 551.944 2094.24
internal_count=3105 1093 2012 1021 72 237 784 223 1974 117 44 179 61 102 79 667 104 118 88 1949 563 502 61 1926
is_linear=0
shrinkage=0.05


Tree=35
num_leaves=29
num_cat=0
split_feature=9 5 2 10 5 11 10 4 4 8 14 12 14 11 4 14 4 14 5 14 13 11 7 9 11 9 9 3
split_gain=7850.42 1212.58 799.312 158.503 155.456 121.528 108.131 128.553 113.472 107.979 188.692 104.256 97.4516 58.1934 50.3359 34.4073 32.9833 30.6638 27.0617 32.6044 21.3712 19.1613 7.38626 4.71742 2.8641 2.68189 1.42222 9.09495e-13
threshold=1.0000000180025095e-35 993.50000000000011 1.0000000180025095e-35 9.029411764705884 768.50000000000011 845.00000000000011 4.8957219251336914 2.6838161838161843 5.5590277777777786 0.40970480416747063 54.500000000000007 0.88535353535353545 9.5000000000000018 595.00000000000011 6.4688237276710492 93.500000000000014 4.4852941176470598 83.000000000000014 413.00000000000006 46.500000000000007 3.4880952380952386 225.00000000000003 20.500000000000004 23.774484611986221 85.000000000000014 27.167441374151167 20.861089075375773 0.96428571428571441
decision_type=10 10 8 10 10 10 10 10 10 10 10 10 10 8 10 10 10 10 10 8 10 8 10 10 8 10 10 10
left_child=2 9 -1 5 17 -3 7 -7 -8 18 11 -11 16 -14 -5 -12 -13 22 20 21 23 -20 27 26 -25 -23 -2 -4
right_child=1 3 4 14 -6 6 8 -9 -10 10 15 12 13 -15 -16 -17 -18 -19 19 -21 -22 25 -24 24 -26 -27 -28 -29
leaf_value=0.0089890046574977421 -0.02386025970064018 0.011126085997010669 -0.10000000000000001 0.0015223824474287619 -0.025293838725258002 0.053594411687069812 0.01374693845896568 0.028799462495898723 0.036244754035732012 0.028160529181099986 0.016180701747457199 -0.010124052507824235 0.0075518203175692763 -0.0067768637416919303 0.020575544544281871 0.036734657463470578 -0.029562136512900655 -0.059071603136895759 0.0056849280899920118 0.01094744543593555 0.0050652623923900303 -0.016352318195300568 -0.072042035115274586 -0.0086182323237605305 -0.013154028879183911 -0.0088909422826401983 -0.01566238385004512 -0.10000000000000001
leaf_weight=197.43411159515381 108.942223072052 629.8650221824646 1945.9292875528336 580.90055561065674 74.676156520843506 1194.9640636444092 941.12097454071045 929.27536392211914 1385.6576805114746 292.14771032333374 459.53896570205688 917.58623290061951 1858.7251720428467 1145.1719799041748 859.59397125244141 365.59828853607178 286.33816766738892 47.61461615562439 187.48069906234741 346.40901851654053 182.01555299758911 277.1398937702179 23.907870054244995 467.1485276222229 1364.9192833900452 212.98726224899292 102.85605239868164 43.673240065574646
leaf_count=21 25 34 1887 32 22 22 39 26 35 11 28 105 155 91 32 15 36 29 16 28 15 39 11 65 202 23 19 36
internal_value=-0.00190972 0.0112824 -0.0872648 0.0275318 -0.0961626 0.0316823 0.0345913 0.0427475 0.027145 -0.0010754 0.00330781 -0.000722525 -0.00272787 0.00208931 0.0128921 0.0252877 -0.0147472 -0.0987302 -0.00825749 -0.00153067 -0.0113522 -0.00790977 -0.099668 -0.0128142 -0.0119975 -0.0131099 -0.0198791 -0.1
internal_weight=17429.6 15096.4 2333.24 6521.38 2135.8 5080.88 4451.02 2124.24 2326.78 8575.01 5325.11 4499.97 4207.82 3003.9 1440.49 825.137 1203.92 2061.13 3249.9 1024.02 2225.88 677.608 2013.51 2043.87 1832.07 490.127 211.798 1989.6
internal_count=3099 1093 2006 220 1985 156 122 48 74 873 441 398 387 246 64 43 141 1963 432 106 326 78 1934 311 267 62 44 1923
is_linear=0
shrinkage=0.05


Tree=36
num_leaves=25
num_cat=0
split_feature=0 1 12 1 14 6 5 13 1 13 4 12 0 1 1 9 10 4 12 11 14 12 13 5
split_gain=7395.52 1444.34 589.122 303.836 179.382 117.696 103.613 85.3507 94.6886 82.6737 80.1124 74.1881 68.1448 67.6879 70.7761 55.9067 53.5728 50.5415 37.5241 25.152 12.1288 7.45415 5.68371 9.09495e-13
threshold=1.5910880829644769 556.75998687301217 10.706516383345653 90.446410256166203 20.500000000000004 25.52714648635266 1762.0000000000002 16.541666666666668 27.683196900608991 3.1710526315789478 1.4861003861003863 1.468314176245211 153.5156921233839 97.828498333990595 244.42178495251028 27.117658602528557 5.5954545454545466 3.0735815602836882 0.81162464985994409 335.00000000000006 83.000000000000014 11.891534391534394 0.64839839839839852 340.00000000000006
decision_type=10 10 8 10 10 10 10 10 10 8 8 10 10 10 10 10 10 10 8 10 10 10 8 10
left_child=2 3 4 6 18 -5 7 8 10 -10 -2 -6 -3 -7 16 -16 -15 -13 -1 22 21 23 -20 -4
right_child=1 12 20 5 11 13 -8 -9 9 -11 -12 17 -14 14 15 -17 -18 -19 19 -21 -22 -23 -24 -25
leaf_value=-0.035558409819527771 0.016279532404911583 0.031308979382890935 -0.10000000000000001 0.031673480193724513 0.016686972869355679 0.0287272944607131 0.019093780945615531 0.019911315077132768 0.0053776148611383093 -0.0095620345885288789 -0.017016371895829982 -0.069646837487016389 0.046463366143960447 0.0068446672537751749 0.0080134933167371747 0.027232719172889521 -0.0098910098681362687 -0.007853218147960063 -0.077072413387098693 -0.050466795141583788 -0.070957701502966389 -0.069834061953323256 -0.10000000000000001 -0.10000000000000001
leaf_weight=60.333970189094543 196.32647466659546 1178.96608543396 1704.8460837006569 684.75528621673584 133.44554030895233 405.51220321655273 460.32813787460327 315.49676942825317 1951.5708966255188 1762.2162990570068 2263.7285265922546 60.847315311431885 2000.631950378418 1443.1282644271851 1023.7182731628418 600.24393463134766 715.15754795074463 72.538749575614929 39.036685943603516 48.026814699172974 37.645517587661743 20.724521040916443 87.887203931808472 22.333581626415253
leaf_count=22 17 26 1747 24 15 18 24 22 166 217 371 30 23 80 37 18 37 18 28 15 26 14 85 19
internal_value=-0.00184113 0.0109288 -0.0855823 0.00288299 -0.0377347 0.0124559 -0.00382875 -0.00545479 -0.00675105 -0.00171135 -0.0143592 -0.00967158 0.0408443 0.00931362 0.00723219 0.0151172 0.00129923 -0.0360419 -0.0695605 -0.0812865 -0.0990376 -0.0996423 -0.0929484 -0.1
internal_weight=17289.4 15001.8 2287.67 11822.2 502.116 4872.52 6949.67 6489.34 6173.84 3713.79 2460.06 266.832 3179.6 4187.76 3782.25 1623.96 2158.29 133.386 235.285 174.951 1785.55 1747.9 126.924 1727.18
internal_count=3099 1080 2019 1031 213 214 817 793 771 383 388 63 49 190 172 55 117 48 150 128 1806 1780 113 1766
is_linear=0
shrinkage=0.05


Tree=37
num_leaves=31
num_cat=0
split_feature=0 1 12 5 14 1 14 10 14 0 5 12 0 6 9 12 12 4 3 4 10 14 12 12 12 11 14 12 13 5
split_gain=6950.03 1318.64 597.943 274.708 169.521 139.891 99.5412 81.7231 202.15 79.6607 68.544 67.6628 63.954 61.3153 118.746 64.6658 57.7742 87.6719 64.9495 47.5696 37.831 37.9879 81.9134 37.5496 27.7004 26.1572 13.3332 8.18546 6.28199 9.09495e-13
threshold=1.5910880829644769 556.75998687301217 10.706516383345653 949.50000000000011 20.500000000000004 27.683196900608991 96.500000000000014 3.9160839160839163 46.500000000000007 5.5649520716088015 1688.5000000000002 1.468314176245211 153.5156921233839 48.926499166786677 27.746015682869579 3.1918174133558757 2.7948506354183862 8.5277777777777803 8.7207792207792227 3.0735815602836882 1.788888888888889 22.500000000000004 7.1229528848576473 0.81162464985994409 0.91290533594991141 335.00000000000006 83.000000000000014 11.891534391534394 0.64839839839839852 315.50000000000006
decision_type=10 10 8 10 10 10 10 10 8 10 10 10 10 10 10 10 8 8 8 10 8 8 10 8 10 10 10 10 8 10
left_child=2 3 4 5 23 20 16 8 -5 10 -9 -6 -3 15 -15 -11 17 -7 -18 -13 -2 24 -23 -1 -22 28 27 29 -25 -4
right_child=1 12 26 7 11 6 -8 9 -10 13 -12 19 -14 14 -16 -17 18 -19 -20 -21 21 22 -24 25 -26 -27 -28 -29 -30 -31
leaf_value=-0.033995574445122877 0.011529282981357932 0.029890146714773375 -0.10000000000000001 0.0039557019537139054 0.01587474498019054 0.0010184311883166947 0.024229175028283131 -0.026348811722430039 0.046554273689308687 0.0056844336289895462 0.011947776606426652 -0.067809858972666781 0.044622190506891674 -0.010319170119316302 0.021745872763352887 0.028587822275053305 -0.023157869466572251 0.028274459589565926 -0.0017794992415359531 -0.0074628605929238576 -0.013410047617332567 -0.014786729303408739 0.022266216716088964 -0.075460837015772678 -0.02951141541943475 -0.048562276018288213 -0.069151461276859325 -0.068001245340303634 -0.10000000000000001 -0.10000000000000001
leaf_weight=59.962054371833801 142.77414178848267 1173.3318653106689 1615.1829483509064 569.16473817825317 133.26439142227173 1387.7363448143005 442.41477584838867 270.68192481994629 545.34226608276367 495.48691558837891 205.57602214813232 59.408159494400024 1979.5746726989746 639.05241203308105 526.70112800598145 815.28838872909546 404.7555718421936 374.69780588150024 2906.2812266349792 72.516940474510193 521.92244839668274 831.31506443023682 181.77373600006104 37.905968308448792 547.13815903663635 47.430443406105042 36.721288800239563 20.231707036495209 83.600894570350647 27.761175274848938
leaf_count=22 16 26 1740 36 15 109 23 28 16 28 13 30 23 28 16 32 33 18 283 18 96 144 17 28 95 15 26 14 85 26
internal_value=-0.0017743 0.0104129 -0.0848802 0.0027425 -0.0364639 -0.00278559 0.00148336 0.0132635 0.0247997 0.00890921 -0.00981815 -0.00925415 0.0391398 0.0125106 0.00416819 0.0199301 -0.000500113 0.00681313 -0.00439288 -0.0346382 -0.0133689 -0.0150762 -0.00813849 -0.0679874 -0.0216506 -0.0800524 -0.0989528 -0.0996108 -0.0923446 -0.1
internal_weight=17155 14961 2193.99 11808.1 494.089 7740.81 5515.89 4067.29 1114.51 2952.79 476.258 265.189 3152.91 2476.53 1165.75 1310.78 5073.47 1762.43 3311.04 131.925 2224.92 2082.15 1013.09 228.899 1069.06 168.937 1699.9 1663.18 121.507 1642.94
internal_count=3099 1080 2019 1031 213 834 466 197 52 145 41 63 49 104 44 60 443 127 316 48 368 352 161 150 191 128 1806 1780 113 1766
is_linear=0
shrinkage=0.05


Tree=38
num_leaves=24
num_cat=0
split_feature=0 1 2 1 5 6 1 13 3 5 3 8 5 9 0 10 0 14 14 10 8 10 3
split_gain=6537.13 1215.29 775.515 267.769 168.692 101.317 82.9469 76.2247 74.4993 68.336 68.9949 66.183 68.9472 64.5316 60.9758 51.4076 49.4041 40.1983 37.2786 33.0593 10.9013 10.7431 9.09495e-13
threshold=1.0000000180025095e-35 556.75998687301217 1.0000000180025095e-35 90.446410256166203 768.50000000000011 25.52714648635266 27.683196900608991 18.500000000000004 1.2679487179487181 1104.5000000000002 6.8640350877192988 4.7950000000000008 608.50000000000011 27.746015682869579 192.37106588371321 3.5058139534883725 3.4883982983425406 110.50000000000001 83.000000000000014 4.0294117647058831 1.6693989071038253 6.5954545454545466 1.5400641025641029
decision_type=10 10 8 10 10 10 10 10 8 10 8 10 10 10 10 8 10 8 10 8 8 10 10
left_child=2 3 -1 6 18 -5 7 15 -8 19 -11 12 20 -14 -3 16 -2 -17 21 -10 -7 22 -4
right_child=1 14 4 5 -6 11 8 -9 9 10 -12 -13 13 -15 -16 17 -18 -19 -20 -21 -22 -23 -24
leaf_value=0.0091328214596904569 0.017616092185470597 0.030625992334000658 -0.10000000000000001 0.029404471370720012 -0.020779974307268727 -0.0119876552863707 0.027067804730430252 0.020865968761535517 -0.023346750411140801 -0.0033088645406156333 0.024032661731295868 0.023780566894458174 0.003724414131000438 0.019851968586726249 0.044588957105364251 -0.018241718761051264 -0.020112897631522384 0.0014721571108863123 -0.05350973850089169 -0.0032346611506625066 -0.0011765297439277126 -0.062152455788195726 -0.10000000000000001
leaf_weight=196.26804542541504 245.8953263759613 1592.8412609100342 1694.8208100199699 677.01868152618408 72.810712933540344 371.85431480407715 250.23547840118408 180.94443297386169 220.37612676620483 446.00648832321167 478.03937387466431 609.48452758789062 1525.7141542434692 1045.1607685089111 1535.7377700805664 1926.9108476638794 134.07700443267822 298.66523122787476 45.032463312149048 2805.0958571434021 625.20634841918945 18.956402063369751 24.77488374710083
leaf_count=21 27 32 1903 24 22 24 16 13 29 33 23 18 64 39 17 326 20 35 29 308 45 10 21
internal_value=-0.00170968 0.0097644 -0.0853856 0.00244129 -0.0953786 0.0114615 -0.00382643 -0.010515 0.000611347 -0.00106489 0.0108358 0.0085535 0.00595236 0.0102809 0.03748 -0.0126942 0.00430304 -0.0155962 -0.0984239 -0.00469963 -0.00520854 -0.0995873 -0.1
internal_weight=17021.9 14969.3 2052.66 11840.7 1856.4 4854.44 6986.25 2786.49 4199.75 3949.52 924.046 4177.42 3567.94 2570.87 3128.58 2605.55 379.972 2225.58 1783.58 3025.47 997.061 1738.55 1719.6
internal_count=3099 1093 2006 1044 1985 214 830 421 409 393 56 190 172 103 49 408 47 361 1963 337 69 1934 1924
is_linear=0
shrinkage=0.05


Tree=39
num_leaves=22
num_cat=0
split_feature=1 1 2 1 5 7 9 1 12 2 14 13 4 1 12 14 13 3 11 7 3
split_gain=6148.88 1109.53 760.601 191.949 171.812 129.265 126.801 123.506 108.872 115.72 117.926 68.9139 53.5639 42.8232 54.2972 39.8189 31.9674 31.9181 21.3127 9.8523 9.09495e-13
threshold=1.0000000180025095e-35 384.63462501231743 1.0000000180025095e-35 27.683196900608991 768.50000000000011 51.500000000000007 33.353520542528592 1223.7994791588192 1.4295959380947614 2.9987284561707872 54.500000000000007 18.500000000000004 1.4861003861003863 174.81515573538749 0.91290533594991141 83.000000000000014 0.6132478632478634 2.8388888888888895 685.00000000000011 20.500000000000004 1.2330316742081451
decision_type=10 10 8 10 10 10 10 10 10 10 10 10 8 10 8 10 8 8 8 10 10
left_child=2 3 -1 11 15 -3 8 -7 13 10 -10 12 -2 14 -5 19 -14 -18 -8 20 -4
right_child=1 5 4 6 -6 7 18 -9 9 -11 -12 -13 16 -15 -16 -17 17 -19 -20 -21 -22
leaf_value=0.0086798033596203108 0.012605638610403119 0.0186409650947033 -0.10000000000000001 0.022226782169611076 -0.019783724778246095 0.027239570472720277 -0.010150004454686584 0.048927546129870297 0.0080435310764598797 -0.010069633518193344 0.025005947454047214 0.019865953469638473 -0.03275280116861725 0.017590586880576724 -0.0071591374468735662 -0.05157305680834439 0.0033302034949795759 -0.01469332574192754 -0.031351672997341838 -0.066272279189427019 -0.10000000000000001
leaf_weight=196.18823671340942 202.670405626297 1136.9558010101318 1604.2625877261162 171.29590749740601 72.657440423965454 1230.5192451477051 258.56989431381226 1407.0165481567383 3521.7467889785767 611.65329170227051 1445.0969653129578 180.56037068367004 210.92033100128174 239.38968181610107 1909.5912384986877 44.403799891471863 281.9748740196228 1906.2173330783844 218.86374378204346 21.943346738815308 28.123459756374359
leaf_count=21 19 28 1896 10 22 27 23 14 219 32 55 13 33 11 232 29 35 321 21 11 27
internal_value=-0.0016469 0.00930044 -0.0847323 0.00137376 -0.095078 0.0327341 0.00515332 0.0388092 0.00666578 0.0104516 0.0129787 -0.0100045 -0.0120775 -0.0024362 -0.00474013 -0.0982985 -0.0141627 -0.0123708 -0.0198692 -0.0995526 -0.1
internal_weight=16900.6 14933 1967.58 11158.6 1771.39 3774.49 8376.21 2637.54 7898.77 5578.5 4966.84 2782.34 2601.78 2320.28 2080.89 1698.73 2399.11 2188.19 477.434 1654.33 1632.39
internal_count=3099 1093 2006 1024 1985 69 603 41 559 306 274 421 408 253 242 1963 389 356 44 1934 1923
is_linear=0
shrinkage=0.05


Tree=40
num_leaves=29
num_cat=0
split_feature=0 1 8 8 1 4 8 1 6 10 3 6 7 3 11 10 0 3 5 13 14 8 5 4 5 14 5 3
split_gain=6304.78 1512.26 724.044 336.803 323.272 437.015 177.876 140.91 173.456 111.208 102.661 91.2883 78.4022 70.018 129.134 64.3 78.3636 59.7985 46.8575 43.3294 43.1483 42.9707 46.0287 41.3409 24.7774 20.6197 1.81899e-12 5.68434e-14
threshold=1.0000000180025095e-35 120.73784355985522 1.4126742160278749 13.988095238095239 1346.5974611859924 31.250000000000004 1.381652661064426 384.63462501231743 29.017566753356178 7.0227272727272743 2.0140845070422539 121.5149720108913 35.500000000000007 2.8198231392778195 1065.0000000000002 9.162280701754387 7.7524581222053284 4.5469208211143703 587.50000000000011 6.3095238095238102 55.500000000000007 0.70278352887048545 680.50000000000011 1.8490028490028492 1298.0000000000002 83.000000000000014 383.50000000000006 8.3484848484848495
decision_type=10 10 8 10 10 10 8 10 10 10 8 10 10 10 10 10 10 10 10 8 10 10 10 8 10 10 10 8
left_child=2 3 6 9 5 7 10 8 -3 13 -1 -9 -10 14 18 16 -11 25 -2 20 -17 -12 27 -15 -25 26 -4 -23
right_child=1 4 17 -5 -6 -7 -8 11 12 15 21 -13 -14 23 -16 19 -18 -19 -20 -21 -22 22 -24 24 -26 -27 -28 -29
leaf_value=-0.0008021309488095437 -0.0087418313823990484 0.035425606339643478 -0.10000000000000001 0.060094776085698624 0.047399453045899043 0.061606587315619792 0.068006496073350811 0.036572939845232598 0.015386970430989647 0.032950848997883454 -0.028429855936119922 0.017144034121645797 -0.0026552576085083291 0.0038054585643414311 0.031612714435227965 -0.014545198467274874 -0.00041985794565145302 -0.00713621910625505 0.0031092462169327439 0.017374409400138634 0.010913642645771736 -0.10000000000000001 -0.037394904966777338 -0.016899598434573011 -0.034469407804454219 -0.057475031311993302 -0.10000000000000001 -0.10000000000000001
leaf_weight=135.99550700187683 3740.3433735370636 603.04323101043701 1466.5110048055649 212.68970251083374 1791.0488357543945 662.42886447906494 48.424850463867188 1305.3204784393311 1095.4406766891479 418.02964615821838 80.171359062194824 1126.2173233032227 1337.0678520202637 179.21735835075378 238.23412084579468 525.81615495681763 303.75614547729492 17.85185569524765 1073.4422597885132 252.75695657730103 243.49829769134521 22.698455274105072 48.284936428070068 638.92942261695862 292.53141784667969 29.063171625137329 20.072964310646057 52.207289814949036
leaf_count=36 546 20 1833 6 18 8 2 26 49 22 24 28 60 17 13 53 20 6 93 15 13 20 15 76 30 21 20 61
internal_value=0.002916 0.0131686 -0.0826779 -0.00199506 0.0287126 0.0232524 -0.0216393 0.0186051 0.0114208 -0.0036653 -0.0344313 0.027574 0.00546977 -0.00681968 -0.00432077 0.00748212 0.0189071 -0.098113 -0.00609912 -0.000586206 -0.00648714 -0.0569204 -0.0754618 -0.0181862 -0.0224175 -0.0991846 -0.1 -0.1
internal_weight=17961.1 16039.8 1921.28 8119.24 7920.57 6129.52 387.782 5467.09 3035.55 7906.56 339.358 2431.54 2432.51 6162.7 5052.02 1743.86 721.786 1533.5 4813.79 1022.07 769.314 203.362 123.191 1110.68 931.461 1515.65 1486.58 74.9057
internal_count=3151 1113 2038 904 209 191 158 183 129 898 156 54 109 775 652 123 42 1880 639 81 66 120 96 123 106 1874 1853 81
is_linear=0
shrinkage=0.05


Tree=41
num_leaves=30
num_cat=0
split_feature=0 1 8 12 1 13 8 8 3 10 3 14 0 9 8 12 3 10 0 8 13 12 3 7 7 0 11 14 3
split_gain=5908.41 1375.77 720.994 327.489 299.345 329.025 166.5 163.564 149.17 100.797 96.0965 88.2865 80.7643 65.3851 95.417 78.8069 60.1242 58.2672 71.3284 42.3363 39.1586 41.0552 36.512 27.5739 107.489 26.7338 24.2649 22.1824 0.741237
threshold=1.0000000180025095e-35 120.73784355985522 1.4126742160278749 85.833333333333357 1346.5974611859924 7.0113636363636376 1.799441340782123 1.381652661064426 3.1967741935483875 7.0227272727272743 2.0140845070422539 41.500000000000007 43.462456890384928 25.903733901146214 0.93547641073080501 6.8965450310559016 4.5469208211143703 9.162280701754387 7.7524581222053284 0.70278352887048545 6.3095238095238102 2.9404256745433219 3.7101677148846965 26.500000000000004 24.500000000000004 3.5238008909299974 1065.0000000000002 83.000000000000014 3.1530612244897962
decision_type=10 10 8 10 10 10 8 8 8 10 8 8 10 10 8 10 10 10 10 10 8 10 10 10 10 10 10 10 8
left_child=2 3 7 9 5 6 8 10 26 13 -1 -10 -8 23 -15 -16 27 18 -11 -12 21 -19 28 24 -2 -25 -3 -4 -21
right_child=1 4 16 -5 -6 -7 12 -9 11 17 19 -13 -14 14 15 -17 -18 20 -20 22 -22 -23 -24 25 -26 -27 -28 -29 -30
leaf_value=-0.00076202728259912322 -0.012471476890997368 0.014067095223454465 -0.10000000000000001 0.061004133921341602 0.045541419506423965 0.049860522792310583 -0.011400411517350315 0.066136256969636209 0.019174152048570332 0.031474307907246549 -0.027118043454566518 0.037133558061610977 0.012819449594886796 0.018727580367940085 -0.0088090506647184701 0.014717073237626985 -0.0067811371488454529 -0.020775190111946725 -0.00039886530270151005 -0.08835927664401691 0.016530661425269693 0.0029734590102384242 -0.040585794259112969 -0.037968508835723509 0.030308796655963335 -0.014211641317954602 -0.0013612522543787592 -0.055518818132626595 -0.10000000000000001
leaf_weight=135.99508011341095 2229.0903928279877 517.4266185760498 1414.0823478102684 201.77551031112671 1771.4301681518555 913.72015285491943 591.50419998168945 47.332834243774414 1269.5084266662598 415.8168797492981 79.855452477931976 1484.4998931884766 823.28354358673096 489.11464977264404 2341.5356092453003 419.77636575698853 17.8474240899086 295.8806848526001 303.75588417053223 18.492091059684753 252.38498735427856 472.75006675720215 48.215296447277069 179.33256673812866 157.18399524688721 348.63201093673706 502.19131374359131 28.595074534416199 52.50091278553009
leaf_count=36 340 20 1853 5 18 16 35 2 40 22 24 28 32 34 300 32 6 33 20 10 15 33 22 28 10 32 20 21 64
internal_value=0.00278428 0.0125604 -0.0819877 -0.00189739 0.0274468 0.022194 0.0173217 -0.0208677 0.0228061 -0.0035029 -0.0331585 0.0288549 0.00269344 -0.00650295 -0.00162714 -0.00523259 -0.09799 0.00712242 0.0180196 -0.0552909 -0.000557468 -0.00616847 -0.0741634 -0.0119412 -0.00965354 -0.0222811 0.00646819 -0.0991183 -0.0969679
internal_weight=17823.5 15980.6 1842.92 8107.03 7873.56 6102.13 5188.41 382.392 3773.63 7905.25 335.059 2754.01 1414.79 6164.67 3250.43 2761.31 1460.52 1740.59 719.573 199.064 1021.02 768.631 119.208 2914.24 2386.27 527.965 1019.62 1442.68 70.993
internal_count=3151 1113 2038 904 209 191 175 158 108 899 156 68 67 776 366 332 1880 123 42 120 81 66 96 410 350 60 40 1874 74
is_linear=0
shrinkage=0.05


Tree=42
num_leaves=27
num_cat=0
split_feature=0 1 2 8 1 4 7 5 1 10 8 3 11 4 10 8 10 9 4 4 3 1 5 5 5 4
split_gain=5535.7 1250.61 768.67 284.212 281.81 262.34 257.565 235.445 109.703 90.8321 74.1941 63.0162 112.13 56.0983 63.4446 49.062 85.4554 47.5502 36.0501 29.7204 25.5587 22.8436 22.5307 2.09137 25.3545 1.13687e-13
threshold=1.0000000180025095e-35 120.73784355985522 1.0000000180025095e-35 13.988095238095239 2790.8439524722107 29.250000000000004 17.500000000000004 1277.0000000000002 384.63462501231743 7.0227272727272743 1.1484357788059045 2.8198231392778195 1065.0000000000002 2.8887362637362641 9.162280701754387 0.69795162192393745 6.5954545454545466 26.361440432451499 1.8490028490028492 1.0161290322580647 9.5666666666666682 174.81515573538749 1298.0000000000002 83.500000000000014 92.500000000000014 3.4913793103448278
decision_type=10 10 8 10 10 10 10 10 10 10 10 10 10 10 10 10 8 10 8 8 10 10 10 10 10 10
left_child=2 3 -1 9 5 7 19 15 -9 11 -8 12 17 -11 -15 21 -17 -2 -13 -4 -16 -3 -20 -21 -25 -26
right_child=1 4 6 -5 -6 -7 10 8 -10 13 -12 18 -14 14 20 16 -18 -19 22 23 -22 -23 -24 24 25 -27
leaf_value=0.014612217421011101 -0.010332841429186604 -0.0086306123028814779 -0.033098263855429876 0.056280937750781725 0.055382446634641438 0.051954398043593301 -0.05673829437052666 0.01615842905781853 0.035780749845818575 -0.010160282614566231 0.023221526324402914 0.003585393991932861 0.029830273256577295 0.024773680790886959 -0.0068625667692730312 0.0025342447842484129 0.022670725767428429 -0.00038703880494039833 -0.01567717970775805 -0.10000000000000001 0.010920108277518062 0.0070803818571150839 -0.032482492164070238 -0.046628196867477351 -0.10000000000000001 -0.10000000000000001
leaf_weight=186.95081233978271 2447.6525859832764 387.6840124130249 17.26186329126358 205.25409507751465 749.28739547729492 710.53309154510498 65.681514501571655 1057.5718078613281 2181.7155456542969 381.47274589538574 51.963067889213562 178.78501510620117 236.28636360168457 543.20208430290222 375.63127565383911 900.70802307128906 1269.4798707962036 2360.8968896865845 637.48926782608032 1179.9330891370773 437.29479885101318 573.80422401428223 290.25250053405762 24.502558767795563 219.44435179233551 22.832011342048645
leaf_count=19 356 29 13 6 6 10 32 34 33 37 11 17 13 27 31 37 37 283 76 1627 28 23 30 23 288 25
internal_value=0.00265714 0.0119772 -0.0812651 -0.00180462 0.0262227 0.0231373 -0.0925981 0.0199234 0.0293744 -0.00331588 -0.0214204 -0.00616735 -0.00379725 0.00677875 0.0115436 0.0101477 0.0143133 -0.00544966 -0.0169731 -0.0983179 0.00270321 0.000745514 -0.0209349 -0.0990961 -0.095098 -0.1
internal_weight=17693.6 15925 1768.57 8094.22 7830.78 7081.5 1581.62 6370.96 3239.29 7888.96 117.645 6151.36 5044.84 1737.6 1356.13 3131.68 2170.19 4808.55 1106.53 1463.97 812.926 961.488 927.742 1446.71 266.779 242.276
internal_count=3151 1113 2038 904 209 203 2019 193 67 898 43 775 652 123 86 126 74 639 123 1976 59 52 106 1963 336 313
is_linear=0
shrinkage=0.05


Tree=43
num_leaves=24
num_cat=0
split_feature=1 1 2 12 1 7 13 1 10 11 10 12 3 11 4 12 12 9 12 4 4 14 7
split_gain=5186.81 1136.3 748.547 277.199 262.883 259.145 244.384 221.712 148.333 82.753 82.3512 73.2399 56.8307 101.72 50.6993 76.6443 78.7075 43.3731 43.3004 32.6615 30.8252 25.7161 14.437
threshold=1.0000000180025095e-35 120.73784355985522 1.0000000180025095e-35 85.833333333333357 2790.8439524722107 17.500000000000004 7.0113636363636376 384.63462501231743 3.8450000000000002 1345.0000000000002 7.0227272727272743 5.4209325396825401 2.8198231392778195 1065.0000000000002 2.8887362637362641 5.8523842237841084 4.5276874568923056 26.361440432451499 3.4308836395450575 1.8490028490028492 1.0161290322580647 83.000000000000014 57.500000000000007
decision_type=10 10 8 10 10 10 10 10 8 10 10 10 10 10 10 10 10 10 10 8 8 10 10
left_child=2 3 -1 10 6 20 7 8 -3 -9 12 -10 13 17 -12 16 -16 -2 -7 -14 -4 -22 -21
right_child=1 4 5 -5 -6 18 -8 9 11 -11 14 -13 19 -15 15 -17 -18 -19 -20 22 21 -23 -24
leaf_value=0.013896453305267731 -0.0098609874545834142 0.034003336989823135 -0.031616664221394516 0.057190194520952586 0.053433280350599716 -0.050578072419675747 0.046527864956798698 0.017269650116360915 0.0072413588904788814 0.033509394203209662 -0.0096572571731030621 -0.015889215396590162 0.0034063438365982239 0.028465511292707198 0.0080756257917327743 -0.010388171124670354 0.037578289920086161 -0.00036768707417382876 0.01040073805934344 -0.016060681647059982 -0.10000000000000001 -0.050999720839818644 -0.029995634880971137
leaf_weight=186.75621509552002 2453.5627453327179 467.81683158874512 17.16967099905014 194.90003204345703 738.08207702636719 59.149033665657043 892.22611522674561 1270.1449432373047 1957.3410110473633 2051.4212322235107 381.28077268600464 414.74199295043945 178.77380919456482 235.26131010055542 699.96045827865601 320.29553985595703 333.90641355514526 2360.8951678276062 57.328015744686127 667.95579767227173 1349.7722245454788 27.31806606054306 257.52913188934326
leaf_count=19 357 13 13 5 6 28 16 31 90 33 37 20 17 13 48 24 14 283 15 78 1942 21 28
internal_value=0.00253414 0.0114164 -0.0805384 -0.00171594 0.0250417 -0.0922124 0.0220709 0.0185294 0.00827185 0.0272994 -0.00317115 0.00319714 -0.0058839 -0.00363699 0.0064484 0.0109831 0.0176041 -0.0052057 -0.0205653 -0.0161589 -0.0981978 -0.099028 -0.0199383
internal_weight=17573.6 15876.1 1697.49 8084.32 7791.77 1510.74 7053.69 6161.47 2839.9 3321.57 7889.42 2372.08 6153.98 5049.72 1735.44 1354.16 1033.87 4814.46 116.477 1104.26 1394.26 1377.09 925.485
internal_count=3151 1113 2038 904 209 2019 203 187 123 64 899 110 776 653 123 86 62 640 43 123 1976 1963 106
is_linear=0
shrinkage=0.05


Tree=44
num_leaves=20
num_cat=0
split_feature=1 1 8 4 12 4 8 5 7 1 13 3 14 3 7 8 5 14 3
split_gain=4858.16 1033.08 713.077 412.131 161.143 148.997 140.367 125.847 142.463 113.49 118.209 84.0503 64.2389 59.7478 42.8958 39.6303 49.1146 25.4889 2.84217e-14
threshold=1.0000000180025095e-35 304.10312372087049 1.4126742160278749 60.500000000000007 52.136363636363647 32.000000000000007 1.381652661064426 596.00000000000011 56.500000000000007 1346.5974611859924 1.8377192982456141 2.0140845070422539 1.0000000180025095e-35 8.6833333333333353 59.500000000000007 0.70278352887048545 680.50000000000011 83.000000000000014 6.5119047619047628
decision_type=10 10 8 10 10 10 8 10 10 10 10 8 8 8 10 10 10 10 8
left_child=2 3 6 4 5 7 11 12 -9 10 14 -1 -2 -4 -3 -13 18 -15 -17
right_child=1 9 13 -5 -6 -7 -8 8 -10 -11 -12 15 -14 17 -16 16 -18 -19 -20
leaf_value=8.6652102320717217e-05 0.022645567302584838 0.0079461190477995575 -0.005543828175057941 0.057570215451034336 0.042182794867819784 -0.035526289440451234 0.06333503956117445 0.012147701917187606 -0.0060578929160210945 0.040449750616697595 0.035708288550114833 -0.024575829659635329 -0.0058208885289614803 -0.10000000000000001 0.023479058403275146 -0.10000000000000001 -0.032268291449253729 -0.052491987982939504 -0.10000000000000001
leaf_weight=134.05684554576874 206.46988916397095 855.1310977935791 17.378829717636108 328.51645088195801 229.20556592941284 290.17043781280518 45.873844146728516 3438.822936296463 1562.9504065513611 1720.5360107421875 1333.1135387420654 78.260539293289185 4939.1619882583618 1216.3365350961685 925.55600357055664 16.512664079666138 46.601373076438904 28.903876304626465 46.365714490413666
leaf_count=36 20 29 7 6 8 28 2 224 96 18 24 24 640 1851 20 17 15 22 64
internal_value=0.00241599 0.0108801 -0.0797681 0.00241044 0.000711628 -0.000199065 -0.018489 0.000811136 0.00645883 0.0301437 0.024449 -0.0301534 -0.00467866 -0.0976123 0.0160197 -0.0517465 -0.0711692 -0.0988973 -0.1
internal_weight=17459.9 15829.6 1630.29 10995.3 10666.8 10437.6 367.671 10147.4 5001.77 4834.34 3113.8 321.797 5145.63 1262.62 1780.69 187.74 109.48 1245.24 62.8784
internal_count=3151 1113 2038 1022 1016 1008 158 980 320 91 73 156 660 1880 49 120 96 1873 81
is_linear=0
shrinkage=0.05


Tree=45
num_leaves=35
num_cat=0
split_feature=0 2 6 4 13 11 1 1 6 2 13 4 5 6 10 5 0 7 5 0 5 3 14 13 14 10 13 4 13 13 10 11 6 5
split_gain=4101.72 930.106 722.326 266.144 206.421 212.356 200.254 181.541 107.482 157.887 244.874 114.049 88.9962 93.1718 65.7228 46.2072 76.3013 71.7123 57.0555 45.7008 43.0492 46.7989 36.7016 30.9722 23.6977 23.4951 18.911 37.6371 14.0236 13.9489 10.1125 9.65867 9.08723 9.09495e-13
threshold=1.0000000180025095e-35 1.0000000180025095e-35 89.936631377801334 5.2154088050314478 0.65158959537572259 545.00000000000011 38.47745497910828 1635.0372949357586 26.967605961939288 1.9984399438524243 7.3000000000000016 2.9893617021276602 1277.0000000000002 112.97603801421701 6.6181818181818191 601.00000000000011 4.5332024064779217 28.500000000000004 1104.5000000000002 9.7921913921393333 722.50000000000011 3.9635549872122766 32.500000000000007 9.1000000000000014 83.000000000000014 7.0227272727272743 0.81302966101694929 3.0113636363636371 0.88975694444444453 0.57417582417582425 15.770833333333334 195.00000000000003 32.380432407110852 28.500000000000004
decision_type=10 8 10 10 10 10 10 10 10 8 8 10 10 10 8 10 10 10 10 10 10 8 10 8 10 10 8 8 10 10 8 8 10 10
left_child=1 -1 6 14 -4 -6 15 12 9 28 11 -11 -7 -14 29 25 17 -17 -19 -12 23 -22 -23 30 33 26 31 -28 -8 -3 -10 -2 -25 -16
right_child=2 3 4 -5 5 7 8 -9 20 10 19 -13 13 -15 24 16 -18 18 -20 -21 21 22 -24 32 -26 -27 27 -29 -30 -31 -32 -33 -34 -35
leaf_value=0.022283218518617358 -0.034973087276581619 -0.030831911215265462 0.0012285943665582574 0.011952492595170719 0.050241688986459115 0.0029868825899488317 -0.015938738634983143 0.041462716898136298 -0.022424239450383302 0.05218783873758797 0.017291831113665591 0.021240502947645498 0.033783674509598446 0.011511010133789629 -0.10000000000000001 0.019070310418151243 -0.02830463424415601 -0.027182516736803594 0.0042177049142745277 -0.0099686624443273628 0.015817272518112709 0.0079201694955412846 -0.010785755610509649 -0.0066943736163698172 -0.056832997919010642 0.0056578564443261238 0.013171092596651765 -0.013512068723430247 -0.00057418383572741926 -0.075773434245948124 -0.0097167779019047169 -0.018320864354032095 0.0052545708007219801 -0.10000000000000001
leaf_weight=206.93256902694702 125.76277422904968 41.689854800701141 916.63885974884033 59.505682826042175 821.82466316223145 910.79322624206543 321.05122375488281 916.52780532836914 258.21582126617432 515.55111980438232 216.69979095458984 704.53770351409912 889.23390960693359 994.88266086578369 725.60887897014618 473.13013315200806 213.79455804824829 220.6505298614502 420.10891008377075 529.19189786911011 630.79245948791504 525.3271427154541 523.55916023254395 261.47714996337891 32.656495034694672 168.83937454223633 141.96434926986694 1912.4715921878815 276.34168863296509 29.470995426177979 397.67416572570801 283.09682297706604 406.45207786560059 477.8635858297348
leaf_count=18 22 26 34 21 13 32 32 9 23 17 18 34 17 23 1161 35 30 31 33 62 29 28 30 29 26 18 17 344 22 22 33 46 32 737
internal_value=0.000281865 -0.0765058 0.00835065 -0.0914625 0.0228687 0.0272443 4.53887e-05 0.022152 0.00615934 0.0136797 0.0205201 0.0343174 0.0158195 0.0220229 -0.0961697 -0.00854984 -0.000944938 0.00430635 -0.00659521 -0.00204882 -0.000259026 0.0050552 -0.00141703 -0.00700179 -0.0988596 -0.0123859 -0.0136226 -0.0116682 -0.00883141 -0.0494443 -0.0147195 -0.023443 0.000576866 -0.1
internal_weight=16550.3 1573.73 14976.6 1366.8 5449.9 4533.26 9526.69 3711.44 5566.87 2563.37 1965.98 1220.09 2794.91 1884.12 1307.29 3959.82 1327.68 1113.89 640.759 745.892 3003.5 1679.68 1048.89 1323.82 1236.13 2632.13 2463.3 2054.44 597.393 71.1609 655.89 408.86 667.929 1203.47
internal_count=3104 2011 1093 1993 128 94 965 81 389 185 131 51 72 40 1972 576 129 99 64 80 204 87 58 117 1924 447 429 361 54 48 56 68 61 1898
is_linear=0
shrinkage=0.05


Tree=46
num_leaves=23
num_cat=0
split_feature=0 2 6 4 12 11 12 0 5 13 10 8 8 13 10 4 13 2 14 4 14 12
split_gain=3845.7 898.212 656.001 261.179 211.271 201.55 174.316 164.248 158.253 157.776 92.0546 113.044 69.8239 70.6288 69.1125 62.9533 44.3976 64.001 31.2087 30.0963 25.4615 13.6662
threshold=1.0000000180025095e-35 1.0000000180025095e-35 96.605039253428586 5.2154088050314478 2.5617527049330646 725.00000000000011 85.833333333333357 83.448018359383866 652.50000000000011 0.44722222222222224 6.1833333333333345 1.2363166549213063 3.2554347826086958 1.9094594594594596 6.6181818181818191 4.4852941176470598 7.0113636363636376 1.9997210221650186 55.500000000000007 2.9893617021276602 83.000000000000014 1.8562030075187972
decision_type=10 8 10 10 10 10 10 10 10 8 10 10 8 10 8 8 10 10 10 10 10 10
left_child=1 -1 6 14 19 -6 8 15 10 -10 16 -12 13 -11 21 -7 17 -2 -14 -4 -16 -3
right_child=2 3 4 -5 5 7 -8 -9 9 12 11 -13 18 -15 20 -17 -18 -19 -20 -21 -22 -23
leaf_value=0.02122178923261769 -0.0089237412975966685 -0.072959009400006006 -0.0029234887242179717 0.011362991984349036 0.049423120059592311 0.019624405741241024 0.046112493793364233 0.031240359483915698 0.036700906136056109 -0.00053444643657800861 -0.011647498009958519 0.036574353633573413 -0.020297273345578633 0.014071492408396126 -0.10000000000000001 -0.0024285915957683274 -0.028143445428455784 0.023462490910394873 0.0019046840125646375 0.012807097964541467 -0.054878154074461241 -0.028411259820105485
leaf_weight=206.43164587020874 4137.6429398059845 30.337337136268616 690.34013175964355 59.464237868785858 841.19680786132812 623.93814277648926 202.43624353408813 1912.4625816345215 386.09638118743896 1800.6090126037598 229.81873893737793 257.94043636322021 403.11014628410339 1531.7999601364136 1144.7784513831139 672.31152725219727 283.95654010772705 158.38737201690674 260.61342811584473 543.41066646575928 32.142208099365234 39.805202126502991
leaf_count=18 598 27 29 21 12 18 7 26 17 129 25 15 36 81 1898 22 35 9 17 17 26 21
internal_value=0.000262282 -0.075699 0.00795683 -0.0910125 0.0221198 0.0276382 0.000204119 0.0219271 -0.000779325 0.00617878 -0.0067962 0.0138535 0.00322981 0.00617943 -0.0958941 0.00818642 -0.00899536 -0.00772972 -0.0115796 0.00400511 -0.0987677 -0.0476786
internal_weight=16449 1512.96 14936.1 1306.53 5283.66 4049.91 9652.41 3208.71 9449.97 4382.23 5067.75 487.759 3996.13 3332.41 1247.06 1296.25 4579.99 4296.03 663.724 1233.75 1176.92 70.1425
internal_count=3104 2011 1093 1993 124 78 969 66 962 280 682 40 263 210 1972 40 642 607 53 46 1924 48
is_linear=0
shrinkage=0.05


Tree=47
num_leaves=30
num_cat=0
split_feature=9 2 6 4 12 11 0 5 4 13 13 12 4 4 13 12 0 3 3 5 4 8 3 8 11 2 5 5 5
split_gain=3608.47 834.075 580.202 254.406 192.703 187.18 149.738 144.155 154.941 104.339 111.927 72.7381 68.1687 56.9548 48.2145 96.4228 46.2749 37.7022 24.5424 26.7068 23.4195 21.3762 30.7827 18.8364 7.46726 8.81729 3.54817 40.0068 4.54747e-13
threshold=11.091227957149913 0.9968574985590456 96.605039253428586 5.2154088050314478 2.5617527049330646 725.00000000000011 83.448018359383866 523.00000000000011 32.000000000000007 5.7750000000000012 0.44722222222222224 5.6817775507598016 2.7537878787878793 4.4852941176470598 0.81302966101694929 1.6480476705702649 1.5910880829644769 2.8819444444444451 7.2750000000000012 375.00000000000006 3.6120401337792649 0.76781058282208603 3.6201923076923079 0.49306742640075979 195.00000000000003 0.40215434047730408 83.500000000000014 92.500000000000014 57.500000000000007
decision_type=10 8 10 10 10 10 10 10 10 10 8 8 8 8 8 8 10 10 8 10 8 10 10 8 8 8 10 10 10
left_child=1 -1 7 12 17 -6 13 14 9 10 -9 -12 21 -7 23 -16 26 -4 20 -20 -17 -3 -23 -2 -25 -26 28 -28 -14
right_child=2 3 4 -5 5 6 -8 8 -10 -11 11 -13 16 -15 15 18 -18 -19 19 -21 -22 22 -24 24 25 -27 27 -29 -30
leaf_value=0.019235062305957427 -0.0024868899652309862 -0.013627246945148981 -0.0039947140948132266 -0.0095021291040334431 0.047532878838142875 0.018679184499298142 0.02982399250800985 0.02819519051561797 -0.032940769816116766 0.02448655722592688 0.0063250338128362175 -0.0088232836687126264 -0.10000000000000001 -0.0023072300635430523 0.025320682159147415 -0.004316076310709788 -0.025652430770015569 0.013603239979304736 -0.0080032971395783102 0.0024499680350355355 -0.030368015266144306 -0.10000000000000001 -0.021844021004666498 -0.031474025685037779 -0.010179147341439314 -0.027065683820185038 -0.025615064678254709 -0.10000000000000001 -0.10000000000000001
leaf_weight=210.80870294570923 133.17642784118652 27.417181134223938 686.57532787322998 95.871458113193512 831.17890739440918 622.76670837402344 1903.3630657196045 453.62508153915405 244.99640417098999 788.62744212150574 2735.5841817855835 1115.6321067810059 843.91653043031693 672.29219150543213 256.56135272979736 153.06172943115234 22.13511061668396 546.71218776702881 2140.9290294647217 855.05880880355835 197.67568254470825 30.920308530330658 21.261803865432739 189.34549140930176 150.23786973953247 159.2339231967926 20.039837956428528 184.46046149730682 65.163730084896088
leaf_count=19 14 14 28 24 12 18 26 25 20 38 184 107 1493 22 19 20 3 18 335 96 29 38 11 29 20 25 20 282 115
internal_value=0.000243404 -0.073076 0.00776477 -0.0879175 0.0211006 0.0263936 0.0209002 0.000433778 0.00589862 0.0077668 0.00470381 0.00193682 -0.0941034 0.0077847 -0.00645452 -0.0042203 -0.0972384 0.0038064 -0.00648493 -0.00501992 -0.018999 -0.0493735 -0.068155 -0.0191928 -0.023653 -0.0188679 -0.0986614 -0.0927107 -0.1
internal_weight=16358.6 1522 14836.6 1311.19 5262.89 4029.6 3198.42 9573.75 5338.47 5093.47 4304.84 3851.22 1215.31 1295.06 4235.28 3603.29 1135.72 1233.29 3346.73 2995.99 350.737 79.5993 52.1821 631.994 498.817 309.472 1113.58 204.5 909.08
internal_count=3104 2019 1085 2000 124 78 66 961 374 354 316 291 1976 40 587 499 1913 46 480 431 49 63 49 88 74 45 1910 302 1608
is_linear=0
shrinkage=0.05


Tree=48
num_leaves=32
num_cat=0
split_feature=9 2 6 4 1 13 11 1 14 6 4 14 5 14 14 3 13 5 0 7 5 6 3 14 3 0 5 13 4 14 5
split_gain=3376.36 803.979 526.245 254.183 177.813 176.352 155.01 156.287 100.951 76.0747 70.3446 59.5528 54.4445 71.6273 110.858 39.0395 37.6966 33.0037 66.9228 57.851 49.2064 18.4181 17.732 16.1511 15.8542 21.9326 10.0153 6.67063 4.51675 2.88124 4.54747e-13
threshold=11.091227957149913 0.9968574985590456 96.605039253428586 5.2154088050314478 38.47745497910828 0.65158959537572259 575.00000000000011 442.57726372673636 54.500000000000007 26.81957697386455 2.7537878787878793 83.000000000000014 1992.5000000000002 34.500000000000007 31.500000000000004 3.0287828947368425 2.3019813519813526 601.00000000000011 4.5332024064779217 28.500000000000004 1104.5000000000002 23.652087266112037 1.9791666666666667 84.500000000000014 1.4813384813384816 3.8295080806152675 217.50000000000003 7.3000000000000016 2.5469208211143699 18.500000000000004 450.50000000000006
decision_type=10 8 10 10 10 10 10 10 8 10 8 10 10 10 10 10 10 10 10 10 8 10 10 10 8 10 10 10 10 10 10
left_child=1 -1 4 10 17 -4 -7 -8 12 -10 22 27 13 14 -6 -15 23 21 19 -19 -21 28 26 -11 -23 -26 -3 30 29 -2 -12
right_child=2 3 5 -5 8 6 7 -9 9 16 11 -13 -14 15 -16 -17 -18 18 -20 20 -22 24 -24 -25 25 -27 -28 -29 -30 -31 -32
leaf_value=0.018307205441756451 -0.012587925023718697 -0.10000000000000001 0.00018792532110330711 -0.0090311029698803471 0.00052579748233346792 0.04380852795574456 0.0035812484411218504 0.026646742627251925 0.032613434958202771 0.0099638767389770393 -0.10000000000000001 -0.042172874101341747 0.024172409239577329 -0.0057387379480507072 0.031366418306224178 -0.030731729710070595 0.02126080553125911 0.016947692489584568 -0.026937566864286694 -0.026054707149858775 0.0036329020219041581 -0.025434158000938963 -0.026870791306621417 -0.0059235924658797654 0.00038516233337594771 -0.011248008374886605 -0.045690202189273332 -0.062031639864555378 -0.030819700980259813 -0.022908246804547967 -0.10000000000000001
leaf_weight=210.42846393585205 125.93750667572021 18.38120973110199 915.76472091674805 95.829258739948273 2784.4411182403564 827.01899242401123 1048.2832803726196 2452.7885055541992 517.01504611968994 305.51300477981567 999.57275289297104 47.254072248935699 258.6982421875 484.76396465301514 325.43708276748657 230.55721426010132 396.26882362365723 470.23605370521545 213.03951549530029 209.08839726448059 419.83528137207031 142.8053674697876 43.862456798553467 335.78891229629517 547.8573169708252 1555.6370716094971 15.773345947265623 11.70040041208267 94.480257272720337 146.06798648834229 23.720706522464752
leaf_count=19 24 27 34 24 230 14 37 39 23 18 1853 29 10 38 15 19 14 35 30 29 33 22 22 23 77 271 14 10 18 32 21
internal_value=0.000225052 -0.0721424 0.00739235 -0.0872951 0.000412548 0.0201218 0.0243395 0.0197405 0.00610084 0.0169445 -0.0937591 -0.0970646 0.00197308 0.000471738 0.00375315 -0.0137943 0.00913674 -0.00775904 -0.00128934 0.00368181 -0.00623687 -0.0110083 -0.0479053 0.00164512 -0.00931262 -0.00821814 -0.0749185 -0.0995708 -0.0214014 -0.01813 -0.1
internal_weight=16273.8 1466.52 14807.3 1256.09 9563.47 5243.86 4328.09 3501.07 5638.48 1554.59 1160.26 1082.25 4083.9 3825.2 3109.88 715.321 1037.57 3924.98 1312.2 1099.16 628.924 2612.79 78.017 641.302 2246.3 2103.49 34.1546 1034.99 366.486 272.005 1023.29
internal_count=3104 2019 1085 2000 961 124 90 76 390 78 1976 1913 312 302 245 57 55 571 127 97 62 444 63 41 370 348 41 1884 74 56 1874
is_linear=0
shrinkage=0.05


Tree=49
num_leaves=24
num_cat=0
split_feature=0 2 6 4 13 1 12 4 5 13 5 13 10 2 10 2 11 1 13 5 5 5 5
split_gain=3156.77 809.935 492.817 257.07 212.58 239.275 152.301 137.863 135.233 120.428 104.928 84.5686 78.8159 67.0385 58.2614 51.2958 50.385 43.0539 14.6548 4.08606 62.6996 4.54747e-13 1.13687e-13
threshold=1.0000000180025095e-35 1.0000000180025095e-35 56.549252325851853 5.2154088050314478 6.541666666666667 2420.4144641405351 85.833333333333357 38.250000000000007 652.50000000000011 0.44722222222222224 949.50000000000011 5.7750000000000012 6.6181818181818191 1.3021953126863524 6.1833333333333345 1.9997210221650186 545.00000000000011 611.47098958671108 0.57417582417582425 83.500000000000014 88.500000000000014 65.500000000000014 255.50000000000003
decision_type=10 8 10 10 10 10 10 10 10 8 10 10 8 10 10 10 10 10 10 10 10 10 10
left_child=1 -1 6 12 5 10 7 8 14 -10 16 -11 18 -12 15 -2 -4 -15 -3 21 -21 -14 -22
right_child=2 3 4 -5 -6 -7 -8 -9 9 11 13 -13 19 17 -16 -17 -18 -19 -20 20 22 -23 -24
leaf_value=0.018399124402914978 -0.0087804019356601658 -0.023043998587257638 0.0077813583540513572 0.011716728395076141 0.042164887867339337 0.040886663127157934 0.042977250755964203 -0.045130324674235438 0.03329986151062516 0.00049807429582439746 0.00395455526295432 0.02342063622196619 -0.10000000000000001 0.027009868737457587 0.011323213084131907 0.019043931549660463 -0.011623104101089779 0.012267524263855217 -0.070996611955482541 0.0097905113102926822 -0.10000000000000001 -0.10000000000000001 -0.10000000000000001
leaf_weight=205.2333927154541 4280.4875094890594 39.791773855686188 684.43899631500244 59.488844692707062 801.8343448638916 729.0064811706543 197.84002304077148 176.47206497192383 379.75659680366516 2953.6056685447693 908.88211727142334 465.82633543014526 786.21256113052368 1093.4717016220093 442.29630661010742 172.31045579910278 654.36578273773193 905.23487854003906 26.572942614555359 14.045407831668852 122.26906591653824 41.222464740276337 53.106587290763855
leaf_count=18 619 26 29 21 11 7 7 20 17 215 29 20 1537 25 38 10 30 16 22 11 225 79 72
internal_value=0.000207878 -0.073055 0.00685986 -0.0894804 0.0182734 0.0144231 -0.000411247 -0.00137892 -0.000490876 0.00658743 0.00987988 0.0036208 -0.095038 0.0152132 -0.00598451 -0.00770368 -0.00170293 0.0203329 -0.0422446 -0.0984835 -0.0918591 -0.1 -0.1
internal_weight=16193.8 1347.94 14845.8 1142.71 5777.23 4975.4 9068.59 8870.75 8694.28 3799.19 4246.39 3419.43 1083.22 2907.59 4895.09 4452.8 1338.8 1998.71 66.3647 1016.86 189.421 827.435 175.376
internal_count=3104 2011 1093 1993 147 136 946 939 919 252 129 235 1972 70 667 629 59 41 48 1924 308 1616 297
is_linear=0
shrinkage=0.05


Tree=50
num_leaves=21
num_cat=0
split_feature=0 2 1 11 12 3 8 5 10 2 14 10 8 12 14 11 0 0 11 3
split_gain=3324.18 659.249 632.217 124.902 123.968 101.094 110.178 107.321 73.971 63.6341 30.301 29.5946 15.6287 29.6322 13.9005 16.393 10.9617 3.43267 1.00669 4.54747e-13
threshold=1.0000000180025095e-35 1.0000000180025095e-35 384.63462501231743 1245.0000000000002 1.1574114752657942 1.5853405315614619 13.988095238095239 1992.5000000000002 8.6862745098039227 2.9939927207610064 83.000000000000014 5.479166666666667 0.93547641073080501 3.3529645180025809 56.500000000000007 735.00000000000011 4.5692405331580916 10.07565033191122 275.00000000000006 12.717948717948721
decision_type=10 8 10 10 10 8 8 10 8 10 10 8 8 10 8 10 10 10 8 8
left_child=1 -1 4 -4 11 -6 7 9 12 -7 19 -2 -3 -14 15 16 -13 -16 -19 -10
right_child=2 8 3 -5 5 6 -8 -9 10 -11 -12 14 13 -15 17 -17 -18 18 -20 -21
leaf_value=0.0049886539574921195 -0.029314973442117111 -0.013860998015877682 0.011680858554316815 0.030845428649037405 0.025491329220113115 -2.0487501389418921e-05 0.036213054845444827 0.016565975451462406 -0.10000000000000001 -0.019389703165169726 -0.049061200207903818 -0.017516893836857995 -0.10000000000000001 -0.019891135862425292 -0.020577167414898609 0.011015845184950735 -0.0053071416639317234 -0.0097770051188854172 -0.01466347551585334 -0.10000000000000001
leaf_weight=196.45434236526489 154.32827806472778 25.016515910625458 1325.3036022186279 2371.4681911468506 492.94106960296631 5573.6018891334534 229.01513957977295 952.47284460067749 14.681677699089049 458.95668983459473 30.124821424484253 200.02048993110657 24.916383147239685 21.508366703987122 143.3978316783905 144.76195240020752 2270.2689535617828 270.94784450531006 172.50980472564697 930.59448325634003
leaf_count=21 22 13 32 34 32 463 8 36 16 27 27 39 31 11 26 11 315 41 21 1893
internal_value=-0.000540441 -0.0790574 0.00607337 0.0239749 9.15896e-05 0.00358434 0.00208742 0.00096856 -0.0948298 -0.0014941 -0.0984268 -0.00792889 -0.0457189 -0.0628859 -0.0068981 -0.00533745 -0.00629577 -0.0138524 -0.0116779 -0.1
internal_weight=16003.3 1243.3 14760 3696.77 11063.2 7706.99 7214.05 6985.03 1046.84 6032.56 975.401 3356.24 71.4413 46.4247 3201.91 2615.05 2470.29 586.855 443.458 945.276
internal_count=3119 2012 1107 66 1041 566 534 526 1991 490 1936 475 55 42 453 365 354 88 62 1909
is_linear=0
shrinkage=0.05


Tree=51
num_leaves=19
num_cat=0
split_feature=0 8 1 7 12 3 4 8 10 9 11 10 7 0 0 7 8 8
split_gain=3119.87 590.896 572.91 141.324 111.961 91.6018 135.796 91.0834 88.6656 77.314 29.4589 26.8962 11.4009 11.8753 9.20735 0.242593 0.0557013 1.42109e-14
threshold=1.0000000180025095e-35 0.67315444696397086 384.63462501231743 51.500000000000007 1.1574114752657942 1.5853405315614619 32.000000000000007 13.988095238095239 3.4373913043478264 32.451286433380865 875.00000000000011 5.479166666666667 33.500000000000007 4.2400283017096045 5.4150187801396497 1.0000000180025095e-35 0.70278352887048545 1.5763403263403266
decision_type=10 8 10 10 10 8 10 8 10 10 8 8 10 10 10 8 10 10
left_child=1 10 4 -4 11 -6 7 9 15 -7 -1 -2 13 -13 -15 16 -3 -18
right_child=2 8 3 -5 5 6 -8 -9 -10 -11 -12 12 -14 14 -16 -17 17 -19
leaf_value=-0.021016457975256815 -0.027969501529202051 -0.097821026579546277 0.0077829759061307556 0.029214770441118004 0.024295765640375177 0.0036512202448243242 -0.028580985208590939 0.034629639445773727 -0.038375374369353871 -0.021952594319160343 0.016749752899680434 -0.020281224259632136 0.0046739893987859356 0.0019361383303186782 -0.0075387653445887466 -0.10000000000000001 -0.099999999999999978 -0.10000000000000001
leaf_weight=99.222398400306702 153.68170976638794 721.73002833127975 1093.9939460754395 2590.8963394165039 491.37947607040405 6327.7099778652191 345.95484328269958 227.55096125602722 66.166452288627625 309.25111389160156 107.66439878940582 167.56518626213074 211.10084915161133 285.23499584197998 2536.7061870098114 170.18257233500481 19.090030461549762 11.481604784727095
leaf_count=27 22 1543 27 39 32 462 34 8 31 30 19 34 15 45 359 329 39 24
internal_value=-0.00052243 -0.0782049 0.00577783 0.022852 8.72089e-05 0.00340772 0.00198424 0.00352465 -0.094285 0.0024582 -0.00136283 -0.00753707 -0.00655598 -0.00734897 -0.00658106 -0.0982952 -0.0979096 -0.1
internal_weight=15936.6 1195.54 14741 3684.89 11056.1 7701.85 7210.47 6864.51 988.651 6636.96 206.887 3354.29 3200.61 2989.51 2821.94 922.484 752.302 30.5716
internal_count=3119 2012 1107 66 1041 566 534 500 1966 492 46 475 453 438 404 1935 1606 63
is_linear=0
shrinkage=0.05


Tree=52
num_leaves=20
num_cat=0
split_feature=0 2 1 7 12 8 10 5 7 2 10 8 12 5 7 1 5 5 7
split_gain=2924.17 638.964 519.038 128.826 101.107 83.1083 79.0877 77.5259 69.8318 61.8821 24.5738 18.5288 31.1073 13.3781 28.6276 11.8287 5.24473 66.1019 1.13687e-13
threshold=1.0000000180025095e-35 1.0000000180025095e-35 384.63462501231743 51.500000000000007 1.1574114752657942 13.988095238095239 8.6862745098039227 1992.5000000000002 69.500000000000014 2.9939927207610064 5.6348484848484857 0.77454198877475389 3.3660549989777144 878.50000000000011 32.500000000000007 26.972626231679602 83.500000000000014 88.500000000000014 5.5000000000000009
decision_type=10 8 10 10 10 8 8 10 10 10 8 8 10 10 10 10 10 10 10
left_child=1 -1 4 -4 10 7 11 8 9 -6 -2 -3 -13 14 15 -12 -8 -18 -19
right_child=2 6 3 -5 5 -7 16 -9 -10 -11 13 12 -14 -15 -16 -17 17 18 -20
leaf_value=0.0049993216282820697 -0.025916961109927028 -0.0064703029321665721 0.0073960692869272293 0.027873075930938303 0.0029654365733127802 0.033096760239569971 -0.10000000000000001 0.015672609029615012 -0.02171901591831317 -0.016748041545945662 -0.011457036588822633 -0.10000000000000001 -0.017313568833217909 -0.020721465896903879 0.016791667492116909 -0.0044553375205102531 0.0098688528723925584 -0.10000000000000001 -0.10000000000000001
leaf_weight=195.94800519943237 166.03976345062256 23.445023119449615 1093.6708927154541 2580.1156921386719 5753.1915163993835 226.22059988975525 717.70891627669334 950.89624786376953 338.59758234024048 427.68049621582031 856.16281127929688 24.210723161697388 21.453896284103394 150.82352948188782 137.9185152053833 2041.6916580200195 15.031200379133223 104.74205994606018 48.689457088708878
leaf_count=21 23 12 27 39 475 8 1627 36 22 25 171 32 11 16 9 256 13 219 77
internal_value=-0.000504575 -0.0772481 0.0054962 0.0217772 8.28962e-05 0.00323963 -0.0941188 0.00233549 0.000390202 0.00160138 -0.00716396 -0.042602 -0.0611527 -0.00618683 -0.00546471 -0.00652397 -0.0981364 -0.0901969 -0.1
internal_weight=15874.2 1151.23 14723 3673.79 11049.2 7696.59 955.281 7470.37 6519.47 6180.87 3352.64 69.1096 45.6646 3186.6 3035.77 2897.85 886.172 168.463 153.432
internal_count=3119 2012 1107 66 1041 566 1991 558 522 500 475 55 43 452 436 427 1936 309 296
is_linear=0
shrinkage=0.05


Tree=53
num_leaves=18
num_cat=0
split_feature=0 2 1 8 5 2 8 0 10 4 4 2 8 8 5 5 11
split_gain=2743.87 626.75 474.442 141.342 120.129 97.9908 103.836 131.987 81.1206 56.3762 59.6505 36.8469 17.6359 40.9176 5.43019 65.1885 1.13687e-13
threshold=1.0000000180025095e-35 1.0000000180025095e-35 591.82678002112686 13.988095238095239 921.50000000000011 0.84714676261717992 3.2554347826086958 32.609499444663534 8.6862745098039227 38.250000000000007 19.583333333333339 2.0001106541743461 0.77454198877475389 1.2782331511839711 83.500000000000014 88.500000000000014 105.00000000000001
decision_type=10 8 10 10 10 8 8 10 8 10 10 8 8 10 10 10 10
left_child=1 -1 3 4 9 -6 7 -7 12 10 11 -2 -3 -14 -10 -16 -17
right_child=2 8 -4 -5 5 6 -8 -9 14 -11 -12 -13 13 -15 15 16 -18
leaf_value=0.0047499492828923873 0.0016679899474097823 -0.006148074772494256 0.024574815257708642 0.032736249111632296 -0.016022586757989492 0.0057897221516669591 -0.011387133761494346 0.02710027073108345 -0.10000000000000001 -0.030525828019776453 0.016650681099421329 -0.0064052445337778215 -0.10000000000000001 -0.0025788328030288063 0.0093799836891292898 -0.10000000000000001 -0.10000000000000001
leaf_weight=195.92413091659546 1990.2751061916351 23.440238118171692 2607.0121059417725 342.18395829200745 425.94958114624023 2323.790687084198 528.09260225296021 1057.0986423492432 682.7058619260788 191.16424512863159 366.02677249908447 4875.6002972126007 26.085139095783234 18.367357850074768 15.024063438177107 95.336207002401352 50.612366229295731
leaf_count=21 184 12 39 10 30 134 30 22 1627 20 20 618 34 9 13 210 86
internal_value=-0.000487663 -0.0763831 0.00522749 0.00105906 0.000137182 0.00675062 0.00923215 0.0124529 -0.093821 -0.00372494 -0.0030165 -0.00406498 -0.0412414 -0.0597465 -0.0980522 -0.0897912 -0.1
internal_weight=15814.7 1107.5 14707.2 12100.2 11758 4334.93 3908.98 3380.89 911.571 7423.07 7231.9 6865.88 67.8927 44.4525 843.678 160.973 145.949
internal_count=3119 2012 1107 1068 1058 216 186 156 1991 842 822 802 55 43 1936 309 296
is_linear=0
shrinkage=0.05


Tree=54
num_leaves=17
num_cat=0
split_feature=0 2 1 8 5 2 8 0 10 4 4 14 2 8 8 4
split_gain=2574.15 614.699 429.759 128.287 108.524 88.5504 93.8309 119.925 82.731 51.1798 53.8884 37.9824 33.2631 16.8533 40.1741 4.54747e-13
threshold=1.0000000180025095e-35 1.0000000180025095e-35 591.82678002112686 13.988095238095239 921.50000000000011 0.84714676261717992 3.2554347826086958 32.609499444663534 8.6862745098039227 38.250000000000007 19.583333333333339 83.000000000000014 2.0001106541743461 0.77454198877475389 1.2782331511839711 6.9687500000000009
decision_type=10 8 10 10 10 8 8 10 8 10 10 10 8 8 10 10
left_child=1 -1 3 4 9 -6 7 -7 13 10 12 15 -2 -3 -15 -10
right_child=2 8 -4 -5 5 6 -8 -9 11 -11 -12 -13 -14 14 -16 -17
leaf_value=0.0045129625722466933 0.0015846123484314755 -0.005841776186108625 0.023416842271852339 0.031267107429053767 -0.015241037632243668 0.0055011585890223586 -0.010824801364086527 0.025840222598473368 -0.10000000000000001 -0.029135391174236153 0.015840124073159902 -0.039909425079575067 -0.0060862319150947215 -0.10000000000000001 -0.0024499733401504246 -0.10000000000000001
leaf_weight=195.90258073806763 1990.2480928897858 23.435918867588043 2599.3365592956543 340.39619517326355 425.41649293899536 2323.4109420776367 527.75878095626831 1053.313777923584 767.20047241449356 190.29581451416016 365.53204965591431 27.219620943069458 4874.6251492500305 24.812952101230621 18.366762936115265 8.8379820585250837
leaf_count=21 184 12 39 10 30 134 30 22 1900 20 20 27 618 34 9 9
internal_value=-0.000471167 -0.075503 0.00497235 0.00100713 0.00013055 0.00642108 0.0087813 0.0118456 -0.0935232 -0.00353991 -0.00286626 -0.0979637 -0.00386232 -0.0399786 -0.0585065 -0.1
internal_weight=15756.1 1065.78 14690.3 12091 11750.6 4329.9 3904.48 3376.72 869.874 7420.7 7230.41 803.258 6864.87 66.6156 43.1797 776.038
internal_count=3119 2012 1107 1068 1058 216 186 156 1991 842 822 1936 802 55 43 1909
is_linear=0
shrinkage=0.05


Tree=55
num_leaves=27
num_cat=0
split_feature=0 12 6 4 7 0 14 4 2 13 13 12 12 13 2 12 10 7 3 2 14 4 6 2 9 3
split_gain=2318.44 675.989 420.124 189.341 191.353 224.644 123.667 97.2051 78.1289 74.4277 84.0481 205.411 70.5987 69.2074 62.9625 67.6791 54.6062 50.1028 43.2956 47.4721 40.6987 35.2791 30.9728 30.939 30.5888 2.84217e-14
threshold=1.0000000180025095e-35 9.1714285714285726 96.605039253428586 18.325000000000003 48.500000000000007 214.53976158726914 20.500000000000004 35.250000000000007 3.9644914676408023 5.4006410256410264 0.44722222222222224 2.7368935837245698 0.88535353535353545 8.6500000000000021 1.5002028285977966 5.7514293882218421 18.388888888888889 15.500000000000002 8.2202380952380967 1.0000000180025095e-35 83.000000000000014 1.0161290322580647 121.00932710992073 2.17878992591478 24.418788088397786 2.1692708333333335
decision_type=10 8 10 10 10 10 8 10 10 10 8 10 10 10 10 10 8 10 10 8 10 8 10 8 10 8
left_child=1 6 7 4 23 8 18 9 22 10 11 12 -2 -11 15 -12 -8 -15 19 -1 -3 -21 -6 -4 -16 -23
right_child=2 20 3 -5 5 -7 16 -9 -10 13 14 -13 -14 17 24 -17 -18 -19 -20 21 -22 25 -24 -25 -26 -27
leaf_value=-0.019891274199254426 0.021340424981095382 -0.10000000000000001 0.0072826050476374098 0.040424902961994913 -0.003089854917068164 0.039986985745926414 -0.014420718436756642 -0.025954972911530028 0.02448297567079892 0.024727150664791496 -0.0022206645278858854 0.053619887541714865 -0.011968301625203159 0.013948769421476069 0.018325220181661821 -0.019738892664345926 0.036797352434631468 -0.015063025267119834 0.022901223897106318 -0.015532191004432398 -0.036682198078901072 -0.10000000000000001 0.011737069907100151 -0.0083349724811322343 0.0018036750675822324 -0.10000000000000001
leaf_weight=47.728953838348389 249.07834100723267 686.46548113226891 532.76887893676758 799.84886169433594 680.48365306854248 1020.829288482666 102.2360612154007 333.6049382686615 758.59451198577881 621.26766204833984 5679.4793653488159 241.8877534866333 440.28181409835815 331.75610518455505 486.85620307922363 610.60815954208374 105.99064669013023 269.87697839736938 18.444776177406311 15.420990228652954 26.352925002574921 14.505359143018721 730.15836429595947 783.43876075744629 659.87764739990234 47.804164737462997
leaf_count=7 17 1804 15 12 24 9 28 33 15 34 657 5 53 25 20 67 28 20 6 15 26 22 16 33 39 100
internal_value=0.00166227 -0.0696604 0.00664924 0.0180063 0.0140271 0.0206453 -0.0129827 0.000577245 0.0115432 0.00150012 -0.000183673 0.013977 6.67461e-05 0.013022 -0.00195688 -0.00392124 0.0116501 0.000934832 -0.0486258 -0.0591415 -0.0976591 -0.0832424 0.00458467 -0.00201336 0.00881805 -0.1
internal_weight=16295.6 1064.95 15230.7 5306.12 4506.27 3190.07 352.131 9924.57 2169.24 9590.97 8368.07 931.248 689.36 1222.9 7436.82 6290.09 208.227 601.633 143.904 125.459 712.818 77.7305 1410.64 1316.21 1146.73 62.3095
internal_count=3130 2036 1094 124 112 64 206 970 55 937 858 75 70 79 783 724 56 45 150 144 1830 137 40 48 59 122
is_linear=0
shrinkage=0.05


Tree=56
num_leaves=24
num_cat=0
split_feature=0 8 6 4 1 14 1 14 4 1 3 13 13 1 10 14 3 8 14 13 4 8 5
split_gain=2166.37 652.68 380.893 173.491 180.184 109.508 96.7185 106.729 88.0194 76.8822 83.4256 83.3455 80.2591 69.4723 48.3639 45.2562 45.1317 68.9542 18.3701 20.2976 47.4059 33.7901 4.54747e-13
threshold=1.0000000180025095e-35 5.1188235294117659 96.605039253428586 18.325000000000003 1145.7767760826366 20.500000000000004 244.42178495251028 52.500000000000007 35.250000000000007 27.683196900608991 1.6446593776282592 5.2111111111111121 7.0113636363636376 384.63462501231743 22.000000000000004 83.000000000000014 9.5666666666666682 0.6024691358024693 105.50000000000001 0.6132478632478634 1.4861003861003863 1.1649659863945581 28.500000000000004
decision_type=10 8 10 10 10 8 10 10 10 10 8 10 10 10 8 10 10 10 8 8 8 8 8
left_child=1 5 8 4 6 16 -4 -8 9 18 -11 13 -13 -12 -7 22 17 -1 19 20 -2 -21 -3
right_child=2 15 3 -5 -6 14 7 -9 -10 10 11 12 -14 -15 -16 -17 -18 -19 -20 21 -22 -23 -24
leaf_value=-0.024895861210890352 0.00019016075211412766 -0.10000000000000001 -0.011716104455286891 0.038720268631926555 0.026139862402229437 -0.015030082493241979 -0.00045646593490855555 0.021794953245317328 -0.02474062654989918 0.025434443094970234 -0.00075850226717046694 0.032860016188947815 0.0037117592013432687 0.027163527519699832 0.032869560925245116 -0.030909424077866555 0.027367990104740371 -0.10000000000000001 0.0073500605263376404 0.0042285877540431177 -0.035641543683826812 -0.0094734016709738314 -0.10000000000000001
leaf_weight=68.897072523832321 183.36473178863525 400.74279117584229 629.92573356628418 793.47633361816406 1709.42529296875 103.71437883377075 1088.9662799835205 1066.8564167022705 332.50931572914124 434.41822052001953 5264.0796937942505 417.77832460403442 543.24964570999146 232.61454963684082 107.13448613882065 24.598084032535553 17.595287263393402 54.925061345100403 243.67278051376343 659.08121657371521 185.88303661346436 1418.0077328681946 249.69042137265205
leaf_count=27 21 1116 32 12 20 29 37 23 33 24 457 17 31 5 32 25 5 119 25 81 30 246 683
internal_value=0.00158113 -0.0686921 0.00632954 0.0171655 0.0133607 -0.0135227 0.00551907 0.0105551 0.000549436 0.00142702 0.00422505 0.00279827 0.0163831 0.00042313 0.00930822 -0.0974823 -0.0475628 -0.0582106 -0.00574186 -0.00704591 -0.0178479 -0.00512562 -0.1
internal_weight=16230.6 1027.3 15203.3 5288.65 4495.17 352.266 2785.75 2155.82 9914.66 9582.15 6892.14 6457.72 961.028 5496.69 210.849 675.031 141.417 123.822 2690.01 2446.34 369.248 2077.09 650.433
internal_count=3130 2036 1094 124 112 212 92 60 970 937 534 510 48 462 61 1824 151 146 403 378 51 327 1799
is_linear=0
shrinkage=0.05


Tree=57
num_leaves=31
num_cat=0
split_feature=0 12 6 4 11 0 5 10 4 2 1 3 13 13 1 2 11 2 11 12 4 12 13 13 1 3 5 5 5 8
split_gain=2022.81 655.558 345.058 152.486 183.626 189.195 92.3373 82.7621 79.6746 73.313 69.4461 75.6042 75.4456 73.1017 62.9341 61.532 38.6397 28.5588 25.4411 20.407 27.4959 28.1151 22.3019 51.2117 40.2434 12.5609 8.99819 96.1387 4.54747e-13 5.68434e-14
threshold=1.0000000180025095e-35 9.1714285714285726 96.605039253428586 17.928571428571434 975.00000000000011 214.53976158726914 179.00000000000003 18.388888888888889 35.250000000000007 3.9644914676408023 27.683196900608991 1.6446593776282592 5.2111111111111121 7.0113636363636376 384.63462501231743 1.0000000180025095e-35 745.00000000000011 2.17878992591478 625.00000000000011 1.9273938572719063 1.7875939849624063 1.4396862379621003 1.6458061144499612 1.2029411764705884 25.563626013405589 1.9509456264775416 83.500000000000014 85.500000000000014 52.500000000000007 9.0716911764705888
decision_type=10 8 10 10 10 10 10 8 10 8 10 8 10 10 10 8 10 8 10 10 10 10 8 10 10 10 10 10 10 8
left_child=1 6 8 4 17 9 15 18 10 -6 19 -12 14 -14 -13 -1 -9 -4 -8 20 21 -2 23 -21 -24 -22 28 -28 -3 -29
right_child=2 26 3 -5 5 -7 7 16 -10 -11 11 12 13 -15 -16 -17 -18 -19 -20 22 25 -23 24 -25 -26 -27 27 29 -30 -31
leaf_value=-0.014013873540083816 -0.0085215197378813463 -0.10000000000000001 0.0063151653677340535 0.035946665090918851 0.0029314654710112242 0.037173137158893907 -0.0071638105899809986 0.0043002146869386268 -0.023575808019974359 0.022016066597431661 0.024241194680748635 -0.00072057924001858677 0.031386600755861457 0.0035264145224372066 0.025900983945514586 -0.10000000000000001 0.060327599915405351 -0.0085583894177486668 -0.051399405785440382 -0.0041956869975436663 -0.01382806376331417 0.017756132649393852 -0.021080592101579823 0.02794496030701988 0.0042089007089950517 -0.035189822067433103 0.054953432559565987 -0.10000000000000001 -0.10000000000000001 -0.10000000000000001
leaf_weight=40.844549655914307 1109.7296135425568 489.84466564655304 532.37243843078613 835.70410919189453 1224.2992181777954 1007.8883857727051 85.866613209247589 61.209698498249054 331.51708793640137 854.39253807067871 433.04816102981567 5264.0649161338806 415.57906484603882 543.2131609916687 231.77779006958008 42.408038437366486 61.886783599853516 819.60597515106201 52.301924645900726 361.99895906448364 151.27784538269043 112.06985449790955 281.06017589569092 188.45919036865234 357.2772741317749 126.24332880973816 11.138604640960692 8.2033563852310163 47.534436345100403 90.592670321464539
leaf_count=6 208 1434 15 13 35 9 37 36 33 17 24 457 17 31 5 102 4 35 21 43 22 13 43 15 37 22 5 13 139 239
internal_value=0.00150279 -0.0676782 0.00602247 0.0163538 0.0126648 0.0193955 -0.0119585 0.00265354 0.000522502 0.0107757 0.00135679 0.00401687 0.00266 0.0156021 0.00040214 -0.0578143 0.032468 -0.00270159 -0.0239086 -0.00545904 -0.00933824 -0.0061112 -0.000566557 0.00680824 -0.00692607 -0.0235454 -0.0973336 -0.0843001 -0.1 -0.1
internal_weight=16173.4 991.831 15181.6 5274.26 4438.56 3086.58 344.518 261.265 9907.32 2078.69 9575.8 6887.68 6454.63 958.792 5495.84 83.2526 123.096 1351.98 138.169 2688.12 1499.32 1221.8 1188.8 550.458 638.337 277.521 647.314 109.935 537.379 98.796
internal_count=3130 2036 1094 124 111 61 206 98 970 52 937 534 510 48 462 108 40 50 58 403 265 221 138 58 80 44 1830 257 1573 252
is_linear=0
shrinkage=0.05


Tree=58
num_leaves=27
num_cat=0
split_feature=0 12 1 12 14 12 12 5 14 3 13 12 8 0 1 10 10 12 13 14 3 8 10 13 14 5
split_gain=1890.54 645.466 281.441 145.321 141.021 125.447 112.042 151.149 100.409 81.4727 63.7459 188.207 78.1697 45.9126 66.7843 88.2125 59.4557 64.1663 58.496 43.2294 40.9984 68.8538 40.1697 34.1705 21.8293 4.54747e-13
threshold=1.0000000180025095e-35 9.1714285714285726 233.31169483724932 14.343750000000002 46.500000000000007 3.4984716157205242 2.916064527687019 993.50000000000011 20.500000000000004 4.2661943319838072 0.44722222222222224 2.811209439528024 0.48596938775510207 8.9944911260723615 48.738679723598217 9.162280701754387 13.267857142857144 1.9424603174603177 0.6132478632478634 83.000000000000014 9.5666666666666682 0.6024691358024693 18.388888888888889 1.0229915433403807 19.500000000000004 34.500000000000007
decision_type=10 8 10 10 10 10 10 10 8 8 8 10 8 10 10 8 8 10 8 10 10 10 8 10 10 10
left_child=1 8 3 10 -5 6 7 -4 20 -7 11 12 -2 14 18 -16 23 -18 -12 25 21 -1 -10 -15 -14 -3
right_child=2 19 5 4 -6 9 -8 -9 22 -11 13 -13 24 16 15 -17 17 -19 -20 -21 -22 -23 -24 -25 -26 -27
leaf_value=-0.022753855149691405 0.025604813583626429 -0.10000000000000001 -0.00086588541127417601 0.0020663282353260573 0.042673862900670864 0.018487783434353318 0.033507110416091793 0.025761761778703002 -0.011751665648184813 -0.0033812947405543348 -0.03402786807959169 0.048678676301316198 -0.0042464714645994465 -0.0053596032718088334 0.025123187318104947 -0.0033711553545348067 -0.0059781287446100716 0.012304808517932338 -0.00099930070819472493 -0.032913966154009953 0.026768634078427212 -0.10000000000000001 0.032513801658794854 -0.020116152579220413 -0.025467219836291955 -0.10000000000000001
leaf_weight=68.184395343065262 192.46013975143433 407.45017206668854 937.22499656677246 472.37359499931335 390.58376979827881 674.81515693664551 1162.5928726196289 1235.4899864196777 101.62221902608871 1154.5073480606079 140.90821170806885 247.95285987854004 353.16328477859497 692.95262050628662 585.43002843856812 506.70302152633667 1927.6963505744934 638.98039245605469 2756.7267343997955 25.030348002910614 17.400758147239685 50.003921806812286 103.40008562803268 904.20328330993652 184.49778318405151 183.64256051182747
leaf_count=27 12 1254 33 37 11 11 17 21 28 35 21 5 41 42 32 46 255 31 363 26 5 118 28 61 20 550
internal_value=0.00142849 -0.066739 0.00573069 0.000833341 0.0204457 0.0152081 0.0209792 0.0142756 -0.0115039 0.00468595 -0.00102006 0.0110417 -0.00174004 -0.00246694 0.00136602 0.011903 -0.00613966 -0.00142655 -0.00260544 -0.0972746 -0.044886 -0.0554357 0.010573 -0.0137138 -0.0115283 -0.1
internal_weight=16116 956.734 15159.3 9994.63 862.957 5164.63 3335.31 2172.71 340.611 1829.32 9131.67 978.074 730.121 8153.6 3989.77 1092.13 4163.83 2566.68 2897.63 616.123 135.589 118.188 205.022 1597.16 537.661 591.093
internal_count=3130 2036 1094 977 48 117 71 54 206 46 929 78 73 851 462 78 389 286 384 1830 150 145 56 103 61 1804
is_linear=0
shrinkage=0.05


Tree=59
num_leaves=24
num_cat=0
split_feature=1 4 6 2 2 5 9 4 14 5 1 13 13 13 1 14 4 10 4 3 10 4 13
split_gain=1764.35 562.813 285.139 192.277 140.694 107.089 78.6596 71.8212 66.721 63.3211 60.8045 69.6552 68.6747 66.7077 57.5271 44.9301 39.7103 24.5813 16.7605 16.6236 27.9893 24.0288 3.49329
threshold=1.0000000180025095e-35 22.466666666666672 96.605039253428586 1.0000000180025095e-35 inf 801.00000000000011 24.474185795250719 35.250000000000007 20.500000000000004 1232.5000000000002 27.683196900608991 0.44722222222222224 5.2111111111111121 7.0113636363636376 384.63462501231743 83.000000000000014 8.0789473684210531 2.018518518518519 3.8452380952380958 6.4188596491228083 7.5108695652173916 6.4688237276710492 0.49889867841409696
decision_type=10 8 10 8 8 10 10 10 8 10 10 8 10 10 10 10 8 8 10 10 10 10 10
left_child=1 8 7 -3 5 -4 -7 10 16 -8 19 -12 14 -14 -13 -5 17 -1 -10 20 21 -2 -19
right_child=2 3 4 15 -6 6 9 -9 18 -11 11 12 13 -15 -16 -17 -18 22 -20 -21 -22 -23 -24
leaf_value=-0.020394334147110522 -0.0037271290827149747 0.026150791191606682 -0.0061977841705199016 -0.10000000000000001 0.02878796601919726 0.024570761943733106 0.018830535669540883 -0.022453884933784366 -0.00443064444620434 0.00046187421169223907 0.019806056225868094 -0.0011692927666035779 0.029642884998368663 0.002967666342202024 0.02434993156916801 -0.031438694806843998 0.01755324777415733 -0.070922784406379058 0.025804759403463613 0.0055752114575015792 -0.0273482253599736 -0.024156413253477376 -0.10000000000000001
leaf_weight=24.554999232292175 2057.5004894733429 33.270833969116211 804.14777374267578 593.5022057890892 1349.8201780319214 1160.7766914367676 803.25703620910645 330.67632293701172 85.691305160522461 1128.0599136352539 614.30909156799316 5074.7791337966919 413.05381059646606 541.77469682693481 230.88727760314941 24.898150622844696 21.789139628410339 24.265268445014954 98.544329822063446 319.17315626144409 151.83419847488403 154.7612133026123 17.985183149576187
leaf_count=14 331 3 31 1883 30 18 17 33 27 28 39 442 17 31 5 26 8 25 18 28 18 26 32
internal_value=0.00135792 -0.0656975 0.00545397 -0.0909399 0.0148764 0.0100569 0.0142842 0.000455284 -0.00540463 0.00810161 0.00124786 0.00373933 0.00216278 0.0145072 -5.87698e-05 -0.0972396 -0.0410611 -0.0601786 0.0117417 -0.00513552 -0.00658156 -0.00515628 -0.0833004
internal_weight=16059.3 924.501 15134.8 651.671 5246.06 3896.24 3092.09 9888.75 272.83 1931.32 9558.07 6874.8 6260.49 954.829 5305.67 618.4 88.5946 66.8055 184.236 2683.27 2364.1 2212.26 42.2505
internal_count=3130 2036 1094 1912 124 94 63 970 124 45 937 534 495 48 447 1909 79 71 45 403 375 357 57
is_linear=0
shrinkage=0.05


Tree=60
num_leaves=30
num_cat=0
split_feature=0 12 1 13 0 8 4 8 12 10 3 13 8 5 10 10 13 13 3 8 8 13 12 13 2 12 5 5 5
split_gain=1718.87 568.267 252.348 145.437 187.195 77.68 167.899 76.7296 76.0341 84.1212 72.5636 76.9709 51.838 53.4241 50.2876 109.822 52.7449 53.1296 51.8842 48.3175 37.767 38.4381 34.3366 33.8768 29.763 16.4175 10.6529 88.6007 2.27374e-13
threshold=1.0000000180025095e-35 9.1714285714285726 73.254998752474805 6.3095238095238102 214.53976158726914 1.8175416133162614 10.954545454545455 0.48596938775510207 6.9559523809523816 28.083333333333339 3.1837500000000003 2.3770903010033448 0.64608585858585876 780.50000000000011 9.3035714285714306 7.9545454545454559 1.3294573643410854 0.36691819119483204 5.9372727272727284 5.3819444444444455 1.7868578465869109 11.91666666666667 7.1229528848576473 2.3770903010033448 1.0000000180025095e-35 2.1567941237517592 83.500000000000014 85.500000000000014 54.500000000000007
decision_type=10 8 10 10 10 8 8 8 10 10 8 8 10 10 8 10 10 8 8 8 10 8 10 8 8 10 10 10 10
left_child=1 8 7 4 5 10 -7 -2 9 12 25 -12 -1 24 15 16 17 -9 -16 -8 22 -22 -20 -18 -14 -4 28 -28 -3
right_child=2 26 3 -5 -6 6 19 14 -10 -11 11 -13 13 -15 18 -17 23 -19 20 -21 21 -23 -24 -25 -26 -27 27 -29 -30
leaf_value=-0.010394847790416741 0.020535488578165336 -0.10000000000000001 -0.0098747654074631003 0.028071326351413402 0.025154792512267807 -0.034385191209237081 0.018561587893031885 -0.022469391904964386 0.056015253179481153 0.045585512306816983 0.01568723776479827 -0.0046321612867546635 -0.026679734544013619 -0.012482927177353434 -0.035781519564308133 0.029223533025845096 -0.035201042530918492 0.0076742960425698649 -0.0043211567315255819 -0.0012410011609585293 -0.027391146555709896 -0.0030698409829510616 0.021505634716310909 -0.0055929029159840389 -0.10000000000000001 0.0030052237490176379 0.046226788443624503 -0.10000000000000001 -0.10000000000000001
leaf_weight=126.10311502218246 355.89656400680542 421.31856241822243 461.56754398345947 1129.5828418731689 1442.1339435577393 350.75364589691162 411.3613748550415 172.32249474525452 35.351816684007645 39.898897409439087 2858.5140085220337 556.8546667098999 18.322366714477539 43.660122692584991 147.86496162414551 335.06692910194397 167.16047382354736 963.50885772705078 2796.6798069477081 1226.3445234298706 359.63832378387451 296.29248881340027 134.90091371536255 228.90247058868408 56.590468674898148 533.23457717895508 11.858944922685621 81.909121692180634 37.967421174049377
leaf_count=34 26 1433 28 27 16 17 13 24 9 5 89 22 3 13 23 17 24 93 427 88 50 32 10 22 135 21 7 244 129
internal_value=0.00201201 -0.0661824 0.00599982 0.0112979 0.00888138 0.00521366 -0.00299081 -0.00197658 -0.0131426 -0.0217338 0.00891289 0.0123743 -0.0327115 -0.0564453 -0.00340669 0.00329394 -0.00237757 0.00310105 -0.0067557 0.00373304 -0.00555935 -0.0164049 -0.0031327 -0.0180892 -0.0820671 -0.00297082 -0.0968645 -0.0815065 -0.1
internal_weight=15801.6 872.981 14928.6 8970.35 7840.76 6398.63 1988.46 5958.23 319.927 284.575 4410.17 3415.37 244.676 118.573 5602.34 1866.96 1531.89 1135.83 3735.38 1637.71 3587.51 655.931 2931.58 396.063 74.9128 994.802 553.054 93.7681 459.286
internal_count=3081 2012 1069 321 294 278 118 748 199 190 160 111 185 151 722 180 163 117 542 101 519 82 437 46 138 49 1813 251 1562
is_linear=0
shrinkage=0.05


Tree=61
num_leaves=27
num_cat=0
split_feature=9 12 1 13 11 6 11 12 12 13 3 2 9 8 4 13 9 2 0 13 13 3 3 13 7 12
split_gain=1610.9 522.358 235.598 138.543 142.117 140.319 131.881 73.0981 63.6085 59.7353 60.4299 57.0965 48.8933 47.7485 46.8856 50.1146 76.9319 44.9292 44.6732 28.5606 23.546 21.1324 14.9986 3.12056 0.421578 1.42109e-14
threshold=120.56701514689389 9.1714285714285726 108.29597571175894 10.250000000000002 845.00000000000011 338.15917216640435 1055.0000000000002 6.9559523809523816 85.833333333333357 0.66496598639455795 1.1144200626959251 1.0000000180025095e-35 25.476025454249932 0.48596938775510207 14.633333333333335 0.88975694444444453 24.418788088397786 2.0001106541743461 45.433499226272112 0.35708333333333336 5.291666666666667 13.121794871794874 4.5812500000000007 2.1690891472868219 1.0000000180025095e-35 1.4525153130671509
decision_type=8 8 10 10 10 10 10 10 10 10 10 8 10 8 10 10 10 8 10 8 8 8 8 8 8 10
left_child=2 7 8 4 17 6 -6 9 13 10 11 -2 -8 -1 15 19 -17 -4 24 -15 -19 -16 -11 -24 -3 -13
right_child=1 18 3 -5 5 -7 12 -9 -10 22 -12 25 -14 14 21 16 -18 20 -20 -21 -22 -23 23 -25 -26 -27
leaf_value=0.015687445576263014 -0.0077271621310432848 -0.096159856816523656 0.0080385758702920685 0.033377720037940331 0.025845631750991416 0.0290060749131217 0.010983197557228076 0.054063171760858841 0.028192777815812909 -0.0424948549084046 0.012778222098620583 -0.099999999999999978 -0.002857393296760677 -0.019734018859714011 -0.004890830261676183 -0.0095415612817866379 0.0088384667142405535 -0.014595183020289988 -0.013908714386994406 -0.0036594007868432964 -0.00069513003490171983 -0.024677556913179941 -0.10000000000000001 -0.065894284770681683 -0.10000000000000001 -0.10000000000000001
leaf_weight=393.81212615966797 41.730553150177002 441.25288745760918 796.67471122741699 692.7607479095459 907.73610210418701 1250.5419731140137 1206.8505363464355 34.810992687940598 188.28118371963501 66.02581188082695 131.47482639551163 15.4411698281765 1353.9481449127197 303.1411280632019 236.05575823783875 780.62776160240173 2103.1778721809387 574.1779088973999 16.77967643737793 3124.1280977725983 649.07243537902832 315.0196213722229 16.622092872858047 11.243457168340685 85.283225625753403 12.581758767366408
leaf_count=29 6 1535 30 14 24 13 29 9 8 25 37 38 41 42 23 91 174 29 1 445 39 36 33 12 278 40
internal_value=0.00191346 -0.0640874 0.00578782 0.0120854 0.00989662 0.0146471 0.00947009 -0.0144624 -0.000499247 -0.0225454 -0.00717959 -0.0447971 0.00366539 -0.00124376 -0.00221543 -0.000994152 0.00386311 -0.00120167 -0.0942224 -0.0050812 -0.00721964 -0.0162018 -0.0554774 -0.0862387 -0.0967818 -0.1
internal_weight=15749.3 873.246 14876 7431.76 6739 4719.08 3468.53 329.931 7444.24 295.12 201.228 69.7535 2560.8 7255.96 6862.15 6311.07 2883.81 2019.93 543.316 3427.27 1223.25 551.075 93.8914 27.8656 526.536 28.0229
internal_count=3081 2014 1067 219 205 107 94 200 848 191 121 84 70 840 811 752 265 98 1814 487 68 59 70 45 1813 78
is_linear=0
shrinkage=0.05


Tree=62
num_leaves=27
num_cat=0
split_feature=9 8 1 14 13 14 6 6 6 8 10 14 1 8 10 10 11 8 8 13 9 8 2 13 11 11
split_gain=1500.72 531.774 209.126 120.121 147.34 81.6227 80.1755 95.4849 64.0302 63.3568 63.2986 71.4643 56.8931 48.2243 46.4397 61.1007 34.8332 34.0105 34.6953 22.4544 23.8491 18.3115 17.9928 4.76984 2.27374e-13 1.42109e-14
threshold=11.091227957149913 10.565789473684212 73.254998752474805 13.500000000000002 10.250000000000002 83.000000000000014 25.063395072282379 338.15917216640435 116.87395621100653 0.48596938775510207 28.083333333333339 61.500000000000007 351.17994968203442 0.55893195988072664 11.055555555555557 7.9545454545454559 165.00000000000003 3.2554347826086958 2.5043859649122813 0.13888888888888892 27.569715535204015 1.0387838418564679 1.0000000180025095e-35 2.387959866220736 45.000000000000007 205.00000000000003
decision_type=10 8 10 10 10 10 10 10 10 8 10 8 10 10 10 10 10 10 10 10 10 10 8 8 10 10
left_child=1 10 9 12 6 24 -5 8 -8 -2 11 13 19 -1 15 17 22 18 -11 -4 -21 -18 -15 -17 -3 -26
right_child=2 5 3 4 -6 -7 7 -9 -10 14 -12 -13 -14 16 -16 23 21 -19 -20 20 -22 -23 -24 -25 25 -27
leaf_value=-0.0064979554943437705 0.018794434750728575 -0.10000000000000001 0.0026315052495433431 0.02700894751377558 0.035657505601032841 -0.013954027613951337 0.0093068389435608523 0.020489387719532837 -0.0035889588900815807 -0.003602760388669181 0.043243241022252167 0.025139551274089351 0.01278057539788393 -0.026576256815771884 -0.021849478801189526 0.0091346901112294016 -0.051728776550723332 -0.021101963001820465 0.018724494228827132 -0.019926701827440895 -0.0010600740984313272 -0.01349738178635039 -0.10000000000000001 0.018501721087405075 -0.099999999999999992 -0.10000000000000001
leaf_weight=99.673274427652359 354.63118171691895 444.13397496938705 302.77084350585938 688.354416847229 655.62639045715332 29.254600048065186 3341.5066614151001 1395.3981380462646 1352.0303049087524 4253.1697473526001 39.385049521923065 61.430044770240784 427.80432510375977 10.51284122467041 308.7186393737793 263.45306730270386 76.363571435213089 265.83117747306824 181.41820430755615 492.65140533447266 253.79368114471436 53.097827315330505 40.441033005714417 280.72039890289307 25.306257665157322 6.5401578247547141
leaf_count=28 26 1663 24 27 12 25 141 18 33 588 5 10 11 2 34 22 37 38 15 35 18 16 121 18 93 21
internal_value=0.00181947 -0.0613864 0.0055993 0.0104362 0.0130241 -0.0950177 0.0108346 0.00900606 0.00559205 -0.00169528 -0.0167774 -0.0236992 -0.00258739 -0.0344107 -0.00300374 -0.0018944 -0.0498315 -0.00373068 -0.00268936 -0.00885348 -0.013512 -0.0360484 -0.0848512 0.0139668 -0.1 -0.1
internal_weight=15704 886.139 14817.9 8909.94 7432.92 505.235 6777.29 6088.94 4693.54 5907.94 380.904 341.519 1477.02 280.089 5553.31 5244.59 180.415 4700.42 4434.59 1049.22 746.445 129.461 50.9539 544.173 475.98 31.8464
internal_count=3081 2021 1060 319 231 1802 219 192 174 741 219 214 88 204 715 681 176 641 603 77 53 53 123 40 1777 114
is_linear=0
shrinkage=0.05


Tree=63
num_leaves=27
num_cat=0
split_feature=9 12 1 9 14 2 4 12 14 8 12 12 4 14 4 1 4 14 5 9 12 3 8 7 5 3
split_gain=1397.18 502.505 196.542 119.784 111.746 152.232 81.4562 78.3989 67.9467 78.6893 55.4964 54.4279 108.68 50.3324 48.7706 48.5661 41.7011 37.4023 32.7115 39.074 28.2979 23.4042 19.9211 8.57235 2.27374e-13 2.84217e-14
threshold=120.56701514689389 9.1714285714285726 108.29597571175894 29.017566753356178 13.500000000000002 inf 2.9245014245014249 2.2611708848642649 18.500000000000004 0.67315444696397086 85.833333333333357 3.4984716157205242 3.6120401337792649 83.000000000000014 7.5500000000000007 274.12704392269058 14.633333333333335 1.0000000180025095e-35 383.50000000000006 23.952474602883967 2.2006739012898744 13.121794871794874 1.025320512820513 47.500000000000007 323.50000000000006 4.9750000000000005
decision_type=8 8 10 10 10 8 10 10 8 10 10 8 10 10 8 10 10 8 10 10 8 8 10 8 10 8
left_child=2 8 10 4 7 11 -5 -4 9 -2 16 12 -6 15 20 24 17 -1 22 -20 -10 -18 -19 25 -3 -11
right_child=1 13 3 6 5 -7 -8 -9 14 23 -12 -13 -14 -15 -16 -17 21 18 19 -21 -22 -23 -24 -25 -26 -27
leaf_value=0.020040644896165714 -0.0089590265030101267 -0.10000000000000001 0.0096067313382074901 0.0063072742367340454 0.0027587114343325015 0.029869783881986085 -0.021558537401691738 -0.020379685520765571 -0.036311369852690303 -0.10000000000000001 0.026424158226157759 0.0028732882977537074 0.023807768184551836 -0.020361771764855988 0.038424113813072452 -0.013355334712909426 -0.0028348878599905609 -0.0035821226611895459 -0.0093298788909746827 0.0040947233390978494 0.011917211405477848 -0.02335213200332581 -0.0167616480888917 -0.054083079933381545 -0.10000000000000001 -0.10000000000000001
leaf_weight=222.8885383605957 76.865285485982895 449.3015661239624 536.37489700317383 706.72699165344238 1020.4680433273315 1513.0068664550781 416.99044322967529 367.19144153594971 64.815402805805206 11.976431161165236 186.51988840103149 1309.6165142059326 1536.6547117233276 22.481450200080872 71.034959763288498 16.766782760620117 249.54089164733887 2083.1892321109772 644.73017430305481 3402.8368725776672 57.305740833282471 313.75463676452637 332.47707605361938 13.707345962524412 7.3485258519649497 27.353224337100983
leaf_count=24 25 1766 26 30 29 38 17 18 23 26 8 34 27 24 19 1 24 323 79 304 20 36 50 1 23 86
internal_value=0.00172946 -0.0618479 0.00523733 0.0110021 0.0136911 0.0164237 -0.00403321 -0.00257915 -0.013323 -0.0412844 -0.000505045 0.0111625 0.0154077 -0.0934601 0.0054818 -0.0969313 -0.0011979 -9.71942e-05 -0.00079166 0.00195634 -0.01368 -0.014263 -0.00539607 -0.0881328 -0.1 -0.1
internal_weight=15661.9 818.957 14843 7407.03 6283.31 5379.75 1123.72 903.566 323.058 129.902 7435.94 3866.74 2557.12 495.898 193.156 473.417 7249.42 6686.12 6463.23 4047.57 122.121 563.296 2415.67 53.037 456.65 39.3297
internal_count=3081 2014 1067 219 172 128 47 44 200 138 848 90 56 1814 62 1790 840 780 756 383 43 60 373 113 1789 112
is_linear=0
shrinkage=0.05


Tree=64
num_leaves=31
num_cat=0
split_feature=9 12 1 1 14 13 14 3 5 7 3 7 0 6 6 13 5 4 7 14 13 13 2 12 14 5 2 13 12 5
split_gain=1300.56 510.669 172.512 105.702 130.108 141.382 83.7283 65.1093 65.688 51.2224 44.5421 91.8655 51.4598 38.2856 48.8847 36.5927 32.2952 36.9098 45.6799 23.868 23.3022 29.5365 54.1291 19.9376 18.0973 17.5582 7.08456 2.98841 2.92602 2.27374e-13
threshold=11.091227957149913 46.000000000000007 73.254998752474805 2790.8439524722107 16.500000000000004 6.3095238095238102 83.000000000000014 3.1837500000000003 827.50000000000011 20.500000000000004 2.8388888888888895 34.500000000000007 3.3744612770230247 29.499460218458839 23.969715580063632 1.4031250000000002 2114.0000000000005 14.633333333333335 55.500000000000007 49.500000000000007 1.0000000180025095e-35 4.2771739130434794 7.4975248761124567 8.8299062049062069 22.500000000000004 471.00000000000006 1.0001267461017174 1.3580586080586083 1.2605411520873147 315.50000000000006
decision_type=10 8 10 10 10 10 10 8 10 10 8 10 10 10 10 10 10 10 10 10 8 10 8 10 8 10 8 10 8 10
left_child=1 9 10 4 15 7 29 19 -9 20 11 13 27 14 -2 25 17 18 -14 -6 -1 22 -22 -19 -11 -4 -16 -12 -24 -3
right_child=2 6 3 -5 5 -7 -8 8 -10 24 12 -13 16 -15 26 -17 -18 23 -20 -21 21 -23 28 -25 -26 -27 -28 -29 -30 -31
leaf_value=0.0085055236045658202 0.011215115381709143 -0.10000000000000001 -0.0064321245225600066 0.028925907085769531 0.0039808060808685019 0.028403754235362001 -0.012497569004819306 0.00031827992189247868 0.01409788776279983 0.018141463455930245 -0.033470970051891133 0.028991999550420439 -0.00054449535863748417 0.018893780685458928 -0.014509590795539274 -0.015259858269685057 0.016423608759964355 -0.0086493830257105553 -0.02036911284359734 -0.010840459136091739 -0.026040025488273784 0.0074361785650705588 -0.070547277675216041 -0.032883317692935114 -0.011980684762265374 0.0066007486696593072 -0.029270469330034729 -0.02132117020696395 -0.10000000000000001 -0.10000000000000001
leaf_weight=25.298377215862274 186.21070671081543 424.35188974440098 475.88786506652832 647.40877532958984 575.3681640625 994.85032939910889 29.193706750869751 1160.4904985427856 3395.1977214813232 89.072184026241302 113.72561502456665 343.81087303161621 3801.8285417556763 156.82643938064575 191.37059926986694 553.99364566802979 215.8523006439209 197.68998861312866 314.61914253234863 514.56175231933594 73.40029239654541 23.884967833757401 10.764769494533537 148.72072696685791 113.2766005396843 565.54184055328369 141.31453657150269 91.194598436355591 38.925172299146652 5.8117416054010382
leaf_count=20 21 1754 39 6 22 20 25 64 88 19 25 19 510 13 26 32 11 24 33 18 10 13 20 19 23 30 22 18 116 21
internal_value=0.00164386 -0.0591057 0.00507023 0.00947276 0.00794358 0.011024 -0.0944389 0.00796136 0.0105877 -0.0157805 -0.00155486 0.00795083 -0.00353932 -0.00275503 -0.00929797 -0.0048776 -0.00246518 -0.00337876 -0.00205969 -0.00301639 -0.035818 -0.0434473 -0.0533209 -0.0190535 0.00127882 0.000645295 -0.0207796 -0.028064 -0.0936194 -0.1
internal_weight=15620.4 833.98 14786.5 8883.3 8235.89 6640.47 459.357 5645.62 4555.69 374.622 5903.16 1019.53 4883.63 675.722 518.896 1595.42 4678.71 4462.86 4116.45 1089.93 172.274 146.975 123.09 346.411 202.349 1041.43 332.685 204.92 49.6899 430.164
internal_count=3081 2021 1060 319 313 212 1800 192 152 221 741 101 640 82 69 101 597 586 543 40 179 159 146 43 42 69 48 43 136 1775
is_linear=0
shrinkage=0.05


Tree=65
num_leaves=24
num_cat=0
split_feature=9 12 1 2 11 1 2 12 12 9 7 8 12 14 13 0 12 9 5 7 12 3 5
split_gain=1058.71 568.132 140.002 89.73 101.649 86.4513 79.8458 87.8386 211.097 80.6198 75.3367 66.4232 62.7319 51.6843 49.8197 49.4075 49.3808 41.1279 35.7902 44.4284 27.0086 8.77293 2.27374e-13
threshold=120.56701514689389 9.1714285714285726 2790.8439524722107 1.0000000180025095e-35 505.00000000000006 48.738679723598217 0.40215434047730408 3.6134366925064607 3.3979768786127171 24.474185795250719 20.500000000000004 11.452380952380954 7.9137445887445894 83.000000000000014 1.0000000180025095e-35 45.433499226272112 0.91290533594991141 25.847059313763236 1992.5000000000002 62.500000000000007 1.4295959380947614 1.9509456264775416 403.50000000000006
decision_type=8 8 10 8 8 10 8 8 8 10 10 10 10 10 8 10 8 10 10 10 8 8 10
left_child=2 3 5 -2 10 16 -7 8 9 -8 12 17 14 15 -5 22 -1 -9 19 20 -18 -6 -3
right_child=1 13 -4 4 21 6 7 11 -10 -11 -12 -13 -14 -15 -16 -17 18 -19 -20 -21 -22 -23 -24
leaf_value=0.021069995349286653 0.012765953977373812 -0.10000000000000001 0.028505768337613393 0.023640478585785631 -0.05527908322295038 -0.012082129402699961 0.0150240085188566 -0.0052842861765303225 0.04392209592213607 0.00042901021925337675 0.061764385100295527 0.022979811053847356 0.057019726513738093 -0.018579156304928169 -0.10000000000000001 -0.01238235437165796 -0.019239093714182861 0.0041855318730801708 0.018458731949947415 -0.035275626294301331 -0.0034306786733085629 -0.10000000000000001 -0.10000000000000001
leaf_weight=194.99853420257568 210.44500255584717 405.21491938829422 539.64490509033203 11.049400329589844 14.570452302694321 633.91640758514404 1891.0588574409485 1953.4145450592041 450.65965175628662 1893.6600031852722 29.102281808853149 345.63698196411133 13.30845260620117 22.353504300117493 31.021458804607391 16.745449066162109 293.58421468734741 2775.8018398284912 160.06564426422119 122.68951654434204 3390.4076564311981 44.334653779864311 5.7074975669383994
leaf_count=15 21 1762 5 8 4 35 69 120 9 93 5 9 2 24 74 1 46 154 8 16 504 95 16
internal_value=0.000445566 -0.0554229 0.00351203 -0.00801788 -0.0385218 0.00255585 0.00508812 0.00625721 0.0115734 0.00772149 -0.00336883 0.00182044 -0.0375969 -0.0926954 -0.0675273 -0.0965693 -0.00349479 0.000274 -0.00470235 -0.00567624 -0.00469048 -0.0889381 -0.1
internal_weight=15449.4 803.853 14645.5 353.832 143.387 14105.9 9944.15 9310.23 4235.38 3784.72 84.4816 5074.85 55.3793 450.021 42.0709 427.668 4161.75 4729.22 3966.75 3806.68 3683.99 58.9051 410.922
internal_count=3095 2012 1083 209 188 1078 489 454 171 162 89 283 84 1803 82 1779 589 274 574 566 550 99 1778
is_linear=0
shrinkage=0.05


Tree=66
num_leaves=24
num_cat=0
split_feature=9 12 1 2 1 6 4 1 4 6 14 10 0 12 7 4 7 3 10 3 10 4 7
split_gain=986.667 550.772 126.976 83.6692 78.0978 88.5466 133.246 75.9256 72.6896 59.8503 52.4139 50.531 49.9618 44.6432 38.7808 29.838 27.5921 25.0536 32.3951 39.561 18.86 2.28748 2.27374e-13
threshold=120.56701514689389 9.1714285714285726 2790.8439524722107 1.0000000180025095e-35 48.738679723598217 116.87395621100653 31.250000000000004 384.63462501231743 8.9206349206349227 26.967605961939288 83.000000000000014 8.6862745098039227 45.433499226272112 0.91290533594991141 26.500000000000004 4.2219298245614043 17.500000000000004 2.6929292929292932 3.5058139534883725 3.7101677148846965 1.788888888888889 2.5192592592592598 11.500000000000002
decision_type=8 8 10 8 10 10 10 10 10 10 10 8 10 8 10 10 10 8 8 8 8 8 10
left_child=2 3 4 -2 13 6 7 9 11 -6 12 14 22 -1 16 -7 -5 20 -19 -20 -15 -22 -3
right_child=1 10 -4 8 5 15 -8 -9 -10 -11 -12 -13 -14 17 -16 -17 -18 18 19 -21 21 -23 -24
leaf_value=0.020061062218284575 0.012137554734516548 -0.10000000000000001 0.027191043179110492 -0.039948544274189257 0.010084714856208887 0.00077442788918061635 0.03199006480426754 0.017573846236339962 0.037692311332586166 -0.00024353781040127663 -0.017680738543420456 -0.10000000000000001 -0.011772269637946512 -0.0037505019538716777 -0.076163826186882125 -0.011157050618965542 0.038978998038419033 0.018083106369058022 -0.025862801888245246 -0.0027607238887715148 -0.01977625750472373 -0.029127015730262606 -0.10000000000000001
leaf_weight=194.5765061378479 210.27780961990356 385.57026782631874 537.50712966918945 22.482385754585266 2170.2830138206482 1284.6943635940552 511.80620622634888 1118.5727500915527 25.876664191484451 3965.705530166626 22.315887272357941 40.430391222238541 16.732931137084961 196.61514186859131 28.102885961532593 884.92129135131836 21.819747388362885 172.70629978179932 196.94879126548767 3136.5687811374664 137.13591766357422 125.03762006759644 5.3112188577651969
leaf_count=15 21 1763 5 34 155 33 15 23 12 241 24 119 1 26 16 22 7 18 26 462 20 22 15
internal_value=0.000420934 -0.0544127 0.00333974 -0.00774658 0.00243021 0.00483827 0.00733306 0.00559352 -0.0378895 0.00340954 -0.0922933 -0.0552228 -0.0963782 -0.00332191 -0.0302196 -0.00409207 -0.00107504 -0.00446939 -0.00303169 -0.00412563 -0.0154568 -0.0242359 -0.1
internal_weight=15412 778.92 14633.1 348.99 14095.6 9935.98 7766.37 7254.56 138.712 6135.99 429.93 112.835 407.614 4159.59 72.405 2169.62 44.3021 3965.01 3506.22 3333.52 458.789 262.174 390.881
internal_count=3095 2012 1083 209 1078 489 434 419 188 396 1803 176 1779 589 57 55 41 574 506 488 68 42 1778
is_linear=0
shrinkage=0.05


Tree=67
num_leaves=20
num_cat=0
split_feature=9 12 0 2 12 4 5 6 14 11 7 11 14 12 7 6 0 4 5
split_gain=919.615 583.544 93.0736 76.8061 75.2619 70.7188 74.985 79.7022 68.4238 66.9193 68.9294 60.7397 58.1739 53.1774 51.6654 36.6611 34.1593 18.2248 2.27374e-13
threshold=11.091227957149913 9.4781985083189912 330.00468088064855 1.0000000180025095e-35 85.833333333333357 30.500000000000004 827.50000000000011 116.87395621100653 49.500000000000007 505.00000000000006 20.500000000000004 615.00000000000011 83.000000000000014 7.9137445887445894 24.500000000000004 26.015946813521879 1.0000000180025095e-35 1.3390804597701151 455.50000000000006
decision_type=10 8 10 8 10 10 10 10 10 8 10 10 10 10 10 10 10 8 8
left_child=1 3 4 -1 5 6 11 8 -8 10 13 14 18 17 -2 -13 -11 -5 -3
right_child=2 12 -4 9 -6 -7 7 -9 -10 16 -12 15 -14 -15 -16 -17 -18 -19 -20
leaf_value=0.011539184544046491 -0.0021444639122713467 -0.10000000000000001 0.019941804586574588 -0.0057608791661016541 0.026504947643743473 0.016544766276669464 0.0022062024593305562 -0.005721068197668263 0.014443617944595684 -0.10000000000000001 0.058891148544604012 0.0010062807709264124 -0.01682301894391702 0.041608579994524164 0.014828399740286158 -0.019340633274513831 -0.029253696816450521 -0.069713507934218572 -0.10000000000000001
leaf_weight=210.12678670883179 5228.207535982132 362.97237688302994 788.07868766784668 14.615356653928757 313.22469878196716 758.51099443435669 2374.4470410346985 1352.8349628448486 2201.1861119270325 41.559301167726517 28.18269681930542 309.03433799743652 22.281878501176834 18.790169239044189 490.42024850845337 780.55895853042603 28.946658611297607 46.849032610654831 8.6284155398607236
leaf_count=21 643 1744 9 16 9 38 142 33 81 99 5 28 24 3 34 62 3 68 33
internal_value=0.000397435 -0.0523935 0.00322913 -0.00896162 0.0022753 0.00171292 0.000829639 0.0049409 0.00809322 -0.033035 -0.00837963 -0.00275036 -0.0952947 -0.0320029 -0.000688899 -0.0135698 -0.0709547 -0.0545065 -0.1
internal_weight=15379.5 782.953 14596.5 389.07 13808.4 13495.2 12736.7 5928.47 4575.63 178.943 108.437 6808.22 393.883 80.2546 5718.63 1089.59 70.506 61.4644 371.601
internal_count=3095 2016 1079 215 1070 1061 1023 256 223 194 92 767 1801 87 677 90 102 84 1777
is_linear=0
shrinkage=0.05


Tree=68
num_leaves=23
num_cat=0
split_feature=9 3 1 2 14 1 6 1 10 2 3 13 5 13 5 5 10 5 7 14 7 5
split_gain=856.294 509.669 107.077 99.8705 115.554 69.079 76.0134 89.0326 64.3843 64.1311 225.413 70.8909 35.3048 28.7605 28.1891 33.2961 42.6667 40.7253 28.1575 27.2213 4.75294 2.27374e-13
threshold=120.56701514689389 24.750000000000004 2790.8439524722107 1.0001267461017174 83.000000000000014 48.738679723598217 116.87395621100653 320.39778533465216 22.000000000000004 10.083433166746968 3.3038461538461541 3.8651315789473686 587.50000000000011 1.3580586080586083 1992.5000000000002 1127.5000000000002 6.6969696969696981 993.50000000000011 17.500000000000004 1.0000000180025095e-35 5.5000000000000009 356.50000000000006
decision_type=8 8 10 8 10 8 10 10 8 8 8 10 10 10 10 10 10 10 10 10 10 10
left_child=2 8 5 -3 21 14 7 9 12 11 -11 -7 18 -8 15 17 -17 19 20 -1 -2 -5
right_child=1 3 -4 4 -6 6 13 -9 -10 10 -12 -13 -14 -15 -16 16 -18 -19 -20 -21 -22 -23
leaf_value=0.014310651106206732 -0.017409177495309815 -0.0026781575498119269 0.024994973593478065 -0.10000000000000001 0.0047187771549247279 0.0012205586581403591 0.00172173222324683 0.017090712029569844 0.031405330377493164 0.039972018761944374 0.0032359156881549079 -0.024438650314670497 -0.052060832605677433 -0.009802944028454311 0.017384178208524465 -0.0044237623547444321 -0.036439885341308466 0.018760133141395605 0.013416112931679694 -0.0049198197654334785 -0.047882244818025922 -0.10000000000000001
leaf_weight=195.42497253417969 24.158836424350739 33.245804309844971 534.21174621582031 372.26860488951206 28.294313311576843 2549.4723191261292 1125.8793821334839 1646.0187549591064 100.91819030046463 491.79576683044434 2766.833146572113 300.95648050308228 54.354513078927994 1042.7139987945557 159.59279155731201 262.77184867858887 172.2925968170166 212.79459762573242 84.27591747045517 3153.7668838500977 27.205379039049149 9.8321973681449872
leaf_count=24 17 3 5 1855 25 159 29 37 18 11 206 21 24 26 8 25 21 14 16 497 23 31
internal_value=0.000375069 -0.0523019 0.00302271 -0.0860281 -0.0927803 0.00218908 0.00445566 0.00676973 -0.000869528 0.00398885 0.00878017 -0.00148861 -0.0180128 -0.00381962 -0.00322222 -0.00404499 -0.0171027 -0.00245011 -0.0043688 -0.00379772 -0.0335494 -0.1
internal_weight=15349.1 734.554 14614.5 443.641 410.395 14080.3 9923.67 7755.08 290.913 6109.06 3258.63 2850.43 189.995 2168.59 4156.64 3997.05 435.064 3561.99 135.64 3349.19 51.3642 382.101
internal_count=3095 2012 1083 1914 1911 1078 489 434 98 397 217 180 80 55 589 581 46 535 56 521 40 1886
is_linear=0
shrinkage=0.05


Tree=69
num_leaves=24
num_cat=0
split_feature=9 12 1 13 13 8 4 4 3 8 2 12 11 14 4 11 12 12 0 5 8 2 5
split_gain=795.869 552.51 96.5501 67.8421 77.2743 84.8716 97.6529 97.1092 70.4321 105.151 67.052 63.8017 62.547 58.6917 52.9116 45.8827 45.308 37.5087 34.1538 33.1084 32.3881 23.2176 2.84217e-14
threshold=11.091227957149913 9.4781985083189912 2790.8439524722107 6.3095238095238102 3.3452380952380958 1.8175416133162614 2.9245014245014249 2.3009433962264154 1.9791666666666667 3.2554347826086958 1.0000000180025095e-35 13.273895946763462 505.00000000000006 83.000000000000014 2.3495887191539371 325.00000000000006 7.9137445887445894 7.1229528848576473 1.0000000180025095e-35 1328.5000000000002 0.94538232373386311 5.5166148032558375 30.500000000000004
decision_type=10 8 10 10 10 8 10 8 10 8 8 8 8 10 10 10 10 8 10 10 10 8 10
left_child=1 10 3 4 5 7 17 19 9 -5 -1 21 15 -3 -9 16 20 -7 22 -2 -12 -6 -14
right_child=2 13 -4 8 11 6 -8 14 -10 -11 12 -13 18 -15 -16 -17 -18 -19 -20 -21 -22 -23 -24
leaf_value=0.010666902678786248 -0.0026524448141736177 -0.10000000000000001 0.023819692381729471 0.037874449650277843 -0.011159228914489734 0.020088665722864121 -0.025922628713583591 0.02143320323618049 -0.0009445443866501679 0.0060485068006230856 -0.0218076106759123 0.0033739791260882718 -0.10000000000000001 -0.016105851899572421 0.0063164934571839984 0.045029303590273705 0.039698308115350515 -0.0025104681661964699 -0.027995244791895246 -0.021787567346405287 -0.10000000000000001 -0.031463090075096407 -0.10000000000000001
leaf_weight=209.1269736289978 1323.4313132762909 336.23831428587437 532.58468246459961 446.86873483657837 237.92819309234619 195.03486442565918 453.32111144065857 650.01556706428528 709.05236053466797 619.08364582061768 36.612045139074326 369.94948530197144 6.7904337793588629 22.225508153438568 5288.2863442897797 29.888784021139145 18.606992244720459 3133.406379699707 28.835753440856934 272.62274360656738 20.748473450541496 344.90475225448608 31.608308777213097
leaf_count=21 122 1777 5 16 14 9 37 39 32 39 18 19 30 24 272 10 3 422 3 16 61 37 69
internal_value=0.000354227 -0.0502064 0.00292338 0.00213094 0.000809116 0.00196053 -0.0041514 0.00502833 0.0112674 0.0193906 -0.00838562 -0.0128662 -0.0314047 -0.0947984 0.00797119 -0.00745096 -0.0280989 -0.00118624 -0.0691184 -0.00592092 -0.0500914 -0.0231745 -0.1
internal_weight=15317.2 740.682 14576.5 14043.9 12268.9 11316.1 3781.76 7534.36 1775 1065.95 382.218 952.782 173.091 358.464 5938.3 105.856 75.9675 3328.44 67.2345 1596.05 57.3605 582.833 38.3987
internal_count=3095 2016 1079 1074 987 917 468 449 87 55 215 70 194 1801 311 92 82 431 102 138 79 51 99
is_linear=0
shrinkage=0.05


Tree=70
num_leaves=17
num_cat=0
split_feature=5 0 4 6 5 13 14 2 2 2 6 10 14 4 4 10
split_gain=690.089 358.979 117.544 186.098 117.425 136.006 104.584 98.1659 78.4799 53.7482 55.0499 71.679 49.1368 34.1531 58.0169 18.4472
threshold=59.500000000000007 3.4656357448295436 30.500000000000004 97.947654108036943 1383.0000000000002 0.69180871212121231 86.500000000000014 1.0000000180025095e-35 4.0751400363744308 7.0118849675789656 23.951484709849471 22.000000000000004 56.500000000000007 9.2428571428571455 6.9687500000000009 9.8619047619047642
decision_type=10 10 10 8 10 10 8 8 8 10 10 10 8 10 10 10
left_child=1 7 4 -4 9 -6 8 -1 -7 10 11 12 -2 14 -12 -15
right_child=2 -3 3 -5 5 6 -8 -9 -10 -11 13 -13 -14 15 -16 -17
leaf_value=-0.0041560513583892593 -0.018894334652428783 -0.0076021468722191387 -0.0024748695729670429 0.04090551804419687 0.028877220443002879 0.0015249565630690201 -0.0091771306647231068 -0.10000000000000001 0.021459710102112579 -0.02070967234716339 0.00080813661391951396 0.036219843395062283 0.0071247993555698004 -0.013577771093403426 0.019387727672557045 0.00083342498277406648
leaf_weight=29.58228588104248 913.18446369469166 226.16861867904663 492.70129156112671 496.21727040410042 705.52791738510132 1041.1655502319336 953.58849096298218 275.72937506437302 938.97134119272232 344.27100276947021 7295.9282946586609 76.672738671302795 226.44755077362061 592.61152410507202 445.84310245513916 355.13377285003662
leaf_count=4 506 37 37 9 17 39 31 1526 35 14 646 6 102 47 22 19
internal_value=0.00063726 -0.0553459 0.00263709 0.0192924 0.00145123 0.00916679 0.00442665 -0.0907135 0.0109779 -0.00128815 -0.000613167 -0.0105759 -0.0137243 0.000781358 0.00187812 -0.00817769
internal_weight=15409.7 531.48 14878.3 988.919 13889.3 3639.25 2933.73 305.312 1980.14 10250.1 9905.82 1216.3 1139.63 8689.52 7741.77 947.745
internal_count=3097 1567 1530 46 1484 122 105 1530 74 1362 1348 614 608 734 668 66
is_linear=0
shrinkage=0.05


Tree=71
num_leaves=26
num_cat=0
split_feature=5 0 4 6 5 13 14 9 10 7 4 7 6 13 7 11 14 1 6 9 3 14 5 5 5
split_gain=639.66 351.425 106.655 169.94 106.154 123.495 94.48 51.2936 124.067 56.0148 50.4251 50.2258 52.8996 49.8544 46.0801 63.8928 43.9953 41.0864 28.3743 23.0055 10.5804 10.3914 11.8515 18.3602 2.52689
threshold=59.500000000000007 3.4656357448295436 30.500000000000004 97.947654108036943 1383.0000000000002 0.69180871212121231 86.500000000000014 11.13761658075134 22.000000000000004 4.5000000000000009 9.2428571428571455 70.500000000000014 48.479930967901453 0.03509852216748769 48.500000000000007 775.00000000000011 62.500000000000007 556.75998687301217 11.109111289914191 26.905227129116252 2.7290209790209796 1.0000000180025095e-35 6.5000000000000009 7.5000000000000009 50.500000000000007
decision_type=10 10 10 8 10 10 8 10 10 10 10 10 10 8 10 10 10 10 10 10 10 8 10 10 8
left_child=1 13 4 -4 7 -6 11 8 9 18 14 12 -7 -1 15 -9 -11 -16 -2 20 -12 22 -15 -24 -25
right_child=2 -3 3 -5 5 6 -8 10 -10 16 19 -13 -14 21 17 -17 -18 -19 -20 -21 -22 -23 23 24 -26
leaf_value=-0.011290627392400238 -0.062695586718811341 -0.0072241288132367147 -0.0023511979956582288 0.039188343124840729 0.027548315078360155 0.0057997542035234844 -0.0087219499931869404 0.00052311667731156112 0.049307928398892836 -0.022403422257202082 -0.0097243901973083583 -0.0013663054369477104 0.025530681747589542 -0.10000000000000001 0.0025275603922301501 -0.017016336958691317 0.023151113466898611 0.018800594220022691 -0.0073451992565688523 -0.0016745204071672657 -0.022528848937781509 -0.10000000000000001 0.011601852636067332 -0.10000000000000003 -0.05843695686794529
leaf_weight=18.702768728137016 111.69986471533775 226.10489797592163 492.68658494949341 492.16926470398903 702.65967917442322 669.09462702274323 953.19696617126465 6346.2054147720337 64.19173800945282 282.20392562448978 304.01730966567993 618.88824272155762 690.03414535522461 21.926837682723999 1096.538366317749 565.49794054031372 65.256808593869209 600.19144630432129 29.208389520645142 437.10581064224243 343.74588680267334 228.22105711698532 8.1635475158691424 8.3271845132112468 6.5202879160642633
leaf_count=10 328 37 37 9 17 46 31 654 4 153 22 16 12 129 64 50 20 9 7 31 20 1336 1 49 5
internal_value=0.000604708 -0.0540158 0.002508 0.0184077 0.00137981 0.0087222 0.00420928 -0.00122429 -0.0160417 -0.0246314 -0.000379633 0.0104408 0.0158172 -0.0902653 0.000900585 -0.000911917 -0.0138478 0.00828389 -0.0512222 -0.0105382 -0.0165193 -0.0956726 -0.0736955 -0.0486303 -0.0817475
internal_weight=15382.6 517.967 14864.6 984.856 13879.7 3633.87 2931.21 10245.9 552.561 488.369 9693.3 1978.02 1359.13 291.862 8608.43 6911.7 347.461 1696.73 140.908 1084.87 647.763 273.159 44.9379 23.011 14.8475
internal_count=3097 1567 1530 46 1484 122 105 1362 512 508 850 74 58 1530 777 704 173 73 335 73 42 1520 184 55 54
is_linear=0
shrinkage=0.05


Tree=72
num_leaves=18
num_cat=0
split_feature=5 0 2 4 6 5 13 14 2 2 6 10 6 10 8 6 5
split_gain=592.502 343.66 100.242 96.7269 155.033 95.9681 112.063 85.4836 66.2819 46.7692 46.6198 58.4333 46.3762 33.2891 31.7116 13.0299 1.13687e-13
threshold=59.500000000000007 1.5899491651651918 1.0000000180025095e-35 30.500000000000004 97.947654108036943 1383.0000000000002 0.69180871212121231 86.500000000000014 4.0751400363744308 7.0118849675789656 23.951484709849471 22.000000000000004 23.851277154712623 2.8062500000000004 0.40970480416747063 32.522531663961395 43.500000000000007
decision_type=10 10 8 10 8 10 10 10 8 10 10 10 8 8 10 10 10
left_child=1 2 -1 5 -5 9 -7 8 -8 10 11 12 -2 15 -15 -12 -4
right_child=3 -3 16 4 -6 6 7 -9 -10 -11 13 -13 -14 14 -16 -17 -18
leaf_value=0.0067529967490830142 -0.005401138841515613 -0.0078263403209582749 -0.10000000000000001 -0.0022336999415359391 0.037517221375935612 0.026270666050044047 0.0010455071873297318 -0.0085859843520199024 0.019239371232289432 -0.019311128403661303 -0.018768826115409181 0.032887337412797389 -0.026829836845609623 -0.002865746518987587 0.0037571496828568869 -0.0033733531640858642 -0.10000000000000001
leaf_weight=24.114553928375244 755.72373008728027 231.43297624588013 226.96385496854782 492.67330694198608 488.48431041836739 700.05996626615524 1040.3936967849731 923.33020544052124 964.82853639125824 343.15171337127686 278.12216424942017 75.425405263900757 379.1726089566946 2710.3250756263733 5425.6083641052246 271.69166660308838 22.666146472096443
leaf_count=3 123 38 1391 37 9 17 39 30 36 14 37 6 485 335 353 9 135
internal_value=0.000573695 -0.0526774 -0.090596 0.00238535 0.0175569 0.00131195 0.00829898 0.00400291 0.00979963 -0.00116413 -0.000534878 -0.0097283 -0.0125605 0.000746186 0.00155086 -0.0111611 -0.1
internal_weight=15354.2 505.178 273.745 14849 981.158 13867.8 3628.61 2928.55 2005.22 10239.2 9896.07 1210.32 1134.9 8685.75 8135.93 549.814 249.63
internal_count=3097 1567 1529 1530 46 1484 122 105 75 1362 1348 614 608 734 688 46 1526
is_linear=0
shrinkage=0.05


Tree=73
num_leaves=21
num_cat=0
split_feature=5 0 2 14 12 0 9 13 6 11 3 12 2 14 5 14 14 5 5 5
split_gain=548.609 336.301 99.144 82.1403 93.4418 89.7784 85.9545 96.2158 113.98 70.2145 100.992 69.9386 60.3104 51.3748 21.1598 8.52274 9.33719 1.20653 1.13687e-13 2.84217e-14
threshold=59.500000000000007 1.5899491651651918 1.0000000180025095e-35 232.50000000000003 0.77350601538360408 1.5859684076588467 33.096796541860819 10.250000000000002 96.605039253428586 285.00000000000006 3.3038461538461541 12.102941176470589 1.0000000180025095e-35 83.000000000000014 711.50000000000011 53.500000000000007 46.500000000000007 331.50000000000006 54.500000000000007 305.50000000000006
decision_type=10 10 8 10 10 10 10 10 8 8 10 10 8 10 10 8 10 10 10 10
left_child=1 2 -1 4 5 12 7 9 -9 11 -11 -6 -2 19 15 16 -7 -17 -4 -14
right_child=3 -3 18 -5 6 14 -8 8 -10 10 -12 -13 13 -15 -16 17 -18 -19 -20 -21
leaf_value=0.0064168113213435851 0.0017460866205214658 -0.0074373029359561318 -0.10000000000000001 0.027054149085382284 -0.0034623351402724607 -0.0023471539422488005 -0.019810367674554637 0.0037568877622415359 0.036980164256159881 0.010568681729972013 -0.00035353541678871501 -0.040115732379031342 -0.10000000000000001 -0.0090132936348738691 -0.015862848203732922 -0.010325487584118595 0.0095511432600494175 -0.0051956711681524865 -0.10000000000000001 -0.10000000000000001
leaf_weight=24.109192848205566 38.959563255310059 231.36387157440186 230.58545497059822 326.89369297027588 1225.39327301085 2096.5657420158386 370.81392383575439 557.31883692741394 480.92629751563072 4035.1126923859119 4451.0651844143867 145.61014702916145 51.086375117301941 21.527610838413239 344.07247042655945 334.66165494918823 178.96164393424988 174.33385348320007 6.8699476420879355 4.4556124508380881
leaf_count=3 5 38 1484 8 190 283 28 34 10 254 243 23 286 24 30 49 15 24 42 24
internal_value=0.00054413 -0.0513494 -0.0901912 0.00226809 0.00170973 -0.00576682 0.00386294 0.00466863 0.0191463 0.00314372 0.0048399 -0.00735518 -0.048955 -0.074585 -0.00416512 -0.00271968 -0.0014114 -0.0085685 -0.1 -0.1
internal_weight=15330.7 492.928 261.565 14837.8 14510.9 3244.62 11266.2 10895.4 1038.25 9857.18 8486.18 1371 116.029 77.0696 3128.6 2784.52 2275.53 508.996 237.455 55.542
internal_count=3097 1567 1529 1530 1522 740 782 754 44 710 497 213 339 334 401 371 298 73 1526 310
is_linear=0
shrinkage=0.05


Tree=74
num_leaves=23
num_cat=0
split_feature=5 0 2 4 6 7 0 6 10 9 9 3 8 11 4 0 4 3 2 4 6 5
split_gain=507.67 328.683 98.068 79.7827 133.298 82.788 95.4427 87.9061 80.1824 64.9169 146.494 124.353 60.1078 54.1679 39.0888 33.3846 32.7164 32.397 27.7938 26.1921 16.4349 1.13687e-13
threshold=59.500000000000007 1.5899491651651918 1.0000000180025095e-35 30.500000000000004 97.947654108036943 23.500000000000004 1.0000000180025095e-35 650.94224040448682 1.9375000000000002 23.806570583602014 24.418788088397786 3.5058139534883725 1.0042372881355934 575.00000000000011 21.833333333333339 17.127395040745927 7.1168831168831179 7.9687500000000009 1.0000000180025095e-35 4.3452380952380958 28.890711827964665 55.500000000000007
decision_type=10 10 8 10 8 10 10 8 10 10 10 8 8 10 10 10 10 10 8 10 10 10
left_child=1 2 -1 5 -5 6 8 9 14 15 11 -11 -9 -12 18 -7 17 19 -2 -8 -18 -4
right_child=3 -3 21 4 -6 7 16 12 -10 10 13 -13 -14 -15 -16 -17 20 -19 -20 -21 -22 -23
leaf_value=0.0060972281280331679 -0.026531541364543838 -0.0070673941163079557 -0.10000000000000001 -0.0022986084823762732 0.034700322690297304 -0.00051694880906246355 -0.00094441337440552054 0.0064427491370691497 0.012146634158944266 0.035589996987906221 0.015416576012394604 0.0019268309778010446 0.035554032475723828 -0.00063982724754165258 0.060143885866636215 -0.022042188238706215 -0.022421211629528974 0.021930169286606783 -0.079120767755768262 -0.020915066900852722 -0.0052397343168537952 -0.10000000000000001
leaf_weight=24.104354381561279 34.257816314697266 231.30148315429688 220.65572649240494 492.50531005859375 481.36584758758545 354.98551678657532 4655.2891178131104 348.80209249258041 55.971961602568626 628.52684545516968 586.99096584320068 486.83046817779541 360.66051110625267 4995.8506317138672 6.5473289489746085 365.70171737670898 274.72981405258179 150.21423625946045 94.235914632678032 170.18439817428589 282.1007227897644 5.2188421934843054
leaf_count=3 6 38 1493 37 9 32 558 30 27 17 31 25 10 239 1 15 36 11 411 19 16 33
internal_value=0.000515542 -0.0500232 -0.0897695 0.00215615 0.0159893 0.0011836 -0.00342287 0.00442722 -0.0381716 0.00281927 0.00435344 0.0208967 0.0212417 0.00104837 -0.0590276 -0.0114396 -0.00222315 -0.000936898 -0.0650999 -0.00164874 -0.0137168 -0.1
internal_weight=15307 481.28 249.979 14825.8 973.871 13851.9 5723.53 8128.35 191.013 7418.89 6698.2 1115.36 709.463 5582.84 135.041 720.687 5532.52 4975.69 128.494 4825.47 556.831 225.875
internal_count=3097 1567 1529 1530 46 1484 1085 399 445 359 312 42 40 270 418 47 640 588 417 577 52 1526
is_linear=0
shrinkage=0.05


Tree=75
num_leaves=18
num_cat=0
split_feature=5 1 13 1 14 3 8 5 14 5 13 5 1 8 12 5 5
split_gain=481.125 263.015 130.183 123.994 95.7332 110.943 90.7069 83.3315 48.1288 47.5735 42.7534 53.0998 161.479 52.8776 36.88 17.3736 1.13687e-13
threshold=50.500000000000007 20.794729768354152 6.3095238095238102 504.31928615476539 80.500000000000014 6.5871212121212128 0.20416666666666669 587.50000000000011 36.500000000000007 3606.5000000000005 0.14729064039408871 153.50000000000003 11.110393562456293 0.6024691358024693 21.563348416289596 1553.5000000000002 42.500000000000007
decision_type=10 10 10 10 10 8 8 10 10 10 8 10 10 10 10 10 10
left_child=1 6 3 9 5 -4 -1 8 -7 10 13 12 -12 -2 -13 -5 -8
right_child=2 -3 4 15 -6 7 16 -9 -10 -11 11 14 -14 -15 -16 -17 -18
leaf_value=4.6791961850967471e-05 0.036718156833273133 -0.007324290191824118 -0.017732689350485317 0.005179316755475229 0.035590034763170346 0.014972846087395214 -0.10000000000000001 -0.00010890025464906513 0.042517427326250842 -0.03026571944536335 -0.10000000000000001 -0.0014837541575278852 -0.0090039675411722232 -0.004116695007840664 -0.022577833007578967 0.013492430716771205 -0.10000000000000001
leaf_weight=25.48428013920784 154.45183897018433 173.50524139404297 325.41071662306786 1165.5983810424805 400.81407594680786 355.75695444643497 193.85492378473282 491.28348565101624 286.14676669239998 154.41626834869385 54.161139532923698 8787.4393739849329 488.35903191566467 162.88194328546524 212.21346850693226 1363.9331169128418 10.247564166784285
leaf_count=7 9 30 14 25 10 37 1384 32 11 9 315 993 80 35 25 19 73
internal_value=9.30736e-05 -0.0537839 0.00160092 -0.00022929 0.0139474 0.00800016 -0.0888947 0.0153897 0.0272516 -0.00272779 -0.0022965 -0.00289693 -0.0180883 0.0157583 -0.00198116 0.00966178 -0.1
internal_weight=14806 403.092 14402.9 12543.5 1859.41 1458.6 229.587 1133.19 641.904 10013.9 9859.51 9542.17 542.52 317.334 8999.65 2529.53 204.102
internal_count=3108 1494 1614 1510 104 94 1464 80 48 1466 1457 1413 395 44 1018 44 1457
is_linear=0
shrinkage=0.05


Tree=76
num_leaves=24
num_cat=0
split_feature=5 0 6 3 2 6 5 0 4 11 3 4 6 1 0 3 3 1 2 2 5 5 11
split_gain=445.988 257.068 98.215 147.743 96.0499 48.3073 73.8995 123.434 46.5971 78.5093 45.5062 48.1754 48.429 59.899 43.6495 41.918 61.3721 36.1338 22.811 17.099 0.334636 1.13687e-13 2.84217e-14
threshold=50.500000000000007 3.4656357448295436 108.14565089876653 8.3818181818181845 1.0000000180025095e-35 24.418788088397786 161.50000000000003 1.5859684076588467 8.9206349206349227 585.00000000000011 1.0238095238095239 35.250000000000007 26.991870927708931 26.944106522329893 103.02133483177687 3.2182539682539688 2.7763392857142861 384.63462501231743 0.50599580270822619 1.0000000180025095e-35 124.50000000000001 13.500000000000002 55.000000000000007
decision_type=10 10 10 8 8 10 10 10 10 10 8 10 10 10 10 10 10 10 10 8 10 10 10
left_child=1 4 5 14 -1 6 7 19 15 -10 -7 12 13 -12 -4 16 -8 -14 -17 -2 -9 -6 -21
right_child=2 -3 3 -5 21 10 8 20 9 -11 11 -13 17 -15 -16 18 -18 -19 -20 22 -22 -23 -24
leaf_value=0.0057911122228539395 -0.041629814438884687 -0.0069599441792617947 -0.0061680057578758453 0.026558797062740426 -0.10000000000000001 0.020077027302100096 -0.0065819333414455011 -0.0096212079012382001 -0.012122213765642497 0.034274955731786717 -0.0027676687552014561 -0.017844421985234771 -0.0027959913901311338 0.013852067624231485 0.0073424695791380864 -0.029122542322310131 0.025035826459336521 0.011493255439019131 -0.0069497187892426987 -0.10000000000000001 -0.013615467303218894 -0.10000000000000001 -0.10000000000000001
leaf_weight=24.099953174591064 16.114331722259521 173.4598650932312 887.53064155578613 874.50251960754395 96.328931078314781 301.26463651657104 1258.5118633210659 109.9135959148407 171.97056582570076 194.06504535675049 900.08300971984863 350.48398780822754 4835.8553805351257 1363.2647256851196 1831.5297908782959 277.15299901366234 174.79577079415321 486.97198295593262 199.48640155792236 46.726261511445045 100.27743148803711 99.203700348734856 9.9436005204915983
leaf_count=3 3 30 31 17 718 15 336 22 33 11 120 29 405 95 29 66 16 11 16 287 19 743 53
internal_value=8.67671e-05 -0.0524583 0.0015221 0.00868202 -0.0883917 -0.000860962 -0.0068617 -0.0309591 -0.00386565 0.0124767 0.00100306 0.000279035 0.00111634 0.00724277 0.0029325 -0.00699761 -0.00272606 -0.0014887 -0.0198426 -0.0870769 -0.0115268 -0.1 -0.1
internal_weight=14783.5 393.092 14390.4 3593.56 219.633 10796.9 2558.96 282.975 2275.98 366.036 8237.92 7936.66 7586.18 2263.35 2719.06 1909.95 1433.31 5322.83 476.639 72.7842 210.191 195.533 56.6699
internal_count=3108 1494 1614 77 1464 1537 862 384 478 44 675 660 631 215 60 434 352 416 82 343 41 1461 340
is_linear=0
shrinkage=0.05


Tree=77
num_leaves=22
num_cat=0
split_feature=5 0 13 1 8 14 5 14 9 5 0 11 7 9 7 11 9 13 13 8 5
split_gain=413.919 130.864 119.054 108.824 87.4522 86.2326 86.5815 104.154 49.2917 176.018 89.2029 67.742 67.7728 57.7232 45.9399 42.9411 42.8792 32.4407 29.7342 29.556 1.13687e-13
threshold=31.500000000000004 3.4656357448295436 6.3095238095238102 1145.7767760826366 0.20416666666666669 80.500000000000014 552.50000000000011 31.500000000000004 33.353520542528592 183.50000000000003 16.50833372535131 955.00000000000011 34.500000000000007 30.352715258803759 70.500000000000014 1515.0000000000002 30.634085034222487 18.500000000000004 2.7032967032967039 0.65934065934065944 4.5000000000000009
decision_type=10 10 10 10 8 10 8 10 8 10 10 10 10 10 10 10 10 10 8 8 8
left_child=1 4 3 8 -1 6 7 -4 13 10 19 12 -11 14 15 -2 -15 -8 -18 -10 -6
right_child=2 -3 5 -5 20 -7 17 -9 9 11 -12 -13 -14 16 -16 -17 18 -19 -20 -21 -22
leaf_value=3.5674493430513792e-05 -0.0027549193220801583 -0.0064406754760086551 -0.0060231799830342226 0.01225468591623826 -0.10000000000000001 0.033670860884400418 -0.015345598364654316 0.035837814248364963 -0.034949831478976998 -0.0065153878573648728 -0.010172809098868731 -0.028582061130173919 0.030831795294939197 0.0198683925043741 -0.017478605599105725 0.017377322843503986 0.0076131811705043868 0.0049990755356819089 -0.0078118239955383782 -0.10000000000000001 -0.10000000000000001
leaf_weight=25.412824124097824 7645.8937494754791 72.412616729736328 230.41313810646534 1468.2204055786133 46.465376734733582 397.50359296798706 338.92240631580353 418.44559308886528 21.906811088323593 360.15017041563988 58.588394641876221 190.30532148480415 183.29575783014297 466.01655578613281 514.30645561218262 274.37268543243408 913.99784374237061 464.46544206142426 474.68134927749634 86.058981344103813 109.25669759511948
leaf_count=7 747 14 34 18 368 10 24 17 5 174 6 24 20 23 26 9 55 19 59 588 861
internal_value=8.0645e-05 -0.0632532 0.00118753 -0.000543971 -0.0859652 0.0130361 0.00738806 0.0209728 -0.00222332 -0.0134422 -0.0598457 -0.00290902 0.00608123 -0.00124168 -0.00299782 -0.0020575 0.00674467 -0.00358366 0.00234057 -0.086801 -0.1
internal_weight=14761.1 253.548 14507.5 12657.8 181.135 1849.75 1452.25 648.859 11189.6 900.305 166.554 733.751 543.446 10289.3 8434.57 7920.27 1854.7 803.388 1388.68 107.966 155.722
internal_count=3108 1250 1858 1754 1236 104 94 51 1736 817 599 218 194 919 782 756 137 43 114 593 1229
is_linear=0
shrinkage=0.05


Tree=78
num_leaves=17
num_cat=0
split_feature=5 0 13 6 2 14 3 5 0 6 12 10 0 4 0 14
split_gain=385.846 128.279 107.816 105.303 92.3835 78.4841 97.0335 68.8168 59.9799 56.8724 254.47 107.817 46.5038 41.7291 43.1886 38.8682
threshold=31.500000000000004 3.4656357448295436 6.3095238095238102 650.94224040448682 1.0000000180025095e-35 80.500000000000014 6.5871212121212128 587.50000000000011 441.95599267418612 489.92649165660151 8.0685185185185198 13.121794871794874 91.87130359420307 26.375000000000004 59.500744724427896 36.500000000000007
decision_type=10 10 10 10 8 10 8 10 10 8 8 8 10 10 10 10
left_child=1 4 3 8 -1 6 -4 15 9 13 11 -11 -12 14 -2 -8
right_child=2 -3 5 -5 -6 -7 7 -9 -10 10 12 -13 -14 -15 -16 -17
leaf_value=0.0055007013047644639 -0.0019026220114939805 -0.0061199123320620089 -0.017049722330568059 0.02089667525940794 -0.10000000000000001 0.032169819181044841 0.013839689746991341 -9.2481077194832989e-05 0.020687935767446833 -0.015740384478030462 -0.10000000000000001 0.030398550481030896 -0.023557128733039695 -0.016797621978051656 0.0069242691872619059 0.038754366294605824
leaf_weight=24.095989227294922 9008.4520237445831 72.397972106933594 324.53383010625839 549.13894271850586 149.44424586743116 395.30651187896729 354.15715757012367 489.9094765484333 297.37088394165039 452.86293530464172 91.038924172520638 175.75644697248936 25.459295272827148 410.14494395256042 1637.7070188522339 280.53957659006119
leaf_count=3 887 14 14 6 1233 10 37 32 3 77 619 88 1 31 42 11
internal_value=7.50321e-05 -0.0620276 0.00112892 -0.000517965 -0.0853513 0.0124221 0.00703523 0.0139856 -0.00148993 -0.00204877 -0.0154192 -0.00284034 -0.0832943 -0.00114769 -0.000544774 0.0248521
internal_weight=14738.3 245.938 14492.4 12647.9 173.54 1844.45 1449.14 1124.61 12098.8 11801.4 745.118 628.619 116.498 11056.3 10646.2 634.697
internal_count=3108 1250 1858 1754 1236 104 94 80 1748 1745 785 165 620 960 929 48
is_linear=0
shrinkage=0.05


Tree=79
num_leaves=19
num_cat=0
split_feature=5 0 13 6 1 10 6 6 5 10 13 3 3 13 3 14 5 14
split_gain=359.578 125.684 97.6116 95.2439 75.166 71.9525 85.9655 51.6425 236.337 82.9066 47.3652 38.0837 38.8357 23.7327 17.273 9.66481 15.428 9.10994
threshold=31.500000000000004 3.4656357448295436 6.3095238095238102 650.94224040448682 2790.8439524722107 10.679487179487181 97.795746882229579 489.92649165660151 171.50000000000003 13.267857142857144 0.03509852216748769 10.679487179487181 8.4500000000000011 7.5500000000000007 1.6781609195402301 1.0000000180025095e-35 6.5000000000000009 33.500000000000007
decision_type=10 10 10 10 10 8 8 8 10 10 8 10 10 10 8 8 10 10
left_child=1 10 3 4 7 -4 13 11 14 -10 -1 12 -2 -7 -9 16 -12 -15
right_child=2 -3 5 -5 -6 6 -8 8 9 -11 15 -13 -14 17 -16 -17 -18 -19
leaf_value=-0.0076691020088204206 -0.0011559032762136019 -0.0058150065592341245 -0.0046192077636861189 0.019895316771266235 0.026071086533982275 0.022068714606076439 0.040110629549095 -0.045278418229377337 -0.011529135768198777 0.038932120721965308 -0.099999999999999978 -0.016787839465042947 0.015221304385843468 -0.00085430259367659316 -0.10000000000000001 -0.10000000000000001 -0.023665746792951511 0.010570466894083076
leaf_weight=17.796164333820343 10357.901046037674 72.384753704071045 488.15716010332108 547.96991348266602 243.68212127685547 315.36868143081665 326.70967195928097 17.8644158244133 551.08869172632694 95.504247307777405 15.267260491847994 375.2704005241394 375.09490871429443 309.66766023635864 74.812565825879574 121.49898997694254 11.68578542023897 399.70412635803223
leaf_count=8 910 14 21 6 2 14 22 11 196 10 134 28 23 28 568 1062 32 19
internal_value=6.96887e-05 -0.0608071 0.00107303 -0.000493205 -0.00141721 0.011834 0.0177771 -0.00198259 -0.0147788 -0.00407582 -0.0847507 -0.00113098 -0.000583555 0.0106566 -0.0894519 -0.0939912 -0.0669045 0.00558312
internal_weight=14717.4 238.633 14478.8 12639.2 12091.2 1839.61 1351.45 11847.5 739.27 646.593 166.248 11108.3 10733 1024.74 92.677 148.452 26.953 709.372
internal_count=3108 1250 1858 1754 1748 104 83 1746 785 206 1236 961 933 61 579 1228 166 47
is_linear=0
shrinkage=0.05


Tree=80
num_leaves=18
num_cat=0
split_feature=5 6 0 2 11 0 11 11 5 6 12 4 0 5 0 12 1
split_gain=349.563 114.193 99.2147 91.6701 83.73 65.1051 56.6861 63.6579 55.7187 59.7448 47.725 41.8012 34.9194 34.4231 113.154 30.9963 26.1258
threshold=31.500000000000004 54.169942249409921 3.4656357448295436 1.0000000180025095e-35 405.00000000000006 36.763946315537495 1235.0000000000002 1505.0000000000002 1510.5000000000002 27.750096292029646 18.472222222222225 44.500000000000007 4.7691146314744364 83.500000000000014 3.340438077462208 6.8965450310559016 185.29641612450362
decision_type=10 10 10 8 8 10 8 8 10 8 10 10 8 10 10 10 10
left_child=2 8 3 -1 -3 16 -7 -8 10 -10 11 13 -12 14 -2 -15 -6
right_child=1 4 -4 -5 5 6 7 -9 9 -11 12 -13 -14 15 -16 -17 -18
leaf_value=0.0058777194156105972 -0.084082165688040847 0.019124242781197485 -0.0080070118492540469 -0.10000000000000001 -0.01884771750363225 -0.0027978770965222041 0.018370709330259766 0.0023932136209795095 0.01657584163493819 -0.0068831012187633616 -0.0057823150976353439 -0.032904696652478957 -0.037676975065791762 -0.0036211452267753265 -0.002513952834945864 0.0080592159422466329 -0.00069767708305589946
leaf_weight=24.104147434234619 55.980109140276909 1012.3771982192993 59.052298545837402 134.62059757113457 397.41016864776611 1230.2328662872314 1236.8883266448975 1256.9200925827026 687.46108675003052 448.45944768190384 161.48286151885986 120.50036802887917 183.14522901177406 6417.0416228994727 176.79591608047485 623.14126245677471 395.66864967346191
leaf_count=3 382 31 11 1228 24 37 17 25 32 31 21 16 21 1087 30 74 16
internal_value=-0.000462826 0.000487805 -0.0633364 -0.0839213 0.00612771 0.00321493 0.00598504 0.0103178 -0.00302649 0.00731429 -0.00454447 -0.0036967 -0.0227321 -0.00321278 -0.0221302 -0.00258729 -0.00979263
internal_weight=14621.3 14403.5 217.777 158.725 5529.5 4517.12 3724.04 2493.81 8874.01 1135.92 7738.09 7393.46 344.628 7272.96 232.776 7040.18 793.079
internal_count=3086 1844 1242 1231 150 119 79 42 1694 63 1631 1589 42 1573 412 1161 40
is_linear=0
shrinkage=0.05


Tree=81
num_leaves=29
num_cat=0
split_feature=9 13 0 6 2 14 13 8 14 14 11 11 2 11 0 2 0 3 0 3 13 14 10 13 13 0 8 7
split_gain=231.681 207.261 178.71 118.131 100.829 113.003 93.2076 56.6497 49.01 37.5764 32.7275 38.4445 31.8244 32.9557 78.1883 57.061 37.4622 44.239 29.1463 27.8607 23.6434 20.4399 19.9314 9.79665 17.321 17.4775 7.86901 1.13687e-13
threshold=33.353520542528592 21.250000000000004 6.1317320631655194 54.169942249409921 1.0000000180025095e-35 83.000000000000014 1.7524509803921571 4.5688854489164088 48.500000000000007 19.500000000000004 915.00000000000011 455.00000000000006 3.0010020040080163 665.00000000000011 3.8541952839197697 1.0056062516715489 3.1218114204770813 8.7207792207792227 53.988799484485163 5.9772727272727275 11.100000000000001 19.500000000000004 5.4083333333333341 0.27701863354037271 4.2771739130434794 6.9789998811483391 1.1777254782872764 9.5000000000000018
decision_type=8 8 10 10 8 10 8 10 10 10 10 8 10 10 10 8 10 8 8 10 8 10 10 10 10 10 8 10
left_child=3 10 4 7 -3 27 9 12 -8 -5 11 23 13 16 19 -16 -1 -18 -13 -15 -9 26 -11 -2 25 -25 -20 -6
right_child=1 2 -4 6 5 -7 8 20 -10 22 -12 18 -14 14 15 -17 17 -19 21 -21 -22 -23 -24 24 -26 -27 -28 -29
leaf_value=0.017447732263433401 0.0013761106525629584 0.023053699358525515 -0.015363545510115579 0.010370437860336703 -0.10000000000000001 0.0193431806351156 0.005699301462913758 -0.036230520507481177 0.020844396856795677 0.0025879125320204277 -0.019872777893358839 -0.0080085560862339679 -0.017334974089490637 -0.0269473205686694 -0.0070896439652462177 0.01189097730532691 -0.012473082087415516 -0.0012803957983040749 -0.0076031683372400106 -0.00047686878866240543 -0.010829897421315328 0.03550974683400028 -0.0073306412985125087 -0.063085414827350278 0.0018207366129310348 -0.0090327311070014064 0.021023092182200859 -0.10000000000000001
leaf_weight=212.19237041473389 38.013017326593399 22.572577476501465 221.86877489089966 830.59751605987549 193.01635704189539 22.063487976789474 868.94161128997803 153.76927185058594 1386.51819896698 1036.9908180236816 243.02985972166061 124.20035171508789 299.40349674224854 244.90274024009705 515.06073331832886 1712.4814705848694 1169.3765878677368 3602.7414286136627 54.495870374143124 167.31999349594116 226.64726114273071 125.92841812968254 990.10138034820557 41.111654117703438 31.450365483760834 23.5052809715271 42.908914089202881 3.3759084194898596
leaf_count=31 18 2 19 21 1786 23 28 17 25 24 27 10 19 34 43 94 142 481 29 15 24 17 27 68 23 3 20 16
internal_value=-0.000441593 -0.0216093 -0.0477444 0.00143196 -0.0775513 -0.0879466 0.00741084 -0.00224955 0.0150096 0.00141346 -0.00491443 0.00263379 -0.00134465 -0.000716699 0.00380042 0.00750221 -0.00310903 -0.00402309 0.0114083 -0.016203 -0.0210972 0.0222064 -0.00225665 -0.0201095 -0.0286112 -0.043423 0.00500732 -0.1
internal_weight=14604.6 1187.54 462.897 13417 241.028 218.456 5113.15 8303.9 2255.46 2857.69 724.644 481.614 7923.48 7624.08 2639.76 2227.54 4984.31 4772.12 347.534 412.223 380.417 223.333 2027.09 134.08 96.0673 64.6169 97.4048 196.392
internal_count=3086 2061 1846 1025 1827 1825 125 900 53 72 215 188 859 840 186 137 654 623 76 49 41 66 51 112 94 71 49 1802
is_linear=0
shrinkage=0.05


Tree=82
num_leaves=21
num_cat=0
split_feature=5 14 10 3 5 7 12 0 1 2 1 2 7 10 3 3 3 13 7 5
split_gain=304.901 96.3553 104.727 106.852 109.371 99.1677 98.6171 94.9265 90.3578 89.3269 66.5365 37.4593 34.6247 51.1557 79.5444 31.8383 31.775 12.2136 8.49757 5.68434e-14
threshold=31.500000000000004 40.500000000000007 11.055555555555557 3.1837500000000003 394.50000000000006 65.500000000000014 18.472222222222225 3.4656357448295436 120.73784355985522 1.0000000180025095e-35 2790.8439524722107 1.1679773391799222 49.500000000000007 22.000000000000004 1.6446593776282592 2.6373307543520315 7.0227272727272743 4.2771739130434794 1.0000000180025095e-35 23.500000000000004
decision_type=10 10 10 8 10 10 10 10 8 8 10 8 10 10 10 10 8 8 10 10
left_child=7 6 3 11 17 8 10 9 -6 -1 12 -3 13 14 -2 -14 -17 -5 -19 -11
right_child=1 2 -4 4 5 -7 -8 -9 -10 19 -12 -13 15 -15 -16 16 -18 18 -20 -21
leaf_value=0.0053447638277901756 -0.0015124995868067597 0.0015660048267735153 -0.018655761862275994 -0.027711489752604786 0.0070707514774119226 0.0013054465664339835 -0.030457604139913233 -0.0074616634378693869 0.025414235833361921 -0.10000000000000001 0.023861669132648405 -0.020436529412958357 0.01675542515438375 0.019598035240905382 -0.014119346437900863 -0.0044132354135535358 0.012796611474255593 0.0046390287391501542 -0.0089347728828357963 -0.10000000000000001
leaf_weight=24.103047847747803 4052.4278062656522 365.03612041473389 424.42611742019653 70.734141230583191 1099.5346591472626 1239.5302963256836 315.12766551226377 59.021314144134521 1723.8872524499893 103.16402804851532 242.24899291992188 411.51955071091652 357.45949935913086 211.96988773345947 1810.1221508234739 1037.5490934252739 361.71103167533875 149.31881409138441 506.09904887527227 18.70644423365593
leaf_count=3 1012 16 30 16 84 33 39 11 40 1039 2 27 17 10 221 60 19 83 135 189
internal_value=-0.000421819 0.000441413 0.00528511 0.00711079 0.00990052 0.0130949 -0.00301734 -0.0609704 0.0182707 -0.0826055 -0.00194628 -0.0100938 -0.00274461 -0.00453251 -0.00540499 0.00343772 3.55382e-05 -0.00797262 -0.00584236 -0.1
internal_weight=14583.7 14378.7 5990.09 5565.66 4789.1 4062.95 8388.62 204.995 2823.42 145.974 8073.49 776.556 7831.24 6074.52 5862.55 1756.72 1399.26 726.152 655.418 121.87
internal_count=3086 1844 464 434 391 157 1380 1242 124 1231 1341 43 1339 1243 1233 96 79 234 218 1228
is_linear=0
shrinkage=0.05


Tree=83
num_leaves=24
num_cat=0
split_feature=0 8 14 14 12 10 3 8 7 0 1 1 7 10 13 10 4 10 4 12 8 0 0
split_gain=190.41 430.835 105.752 77.1404 87.5841 86.6154 95.3148 83.4711 117.253 74.5022 67.4358 57.7962 36.885 45.283 43.1315 28.8023 48.3063 45.162 24.2113 19.2143 18.6459 14.6944 4.00646
threshold=1.5910880829644769 5.1188235294117659 83.000000000000014 40.500000000000007 18.472222222222225 11.055555555555557 3.1837500000000003 0.99568965517241392 60.500000000000007 17.127395040745927 1145.7767760826366 2790.8439524722107 20.500000000000004 11.358974358974361 1.0000000180025095e-35 1.1805555555555558 31.250000000000004 4.6909090909090922 5.0833333333333339 7.9137445887445894 0.93547641073080501 1.0000000180025095e-35 1.0000000180025095e-35
decision_type=10 8 10 10 10 10 8 10 10 10 10 10 10 8 8 8 10 8 8 10 10 10 10
left_child=1 12 22 4 11 6 -5 10 9 -9 18 15 14 -14 -1 -2 17 -17 -8 20 -16 -22 -3
right_child=3 2 -4 5 -6 -7 7 8 -10 -11 -12 -13 13 -15 19 16 -18 -19 -20 -21 21 -23 -24
leaf_value=0.029420083521541386 0.013592488070834777 -0.10000000000000001 0.016105044821632424 -0.0095224556560744925 -0.028506236891035919 -0.016767618337012111 -0.020851922212719726 0.010136645197907454 0.0014070367269509642 0.030034318228358295 0.022726627253676204 0.022733358876599091 -0.0053528676662575681 0.038489401751846779 -0.022935160707336019 -0.010981192830542859 -0.02627787726384341 -0.00022118172713065694 -0.0014821293316165482 0.015474569825929669 -0.085199286606511659 -0.014799614594194894 -0.048120106497964582
leaf_weight=40.698395103216171 281.00255298614502 180.44870828092098 22.408512204885483 766.31233310699463 308.47295570373535 418.68521070480347 186.70984601974487 801.77514266967773 1105.0843067169189 1138.3885488510132 282.04421234130859 241.57656097412109 127.33484509587288 109.58116972446442 72.903160482645035 1170.2040700912476 211.30652570724487 5851.6269910335541 1186.6894602775574 20.075669392943382 27.541724652051926 10.141668796539305 3.7997260093688956
leaf_count=20 19 1790 24 38 30 26 11 54 30 16 3 2 31 13 31 111 20 568 133 12 100 3 1
internal_value=-0.00040216 -0.0276312 -0.0864564 0.000798143 -0.00237832 0.00515033 0.00682889 0.00949451 0.014407 0.0218116 0.000457779 -0.00133912 0.00214425 0.0149256 -0.0155267 -0.00211304 -0.00272319 -0.00201436 -0.0041154 -0.0295266 -0.037696 -0.0662527 -0.0989301
internal_weight=14564.8 614.934 206.657 13949.9 8064.19 5885.69 5467 4700.69 3045.25 1940.16 1655.44 7755.72 408.277 236.916 171.361 7514.14 7233.14 7021.83 1373.4 130.662 110.587 37.6834 184.248
internal_count=3086 2025 1815 1061 750 311 285 247 100 70 147 720 210 44 166 718 699 679 144 146 134 103 1791
is_linear=0
shrinkage=0.05


Tree=84
num_leaves=23
num_cat=0
split_feature=5 0 2 5 1 14 7 12 4 4 3 4 2 4 12 5 0 14 5 5 12 5
split_gain=265.73 90.1263 87.2262 82.4481 51.1659 43.9725 90.714 91.9144 67.4875 66.7355 64.4536 60.5194 43.1026 72.9049 43.0671 27.2041 91.1578 89.4515 23.7397 19.8716 4.93993 5.68434e-14
threshold=31.500000000000004 3.4656357448295436 1.0000000180025095e-35 768.50000000000011 2420.4144641405351 39.500000000000007 49.500000000000007 2.811209439528024 7.0277777777777786 4.026315789473685 2.3471311475409844 32.000000000000007 2.0021089473181553 25.625000000000004 3.240780500126295 155.50000000000003 2.2214841852601745 83.000000000000014 711.50000000000011 645.00000000000011 0.43149399399399407 25.500000000000004
decision_type=10 10 8 10 8 10 10 10 10 8 8 8 10 10 10 10 10 10 10 10 10 10
left_child=1 2 -1 12 5 10 7 -7 9 -8 -5 14 13 15 -12 16 17 -2 19 -17 -18 -4
right_child=3 -3 21 4 -6 6 8 -9 -10 -11 11 -13 -14 -15 -16 18 20 -19 -20 -21 -22 -23
leaf_value=0.005095985242486137 -0.082952041050749728 -0.0070795522150894716 -0.10000000000000001 0.01862440580717065 0.017773359824569443 -0.0007905950391178594 -0.0034721501829449233 0.025156644985371519 -0.011549821590916982 0.015799416252634712 -0.0096596312440269672 -0.023840920421490601 -0.017958659505136566 0.019317170681530625 0.0060223529034348815 -0.0027294699891885071 -0.0036507100699105796 0.039955757485306699 -0.017243223633421737 0.0072368029006067008 -0.013825711013044251 -0.10000000000000001
leaf_weight=24.042845249176025 75.058618925511837 59.004831790924072 98.20015063136816 316.33475542068481 632.38310730457306 530.59478282928467 931.14115810394287 956.69563770294189 810.69415330886841 867.97301387786865 859.41618776321411 373.44066262245178 474.00716829299927 366.74949225783348 892.43602180480957 4758.1988867893815 514.71279883384705 18.440647751092911 256.92951661348343 558.90671601891518 155.27150964736938 12.196370579302309
leaf_count=3 535 11 1092 12 26 31 35 28 28 23 56 31 30 23 49 753 80 15 25 40 24 136
internal_value=-0.000384064 -0.058595 -0.0812049 0.000400678 0.00419261 0.00287917 0.00604447 0.0158999 0.000428013 0.00582531 -0.00243227 -0.00556641 -0.00338747 -0.00235725 -0.00167085 -0.00361154 -0.012463 -0.0587112 -0.00239915 -0.00168187 -0.00600881 -0.1
internal_weight=14542.8 193.444 134.439 14349.4 7171.11 6538.73 4097.1 1487.29 2609.81 1799.11 2441.63 2125.29 7178.28 6704.27 1751.85 6337.52 763.484 93.4993 5574.04 5317.11 669.984 110.397
internal_count=3086 1242 1231 1844 319 293 145 59 86 58 148 136 1525 1495 105 1472 654 550 818 793 104 1228
is_linear=0
shrinkage=0.05


Tree=85
num_leaves=32
num_cat=0
split_feature=5 0 12 6 5 11 5 3 4 12 14 4 12 4 10 13 5 14 5 6 0 4 5 12 4 14 0 10 3 0 12
split_gain=256.649 61.2017 76.98 58.2012 140.273 58.3321 59.4624 51.5774 65.525 77.4395 71.7196 67.037 59.1509 51.5972 50.0788 103.486 52.4733 46.4091 38.7246 32.8185 29.9577 52.4585 29.7997 27.1809 21.5414 20.8093 18.1657 21.0139 17.7954 6.86148 6.68071
threshold=26.500000000000004 4.7691146314744364 0.43149399399399407 11.533035595355731 81.500000000000014 245.00000000000003 817.00000000000011 4.1375000000000011 2.3009433962264154 3.6134366925064607 208.50000000000003 30.500000000000004 10.888194444444446 2.596296296296297 6.8846153846153859 1.5051020408163267 1298.0000000000002 14.500000000000002 1104.5000000000002 48.926499166786677 1.0000000180025095e-35 1.0161290322580647 801.00000000000011 0.98926692965154517 3.8452380952380958 11.500000000000002 5.8972022822435521 9.1269841269841283 2.2954545454545459 11.125029388430436 0.14449064449064453
decision_type=10 10 8 10 10 8 10 10 8 8 10 8 10 10 10 10 10 8 10 10 10 8 10 8 10 10 10 8 8 10 8
left_child=1 2 -1 4 29 20 17 8 18 11 12 13 -11 -10 15 -9 26 28 22 -18 21 -6 25 -23 -19 -5 -16 -28 -7 30 -2
right_child=3 -3 -4 7 5 6 -8 14 9 10 -12 -13 -14 -15 16 -17 19 24 -20 -21 -22 23 -24 -25 -26 -27 27 -29 -30 -31 -32
leaf_value=0.0062657532957401951 -0.041367865970616785 -0.0023434125682622918 -0.10000000000000001 -0.014223910298629572 0.052019719247380497 0.017828814465542932 -0.036752693354409872 0.0010058882096524765 0.02276739090323688 -0.0021397550289857744 0.030612057489117012 0.02882235127463121 0.0098897160798160581 0.0056682609335896028 0.0026335782459039709 -0.028700565825601161 0.015452953177477566 0.011971358923962071 -0.023638118699570207 -0.00032937750352358448 -0.010337868392899867 -0.030386507748869085 0.013394845424936378 -0.10000000000000001 0.042031512775604865 0.0031789258811198828 -0.021069627906657298 -0.004032609619891654 -0.034987240880963048 -0.020651266053049872 -0.10000000000000001
leaf_weight=20.723947376012802 5.4258718490600586 31.260128498077393 95.934539847075939 420.81074619293213 9.5140502750873566 21.846559777855873 75.250165432691574 724.63954782485962 536.84000873565674 4054.1009578704834 210.89634561538696 480.65531253814697 1366.2976398468018 2475.9646372795105 357.33715200424194 492.37167072296143 709.41590023040771 168.2112727984786 264.9560284614563 614.90557861328125 67.376708269119263 22.218160539865494 235.68780851364136 38.01250734180212 92.300739258527756 290.25517654418945 308.53574371337891 437.8286509513855 59.071779191493988 3.4102973937988272 46.451303690671921
leaf_count=11 1 6 1135 46 4 7 26 39 28 462 6 24 68 139 33 36 30 88 16 14 16 7 13 208 8 31 16 30 90 1 491
internal_value=0.00105593 -0.0644737 -0.0811223 0.00172027 -0.0134096 -0.00582816 0.00348073 0.00237939 0.00418277 0.00563346 0.00200549 0.0114816 0.000892464 0.00871509 -0.00273458 -0.0110126 0.00141464 0.012348 -0.00674166 0.00812494 -0.0341157 -0.0570863 -0.00201306 -0.0743207 0.0226218 -0.00712012 -0.00663698 -0.0110755 -0.0207278 -0.0893514 -0.0938676
internal_weight=14738.5 147.919 116.658 14590.6 609.089 553.802 416.681 13981.5 10336.5 9124.75 5631.29 3493.46 5420.4 3012.8 3645.03 1217.01 2428.02 341.43 1211.71 1324.32 137.121 69.7447 946.754 60.2307 260.512 711.066 1103.7 746.364 80.9183 55.2875 51.8772
internal_count=3130 1152 1146 1978 947 454 219 1031 833 727 536 191 530 167 198 75 123 193 106 44 235 219 90 215 96 77 79 46 97 493 492
is_linear=0
shrinkage=0.05


Tree=86
num_leaves=25
num_cat=0
split_feature=5 9 2 5 1 2 5 5 5 5 3 10 14 12 14 14 8 8 1 7 1 13 10 12
split_gain=239.495 90.5345 126.283 61.9618 59.7272 86.412 59.6266 70.0465 63.1041 57.8847 71.2402 55.861 62.0096 47.5671 79.2016 71.8216 55.8426 35.8981 35.049 41.2713 31.2027 27.5251 14.2131 5.68434e-14
threshold=26.500000000000004 33.353520542528592 6.7325063301973929 83.500000000000014 23.926522562746033 1.0000000180025095e-35 817.00000000000011 768.50000000000011 85.500000000000014 1383.0000000000002 5.3245614035087732 3.9160839160839163 86.500000000000014 1.4295959380947614 93.500000000000014 58.500000000000007 0.48596938775510207 1.1138286620835538 38.47745497910828 51.500000000000007 33.383802420321054 0.3373983739837399 9.8019480519480542 1.0031315240083509
decision_type=10 8 8 10 10 8 10 10 10 10 10 10 8 10 8 10 8 10 10 10 10 8 10 8
left_child=4 9 -3 20 5 -1 7 8 -5 10 13 -11 17 16 15 -15 -2 -13 22 -20 -4 -18 -12 -7
right_child=1 2 3 6 -6 23 -8 -9 -10 11 18 12 -14 14 -16 -17 21 -19 19 -21 -22 -23 -24 -25
leaf_value=0.018008762282374479 0.019654827765868941 0.0051491184725211822 -0.10000000000000001 0.083041664389093175 -0.0022263030948690842 -0.099999999999999978 -0.058731938205501835 0.065573943644928176 -0.026925365487560728 0.018661585499338943 0.009730019471851592 0.0019498920595764661 -0.0076156961172075517 0.0050541933210824048 0.024502850840167512 -0.020898337766632264 -0.015732992642290007 0.015626871079083234 -0.02428098202328267 -0.0024134786986161113 -0.011988683281832072 -0.0020548305681207862 -0.00826945239957547 -0.10000000000000001
leaf_weight=18.603342056274414 275.55374431610107 448.09670925140381 45.257251814007759 13.738558128476141 31.259292125701904 2.5499057173728943 99.293536871671677 25.311406165361404 258.74528404325247 926.43722200393677 240.57318353652954 903.8460578918457 765.09525585174561 4269.5707139968872 494.4826831817627 284.33841133117676 419.91959190368652 1022.5364227294922 547.0794415473938 356.29191780090332 12.95283269882202 2963.3964290618896 201.56964826583862 90.822491943836212
leaf_count=2 18 37 501 5 6 14 22 3 379 26 22 33 28 311 19 19 35 27 36 18 2 416 21 1130
internal_value=0.00100316 0.00163548 -0.0136945 -0.0322401 -0.0633351 -0.0803943 -0.0251779 -0.01399 -0.0213809 0.00264853 0.000696698 0.00807191 0.00442683 0.0023513 0.00549745 0.00343376 -0.00198966 0.00920972 -0.0100108 -0.0156564 -0.0804158 -0.00375249 0.00152419 -0.1
internal_weight=14717.3 14574.1 903.396 455.299 143.235 111.976 397.089 297.795 272.484 13670.7 10052.8 3617.91 2691.48 8707.26 5048.39 4553.91 3658.87 1926.38 1345.51 903.371 58.2101 3383.32 442.143 93.3724
internal_count=3130 1978 949 912 1152 1146 409 387 384 1029 915 114 88 818 349 330 469 60 97 54 503 451 43 1144
is_linear=0
shrinkage=0.05


Tree=87
num_leaves=26
num_cat=0
split_feature=5 9 5 5 0 8 5 3 12 8 0 10 14 14 14 7 13 5 14 9 8 13 3 13 8
split_gain=223.585 82.1942 77.1058 77.0715 58.3569 78.1133 52.2968 65.8525 67.5889 60.23 51.2693 50.5565 55.9979 44.8671 71.1022 38.8786 39.0929 43.8687 35.8891 35.8142 32.47 25.3013 24.6732 20.1455 6.90811
threshold=26.500000000000004 33.353520542528592 81.500000000000014 1216.5000000000002 4.7691146314744364 0.20416666666666669 1383.0000000000002 3.1053682342502222 1.4295959380947614 0.48596938775510207 6.9789998811483391 3.9160839160839163 86.500000000000014 93.500000000000014 41.500000000000007 20.500000000000004 1.0000000180025095e-35 85.500000000000014 49.500000000000007 28.786972114304778 1.1138286620835538 0.3373983739837399 2.6373307543520315 1.4591666666666667 0.084780388151174682
decision_type=10 8 10 10 10 8 10 10 10 8 10 10 8 8 10 10 8 10 10 10 10 8 10 10 8
left_child=4 6 10 15 5 -1 7 8 9 -2 24 -8 20 14 -10 16 -4 -18 19 23 -13 -11 -17 -9 -3
right_child=1 2 3 -5 -6 -7 11 18 13 21 -12 12 -14 -15 -16 22 17 -19 -20 -21 -22 -23 -24 -25 -26
leaf_value=0.010016574577937998 0.02170619919285258 -0.039855676077558001 0.040633421597428061 -0.048278825908620301 -0.002115040383103358 -0.10000000000000001 0.017759456997774186 -0.0072424844377775265 0.0096152216720123366 -0.014964879685615063 -0.0093119627045843822 0.0018524326635915613 -0.0072370120187196232 0.025397814264382975 -0.0093376157011898636 0.017478077188638853 0.047725978899240434 -0.027805537951584781 0.0027994058319480894 0.0044225216867244286 0.0148636917288495 -0.0018383960116422926 -0.0073574925733151889 -0.018587978485172938 -0.10000000000000001
leaf_weight=19.775913253426552 255.4955005645752 5.3861112594604492 27.350735977292061 106.55367815494537 31.258536338806152 87.616584114730358 924.86432933807373 778.60834240913391 2732.3977701663971 419.4128737449646 29.609716892242432 903.82929182052612 764.87892723083496 334.22882223129272 604.29122638702393 243.22159285843372 20.806250147521496 252.75154732167721 826.73467254638672 366.3740439414978 1021.3191094398499 2943.3049430847168 169.83371716737747 786.4957127571106 42.030876904726028
leaf_count=7 16 1 8 14 6 1139 26 70 204 35 3 33 28 13 40 25 15 363 37 27 27 412 29 61 491
internal_value=0.000953048 0.00155483 -0.0131022 -0.00861204 -0.0622403 -0.0797409 0.00251773 0.000662195 0.00315224 -0.00169741 -0.0609331 0.00767506 0.00420792 0.00793225 0.00618277 -0.00269208 -0.0163622 -0.0220608 -0.00591824 -0.00964967 0.00875509 -0.00347559 0.00726657 -0.0129438 -0.0931682
internal_weight=14698.4 14559.8 897.544 820.518 138.651 107.392 13662.2 10047.3 7289.13 3618.21 77.0267 3614.89 2690.03 3670.92 3336.69 713.964 300.909 273.558 2758.21 1931.48 1925.15 3362.72 413.055 1565.1 47.417
internal_count=3130 1978 949 454 1152 1146 1029 915 720 463 495 114 88 257 244 440 386 378 195 158 60 447 54 131 492
is_linear=0
shrinkage=0.05


Tree=88
num_leaves=26
num_cat=0
split_feature=5 9 2 5 0 2 5 5 5 5 3 12 8 3 12 11 5 0 2 11 14 9 0 3 12
split_gain=208.504 74.5826 108.692 58.0788 56.8793 82.8294 52.6877 62.5365 55.4682 47.2421 59.4695 61.0476 54.4646 46.7581 51.4861 43.642 71.5696 50.9292 35.3405 38.2191 32.4242 32.364 31.2062 22.3019 12.095
threshold=26.500000000000004 33.353520542528592 6.7325063301973929 83.500000000000014 4.7691146314744364 1.0000000180025095e-35 817.00000000000011 768.50000000000011 85.500000000000014 1383.0000000000002 3.1053682342502222 1.4295959380947614 0.48596938775510207 18.266666666666669 5.4209325396825401 125.00000000000001 801.00000000000011 19.30892510092233 1.4986292754091302 1425.0000000000002 49.500000000000007 28.786972114304778 6.9789998811483391 1.7165775401069521 2.7167183316894468
decision_type=10 8 8 10 10 8 10 10 10 10 10 10 8 8 8 10 10 10 8 10 10 10 10 8 10
left_child=4 9 -3 22 5 -1 7 8 -5 10 11 12 -2 14 18 17 -17 -13 -11 -20 21 24 -4 -14 -12
right_child=1 2 3 6 -6 -7 -8 -9 -10 13 20 15 23 -15 -16 16 -18 -19 19 -21 -22 -23 -24 -25 -26
leaf_value=0.016649599562295544 0.020669623811978483 0.0048777993922718343 -0.10000000000000001 0.080898799231296004 -0.0020093333759505917 -0.10000000000000001 -0.055381262675438192 0.063355633844857595 -0.024880233335928321 -0.00097577090032683906 -0.0072157058123504441 -0.010541826969067723 -0.014771653463493987 0.020877874958783356 -0.0091686564524057681 0.017336966574033545 0.00085122861397996224 0.013900157784725635 0.020696513665990901 0.0056961647199053706 0.0026595400240649655 0.0042018063481214039 -0.010937656417509562 -0.0018565170900527027 -0.016105902094350318
leaf_weight=18.558221817016602 254.90864419937134 447.37759351730347 41.024193905293941 13.021457493305205 31.25785493850708 84.551499329507351 96.479816943407059 24.69141948223114 256.88681500405073 779.12483406066895 667.78155088424683 597.58633136749268 376.3974232673645 539.18684768676758 535.83755493164062 1639.3942432403564 1100.1283025741577 331.26950550079346 717.34746313095093 1040.662513256073 826.70308399200439 366.33911037445068 12.937027931213377 2985.813992023468 895.79862451553345
leaf_count=2 16 37 501 5 6 1144 22 3 379 26 61 81 31 17 24 117 51 8 21 26 37 27 2 416 70
internal_value=0.000905374 0.00147806 -0.0125261 -0.0300214 -0.0610934 -0.0790048 -0.0233119 -0.0128094 -0.019777 0.00239334 0.000629453 0.00299626 -0.00161299 0.0072971 0.00491421 0.00754111 0.0107167 -0.00182478 0.00788848 0.011817 -0.00562581 -0.00917493 -0.0786476 -0.00330236 -0.012309
internal_weight=14681.1 14546.7 892.418 445.041 134.368 103.11 391.08 294.6 269.908 13654.3 10042.1 7285.5 3617.12 3612.16 3072.97 3668.38 2739.52 928.856 2537.13 1758.01 2756.62 1929.92 53.9612 3362.21 1563.58
internal_count=3130 1978 949 912 1152 1146 409 387 384 1029 915 720 463 114 97 257 168 89 73 47 195 158 503 447 131
is_linear=0
shrinkage=0.05


Tree=89
num_leaves=27
num_cat=0
split_feature=5 9 2 5 0 2 5 5 5 4 12 3 4 1 5 6 14 5 4 0 12 14 10 14 9 5
split_gain=194.452 67.6773 99.5668 56.1957 55.457 80.8466 48.7149 57.2661 51.1477 47.004 51.2537 83.9107 50.3127 57.6139 50.0478 41.2165 40.6693 36.4095 33.088 31.189 30.3588 24.8972 15.1628 25.784 10.7621 5.68434e-14
threshold=26.500000000000004 33.353520542528592 6.7325063301973929 83.500000000000014 4.7691146314744364 1.0000000180025095e-35 817.00000000000011 768.50000000000011 85.500000000000014 2.3009433962264154 3.6134366925064607 3.3038461538461541 30.500000000000004 120.73784355985522 817.00000000000011 650.94224040448682 40.500000000000007 1216.5000000000002 4.0861111111111112 6.9789998811483391 5.7514293882218421 49.500000000000007 7.1269230769230782 11.500000000000002 26.856517905085688 15.500000000000002
decision_type=10 8 8 10 10 8 10 10 10 8 8 10 8 10 10 10 10 10 8 10 8 8 8 10 10 8
left_child=4 9 -3 19 5 -1 7 8 -5 17 11 12 13 -11 24 18 -16 21 -12 -4 -20 22 23 -2 -13 -7
right_child=1 2 3 6 -6 25 -8 -9 -10 10 15 14 -14 -15 16 -17 -18 -19 20 -21 -22 -23 -24 -25 -26 -27
leaf_value=0.015839092509615016 -0.011032136059701686 0.0046344614097638195 -0.10000000000000001 0.079454649359071539 -0.001908905266248208 -0.10000000000000001 -0.053432101473811333 0.061421209234273036 -0.023709666306417805 0.001604904205635773 -0.013584693489023431 -0.023306729940338604 0.028635282450138261 0.017080810307824917 -0.0061135603305972515 0.019971990176151595 0.011286862548340925 -0.01934630838409317 0.0070122970609232367 -0.010396998114444831 -0.00096644164712069455 0.011114390435805284 -0.016062316885004292 0.0072941471980065486 -0.0070671438525014398 -0.10000000000000001
leaf_weight=18.533141136169434 383.85710906982422 447.3257007598877 39.023420356214046 12.605893209576605 31.257239818572998 55.879280135035515 95.037061423063278 24.208176076412201 256.11157711595297 1105.5322186946869 418.91491222381592 234.2401647567749 427.08095002174377 1318.7803421020508 601.52460622787476 269.37366104125977 760.18093395233154 372.16316556930542 1557.2137250900269 12.929482936859129 5086.4554812908173 296.68020486831665 249.26392698287964 383.8612973690033 180.74005556106567 24.548587895929813
leaf_count=2 40 37 501 5 6 792 22 3 379 107 25 28 21 28 32 3 21 17 71 2 539 16 32 30 19 352
internal_value=0.000860175 0.0014052 -0.0119759 -0.0288661 -0.0599678 -0.078306 -0.0223265 -0.0122346 -0.0188701 0.00227523 0.00337696 0.00749676 0.0128112 0.0100235 -0.00103231 0.000776461 0.00360034 -0.00554099 4.43254e-05 -0.0777006 0.0009037 -0.00162992 -0.00534776 -0.00186894 -0.0162338 -0.1
internal_weight=14663.3 14533.1 887.241 439.916 130.218 98.961 387.963 292.926 268.717 13645.9 11960 4628.08 2851.39 2424.31 1776.69 7331.96 1361.71 1685.83 7062.58 51.9529 6643.67 1313.66 1016.98 767.718 414.98 80.4279
internal_count=3130 1978 949 912 1152 1146 409 387 384 1029 894 256 156 135 100 638 53 135 635 503 610 118 102 70 47 1144
is_linear=0
shrinkage=0.05


Tree=90
num_leaves=30
num_cat=0
split_feature=5 2 1 11 4 4 14 2 7 2 1 7 14 8 8 11 14 14 14 7 4 5 1 5 5 4 13 3 5
split_gain=169.517 67.3617 60.3656 43.5074 148.698 85.1387 39.1562 60.9819 70.0377 34.1379 121.07 151.886 78.1974 58.2454 34.6871 32.5213 33.9719 54.0947 30.3495 29.6242 22.8847 28.0593 18.542 17.9115 13.3167 13.055 10.0235 5.68434e-14 2.84217e-14
threshold=19.500000000000004 1.0000000180025095e-35 48.379097511263943 405.00000000000006 33.500000000000007 15.833333333333334 86.500000000000014 1.9984399438524243 28.500000000000004 1.0000000180025095e-35 1.0000000180025095e-35 17.500000000000004 83.000000000000014 0.76781058282208603 1.381652661064426 275.00000000000006 29.500000000000004 12.500000000000002 13.500000000000002 43.500000000000007 2.4570024570024578 1592.0000000000002 27.297944479215143 1688.5000000000002 482.50000000000006 4.026315789473685 0.58477011494252884 0.86250000000000016 18.500000000000004
decision_type=10 8 10 8 10 10 8 8 10 8 10 10 10 8 10 10 8 10 8 10 8 10 10 10 10 8 8 8 10
left_child=1 -1 9 4 15 6 7 19 -9 18 11 12 27 25 -13 16 17 -4 -2 -5 26 -22 28 -8 -18 -12 -15 -11 -3
right_child=2 22 3 5 -6 -7 23 8 -10 10 13 14 -14 20 -16 -17 24 -19 -20 -21 21 -23 -24 -25 -26 -27 -28 -29 -30
leaf_value=0.015066051585706897 -0.008335768403816628 -0.10000000000000001 -0.0046002171717174261 -0.0091833227103493651 0.035162630914842785 -0.015056366087109625 0.00082163973988998759 -0.009279271469250892 0.011783881041910844 -0.099999999999999964 -0.037065629736169781 -0.022231860745724613 0.0088594610405175328 -0.0053246341014228094 0.046274045602034873 0.013825516998782469 -0.0021100754356172462 0.018194177633103038 0.015399492025230095 0.0024682796790405134 -0.0022696604315767563 0.015773052155852781 -0.0019953178734756134 -0.010497675918221842 -0.016158046598602645 -0.015615989986253832 -0.024183348742259039 -0.10000000000000001 -0.10000000000000001
leaf_weight=18.510475158691406 209.30252599716187 60.724107801914215 599.18361949920654 855.16307592391968 428.23708820343018 766.10254526138306 681.21505689620972 459.64481830596924 2791.5789670944214 2.0729371309280396 133.96768021583557 38.31952665746212 19.971412718296051 127.82595443725586 35.685675591230392 534.1775541305542 341.39209175109863 460.17176103591919 377.75388145446777 1506.6424293518066 2854.7136957645416 233.0765233039856 5.2268691062927237 717.68233966827393 333.49039506912231 150.77578854560852 156.99769186973572 92.74779985845089 2.2321450486779204
leaf_count=2 31 911 62 48 6 36 21 42 97 6 22 33 24 16 9 31 29 31 36 53 433 13 1 21 20 21 25 983 32
internal_value=0.000191847 -0.0695227 0.000597257 0.00266714 0.00813986 0.000769737 0.00249885 0.00436414 0.00880606 -0.00429341 -0.00600758 -0.0450522 -0.0810607 -0.00399205 0.010802 0.00303844 -0.000284185 0.00530141 0.00693719 -0.00175054 -0.00215864 -0.000907737 -0.092487 -0.00498556 -0.00905182 -0.0257077 -0.0157197 -0.1 -0.1
internal_weight=14994.6 86.6936 14907.9 10474.7 2696.65 7778.03 7011.93 5613.03 3251.22 4433.21 3846.15 188.797 114.792 3657.36 74.0052 2268.42 1734.24 1059.36 587.056 2361.81 3372.61 3087.79 68.1831 1398.9 674.882 284.743 284.824 94.8207 62.9563
internal_count=3095 946 2149 497 179 318 282 240 139 1652 1585 1055 1013 530 42 173 142 93 67 101 487 446 944 42 49 43 41 989 943
is_linear=0
shrinkage=0.05


Tree=91
num_leaves=30
num_cat=0
split_feature=5 2 1 10 12 13 4 7 5 14 5 2 0 4 14 8 5 10 0 12 13 13 4 5 0 4 10 14 5
split_gain=159.005 65.2778 54.5981 35.72 56.8888 75.341 42.3958 50.3147 59.8245 41.4239 54.1489 30.877 113.367 145.831 81.2495 52.8296 34.8804 42.8602 31.8754 29.3633 35.392 31.9163 20.6967 25.3504 18.5067 11.995 11.3768 9.64326 2.84217e-14
threshold=19.500000000000004 1.0000000180025095e-35 48.379097511263943 3.4373913043478264 3.6134366925064607 1.6220238095238098 60.500000000000007 79.500000000000014 1592.0000000000002 54.500000000000007 547.50000000000011 1.0000000180025095e-35 1.0000000180025095e-35 2.259615384615385 83.000000000000014 0.76781058282208603 768.50000000000011 6.5954545454545466 3.8149805452721011 2.521193512832625 1.0083333333333335 0.65699797160243423 2.4570024570024578 1592.0000000000002 27.294845700378307 4.026315789473685 5.6348484848484857 35.500000000000007 14.500000000000002
decision_type=10 8 10 8 8 8 8 10 10 10 10 8 10 10 10 8 10 10 10 10 10 10 8 10 10 8 10 10 10
left_child=1 -1 11 -4 5 19 7 8 -6 10 -8 18 13 14 -13 25 17 -15 26 21 -21 -5 27 -24 28 -14 -2 -17 -3
right_child=2 24 3 4 6 -7 9 -9 -10 -11 -12 12 15 16 -16 22 -18 -19 -20 20 -22 -23 23 -25 -26 -27 -28 -29 -30
leaf_value=0.014329025070813831 0.0059066982673677843 -0.10000000000000001 -0.0089042425515765099 0.0053438299361490268 -0.0030452004111898396 0.018133884321992037 0.0053851815114863873 0.0079264876490866259 -0.022405491199512646 0.012214922456628668 -0.012683892688912691 -0.10000000000000001 -0.035456091511099207 -0.099999999999999978 0.013464066747093901 -0.022938109943353518 0.037750056184010408 0.023847667847850588 -0.013366337773374974 0.01533219719566848 0.00097534213110151216 -0.0088336514469397852 -0.0021562329463076981 0.015003078484830909 -0.0018955898332920669 -0.014853316787363752 0.022077057269923085 -0.004333592783537372 -0.10000000000000001
leaf_weight=18.489992141723633 234.66735887527466 49.254399601370096 640.55465459823608 837.8006420135498 1284.7798447608948 1201.7686729431152 1288.007022857666 569.23380565643311 578.77310085296631 982.42886638641357 611.46760272979736 91.246284984052181 133.07037019729614 12.94335073977709 19.076242059469223 162.40521240234375 45.256990849971771 15.177499324083326 149.12698841094971 846.54941987991333 870.85825157165527 754.43093156814575 2854.6419992446899 232.79382991790771 5.2267675399780265 150.5965428352356 202.75444602966309 121.95314383506775 10.631438899785278
leaf_count=2 30 776 30 42 61 37 113 11 25 39 44 973 22 40 22 28 12 8 22 23 25 47 433 13 1 21 15 13 167
internal_value=0.000181327 -0.068581 0.000567344 0.00253598 0.00328175 0.00741105 -0.000223424 -0.00508392 -0.00905802 0.00387961 -0.000431508 -0.0040884 -0.00572082 -0.0440485 -0.0803805 -0.00379471 0.0105763 -0.0331564 0.0065963 0.00351746 0.00805216 -0.00137374 -0.00205126 -0.000862414 -0.0921249 -0.0245182 0.013402 -0.0149592 -0.1
internal_weight=14976 83.6026 14892.4 10466.7 9826.1 4511.41 5314.69 2432.79 1863.55 2881.9 1899.47 4425.71 3839.16 183.7 110.323 3655.46 73.3778 28.1209 586.549 3309.64 1717.41 1592.23 3371.79 3087.44 65.1126 283.667 437.422 284.358 59.8858
internal_count=3095 946 2149 497 467 174 293 97 86 196 157 1652 1585 1055 995 530 60 48 67 137 48 89 487 446 944 43 45 41 943
is_linear=0
shrinkage=0.05


Tree=92
num_leaves=33
num_cat=0
split_feature=5 2 1 6 2 12 9 10 7 9 8 14 4 9 8 2 0 4 14 8 5 0 4 5 0 7 8 10 10 6 12 5
split_gain=149.071 63.2535 49.3832 42.379 45.048 78.5306 39.5679 57.6259 36.096 31.3932 31.9247 30.8942 30.5693 28.3201 35.8028 27.933 106.551 138.847 79.5414 47.896 31.9352 28.8016 18.7148 22.9007 18.4662 15.471 13.0064 11.1909 10.321 8.84069 4.12479 2.84217e-14
threshold=19.500000000000004 1.0000000180025095e-35 48.379097511263943 26.967605961939288 1.9942345548747453 2.8913146093934392 24.418788088397786 8.3818181818181845 28.500000000000004 27.043138481463242 1.8559907834101386 16.500000000000004 2.3495887191539371 26.878156088414258 1.4023809523809525 1.0000000180025095e-35 1.0000000180025095e-35 2.259615384615385 83.000000000000014 0.76781058282208603 768.50000000000011 3.8149805452721011 2.4570024570024578 1592.0000000000002 27.294845700378307 15.500000000000002 0.99568965517241392 4.0294117647058831 5.6348484848484857 26.944106522329893 6.452828672452589 15.500000000000002
decision_type=10 8 10 10 8 8 10 10 10 10 10 10 10 10 10 8 10 10 10 8 10 10 8 10 10 10 10 10 10 10 8 8
left_child=1 -1 15 4 12 -6 7 -5 25 13 11 -11 -4 14 -8 21 17 18 -17 27 30 28 29 -24 31 -7 -15 -18 -2 -21 -19 -3
right_child=2 24 3 6 5 8 9 -9 -10 10 -12 -13 -14 26 -16 16 19 20 -20 22 -22 -23 23 -25 -26 -27 -28 -29 -30 -31 -32 -33
leaf_value=0.013626575701432539 0.005612342949309965 -0.10000000000000001 0.007685775186898793 -0.0011210474910796624 0.031468896753583352 0.0030174022968046787 -0.0074944818583384757 0.017763206145831767 0.016096027392102193 -0.0038778540861167765 -0.0073134053742177178 0.0066720839437142635 -0.014619267385343577 -0.0076833455604833831 0.0079223813576406229 -0.10000000000000001 -0.013758837984357604 -0.046197009574650713 0.012802478267477442 -0.022530345613797572 0.036120114397898168 -0.012709384186984505 -0.0020484689574595768 0.014268997184442973 -0.0018008426979361808 -0.014561208777264979 -0.021378056062817199 -0.033666810798513927 0.021024484144848619 -0.0048513850596689726 -0.0052386065550040989 -0.10000000000000001
leaf_weight=18.471484184265137 234.62744426727295 47.038759406656027 319.48500061035156 860.88354396820068 420.02763557434082 513.09461784362793 1065.9525575637817 761.16102313995361 535.11548328399658 965.9806022644043 814.02002859115601 2464.0012373924255 295.86218118667603 371.63131761550903 582.30875778198242 86.796150639653206 146.13226079940796 18.153710447251797 19.059383034706116 150.67973828315735 44.942561149597168 148.99710321426392 2854.5773029327393 232.53838157653809 5.2266759872436515 165.55241918563843 324.99932813644409 136.55711030960083 202.27267694473267 133.25087022781372 9.2938050031662005 9.9264140948653203
leaf_count=2 30 779 24 30 15 56 37 16 21 69 34 95 27 23 14 973 23 40 22 26 12 22 433 13 1 19 17 20 15 15 8 164
internal_value=0.000171118 -0.0676172 0.000538644 0.00241074 0.00849162 0.0128343 0.000745065 0.00774058 0.00638577 -0.000977081 0.00158832 0.00370092 -0.00303861 -0.00562018 -0.00204791 -0.00389385 -0.00544846 -0.0431966 -0.0796898 -0.00360694 0.0101671 0.00627384 -0.00194917 -0.000819348 -0.0917472 -0.00127081 -0.0140723 -0.0233757 0.0127477 -0.0142335 -0.0323284 -0.1
internal_weight=14958.6 80.6633 14878 10460.1 2249.14 1633.79 8210.94 1622.04 1213.76 6588.89 4244 3429.98 615.347 2344.89 1648.26 4417.88 3831.98 178.246 105.856 3653.74 72.3901 585.897 3371.05 3087.12 62.1918 678.647 696.631 282.689 436.9 283.931 27.4475 56.9652
internal_count=3095 946 2149 497 162 111 335 46 96 289 198 164 51 91 51 1652 1585 1055 995 530 60 67 487 446 944 75 40 43 45 41 48 943
is_linear=0
shrinkage=0.05


Tree=93
num_leaves=22
num_cat=0
split_feature=5 2 9 2 5 5 13 6 7 12 10 1 10 12 1 8 10 5 7 1 2
split_gain=139.688 61.2847 46.6779 85.7514 70.8023 40.6557 42.234 58.8631 41.5488 39.9015 38.212 33.7664 37.0697 35.5553 32.3293 29.9594 25.19 22.687 21.2757 18.4204 10.4831
threshold=19.500000000000004 1.0000000180025095e-35 34.045664374207888 6.7325063301973929 83.500000000000014 3606.5000000000005 6.3095238095238102 107.73890513338769 22.500000000000004 19.964015151515156 3.4564393939393945 48.379097511263943 9.8619047619047642 3.6984706238643255 33.383802420321054 2.7445887445887451 1.788888888888889 92.500000000000014 17.500000000000004 27.297944479215143 1.0001267461017174
decision_type=10 8 8 8 10 10 10 10 10 10 8 10 10 8 10 10 10 10 10 10 8
left_child=1 -1 5 -4 14 6 10 8 15 17 16 12 -12 -13 -5 -8 -2 -6 -19 -3 -18
right_child=2 19 3 4 9 -7 7 -9 -10 -11 11 13 -14 -15 -16 -17 20 18 -20 -21 -22
leaf_value=0.01295728717416399 0.0011022474135385161 -0.10000000000000001 0.0060609343012001278 -0.10000000000000001 0.046863869073028155 -0.017135606385122064 0.0031975207429904488 0.024211083885187792 0.011677399109299921 -0.081673486174623167 -0.0014874554740198225 0.006249778107490396 -0.022130482102558802 -0.00039415857094705675 -0.0095268079704879487 -0.020870506718859386 -0.0082631657188958138 -0.029864666222823345 -0.0059474307319278778 -0.00171082826359842 -0.022015942402962924
leaf_weight=18.454763412475586 360.67788124084473 54.186947342008352 408.36604070663452 41.905474029481411 14.545628786087034 295.52115821838379 297.86779069900513 464.40116500854492 645.58841609954834 23.365624979138374 2825.7413926124573 4234.9636526107788 235.60947751998901 3839.205235004425 12.917882442474363 228.4734034538269 251.50390887260437 169.94897124916315 205.31383080780506 5.2265934944152823 308.56401824951172
leaf_count=2 34 943 32 680 22 11 26 5 30 8 434 164 30 229 2 20 25 318 54 1 25
internal_value=0.000161643 -0.0666319 0.000511544 -0.0106825 -0.0252926 0.00121286 0.00160887 0.0091464 0.00317671 -0.0182084 0.000585838 0.00139527 -0.0030762 0.00309064 -0.078682 -0.00724989 -0.0092034 -0.0144042 -0.0167791 -0.0913535 -0.0158401
internal_weight=14942.3 77.8683 14864.5 876.363 467.997 13988.1 13692.6 1636.33 1171.93 413.174 12056.3 11135.5 3061.35 8074.17 54.8234 526.341 920.746 389.808 375.263 59.4135 560.068
internal_count=3095 946 2149 1116 1084 1033 1022 81 76 402 941 857 464 393 682 46 84 394 372 944 50
is_linear=0
shrinkage=0.05


Tree=94
num_leaves=26
num_cat=0
split_feature=5 2 5 0 5 5 5 10 10 12 4 0 13 13 13 0 13 2 13 12 6 11 5 5 5
split_gain=130.828 59.3676 41.3917 103.356 39.9461 72.702 36.5921 32.8488 44.239 34.5431 68.7494 38.6179 30.5784 67.0926 50.2785 18.3694 14.2327 13.0702 12.298 25.3708 2.32488 1.14463 1.52126 5.68434e-14 1.42109e-14
threshold=19.500000000000004 1.0000000180025095e-35 153.50000000000003 1.5859684076588467 83.500000000000014 85.500000000000014 3606.5000000000005 3.4564393939393945 1.1805555555555558 3.6429508811398579 30.500000000000004 6.8150789028986845 2.4330357142857149 2.7032967032967039 1.6458061144499612 27.294845700378307 0.17530966143682911 1.0000000180025095e-35 1.0645833333333334 1.5020639834881322 26.892792739600683 155.00000000000003 73.500000000000014 18.500000000000004 103.50000000000001
decision_type=10 8 10 10 10 10 10 8 10 8 10 8 10 10 10 10 10 8 10 10 10 8 10 8 10
left_child=1 -1 3 4 -2 -6 7 8 -4 10 11 -9 14 -14 -11 23 20 -7 19 -10 21 -5 -23 -3 -19
right_child=2 15 6 16 5 17 -8 9 18 12 -12 -13 13 -15 -16 -17 -18 24 -20 -21 -22 22 -24 -25 -26
leaf_value=0.012319774225573912 -0.10000000000000001 -0.10000000000000001 0.010991012989905371 -0.0025480297281880535 0.073471467554476894 -0.02862025983291519 -0.016302781339751812 -0.005390828794261348 -0.020399495248194469 -0.00063953101457008628 0.027821473304981914 0.005722285117136643 0.023531626151168061 0.00086006873510752831 -0.016204062066934036 -0.0016253105953440462 -0.019942433636503075 -0.09999999999999995 -0.022717394462632129 0.0015444404908668439 -0.0052534520927627138 0.0069189751647335653 -0.0012957114468820567 -0.10000000000000001 -0.10000000000000001
leaf_weight=18.439658164978027 39.861719828099012 48.321776825934649 251.98679900169373 135.06489872932434 12.029374092817305 10.129615783691406 295.09813213348389 950.02138352394104 252.3812939375639 3462.3686573803425 314.08991813659668 4412.960680142045 372.80031901597977 2617.6767805069685 610.32060579955578 5.2265191078186026 125.2871036529541 5.9510996267199543 234.00844603776932 275.50427505373955 238.55256366729736 126.51788091659546 101.63111543655396 3.2224419862031928 11.528869360685347
leaf_count=2 680 885 18 22 7 2 11 123 30 475 10 222 17 178 58 1 19 48 23 29 34 23 19 58 101
internal_value=0.00015275 -0.0656258 0.000485768 -0.0105293 -0.0646569 -0.0291151 0.00111814 0.00149191 -0.0071699 0.00218122 0.00508524 0.00375366 -0.000152904 0.00368636 -0.00297198 -0.0909433 -0.00461068 -0.0738117 -0.0131764 -0.00894692 -0.00141863 0.00110001 0.00325967 -0.1 -0.1
internal_weight=14931 75.2104 14855.8 806.554 79.5007 39.639 14049.2 13754.1 1013.88 12740.2 5677.07 5362.98 7063.17 2990.48 4072.69 56.7707 727.054 27.6096 761.894 527.886 601.766 363.214 228.149 51.5442 17.48
internal_count=3095 946 2149 955 838 158 1194 1183 100 1083 355 345 728 195 533 944 117 151 82 59 98 64 42 943 149
is_linear=0
shrinkage=0.05


end of trees

feature_importances:
f_Interval_sum_payment_prev7days=310
f_Interval_sum_login_prev7days=278
f_Interval_max_login_prev1days=212
f_MeanSmoothInterval_payment_prev7days_smooth1days=209
f_TrendFraction_sum_login_prev7days_to2days_interval7days=198
f_TrendFraction_sum_battle_prev6days_to3days_interval6days=198
f_TrendFraction_max_login_prev7days_to2days_interval7days=175
f_TrendFraction_sum_battle_prev7days_to1days_interval7days=163
f_TrendFraction_sum_finish_quest_prev7days_to2days_interval7days=159
f_TrendFraction_sum_finish_quest_prev7days_to1days_interval7days=141
f_TrendFraction_sum_payment_prev6days_to3days_interval6days=140
f_Interval_max_payment_prev7days=115
f_Interval_sum_finish_quest_prev7days=108
f_Interval_count_finish_quest_prev7days=95
f_Interval_min_payment_prev7days=79

parameters:
[boosting: gbdt]
[objective: tweedie]
[metric: rmse]
[tree_learner: serial]
[device_type: cpu]
[data_sample_strategy: bagging]
[data: ]
[valid: ]
[num_iterations: 100]
[learning_rate: 0.05]
[num_leaves: 64]
[num_threads: 64]
[seed: 42]
[deterministic: 0]
[force_col_wise: 0]
[force_row_wise: 0]
[histogram_pool_size: -1]
[max_depth: 7]
[min_data_in_leaf: 20]
[min_sum_hessian_in_leaf: 0.001]
[bagging_fraction: 0.8]
[pos_bagging_fraction: 1]
[neg_bagging_fraction: 1]
[bagging_freq: 5]
[bagging_seed: 400]
[bagging_by_query: 0]
[feature_fraction: 0.8]
[feature_fraction_bynode: 1]
[feature_fraction_seed: 30056]
[extra_trees: 0]
[extra_seed: 12879]
[early_stopping_round: 0]
[early_stopping_min_delta: 0]
[first_metric_only: 0]
[max_delta_step: 0]
[lambda_l1: 0]
[lambda_l2: 0]
[linear_lambda: 0]
[min_gain_to_split: 0]
[drop_rate: 0.1]
[max_drop: 50]
[skip_drop: 0.5]
[xgboost_dart_mode: 0]
[uniform_drop: 0]
[drop_seed: 17869]
[top_rate: 0.2]
[other_rate: 0.1]
[min_data_per_group: 100]
[max_cat_threshold: 32]
[cat_l2: 10]
[cat_smooth: 10]
[max_cat_to_onehot: 4]
[top_k: 20]
[monotone_constraints: ]
[monotone_constraints_method: basic]
[monotone_penalty: 0]
[feature_contri: ]
[forcedsplits_filename: ]
[refit_decay_rate: 0.9]
[cegb_tradeoff: 1]
[cegb_penalty_split: 0]
[cegb_penalty_feature_lazy: ]
[cegb_penalty_feature_coupled: ]
[path_smooth: 0]
[interaction_constraints: ]
[verbosity: -1]
[saved_feature_importance_type: 0]
[use_quantized_grad: 0]
[num_grad_quant_bins: 4]
[quant_train_renew_leaf: 0]
[stochastic_rounding: 1]
[linear_tree: 0]
[max_bin: 255]
[max_bin_by_feature: ]
[min_data_in_bin: 3]
[bin_construct_sample_cnt: 200000]
[data_random_seed: 175]
[is_enable_sparse: 1]
[enable_bundle: 1]
[use_missing: 1]
[zero_as_missing: 0]
[feature_pre_filter: 1]
[pre_partition: 0]
[two_round: 0]
[header: 0]
[label_column: ]
[weight_column: ]
[group_column: ]
[ignore_column: ]
[categorical_feature: ]
[forcedbins_filename: ]
[precise_float_parser: 0]
[parser_config_file: ]
[objective_seed: 16083]
[num_class: 1]
[is_unbalance: 0]
[scale_pos_weight: 1]
[sigmoid: 1]
[boost_from_average: 1]
[reg_sqrt: 0]
[alpha: 0.9]
[fair_c: 1]
[poisson_max_delta_step: 0.7]
[tweedie_variance_power: 1.5]
[lambdarank_truncation_level: 30]
[lambdarank_norm: 1]
[label_gain: ]
[lambdarank_position_bias_regularization: 0]
[eval_at: ]
[multi_error_top_k: 1]
[auc_mu_weights: ]
[num_machines: 1]
[local_listen_port: 12400]
[time_out: 120]
[machine_list_filename: ]
[machines: ]
[gpu_platform_id: -1]
[gpu_device_id: -1]
[gpu_use_dp: 0]
[num_gpu: 1]

end of parameters

pandas_categorical:[]
