tree
version=v4
num_class=1
num_tree_per_iteration=1
label_index=0
max_feature_idx=14
objective=tweedie
feature_names=f_MeanSmoothInterval_payment_prev7days_smooth1days f_Interval_sum_payment_prev7days f_TrendFraction_sum_payment_prev6days_to3days_interval6days f_TrendFraction_sum_finish_quest_prev7days_to2days_interval7days f_TrendFraction_sum_battle_prev7days_to1days_interval7days f_Interval_sum_login_prev7days f_Interval_max_payment_prev7days f_Interval_count_finish_quest_prev7days f_TrendFraction_max_login_prev7days_to2days_interval7days f_Interval_min_payment_prev7days f_TrendFraction_sum_finish_quest_prev7days_to1days_interval7days f_Interval_sum_finish_quest_prev7days f_TrendFraction_sum_login_prev7days_to2days_interval7days f_TrendFraction_sum_battle_prev6days_to3days_interval6days f_Interval_max_login_prev1days
feature_infos=[1.5818076376250971:714.49985869914076] [11.07265346337568:5001.4990108939855] [0:43.052104208416829] [0:76] [1:129] [0:6782] [11.07265346337568:1385.680438062536] [0:90] [0.05434782608695652:100] [11.041637609102908:489.90199165701864] [1:156] [10:2100] [0.045871559633027525:540] [0:124] [0:1569]
tree_sizes=3915 3916 4030 4428 4343 3607 3600 3816 3609 3594 4453 4454 4245 3403 3926 3071 3596 3601 3393 3717 3399 3519 3299 3517 2885 3597 3088 2557 2663 3082 3079 3402 2773 3197 3306 3080 3623 3720 2877 3297 3209 3608 2887

Tree=0
num_leaves=38
num_cat=0
split_feature=1 1 6 10 2 12 12 1 1 4 0 0 5 5 12 1 11 11 0 3 5 1 14 14 0 0 6 1 13 0 11 1 4 1 3 1 14
split_gain=88572.5 9431.53 1921.5 1813.26 863.48 516.21 488.465 341.642 321.15 319.018 240.739 218.654 254.449 215.511 211.551 210.544 201.573 195.013 143.334 130.708 111.055 91.776 72.5814 67.5297 62.459 55.4847 42.5967 34.3518 25.8131 20.4077 8.88867 7.51287 3.79651 3.69528 0.319938 0.166351 0.15093
threshold=96.579237559586844 20.83880994715383 95.456582334000103 4.928229665071771 1.0000000180025095e-35 38.394736842105267 29.391596638655464 546.10289391644494 32.120469981405208 33.500000000000007 23.928662466186271 4.2617380532801681 993.50000000000011 658.50000000000011 1.7019758165046126 46.668582612513639 1145.0000000000002 1145.0000000000002 7.6589233468099005 8.4500000000000011 849.00000000000011 145.62583496404508 8.5000000000000018 13.500000000000002 1.0000000180025095e-35 9.1164756822182156 107.85129024418633 49.350999194894527 2.1180555555555558 272.7580335393165 155.00000000000003 14.243015323688331 5.248742138364781 29.714667704990536 2.0140845070422539 48.852999168038373 80.500000000000014
decision_type=10 10 10 10 8 8 8 10 10 10 10 10 10 10 8 10 8 10 10 10 10 10 10 10 10 10 10 10 10 10 8 10 10 10 8 10 10
left_child=1 4 6 5 -1 11 10 9 17 13 20 12 22 -4 -10 28 18 23 -13 25 -2 -8 -3 -5 32 -16 -15 35 33 -9 -29 -26 34 -7 -6 -17 -36
right_child=2 3 7 8 24 15 21 29 14 -11 -12 16 -14 26 19 27 -18 -19 -20 -21 -22 -23 -24 -25 31 -27 -28 30 -30 -31 -32 -33 -34 -35 36 -37 -38
leaf_value=5.0291011448702196 5.0603492112263568 4.9702691549048206 5.0854448774432655 4.9880488531029457 4.9430649428552389 4.9702296631361236 5.0271678773604354 5.1332555186351954 5.0954316957891201 5.1370267970364143 5.1125821362197046 4.9977353752285278 5.0569476743777306 5.1239459470191351 5.0198071545976877 4.9884250775144325 5.063547449033087 5.0565122773828328 5.0343205278595251 5.0729278747936739 5.0923249725993065 5.0666234544822917 4.9985171367954901 5.0236162713536592 4.9548657923588459 5.051055067934545 5.1104881061919585 4.9997203299114901 4.9929353745300684 5.1377653672523778 5.0118100727219117 4.969716963665392 4.9495786735804534 4.9761669003629487 4.9409349394646522 4.9904384611923236 4.9426787102563017
leaf_weight=289.08489656448364 447.47108173370361 327.86206197738647 717.06725120544434 235.86046504974365 182.23977518081665 1362.1338238716125 327.89124584197998 5990.9869422912598 409.89631605148315 1590.831916809082 1096.4002838134766 494.94651699066162 162.8562216758728 1097.8644390106201 256.63822746276855 203.82957363128662 305.28674221038818 338.76139259338379 583.1485538482666 457.09986448287964 690.65880680084229 267.72514152526855 742.12961053848267 307.36611557006836 160.38435029983521 318.1929178237915 1266.0320253372192 228.93849945068359 151.22973012924194 4315.3594741821289 452.59847450256348 181.55815744400024 129.9608154296875 324.50440645217896 11551.56520652771 206.55645656585693 125.43775510787964
leaf_count=26 29 45 32 29 29 187 30 37 15 5 25 57 11 15 25 25 19 23 50 25 27 16 85 29 24 23 31 26 18 11 47 25 20 43 1858 25 20
internal_value=5.04136 4.97047 5.12292 5.01343 4.94368 4.99789 5.08514 5.13006 5.05051 5.11884 5.09586 5.01404 4.99872 5.10946 5.06504 4.98348 5.02768 5.02674 5.01752 5.05297 5.07975 5.0449 4.98986 5.00817 4.94168 5.0371 5.11674 5.00087 4.97315 5.13514 5.00775 4.96275 4.94108 4.97137 4.94099 4.98944 4.94095
internal_weight=38298.4 20490.1 17808.3 7869.84 12620.2 5546.02 2830.15 14978.1 2323.82 4671.8 2234.53 2616.23 1232.85 3080.96 1441.83 2929.79 1383.38 881.988 1078.1 1031.93 1138.13 595.616 1069.99 543.227 12331.1 574.831 2363.9 1091.92 1837.87 10306.3 681.537 341.943 11989.2 1686.64 11859.2 410.386 11677
internal_count=3067 2809 258 807 2002 638 127 131 169 83 81 267 141 78 88 371 126 81 107 73 56 46 130 58 1976 48 46 123 248 48 73 49 1927 230 1907 50 1878
is_linear=0
shrinkage=1


Tree=1
num_leaves=36
num_cat=0
split_feature=1 1 6 10 2 8 12 1 4 1 0 8 1 6 7 11 11 3 0 4 1 0 13 12 1 13 0 11 1 10 4 1 8 1 7
split_gain=82957.7 9435.79 1949.45 1663.13 872.083 500.159 455.102 367.084 338.867 291.776 234.57 227.94 208.427 204.941 203.009 177.235 149.189 171.062 110.574 89.2543 83.0585 69.3941 62.5433 47.5531 33.4158 24.6226 23.0765 8.83277 7.92454 4.59267 4.33516 3.96795 0.513915 0.152767 0.00039846
threshold=96.579237559586844 20.83880994715383 95.456582334000103 4.928229665071771 1.0000000180025095e-35 7.026315789473685 29.391596638655464 546.10289391644494 33.500000000000007 32.120469981405208 23.270822928885732 0.61720705346985227 46.668582612513639 24.928990008270763 52.500000000000007 1145.0000000000002 275.00000000000006 2.8084381551362685 4.6449986043959415 6.4746376811594208 145.62583496404508 1.0000000180025095e-35 3.0416666666666674 3.2006854250189374 49.350999194894527 3.3174603174603177 272.7580335393165 185.00000000000003 14.243015323688331 6.5086206896551735 5.248742138364781 30.149941696969581 0.55310150375939859 48.852999168038373 1.0000000180025095e-35
decision_type=10 10 10 10 8 8 8 10 10 10 10 8 10 10 10 10 10 8 10 10 10 10 10 10 10 10 10 10 10 8 10 10 8 10 8
left_child=1 4 6 5 -1 11 10 8 14 15 19 -3 25 -11 -4 22 18 -18 -13 -2 -8 30 29 -15 33 31 -9 -26 -23 -5 32 -7 -6 -14 -34
right_child=2 3 7 9 21 12 20 26 -10 13 -12 16 24 23 -16 -17 17 -19 -20 -21 -22 28 -24 -25 27 -27 -28 -29 -30 -31 -32 -33 34 -35 -36
leaf_value=-0.011249989206121531 0.021907809104942569 0.014591970112486478 0.047639474316303172 -0.050014633236017375 -0.09677149073727967 -0.068753556242477032 -0.013091125418315842 0.091609016025858706 0.095706137762505805 0.047157256669715902 0.069064169257386995 -0.058868943360663867 -0.050582158099297385 -0.0028634387823094935 0.075572698669822996 0.014816463063022776 -0.051349102102481947 -0.0081360281333142746 -0.025442066692553767 0.050735401235345139 0.024484943554928151 -0.084911481508585254 -0.0075414790674142368 0.020312345415131491 -0.026313271182800548 -0.04586615661107793 0.096513780485901368 -0.03767162800118648 -0.069418284420699666 -0.038567088941804321 -0.090568404728818552 -0.062556768697673223 -0.099975068466737899 -0.048658609778799308 -0.10000000000000001
leaf_weight=288.88753938674927 534.72142791748047 314.7721471786499 951.50367069244385 154.3911771774292 126.26229190826416 1365.9150805473328 327.58828735351562 5741.9714622497559 1519.1943426132202 545.86485767364502 1123.3316411972046 594.99722385406494 201.08942079544067 462.8729133605957 2055.7793807983398 338.36065196990967 306.15966272354126 908.88369131088257 423.48525047302246 539.3186731338501 266.86384201049805 154.59049940109253 182.59563302993774 424.15593528747559 367.40196514129639 141.50373649597168 4118.0322647094727 320.448899269104 177.06798839569092 202.57398080825806 124.67129278182983 318.58022308349609 9215.1997737884521 212.08223056793213 1939.984320640564
leaf_count=26 33 22 39 19 21 192 30 37 5 23 27 78 25 38 39 23 38 80 43 21 16 24 16 27 38 17 11 36 25 23 20 43 1558 26 328
internal_value=0.000411865 -0.0693097 0.080826 -0.0264254 -0.0970732 -0.0414378 0.0425903 0.088246 0.0764582 0.00914545 0.0530903 -0.0252419 -0.0555382 0.0230524 0.0667346 -0.0135527 -0.0308557 -0.0190246 -0.04497 0.0363833 0.00377767 -0.0991855 -0.0313432 0.00821867 -0.0383557 -0.0658988 0.0936575 -0.0316048 -0.0766399 -0.0435183 -0.099841 -0.0675816 -0.0999435 -0.0495948 -0.0999794
internal_weight=36991.1 19812.8 17178.3 7786.13 12026.7 5475.32 2791.82 14386.5 4526.48 2310.82 2197.37 2548.3 2927.02 1432.89 3007.28 877.921 2233.53 1215.04 1018.48 1074.04 594.452 11737.8 539.561 887.029 1101.02 1826 9860 687.851 331.658 356.965 11406.1 1684.5 11281.4 413.172 11155.2
internal_count=3067 2809 258 807 2002 638 127 131 83 169 81 261 377 88 78 81 239 118 121 54 46 1976 58 65 125 252 48 74 49 42 1927 235 1907 51 1886
is_linear=0
shrinkage=0.05


Tree=2
num_leaves=37
num_cat=0
split_feature=1 1 6 10 2 8 1 1 4 12 1 5 8 5 1 12 11 3 12 0 0 5 3 0 6 1 5 13 11 1 4 1 1 8 5 5
split_gain=77628.6 9434.59 1971.72 1523.44 880.046 469.664 433.184 393.358 358.79 302.569 264.71 219.108 208.881 246.251 196.828 195.016 161.002 114.721 88.3577 76.8807 73.3987 61.0306 58.0673 51.0703 48.2012 32.4344 26.2413 26.1252 9.03363 8.31009 4.94262 4.90137 3.55711 0.593168 0.204155 0.0103226
threshold=96.579237559586844 20.83880994715383 95.456582334000103 4.928229665071771 1.0000000180025095e-35 7.3095238095238111 162.44969307397602 546.10289391644494 33.500000000000007 2.031315706097526 32.120469981405208 658.50000000000011 0.61720705346985227 476.50000000000006 43.646100836752431 1.7019758165046126 1145.0000000000002 8.4500000000000011 2.1076560328770366 1.0000000180025095e-35 5.1269807967380752 1176.5000000000002 6.5954545454545466 9.1164756822182156 107.85129024418633 49.350999194894527 1882.0000000000002 7.0113636363636376 155.00000000000003 14.243015323688331 5.248742138364781 122.05899792134764 27.883565464658798 0.55310150375939859 225.50000000000003 82.500000000000014
decision_type=10 10 10 10 8 8 10 10 10 10 10 10 8 10 10 8 10 10 10 10 10 10 10 10 10 10 10 8 8 10 10 10 10 8 10 10
left_child=1 4 6 5 -1 12 9 8 11 31 16 -4 -3 20 27 -12 22 23 -15 30 -14 -11 -5 -17 -13 34 -9 -7 -27 -21 33 -2 -29 -6 -16 -35
right_child=2 3 7 10 19 14 -8 26 -10 21 15 24 13 18 25 17 -18 -19 -20 29 -22 -23 -24 -25 -26 28 -28 32 -30 -31 -32 -33 -34 35 -36 -37
leaf_value=-0.010694262658885114 -0.014448970312908782 0.013877157551000108 0.040535241349523542 -0.044202783072267812 -0.096449270520942487 -0.048426608537664777 0.062165659409996687 0.089941416972998012 0.095285048679727313 0.026301639510574612 0.051660374493061184 0.080492780965480681 -0.056048832124257146 -0.037150255816965926 -0.046441191625415101 -0.020942921120071831 0.014091120413774836 0.029314994842930937 -0.0055774462758306576 -0.083683415531612002 -0.028430770620778346 0.051441079932253747 -0.010945858035112591 0.0090433274337014275 0.065768663755181464 -0.038373285787458265 0.095288725113364156 -0.067883971480813474 -0.026069664688670231 -0.067576327272494616 -0.089720278099882284 -0.0045306485060665116 -0.062233060495195426 -0.10000000000000001 -0.048688482653984712 -0.099870390653858568
leaf_weight=288.70929765701294 226.76083850860596 314.44540023803711 702.22903251647949 306.73524475097656 120.49576425552368 229.22132682800293 1287.7845439910889 3934.7799835205078 1451.3309803009033 484.87620067596436 399.27857637405396 1030.254563331604 719.61991310119629 297.91985940933228 161.49368190765381 256.59541845321655 337.99853801727295 452.31148147583008 864.9393744468689 149.15521478652954 361.38055896759033 480.82843017578125 229.42298698425293 317.91827774047852 1207.0197830200195 225.88256549835205 5503.1507339477539 1161.247166633606 439.39867877960205 172.90743827819824 119.68422269821167 276.37442588806152 366.33655595779419 8747.8752055168152 270.06159687042236 1863.4887208938599
leaf_count=26 21 22 32 37 21 29 37 29 5 28 15 15 95 34 20 25 23 25 75 24 38 18 21 23 31 26 19 168 46 25 20 23 51 1555 34 331
internal_value=0.000400031 -0.0681146 0.0796104 -0.0253567 -0.0968834 -0.0398446 0.0409975 0.0873075 0.0749441 0.0224386 0.00872969 0.0649012 -0.0242882 -0.0296365 -0.0537911 0.0220093 -0.0129348 0.0104796 -0.0136663 -0.0991104 -0.0468161 0.0388187 -0.0299721 -0.00434945 0.0725491 -0.0371721 0.0930594 -0.0641669 -0.0302471 -0.0750359 -0.0998249 -0.00900079 -0.0665288 -0.0999376 -0.0478475 -0.0999772
internal_weight=35759.9 19174.5 16585.4 7712.21 11462.3 5411.95 2756.62 13828.8 4390.83 1468.84 2300.26 2939.5 2558.31 2243.86 2853.64 1426.1 874.157 1026.83 1162.86 11173.6 1081 965.705 536.158 574.514 2237.27 1096.84 9437.93 1756.81 665.281 322.063 10851.5 503.135 1527.58 10731.9 431.555 10611.4
internal_count=3067 2809 258 807 2002 638 127 131 83 90 169 78 264 242 374 88 81 73 109 1976 133 46 58 48 46 126 48 248 72 49 1927 44 219 1907 54 1886
is_linear=0
shrinkage=0.05


Tree=3
num_leaves=41
num_cat=0
split_feature=0 0 5 8 0 8 10 8 0 13 0 5 3 14 0 8 0 3 0 4 5 13 5 11 13 0 14 14 0 13 0 5 14 0 5 7 4 13 9 10
split_gain=66976 10619.5 4160.18 1509.21 1025.58 735.161 577.448 577.142 572.019 401.176 345.733 333.64 249.336 368.917 229.267 190.128 184.151 143.683 91.3891 78.1387 77.8253 72.7451 62.112 60.735 58.6372 51.5355 46.2959 36.8053 35.3708 31.8347 28.0777 22.9584 29.7665 11.0542 11.0463 9.09324 5.88983 5.6763 2.79346 0.548245
threshold=16.703395520643941 2.9648959925089975 418.50000000000006 7.026315789473685 81.033284593005476 3.2157142857142862 13.267857142857144 0.98987570168404182 4.2617380532801681 5.7750000000000012 45.727726191680027 888.50000000000011 1.607692307692308 20.500000000000004 31.457999464273453 0.91644518272425257 33.850082349228458 7.9375000000000009 13.614152432362127 4.0861111111111112 1534.0000000000002 2.5929064657878222 1254.5000000000002 295.00000000000006 0.91799604482531327 1.0000000180025095e-35 11.500000000000002 18.500000000000004 9.2058030309758596 3.4880952380952386 272.7580335393165 556.50000000000011 16.500000000000004 13.091879882344331 225.50000000000003 5.5000000000000009 5.248742138364781 1.0294372294372296 26.892792739600683 3.5916666666666672
decision_type=10 10 10 8 10 8 10 10 10 10 10 10 8 8 10 8 10 10 10 10 10 8 10 10 10 10 8 8 10 10 10 10 10 10 10 10 10 10 10 10
left_child=1 6 7 8 5 9 15 16 11 14 24 17 -10 21 22 26 27 23 -15 -13 -16 -14 -4 -3 -7 36 -1 -2 29 37 -6 32 35 -34 -29 -30 39 38 -5 -17
right_child=2 3 4 28 30 10 -8 -9 12 -11 -12 19 13 18 20 25 -18 -19 -20 -21 -22 -23 -24 -25 -26 -27 -28 34 31 -31 -32 -33 33 -35 -36 -37 -38 -39 -40 -41
leaf_value=-0.079254797452511586 -0.028999202650972583 -0.056811006936313503 0.034047630905483232 -0.066561485551796376 0.090130998521288391 -0.01932267748999867 0.017164167719364621 0.052908606680972727 0.04094181115528972 0.092772239686229274 0.059482622808101994 -0.010013223492726514 -0.027025673262534529 0.011080001597261671 0.063151090515788988 -0.099949851791606995 -0.0034662406881278245 0.004612146251267212 0.039360136895647359 0.02792114099493976 0.082247991699109901 0.00016173299863920195 0.056669235509735405 -0.034635050534561472 0.014571451085750531 -0.071369857123421823 -0.043125004396109834 -0.06156198246895675 -0.031634207820806268 -0.040142047209027552 0.095804697295462773 -0.030640275806763314 -0.064064014050618942 -0.048404938895991567 -0.044039838142030691 -0.0478133734360211 -0.088254936287668118 -0.054622421068981179 -0.060721120793973175 -0.096409162922388505
leaf_weight=187.38986301422119 212.91752958297729 588.9256386756897 586.67090129852295 558.43017530441284 5190.9877605438232 263.29811525344849 109.76969432830811 284.67598628997803 482.26619338989258 1723.4223899841309 392.99565124511719 311.21579360961914 845.72509002685547 1276.4036636352539 1039.4979562759399 9951.5562229156494 457.08383989334106 164.05322742462158 368.04785633087158 240.77430725097656 1096.0003318786621 346.9885311126709 628.51774978637695 649.0115761756897 247.60017013549805 162.10684013366699 168.29485177993774 237.85577535629272 185.4463267326355 182.0246434211731 3760.0326385498047 179.32738399505615 308.94320154190063 177.42845106124878 144.64408874511719 163.33653736114502 109.55832719802856 177.60304117202759 323.2580885887146 110.54439353942871
leaf_count=30 23 80 29 83 36 26 8 10 23 9 12 28 88 91 28 1859 38 13 17 14 14 28 20 74 16 25 21 34 21 22 11 20 45 23 18 21 19 24 46 20
internal_value=0.000387831 -0.0651521 0.0742369 -0.0195714 0.0818045 0.0657685 -0.0969309 -0.0102529 -0.00493026 0.073169 0.0242248 -0.0263938 0.00770423 0.00205444 0.0630861 -0.0981025 -0.0273366 -0.0393579 0.0174094 0.00653349 0.0729522 -0.0191162 0.0457479 -0.0451848 -0.00289633 -0.0993396 -0.0621597 -0.0456611 -0.0537982 -0.0594583 0.0925143 -0.0468725 -0.050358 -0.0583516 -0.0549359 -0.039211 -0.0997854 -0.0627775 -0.0644202 -0.099911
internal_weight=34594.6 18328.4 16266.2 7529.21 14929 5978 10799.2 1337.18 5273.41 5074.11 903.894 1953.98 3319.43 2837.17 3350.69 10689.5 1052.5 1401.99 1644.45 551.99 2135.5 1192.71 1215.19 1237.94 510.898 10333.8 355.685 595.417 2255.8 1241.32 8951.02 1014.48 835.155 486.372 382.5 348.783 10171.7 1059.29 881.688 10062.1
internal_count=3067 2743 324 761 201 154 1982 123 456 100 54 209 247 224 91 1974 113 167 108 42 42 116 49 154 42 1923 51 75 305 175 47 130 110 68 52 42 1898 153 129 1879
is_linear=0
shrinkage=0.05


Tree=4
num_leaves=40
num_cat=0
split_feature=1 1 6 10 2 1 8 4 1 12 1 2 1 4 6 11 7 14 14 12 0 14 12 4 0 14 0 1 14 1 1 0 7 4 0 1 8 14 0
split_gain=67858.4 9386.99 2002.98 1303.74 912.936 439.559 405.335 394.816 391.031 257.109 230.878 203.172 190.03 182.125 179.334 144.923 139.999 131.921 124.394 101.046 92.739 70.5233 71.4368 59.8474 49.4938 43.7779 33.0687 30.6539 24.9775 10.5755 9.16689 8.93742 6.39085 6.37161 5.16137 4.23909 0.748723 0.273043 0.21013
threshold=96.579237559586844 20.83880994715383 95.456582334000103 4.928229665071771 1.0000000180025095e-35 546.10289391644494 7.026315789473685 33.500000000000007 162.44969307397602 2.031315706097526 32.120469981405208 0.56387554000802043 43.646100836752431 1.0000000180025095e-35 24.928990008270763 315.00000000000006 60.500000000000007 38.500000000000007 49.500000000000007 3.2479191994762933 1.0000000180025095e-35 37.500000000000007 3.3138561234891513 6.5941176470588241 4.6449986043959415 47.500000000000007 272.7580335393165 49.350999194894527 13.500000000000002 27.718774752449416 14.243015323688331 13.387856182207042 3.5000000000000004 5.248742138364781 4.068737901394428 122.27949791759254 0.55310150375939859 80.500000000000014 12.213249792009593
decision_type=10 10 10 10 8 10 8 10 10 10 10 10 10 10 10 10 10 10 10 8 10 10 10 10 10 10 10 10 8 10 10 10 10 10 10 10 8 10 10
left_child=1 4 8 6 -1 7 13 11 9 35 16 -4 29 19 -12 24 17 28 -17 -3 33 22 -16 -11 -15 -13 -7 38 -5 34 -22 -29 -31 36 -8 -2 -6 -38 -14
right_child=2 3 5 10 20 26 12 -9 -10 23 14 25 27 15 21 18 -18 -19 -20 -21 30 -23 -24 -25 -26 -27 -28 31 -30 32 -32 -33 -34 -35 -36 -37 37 -39 -40
leaf_value=-0.0082825628335809909 -0.013273221709286097 0.030659327418953143 0.040023216731893789 -0.049875694681427621 -0.095851375995856192 0.089122193161057364 -0.05414815653307764 0.094397061187816905 0.058502043801687553 0.022644796754786787 0.043731307920244711 0.061710284942623199 -0.042948571337657213 -0.054427403449779116 -0.023241215033802855 -0.02585956005086637 0.024437979530088777 0.010347353731145533 0.016516310958720942 -0.013291103717098258 -0.08124540936570282 0.023143113032991491 0.014545514658073697 0.047760113870026988 -0.030498496105692548 0.076517928161283541 0.095392599722153956 -0.019771522818679218 -0.026599251453956418 -0.045812307795523831 -0.063870379628073445 -0.031653217107677815 -0.058376117473948455 -0.087870414670774097 -0.064007376430411836 -0.0040907089495997228 -0.10000000000000001 -0.097414692864752822 -0.045253222101827334
leaf_weight=285.49187421798706 249.70290184020996 205.08025074005127 801.23587131500244 224.05587720870972 111.50766563415527 5071.6536064147949 150.78749990463257 1327.4909400939941 1238.5099287033081 460.96782398223877 529.97875785827637 914.50754928588867 157.73701333999634 518.62799215316772 264.57586574554443 829.90885877609253 201.9539680480957 204.43471765518188 218.85150289535522 360.95190238952637 140.07103729248047 381.55704164505005 237.22914838790894 488.62325763702393 370.44860935211182 1098.9491691589355 3591.7234649658203 251.80208301544189 237.34149551391602 159.15185928344727 165.73019695281982 426.07745504379272 278.05620288848877 110.87130308151245 1109.4373230934143 253.06683731079102 9500.4213533401489 103.2384181022644 265.17645788192749
leaf_count=26 23 12 35 29 21 37 21 5 37 27 23 25 20 71 26 88 12 15 15 35 24 23 16 19 40 18 11 26 25 21 25 48 40 20 167 21 1866 20 34
internal_value=0.000375996 -0.0656541 0.0770761 -0.0233345 -0.0964604 0.0853164 -0.0369329 0.0719193 0.0378617 0.0202606 0.00827279 0.0613182 -0.0500102 -0.0223183 0.0207371 -0.0296063 -0.0120276 -0.0230879 -0.0170167 0.00263267 -0.098945 0.00694163 -0.00537748 0.0355682 -0.044457 0.0697923 0.0917218 -0.0338301 -0.0379024 -0.0605031 -0.0718289 -0.0272397 -0.0538027 -0.0997889 -0.0628277 -0.00865125 -0.0999249 -0.0999722 -0.0443936
internal_weight=33497 18000.6 15496.4 7583.22 10417.3 12805.6 5302.1 4142.18 2690.87 1452.36 2281.13 2814.69 2798.23 2503.87 1413.34 1937.84 867.786 665.832 1048.76 566.032 10131.8 883.362 501.805 949.591 889.077 2013.46 8663.38 1100.79 461.397 1697.43 305.801 677.88 437.208 9826.04 1260.22 502.77 9715.17 9603.66 422.913
internal_count=3067 2809 258 807 2002 131 638 83 127 90 169 78 377 261 88 214 81 69 103 47 1976 65 42 46 111 43 48 128 54 249 49 74 61 1927 188 44 1907 1886 54
is_linear=0
shrinkage=0.05


Tree=5
num_leaves=33
num_cat=0
split_feature=1 1 1 10 2 4 12 0 8 1 5 0 5 1 0 13 0 1 10 12 8 10 5 1 13 5 4 4 1 13 8 14
split_gain=67012.9 9451.88 2458.11 1540.17 1005.84 862.152 328.511 324.06 305.001 294.574 352.146 267.372 216.349 179.072 163.998 107.036 105.729 101.135 96.7651 90.2797 78.4168 76.6849 69.173 49.6161 40.4209 32.161 24.2843 12.8272 9.94605 4.20479 0.841267 0.301936
threshold=88.147815114952223 20.83880994715383 296.44585893993127 4.8090909090909095 1.0000000180025095e-35 14.250000000000002 1.4183789954337902 5.5670288266239529 0.51376720901126416 49.350999194894527 993.50000000000011 9.2705205984845112 1600.0000000000002 1087.1293446504815 19.29785547181633 2.2187585452556746 1.0000000180025095e-35 189.60595683432373 6.0712500000000009 5.1166781056966384 1.6693989071038253 7.6055555555555561 1254.5000000000002 32.661683547969211 0.66784037558685461 672.50000000000011 3.0938596491228076 5.248742138364781 14.243015323688331 0.11464638419878943 0.55310150375939859 82.500000000000014
decision_type=10 10 10 10 8 10 10 10 8 10 10 10 10 10 10 10 10 10 10 10 10 8 10 10 8 10 10 10 10 10 8 10
left_child=1 4 5 8 -1 6 17 12 -3 10 23 21 19 15 22 18 27 29 -4 24 26 -9 -8 -10 -5 -16 -11 30 -18 -2 -6 -32
right_child=2 3 13 7 16 -7 14 11 9 20 -12 -13 -14 -15 25 -17 28 -19 -20 -21 -22 -23 -24 -25 -26 -27 -28 -29 -30 -31 31 -33
leaf_value=-0.0071289418950635803 -0.0093876361416905026 0.018393152828588388 0.064067553427962734 -0.0093176421538810599 -0.095433619542592191 0.077278832018922022 0.0061090588165062468 0.056297127240778636 -0.054736185403888582 -0.028209275486840296 0.0060549136618467262 -0.0060581126428664745 0.037287719730959623 0.093916831786020116 0.060113982275896573 0.089391137521929231 -0.078701364518128092 0.029869783911491678 0.083280821092077822 0.0094183485258648759 0.01107474282037004 0.027734165826513526 0.037734053934644476 -0.039785592605801716 -0.037635214071847847 0.044891945869854948 -0.010354588249676425 -0.082194310082447597 -0.060918752609909033 -0.0012167315669933873 -0.099937946288638488 -0.097154182324898419
leaf_weight=309.50711107254028 338.131103515625 237.77235412597656 1193.3147373199463 174.49922800064087 106.27976560592651 1452.8832998275757 362.19935894012451 494.28341293334961 2581.7849359512329 787.50347518920898 288.88306522369385 400.33089542388916 200.98743295669556 6958.6808547973633 561.83841609954834 2284.6120700836182 164.79070568084717 294.91336154937744 1453.5711765289307 191.88707637786865 189.61470413208008 447.94279670715332 330.8516845703125 706.87901306152344 453.58460807800293 907.43577003479004 251.18573570251465 103.95543432235718 150.39506864547729 294.65755271911621 9030.3522009849548 98.469034671783447
leaf_count=28 30 16 29 16 21 23 26 17 369 87 23 33 10 27 16 16 29 15 16 14 14 25 15 88 53 35 23 19 23 24 1864 20
internal_value=0.0044184 -0.0640538 0.0767981 -0.0212773 -0.0958541 0.045513 0.0305771 0.0120286 -0.036885 -0.0396199 -0.0468733 0.0281737 -0.00920219 0.0887513 0.0412556 0.0814624 -0.0986986 0.00568742 0.0746188 -0.0205976 -0.0184937 0.042718 0.0212063 -0.0515226 -0.0297678 0.0507127 -0.0238915 -0.0996598 -0.0702162 -0.00558286 -0.0998564 -0.0999079
internal_weight=33804 17370.9 16433.1 7407.14 9963.75 4542.91 3090.03 2363.52 5043.62 4805.85 3577.55 1342.56 1020.96 11890.2 2162.33 4931.5 9654.24 927.702 2646.89 819.971 1228.3 942.226 693.051 3288.66 628.084 1469.27 1038.69 9339.06 315.186 632.789 9235.1 9128.82
internal_count=3064 2792 272 788 2004 184 161 168 620 604 480 75 93 88 92 61 1976 69 45 83 124 42 41 457 69 51 110 1924 52 54 1905 1884
is_linear=0
shrinkage=0.05


Tree=6
num_leaves=33
num_cat=0
split_feature=1 1 1 10 2 4 12 3 0 1 5 0 1 5 0 3 0 5 1 14 10 3 8 14 8 8 4 4 1 2 8 14
split_gain=62555.7 9373.71 2482.57 1406.2 1009.28 837.517 422.152 303.797 293.119 269.346 315.646 231.252 195.07 192.934 190.126 121.925 115.762 102.074 91.6925 88.6323 77.0283 76.3413 69.6957 69.2627 49.992 31.0205 24.9518 14.3921 10.1571 2.89599 0.968226 0.348723
threshold=88.147815114952223 20.83880994715383 296.44585893993127 4.8805704099821758 1.0000000180025095e-35 62.500000000000007 1.4183789954337902 0.84807692307692317 5.5670288266239529 49.350999194894527 993.50000000000011 9.2705205984845112 1087.1293446504815 1600.0000000000002 19.29785547181633 6.775252525252526 1.0000000180025095e-35 1254.5000000000002 189.60595683432373 38.500000000000007 7.6904761904761916 4.0200000000000005 1.6693989071038253 26.500000000000004 1.0230646871686111 1.1003144654088053 3.0938596491228076 5.248742138364781 14.243015323688331 0.39537846730687765 0.55310150375939859 82.500000000000014
decision_type=10 10 10 10 8 10 10 8 10 10 10 10 10 10 10 8 10 10 10 10 10 10 10 10 10 8 10 10 10 10 8 10
left_child=1 4 5 7 -1 6 18 -3 13 10 21 20 15 19 17 25 27 -8 29 24 -10 -9 26 -16 -5 -4 -11 30 -18 -2 -6 -32
right_child=2 3 12 8 16 -7 14 9 11 22 -12 -13 -14 -15 23 -17 28 -19 -20 -21 -22 -23 -24 -25 -26 -27 -28 -29 -30 -31 31 -33
leaf_value=-0.0067742170892040312 -0.007906421106730779 0.032809246648707782 0.064976534182310072 -0.018791211961552774 -0.094987820929672923 0.095155350376328787 0.0078990179712862697 -0.050271074541566076 0.055447009478497823 -0.026871384132906143 0.0049359835690608598 -0.0050402216416638446 0.093337783743063951 0.035671503718422495 0.039629396027392974 0.08740415808761505 -0.077156597004177263 0.042825092873307574 0.028503550838634428 0.0073114046722842791 0.026449261740153551 -0.012747673123330472 0.010527467914922138 0.059105001542508119 -0.049642501817185936 0.076949936944229191 -0.0093990895538502584 -0.080815272357261714 -0.058967590105746696 -0.000905844294125717 -0.099931426538767118 -0.096868369047956746
leaf_weight=309.43043327331543 397.55187034606934 159.30428981781006 1015.9169158935547 371.43959426879883 101.55918979644775 676.32662963867188 447.72568607330322 3191.2200093269348 470.42968368530273 793.73631048202515 299.17821931838989 380.45789432525635 6659.35107421875 199.62504529953003 691.47454452514648 2596.4810009002686 159.81350231170654 392.66991233825684 293.63059043884277 225.18299531936646 446.26305389404297 141.56159257888794 189.50132942199707 1343.5247106552124 203.11132049560547 1157.0285167694092 275.17430591583252 100.53068256378174 147.67375707626343 235.08939170837402 8590.4837036132812 93.936197280883789
leaf_count=28 35 9 23 38 21 2 31 451 16 88 24 31 27 10 29 21 29 16 15 17 25 14 14 37 26 17 25 19 23 19 1864 20
internal_value=0.00433052 -0.0628049 0.0754452 -0.0203879 -0.0955934 0.0438888 0.0347684 -0.0351404 0.0120506 -0.0373538 -0.0442609 0.0277297 0.0878096 -0.00830075 0.044225 0.0800908 -0.0985827 0.024218 0.00541239 -0.0192768 0.0413304 -0.0486772 -0.0174189 0.0524874 -0.0296975 0.071352 -0.0223734 -0.0996263 -0.0684211 -0.00530501 -0.0998415 -0.0998983
internal_weight=32756.4 16849.6 15906.8 7346.19 9503.43 4477.99 3801.67 5049.68 2296.51 4890.37 3631.96 1297.15 11428.8 999.359 2875.39 4769.43 9194 840.396 926.272 799.734 916.693 3332.78 1258.41 2035 574.551 2172.95 1068.91 8886.51 307.487 632.641 8785.98 8684.42
internal_count=3064 2792 272 788 2004 184 182 625 163 616 489 72 88 91 113 61 1976 47 69 81 41 465 127 66 64 40 113 1924 52 54 1905 1884
is_linear=0
shrinkage=0.05


Tree=7
num_leaves=35
num_cat=0
split_feature=1 1 1 10 13 10 5 8 5 8 5 1 1 0 1 0 3 14 12 0 6 8 9 11 1 8 1 1 13 1 11 1 12 13
split_gain=58349.1 9285.06 2493.55 1281.53 774.501 611.79 383.612 280.528 269.908 266.173 260.565 242.157 212.014 210.453 191.784 153.313 139.634 131.854 126.169 116.674 113.58 72.6731 69.33 48.6176 36.5007 34.7013 28.8808 24.3828 21.9716 18.0146 16.9176 11.7437 3.38466 1.47408
threshold=88.147815114952223 20.83880994715383 296.44585893993127 4.8805704099821758 5.2361111111111116 13.267857142857144 547.50000000000011 0.51376720901126416 531.50000000000011 0.91644518272425257 476.50000000000006 178.53947486091707 1087.1293446504815 5.5670288266239529 49.350999194894527 7.4776908508642626 5.2565789473684221 80.500000000000014 2.4498306041784308 1.0000000180025095e-35 30.659029848246433 1.087595907928389 26.922504604498162 235.00000000000003 32.661683547969211 1.1105056669572801 34.074031677251391 73.254998752474805 1.1601973684210529 161.61610466267385 395.00000000000006 14.243015323688331 0.74091261601581071 3.9687500000000004
decision_type=10 10 10 10 10 10 10 8 10 8 10 10 10 10 10 10 8 10 10 10 10 8 10 10 10 10 10 10 8 10 10 10 10 10
left_child=1 5 4 7 6 9 29 -3 28 23 14 21 16 17 26 -15 -4 25 24 30 -17 -8 -20 -1 -12 -10 -9 -16 -5 32 33 -21 -2 -11
right_child=2 3 12 8 -6 -7 11 10 13 19 18 -13 -14 15 27 20 -18 -19 22 31 -22 -23 -24 -25 -26 -27 -28 -29 -30 -31 -32 -33 -34 -35
leaf_value=-0.072211743061313186 -0.010451239735872461 0.017733085250125086 0.067021979589340683 -0.015501844939357702 0.073080324795894727 0.026352685834315489 0.033345767407637644 -0.053694630412886496 -0.0065914837497780049 -0.099859554922385671 -0.044486775338049379 0.055174636994928854 0.092709762677562466 0.05692667841384616 -0.027321473016793218 0.0040353586123725955 0.085146993042900493 0.030577845381619995 0.0071050447475102712 -0.076439364033921001 0.044084273759239269 0.0071392434154220093 -0.022796235711499239 -0.035039417839195834 -0.023140554052024059 -0.034252420438260149 -0.039309320025972372 -0.0064234836409441656 -0.039816514122121144 0.0087582429679458253 -0.081275324170678495 -0.055875409609577376 -0.0023980067501157957 -0.093508540792108241
leaf_weight=180.4486780166626 282.67952919006348 251.9437108039856 1657.4127960205078 188.81886005401611 1397.9700775146484 102.15313768386841 610.55758953094482 2047.4552364349365 355.53230810165405 8115.7299108505249 403.68024921417236 1122.7016410827637 6376.4195938110352 410.93233871459961 500.73123359680176 474.13242053985596 2960.9621810913086 222.17561817169189 451.06158065795898 145.01565361022949 282.52786731719971 466.7947301864624 339.96888208389282 171.61996459960938 397.41764068603516 166.47527885437012 420.57862567901611 193.52013969421387 182.91742944717407 292.00503730773926 125.29018306732178 133.19624090194702 242.30894565582275 92.404313087463379
leaf_count=32 26 17 34 18 26 7 29 308 32 1850 55 33 27 13 56 35 27 12 36 27 12 32 36 22 44 19 55 18 22 19 25 21 19 20
internal_value=0.00424096 -0.0615358 0.0740554 -0.0195239 0.0423153 -0.0953176 0.0280601 -0.0336824 0.011517 -0.0967042 -0.036407 0.0389248 0.0868008 0.0190971 -0.0447125 0.0323412 0.0786424 -0.0016824 -0.0199105 -0.0984463 0.0189891 0.021991 -0.00574592 -0.0540917 -0.0338971 -0.0154129 -0.0512432 -0.0214962 -0.0274662 -0.00119702 -0.0995097 -0.0665942 -0.00673426 -0.0997881
internal_weight=31765.5 16355.7 15409.8 7289.87 4415.02 9065.86 3017.05 5006.36 2283.51 8963.7 4754.41 2200.05 10994.8 1911.78 3162.29 1167.59 4618.37 744.183 1592.13 8611.64 756.66 1077.35 791.03 352.069 801.098 522.008 2468.03 694.251 371.736 816.994 8333.42 278.212 524.988 8208.13
internal_count=3064 2792 272 788 184 2004 158 625 163 1997 608 94 88 123 437 60 61 63 171 1943 47 61 72 54 99 51 363 74 40 64 1895 48 45 1870
is_linear=0
shrinkage=0.05


Tree=8
num_leaves=33
num_cat=0
split_feature=1 1 1 10 2 13 1 3 0 1 5 1 0 5 5 3 12 10 8 8 2 8 3 0 12 0 11 12 1 14 13 5
split_gain=54371.3 9192.84 2498.73 1180.78 1061.57 741.063 355.612 262.978 261.591 231.508 283.716 229.544 212.12 173.761 159.842 146.182 82.8413 68.1084 64.8841 64.4296 62.0735 44.6131 39.3719 38.9461 18.4962 15.9648 7.74522 11.6709 6.71722 0.456775 0.407243 0.15214
threshold=88.147815114952223 14.243015323688331 296.44585893993127 4.8090909090909095 1.0000000180025095e-35 5.2361111111111116 178.53947486091707 0.80536130536130546 5.5670288266239529 49.350999194894527 993.50000000000011 1087.1293446504815 9.2705205984845112 849.00000000000011 1600.0000000000002 5.2565789473684221 5.1166781056966384 7.6904761904761916 0.45898004434589806 1.6693989071038253 1.0005778642075742 1.0042372881355934 3.0727513227513232 1.0000000180025095e-35 2.1569080578978226 13.387856182207042 255.00000000000003 3.3527601108033243 115.27904348992955 82.500000000000014 0.11464638419878943 547.50000000000011
decision_type=10 10 10 10 8 10 10 8 10 10 10 10 10 10 10 8 10 10 10 10 10 8 8 10 8 10 10 10 10 10 8 10
left_child=1 4 5 7 -1 6 13 -3 14 10 18 15 17 24 16 -4 22 -10 -9 25 -8 -15 -5 26 -2 -11 29 31 -26 30 -6 -28
right_child=2 3 11 8 23 -7 20 9 12 19 -12 -13 -14 21 -16 -17 -18 -19 -20 -21 -22 -23 -24 -25 28 -27 27 -29 -30 -31 -32 -33
leaf_value=-0.0033578227639460625 0.0050405002186684096 0.030488852300272706 0.065134488318551578 -0.0070979189703869253 -0.096371360059460731 0.071331910255558642 0.03628001335592413 -0.051753624887134281 0.051136681698883968 -0.016493793106004885 0.0055547552135879518 0.092029785752132429 -0.0056961168256281511 0.040021195695389117 0.030681625875354397 0.083932950458208463 0.010111519249108568 0.023833896487239908 -0.037816352438715554 0.010601784063118368 0.057956098627279573 0.016674289004005204 -0.035144005756232076 -0.073911529410027751 -0.016913192425890299 -0.02949475944240397 -0.097060444283322223 -0.076309243703303165 -0.0054650425076885828 -0.09620044697422464 -0.09991455411299506 -0.10000000000000001
leaf_weight=300.25307989120483 316.62898063659668 157.70438623428345 1621.1115245819092 171.79813385009766 81.969449996948242 1361.564190864563 730.03965854644775 1858.8560347557068 473.03548049926758 659.73675537109375 296.07210063934326 6109.1436614990234 400.07401847839355 391.31174755096436 203.32466316223145 2856.278491973877 190.14524412155151 441.70176982879639 1516.2110629081726 189.22621154785156 603.16241264343262 428.88109016418457 460.71820449829102 150.891441822052 220.18824863433838 367.75674152374268 85.477519512176514 88.373644828796387 306.47923851013184 85.425982475280762 7618.4493942260742 90.747604846954346
leaf_count=27 23 9 34 16 19 26 31 284 17 67 24 27 33 16 11 27 14 25 200 14 16 26 55 29 21 43 20 18 25 20 1826 21
internal_value=0.00414869 -0.0602475 0.0726089 -0.0194441 -0.0956983 0.0407445 0.0268469 -0.0330606 0.0099061 -0.035111 -0.0413756 0.0857268 0.0246713 0.0114272 -0.00901562 0.0771267 -0.018827 0.0379529 -0.0454925 -0.0162094 0.0460866 0.027813 -0.0275264 -0.0990789 -0.00450973 -0.0211471 -0.0995506 -0.0911379 -0.0102513 -0.0998365 -0.0998768 -0.0985742
internal_weight=30832.7 15887.9 14944.8 7386.36 8501.59 4358.26 2996.69 5045.56 2340.8 4887.86 3671.14 10586.5 1314.81 1663.49 1025.99 4477.39 822.662 914.737 3375.07 1216.72 1333.2 820.193 632.516 8201.34 843.296 1027.49 8050.44 264.599 526.667 7785.84 7700.42 176.225
internal_count=3064 2792 272 812 1980 184 158 641 171 632 508 88 75 111 96 61 85 42 484 124 47 42 71 1953 69 110 1924 59 46 1865 1845 41
is_linear=0
shrinkage=0.05


Tree=9
num_leaves=33
num_cat=0
split_feature=1 1 1 10 2 4 12 1 5 3 5 0 0 1 3 4 0 12 4 4 5 1 9 1 0 8 1 4 4 9 8 5
split_gain=50618 9097.89 2495.51 1076.44 1061.44 840.287 341.886 247.358 238.597 237.589 229.523 189.948 164.582 158.672 152.139 144.187 138.192 113.261 109.517 95.2444 94.4395 68.3945 60.9678 43.5268 43.0199 41.6326 23.1616 20.2067 10.393 3.1016 1.39304 0.0504924
threshold=88.147815114952223 14.243015323688331 296.44585893993127 4.8805704099821758 1.0000000180025095e-35 62.500000000000007 1.4183789954337902 1087.1293446504815 531.50000000000011 0.80536130536130546 469.50000000000006 5.5670288266239529 19.29785547181633 49.350999194894527 5.2565789473684221 3.757352941176471 7.4776908508642626 2.4498306041784308 2.7473404255319154 2.640512820512821 1254.5000000000002 173.22425255880657 26.985410267955732 32.661683547969211 1.0000000180025095e-35 0.96156447942930956 73.254998752474805 5.248742138364781 4.600378787878789 26.99812966203335 0.55310150375939859 19.500000000000004
decision_type=10 10 10 10 8 10 10 10 10 8 10 10 10 10 8 8 10 10 8 10 10 8 10 10 10 8 10 10 10 10 8 10
left_child=1 4 5 9 -1 6 21 14 28 -3 13 15 20 25 -4 -10 -13 23 -18 -19 -8 29 -14 -12 27 -11 -15 30 -5 -2 -6 -32
right_child=2 3 7 8 24 -7 12 -9 11 10 17 16 22 26 -16 -17 18 19 -20 -21 -22 -23 -24 -25 -26 -27 -28 -29 -30 -31 31 -33
leaf_value=-0.0031901119728584833 -0.0093480506196082971 0.029099767995293475 0.063219485369122086 -0.019037658869574717 -0.093608617066560484 0.093884015708438573 0.0047037267215549669 0.091294917547886031 -0.034604255795837147 -0.026339422784944572 -0.042720439408669653 0.053648676092602543 0.054159882573088951 -0.025529570372896038 0.082648232823599274 0.012486116565695159 0.039893504038735379 0.011073643165474496 0.0011564438990373268 -0.022537339821244732 0.038570119596420371 0.024026065379205108 0.036118159488278269 -0.019820712953443644 -0.072188535326805373 -0.048884412699565123 -0.0050704971959090218 -0.07607461316732804 -0.035784652722241947 -0.0022768846605829003 -0.10000000000000001 -0.099739818780044745
leaf_weight=300.23657608032227 272.20126342773438 156.98969459533691 1587.5773677825928 207.67755270004272 90.102789878845215 603.91178894042969 445.56219100952148 5856.8147964477539 237.86685466766357 224.55143260955811 422.33959913253784 399.73875904083252 1171.9570503234863 486.51351833343506 2758.1558837890625 513.42581033706665 312.27288627624512 428.63506984710693 438.92115592956543 414.69146823883057 382.6295747756958 289.378981590271 779.84609985351562 407.94529724121094 146.87201929092407 2324.9371147155762 193.29932880401611 90.91029167175293 167.25039482116699 360.39698886871338 3540.9547979831696 3939.1240293979645
leaf_count=27 24 9 34 21 21 2 31 27 28 27 59 13 34 55 27 37 14 34 33 44 16 15 32 45 29 355 18 19 20 30 893 991
internal_value=0.00405388 -0.0589417 0.0711172 -0.018601 -0.0954458 0.0391972 0.030276 0.0845887 0.00994729 -0.0314488 -0.0333875 0.0171327 0.0390265 -0.0411756 0.0755505 -0.00242317 0.0298981 -0.0183602 0.0172595 -0.00545399 0.0203502 0.0038911 0.0469513 -0.0314691 -0.0989933 -0.0468987 -0.0197122 -0.0995071 -0.0265083 -0.00531954 -0.0997885 -0.099863
internal_weight=29953.7 15445.3 14508.4 7337.06 8108.2 4305.88 3701.97 10202.5 2277.15 5059.9 4902.91 1902.23 2779.99 3229.3 4345.73 751.293 1150.93 1673.61 751.194 843.327 828.192 921.977 1951.8 830.285 7807.96 2549.49 679.813 7661.09 374.928 632.598 7570.18 7480.08
internal_count=3064 2792 272 812 1980 184 182 88 166 646 637 125 113 455 61 65 60 182 47 78 47 69 66 104 1953 382 73 1924 41 54 1905 1884
is_linear=0
shrinkage=0.05


Tree=10
num_leaves=41
num_cat=0
split_feature=1 1 1 12 8 2 14 1 4 12 1 1 3 3 3 1 2 8 1 7 13 1 3 13 1 13 1 1 4 2 11 1 9 1 7 14 10 13 14 14
split_gain=42502.8 7521.72 3339.57 1123.91 633.823 569.273 540.723 455.75 293.857 257.391 303.385 226.322 207.569 165.092 207.058 155.622 136.709 100.248 81.4825 80.8562 66.2198 46.4476 44.6685 67.9743 41.0853 32.4695 25.2364 18.0171 12.2348 11.9725 11.8984 7.13288 6.98041 4.63373 3.7075 2.44258 1.94009 2.42325 0.474545 0.15487
threshold=60.603488830009788 14.243015323688331 502.81303916084897 1.1996586307062742 3.7488125685056635 0.9968574985590456 18.500000000000004 162.44969307397602 3.8968085106382984 16.137681159420293 122.05899792134764 26.976659197244469 6.5954545454545466 2.6466063348416293 7.3062500000000012 220.20599624991419 1.9774748395719199 1.0957877838085774 43.646100836752431 52.500000000000007 2.2880184331797238 1909.3062347752154 3.1099033816425128 0.62593283582089565 1.0000000180025095e-35 1.3768845833066019 79.422456716927229 24.418788088397786 5.248742138364781 2.0002217463209164 545.00000000000011 124.83252088395734 27.05835103868321 23.610917542952716 12.500000000000002 17.500000000000004 1.9375000000000002 0.56130972268626811 82.500000000000014 22.500000000000004
decision_type=10 10 10 10 8 8 10 10 8 10 10 10 10 8 10 10 10 10 10 10 10 10 10 10 10 10 10 10 10 8 8 10 10 10 10 10 10 8 10 8
left_child=1 5 3 15 8 -1 7 25 19 10 17 12 27 -13 -15 26 -12 -8 20 22 33 -4 23 -3 28 -5 35 -10 36 -24 32 -28 39 -6 -35 -2 38 -38 -7 -20
right_child=2 4 21 6 18 24 9 -9 11 -11 16 13 -14 14 -16 -17 -18 -19 30 -21 -22 -23 29 -25 -26 -27 31 -29 -30 -31 -32 -33 -34 34 -36 -37 37 -39 -40 -41
leaf_value=-0.01882558652990577 -0.019087115893904591 -0.038511382061227215 0.082778569688723574 0.00087001495402632724 -0.058971231645913162 -0.099898936224831661 0.036289579134624099 0.047941272755393338 -0.04951870143676735 0.077154719839764282 0.04363535500108727 0.049224789854155807 0.017317306419115764 -0.012345147428774302 0.029722275797567893 0.025610247160714496 0.066705840509218073 0.0014851697538627998 -0.036502113974366444 -0.0019505403092729572 -0.015420966857589272 0.091426034843239176 -0.038061759801828812 -0.0097024224404761664 -0.069870488064984568 -0.020606988041385627 -0.011216614358668902 -0.029612422794314509 -0.080166117256953717 -0.057574718674116288 -0.015657322429374874 -0.00096730457086577045 -0.02251444908461105 -0.051472673261637507 -0.044928699369479366 -0.027189363755456636 -0.088597799569512539 -0.10000000000000001 -0.096439964217768279 -0.034332765525542146
leaf_weight=227.77469539642334 196.60505867004395 477.66620492935181 3529.6474361419678 417.92117309570312 168.41976833343506 7117.3222379684448 553.81929874420166 725.43510723114014 246.01118421554565 1020.5616130828857 1098.4835252761841 271.38476133346558 237.22666501998901 670.52964925765991 518.85343170166016 359.39426803588867 1545.667290687561 330.27820301055908 151.77364921569824 273.17745304107666 141.68628644943237 2772.6312103271484 150.50995111465454 358.3674111366272 118.78086137771606 303.9877290725708 392.81089782714844 211.30236053466797 80.866761684417725 164.55826187133789 164.22866296768188 298.93707752227783 156.52965068817139 1096.9835200309753 269.6417179107666 176.55331802368164 87.120630025863647 100.17893123626709 100.55785822868347 179.65770530700684
leaf_count=24 21 63 32 33 29 1885 26 23 35 15 38 11 17 67 28 17 31 24 20 23 16 12 19 38 24 28 37 26 18 24 18 23 18 178 41 20 21 26 26 24
internal_value=-0.00242441 -0.0645839 0.0598183 0.0370868 -0.0219915 -0.0967134 0.0465707 0.0199521 -0.00878234 0.0550402 0.0486434 0.00286334 -0.0206341 0.0140355 0.00600624 -0.00283928 0.0571215 0.0232875 -0.0422942 -0.0264053 -0.0481271 0.0865829 -0.0322089 -0.0261624 -0.0990462 -0.00817371 -0.0124407 -0.040321 -0.0995091 -0.0482533 -0.0272984 -0.0067874 -0.0312164 -0.0511459 -0.0501815 -0.0229206 -0.0997204 -0.0946964 -0.0998507 -0.0353262
internal_weight=27463.8 13741.1 13722.7 7420.45 5908.51 7832.6 5996.15 1447.34 3579.59 4548.81 3528.25 2155.31 694.54 1460.77 1189.38 1424.3 2644.15 884.098 2328.92 1424.28 1676.73 6302.28 1151.1 836.034 7604.83 721.909 1064.91 457.314 7486.05 315.068 652.19 691.748 487.961 1535.05 1366.63 373.158 7405.18 187.3 7217.88 331.431
internal_count=3099 2719 380 336 695 2024 218 84 351 134 119 184 78 106 95 118 69 50 344 167 264 44 144 101 2000 61 101 61 1976 43 80 60 62 248 219 41 1958 47 1911 44
is_linear=0
shrinkage=0.05


Tree=11
num_leaves=41
num_cat=0
split_feature=1 1 1 13 1 4 2 0 14 2 11 3 14 8 13 11 0 13 13 1 1 13 0 14 13 0 11 4 1 1 1 10 13 1 0 0 14 1 13 1
split_gain=39563.3 5171.27 5167.42 1001.07 755.841 638.878 579.165 455.884 383.536 298.967 276.215 176.003 170.138 155.651 125.96 111.471 95.8789 93.7146 60.4178 53.045 50.7451 47.6472 45.0625 34.0938 21.2382 13.9869 22.9554 13.6724 9.42702 3.98311 3.69381 2.21556 2.73908 1.25981 0.6243 0.61974 0.547226 0.482928 0.219077 0.452942
threshold=38.313351096135328 213.24219285025944 14.243015323688331 5.7750000000000012 502.81303916084897 1.7521929824561406 0.9968574985590456 4.7210434853863603 18.500000000000004 1.3985383626317911 1025.0000000000002 7.9375000000000009 21.500000000000004 0.81091269841269853 2.1026315789473689 1075.0000000000002 11.81502343124725 6.416666666666667 25.000000000000004 75.53162983335865 1909.3062347752154 1.1128929818990156 1.0000000180025095e-35 3.5000000000000004 1.0918462980318651 13.091879882344331 255.00000000000003 5.248742138364781 124.83252088395734 62.873841581333203 27.522608031941132 1.9375000000000002 0.56130972268626811 23.713148771548308 19.388806613350461 6.0446224233245189 82.500000000000014 25.959316944416653 0.085144927536231887 31.919321111850699
decision_type=10 10 10 10 10 10 8 10 10 10 8 10 10 8 10 10 10 10 8 10 10 8 10 8 10 10 10 10 10 10 10 10 8 10 10 10 10 10 10 10
left_child=2 3 6 5 9 19 -1 10 16 21 11 17 -10 -12 -15 -14 24 23 -5 25 -6 -3 27 -4 -7 26 -2 31 34 -27 33 36 -33 -9 -21 -35 -8 -37 39 -32
right_child=1 4 7 18 20 8 22 30 12 -11 13 -13 15 14 -16 -17 -18 -19 -20 28 -22 -23 -24 -25 -26 29 -28 -29 -30 -31 38 32 -34 35 -36 37 -38 -39 -40 -41
leaf_value=-0.017916081656208001 -0.011252244361493831 0.045847595978591622 -0.053813873430020358 0.045766745573363764 0.081430332986678983 -0.0086903951084057237 -0.099888324466609862 -0.056958138125563343 0.06549517723670488 0.06718128019205491 0.039455550269303745 0.0083745358413785109 0.012418496604336984 -0.032253199970870131 0.017018139993757311 0.037570685214679087 0.011242153358508668 0.0033114389119602732 0.067678837139485692 -0.0098713888149381535 0.090643599357786195 0.024821641098472229 -0.068038490848372393 -0.032713297731319896 -0.029244161570347555 -0.033421852847986128 -0.031287053786132439 -0.078687057001322308 -0.00057686997886447042 -0.02428735888732524 -0.048062142108555424 -0.087606941606547889 -0.10000000000000001 -0.048655715626794716 -0.013656663591242839 -0.05350784527236635 -0.096086586544509384 -0.050701804102292691 -0.048674213541525894 -0.044283789848385456
leaf_weight=227.38115930557251 377.79965019226074 470.14049053192139 224.5730152130127 704.89928436279297 3411.7057590484619 212.57564973831177 6770.9076628684998 137.03148651123047 320.15219783782959 1714.9420680999756 278.78420639038086 323.18241357803345 822.58732032775879 251.68045425415039 267.66544151306152 948.35794734954834 421.61984634399414 170.03634119033813 568.13240528106689 219.48405265808105 2659.6100616455078 631.17593765258789 115.95338869094849 1297.4348621368408 307.47172403335571 323.19765615463257 230.02243041992188 78.332543611526489 333.10285949707031 189.20751667022705 172.88116788864136 83.785710573196411 95.293147802352905 133.33725118637085 216.25112342834473 388.98702716827393 95.996701717376709 253.1005654335022 144.61071634292603 146.56366348266602
leaf_count=24 39 15 36 29 32 20 1885 24 8 32 14 26 53 30 19 40 27 16 12 20 12 29 24 171 33 43 26 18 25 22 28 21 26 22 21 66 26 42 20 23
internal_value=-0.0023769 0.0510923 -0.071555 0.0160245 0.0755354 0.00580229 -0.0964902 -0.0271128 0.0200197 0.0541263 -0.0155763 -0.0254358 0.0319517 0.00931835 -0.00685927 0.0258877 -0.00647703 -0.0318936 0.0555457 -0.0170227 0.0854663 0.0337974 -0.0989578 -0.0358267 -0.0208426 -0.0239639 -0.0188342 -0.099461 -0.00690918 -0.0300489 -0.0506915 -0.099692 -0.0942017 -0.0525386 -0.01175 -0.0517576 -0.0998352 -0.0524017 -0.0470596 -0.0463286
internal_weight=26740 15082.4 11657.5 6194.86 8887.57 4921.83 7467.65 4189.87 3032.76 2816.26 2813.36 2015.23 2091.1 798.13 519.346 1770.95 941.667 1692.04 1273.03 1889.07 6071.32 1101.32 7240.27 1522.01 520.047 1120.23 607.822 7124.32 768.838 512.405 1376.51 7045.98 179.079 912.456 435.735 775.425 6866.9 642.088 464.056 319.445
internal_count=3099 538 2561 418 120 377 2024 537 181 76 312 249 101 63 49 93 80 223 41 196 44 44 2000 207 53 130 65 1976 66 65 225 1958 47 154 41 130 1911 108 71 51
is_linear=0
shrinkage=0.05


Tree=12
num_leaves=39
num_cat=0
split_feature=1 1 1 13 5 2 4 0 5 1 13 0 3 10 10 13 1 5 2 2 0 0 1 4 0 13 1 1 1 10 13 1 0 0 1 13 1 5
split_gain=36788.9 5189.4 4945.63 923.353 861.492 588.467 579.241 420.932 285.504 254.754 190.98 179.573 167.779 139.668 161.453 121.695 108.972 80.5673 59.7584 53.9988 50.5245 49.2655 48.2355 15.237 12.7973 21.5691 8.51804 3.67249 3.5512 2.52634 3.08889 1.22319 0.596985 0.565405 0.468831 0.209077 0.431355 0.0794932
threshold=38.313351096135328 14.243015323688331 213.24219285025944 5.7750000000000012 1154.5000000000002 0.9968574985590456 1.7521929824561406 4.7210434853863603 1379.5000000000002 122.05899792134764 0.14954577218728163 206.05073023439306 7.9375000000000009 4.8805704099821758 10.316666666666668 6.416666666666667 502.81303916084897 709.00000000000011 2.3936590715142665 1.9999892264963364 11.81502343124725 1.0000000180025095e-35 75.53162983335865 5.248742138364781 13.091879882344331 3.2752639517345403 124.83252088395734 62.873841581333203 27.522608031941132 1.9375000000000002 0.56130972268626811 23.713148771548308 6.0446224233245189 19.388806613350461 24.418788088397786 0.085144927536231887 31.919321111850699 19.500000000000004
decision_type=10 10 10 10 10 8 10 10 10 10 8 10 10 10 10 10 10 10 8 10 10 10 10 10 10 8 10 10 10 10 8 10 10 10 10 10 10 10
left_child=1 5 3 6 18 -1 22 8 10 13 -3 16 15 20 -15 -12 -6 -5 -4 -11 -8 23 24 29 25 -2 33 -26 31 37 -31 -9 -33 -24 -34 36 -30 -7
right_child=2 7 4 17 11 21 9 28 -10 19 12 -13 -14 14 -16 -17 -18 -19 -20 -21 -22 -23 26 -25 27 -27 -28 -29 35 30 -32 32 34 -35 -36 -37 -38 -39
leaf_value=-0.017047661524714184 -0.028498114122152564 0.028656864470043189 0.05224104873062492 0.038579850730071294 0.063634533052791487 -0.10000000000000001 -0.017266236177847855 -0.055002971288010162 0.025844361860812678 0.027581027004266546 -0.035619829741426308 0.090187704054750351 0.0057654108182607564 0.029148694302037856 -0.014689644155073176 0.0049562955603408218 0.082199759044687737 0.064309578842389289 0.034425464113597294 0.050071858939447905 0.010230140464442872 -0.066168842305839901 -0.0093823945368346137 -0.077141674031668286 -0.031929227090051526 -0.0095176872257084748 -0.00054802746044930203 -0.02314129968325402 -0.046192915771590029 -0.086548562436189441 -0.10000000000000001 -0.046776995076725024 -0.052418856726018571 -0.012985950413509507 -0.049523492894180024 -0.046795204248987469 -0.042486485053224998 -0.099650860222896154
leaf_weight=227.02534770965576 268.90680027008057 178.41783952713013 1060.4925737380981 520.15074872970581 1440.7508869171143 3127.4919955730438 514.51433420181274 134.86395168304443 373.1264705657959 537.12293910980225 1671.799060344696 3527.5944595336914 368.43308877944946 915.25803375244141 272.5778636932373 207.75059223175049 1751.063383102417 732.99389934539795 846.33683490753174 530.43081474304199 247.39970779418945 113.33609819412231 219.37978935241699 75.967512607574463 321.43760871887207 337.58436584472656 333.10231971740723 188.66341018676758 170.93414783477783 80.649809598922729 90.645645618438721 131.79825496673584 208.31815814971924 216.05450439453125 425.16726303100586 142.94033336639404 145.16238069534302 3405.6065437793732
leaf_count=24 30 12 28 24 29 916 53 24 22 25 229 16 30 47 23 19 15 17 32 16 17 24 20 18 43 35 25 22 28 21 26 22 36 21 72 20 23 995
internal_value=-0.00232894 -0.0703356 0.0495643 0.0153275 0.0739953 -0.0962536 0.00553678 -0.0259576 -0.0148737 0.0191216 -0.0211352 0.0824126 -0.0250871 0.00837118 0.0190889 -0.0311349 0.0738196 0.0536298 0.0443337 0.0387559 -0.00833794 -0.0988621 -0.0162069 -0.0994085 -0.0228423 -0.0179333 -0.00656641 -0.028679 -0.0487873 -0.0996608 -0.0936668 -0.0506124 -0.0498386 -0.0111704 -0.0504756 -0.0452084 -0.0444908 -0.099818
internal_weight=26061.2 11279.4 14781.8 6155.58 8626.24 7120.72 4902.43 4158.71 2799.53 3017.3 2426.4 6719.41 2247.98 1949.75 1187.84 1879.55 3191.81 1253.14 1906.83 1067.55 761.914 6893.7 1885.13 6780.36 1116.59 606.491 768.537 510.101 1359.18 6704.39 171.295 900.148 765.284 435.434 633.485 459.037 316.097 6533.1
internal_count=3099 2561 538 418 120 2024 377 537 312 181 290 60 278 140 70 248 44 41 60 41 70 2000 196 1976 130 65 66 65 225 1958 47 154 130 41 108 71 51 1911
is_linear=0
shrinkage=0.05


Tree=13
num_leaves=31
num_cat=0
split_feature=6 6 5 8 0 2 0 14 5 0 3 13 13 9 2 6 6 7 13 5 6 0 14 13 4 3 13 0 14 14
split_gain=32782.9 9534.8 1190.58 1178.43 821.725 604.764 524.718 506.022 386.928 334.122 288.829 163.592 169.294 119.527 116.852 92.3675 88.1031 63.767 37.1175 33.0808 31.4121 22.7861 26.0503 26.0278 16.9322 2.54439 3.3162 2.52854 0.730301 0.0887133
threshold=20.794729768354152 54.37480424865425 1111.5000000000002 0.28423331455927914 10.464999821782113 3.9985978797705797 1.0000000180025095e-35 18.500000000000004 1379.5000000000002 77.115556809864685 18.350000000000005 16.100000000000005 0.16515151515151519 26.858278061537387 1.9660748419240635 121.22412346444189 33.096796541860819 49.500000000000007 0.99779735682819393 768.00000000000011 27.679405347426961 9.1164756822182156 10.500000000000002 7.0113636363636376 5.248742138364781 1.4832432432432434 0.56130972268626811 5.1269807967380752 82.500000000000014 4.5000000000000009
decision_type=10 10 10 10 10 8 10 10 10 10 8 10 8 10 8 10 10 10 10 10 10 10 8 8 10 10 8 10 10 8
left_child=5 3 14 16 8 -1 24 20 11 13 17 12 -5 -4 -3 -16 19 -9 27 21 -6 23 -23 -2 25 28 -27 -8 29 -7
right_child=1 2 9 4 7 6 18 10 -10 -11 -12 -13 -14 -15 15 -17 -18 -19 -20 -21 -22 22 -24 -25 -26 26 -28 -29 -30 -31
leaf_value=-0.023988705395242893 -0.027065046273489851 0.048417582444383933 0.074516718381713087 0.028941624928890155 -0.017162669121611632 -0.099597776532232007 -0.061492638095529462 0.014580647054139443 0.02817384280831324 0.086167324704664025 0.068011742735443512 0.032871510178850392 -0.018353319054805854 0.049838210720997846 0.011918640936175812 0.04222621447904272 -0.0020727584357396801 0.039279241099689249 -0.026398341206249072 -0.0098269425559615736 0.0045677048640180434 -0.020391402900941994 -0.034840411428248251 -0.046589077378891813 -0.075532805916792262 -0.086503549160094104 -0.10000000000000001 -0.050844944670349515 -0.095260527582022136 -0.10000000000000001
leaf_weight=306.15962553024292 240.30167150497437 930.43278980255127 959.27397537231445 202.7123818397522 316.45109081268311 2077.1453385353088 108.19790554046631 482.18163585662842 717.76050806045532 5099.7789878845215 786.8208122253418 187.87294769287109 2841.3910212516785 1004.3459453582764 627.27128982543945 419.5343770980835 256.8591251373291 570.56478786468506 201.32357406616211 147.01918029785156 350.50410747528076 440.75460910797119 1067.3893928527832 589.37205076217651 73.763117074966431 83.935609340667725 99.427551746368408 115.03922080993652 87.414984226226807 4031.6389763355255
leaf_count=35 32 27 13 13 30 638 21 28 39 32 16 11 315 28 36 13 22 22 26 15 23 53 153 100 18 23 30 20 26 1241
internal_value=-0.00228023 0.0333544 0.0698194 -0.00248694 0.00917565 -0.0927481 -0.0958088 0.0315676 -0.00503436 0.0794194 0.0450948 -0.0124093 -0.0152039 0.0618942 0.0355247 0.0240652 -0.0299505 0.0279667 -0.0419661 -0.0328322 -0.00574273 -0.034279 -0.0306177 -0.0409343 -0.0993511 -0.0996265 -0.0938219 -0.0560056 -0.0997983 -0.0998632
internal_weight=25422.6 18238.6 9040.64 9197.96 6456.26 7184.05 6877.89 2506.52 3949.74 7063.4 1839.57 3231.98 3044.1 1963.62 1977.24 1046.81 2741.7 1052.75 424.561 2484.84 666.955 2337.82 1508.14 829.674 6453.33 6379.56 183.363 223.237 6196.2 6108.78
internal_count=3099 1021 149 872 497 2078 2043 119 378 73 66 339 328 41 76 49 375 50 67 353 53 338 206 132 1976 1958 53 41 1905 1879
is_linear=0
shrinkage=0.05


Tree=14
num_leaves=36
num_cat=0
split_feature=1 1 1 12 1 2 12 11 14 13 11 11 14 0 8 11 13 12 12 1 0 0 11 4 6 9 1 12 1 14 13 7 11 0 14
split_gain=31949.9 5397.09 4031.04 1012.51 800.375 612.502 553.408 351.694 330.017 293.582 212.832 136.036 112.373 98.8829 108.427 92.3903 94.5224 69.031 58.7705 55.2874 43.8062 40.8364 36.4286 18.7609 10.284 9.28867 7.16031 7.29081 4.36112 4.27213 2.84624 3.49949 2.55551 0.868538 0.840223
threshold=30.149941696969581 213.24219285025944 11.134920335983301 16.137681159420293 591.82678002112686 0.9968574985590456 7.721549636803875 1325.0000000000002 18.500000000000004 0.6132478632478634 175.00000000000003 1065.0000000000002 33.500000000000007 20.245827924108429 0.61135845066503436 1145.0000000000002 6.9375000000000009 4.3999183006535958 1.0203520493383016 57.61941057924205 1.0000000180025095e-35 3.8487275124408797 1225.0000000000002 5.248742138364781 28.903334190824292 30.634085034222487 22.194979237678208 1.5318947980238304 41.437226030051185 12.500000000000002 0.56130972268626811 4.5000000000000009 265.00000000000006 4.3900916801441534 82.500000000000014
decision_type=10 10 10 10 10 8 8 8 10 10 8 10 10 10 8 10 10 8 8 10 10 10 8 10 10 10 10 10 10 8 8 10 8 10 10
left_child=2 3 5 6 7 -1 8 12 13 18 -10 -12 -3 14 -2 16 17 21 -4 22 23 -11 28 30 32 -26 -20 33 -8 -19 31 -7 -21 -28 -32
right_child=1 4 9 -5 -6 20 19 -9 10 15 11 -13 -14 -15 -16 -17 -18 29 26 24 -22 -23 -24 -25 25 -27 27 -29 -30 -31 34 -33 -34 -35 -36
leaf_value=-0.015048761590163438 0.024560828050593918 0.018642913072589386 -0.010191527358294834 0.061479813936601291 0.083200496743464636 -0.10000000000000001 -0.038340774827245856 0.067180514252081561 0.058291443792926362 -0.010230675854110876 0.0058117675937877488 0.03086740546917284 0.046063415280282127 0.025821668296153528 -0.015092511210620314 0.0097056171767368714 0.0096283745465632637 -0.038552465471017788 -0.057526072761196735 -0.012358080668986192 -0.063372748192636094 -0.035655875759846363 -0.0076918949109557435 -0.073864004994807261 0.0011248322119043778 -0.012043914097456117 -0.05058099245801289 -0.037162840081249503 -0.030002257292101167 -0.050219597892946138 -0.099848828286985214 -0.085968621099882764 -0.019575801505799739 -0.046188800828789706 -0.09479824000587378
leaf_weight=226.278977394104 202.69459772109985 684.94203662872314 124.32214069366455 866.11605215072632 5031.0563526153564 93.967286109924316 234.17973756790161 1615.733021736145 404.63984537124634 565.31122303009033 1045.6587138175964 1124.0904717445374 822.09404850006104 237.30850696563721 1153.1727042198181 350.08654022216797 235.1567645072937 142.46641206741333 123.53726148605347 253.78695487976074 86.089043140411377 219.15066337585449 182.22202110290527 71.71105694770813 253.32634544372559 284.06128025054932 127.62958431243896 245.5337438583374 474.58222341537476 174.6443977355957 5808.8632771968842 84.304254293441772 237.30889225006104 952.975501537323 83.53166389465332
leaf_count=24 12 32 13 24 37 30 36 27 12 64 72 52 24 11 116 26 20 21 23 26 19 30 20 18 20 27 21 35 63 27 1878 24 24 165 26
internal_value=-0.00222994 0.0432612 -0.0729652 0.010898 0.0708588 -0.0958564 0.00370079 0.0509751 0.0139323 -0.0276524 0.0250009 0.0187924 0.0336009 -0.00395325 -0.00916456 -0.01316 -0.0191485 -0.0252916 -0.0431835 -0.0185139 -0.0987922 -0.0173336 -0.027631 -0.0992886 -0.0106157 -0.00583612 -0.0460129 -0.0449404 -0.0327574 -0.044978 -0.0995889 -0.0933646 -0.0158459 -0.0467076 -0.0997772
internal_weight=24822.5 15107 9715.56 6953.15 8153.83 6454.75 6087.03 3122.77 4167.56 3260.81 2574.39 2169.75 1507.04 1593.18 1355.87 1686.82 1336.73 1101.57 1574 1919.47 6228.47 784.462 890.984 6142.38 1028.48 537.388 1449.68 1326.14 708.762 317.111 6070.67 178.272 491.096 1080.61 5892.39
internal_count=3099 635 2464 515 120 2019 491 83 275 445 136 124 56 139 128 188 162 142 257 216 1995 94 119 1976 97 47 244 221 99 48 1958 54 50 186 1904
is_linear=0
shrinkage=0.05


Tree=15
num_leaves=28
num_cat=0
split_feature=6 6 5 2 13 0 12 0 4 0 8 13 13 0 8 13 14 4 2 13 0 7 4 4 13 8 14
split_gain=30527.4 9047.76 1252.09 1010.02 539.395 491.803 720.616 467.529 463.745 386.866 271.348 247.357 221.404 175.768 202.442 164.888 157.997 139.378 99.8583 59.9456 76.8167 56.0171 50.97 46.9512 41.4782 3.64331 1.06512
threshold=20.460708824844222 77.417267514134906 459.00000000000006 3.9985978797705797 5.7750000000000012 206.05073023439306 2.5778392621870885 1.0000000180025095e-35 8.5277777777777803 17.46849970251322 0.95503057574708683 7.3031250000000005 7.5500000000000007 77.115556809864685 1.317627494456763 2.6404040404040408 1.0000000180025095e-35 3.8685714285714288 2.3936590715142665 1.2745967741935484 32.481285176304404 5.5000000000000009 2.9013274336283188 5.248742138364781 0.99779735682819393 0.56743762993763003 82.500000000000014
decision_type=10 10 10 8 10 10 10 10 10 10 8 10 10 10 8 8 8 10 8 10 10 10 8 10 10 8 10
left_child=3 2 8 -1 9 6 18 23 16 10 22 13 -6 14 -8 -11 -2 -12 -3 20 -18 -21 -4 25 -9 -5 -27
right_child=1 5 4 7 12 -7 11 24 -10 15 17 -13 -14 -15 -16 -17 19 -19 -20 21 -22 -23 -24 -25 -26 26 -28
leaf_value=-0.0083384084304122148 0.01174988378732535 0.040005070728541953 0.03416364132706342 -0.087570413991738677 0.069706993136534334 0.086366301757350439 0.069285797151525802 -0.055547131858170555 0.027176451809643072 0.040973549652289658 -0.0213508044138262 0.088812060581381025 0.026166172782277633 0.074429166765387481 0.033910290743349801 0.0037453316945598777 -0.035854035127394282 0.0032555745993265821 0.010428505352644266 -0.0015099602741560265 -0.0087228462337825378 -0.030014266437085175 0.01084338562458962 -0.06182159226804506 -0.019267380762068312 -0.10000000000000001 -0.094075446801052148
leaf_weight=346.7209267616272 251.95294904708862 621.48756313323975 430.26892280578613 60.354725360870361 541.40181827545166 3171.7005863189697 804.6418514251709 152.18788003921509 455.46993637084961 1011.2094631195068 1282.6440563201904 1334.4804620742798 633.71115350723267 1730.9678001403809 813.08954620361328 421.36733961105347 2314.5421695709229 1043.8407287597656 527.70050239562988 333.87659549713135 294.03325223922729 356.29714107513428 514.47023582458496 82.588652372360229 163.33716535568237 5617.0102021694183 76.900829792022705
leaf_count=35 24 19 22 18 11 18 13 30 30 35 149 7 33 19 28 31 347 81 28 33 28 45 38 20 21 1910 25
internal_value=0.00210189 0.0342621 0.00123551 -0.0913693 0.0159253 0.0705202 0.0619029 -0.0960486 -0.0203212 0.00835537 -0.00113384 0.070609 0.0462264 0.063355 0.0515057 0.0300235 -0.026414 -0.0103105 0.0264237 -0.0293289 -0.0327959 -0.0162251 0.0214643 -0.0992532 -0.0367663 -0.0997905 -0.09992
internal_weight=25388.3 18889.2 9885.09 6499.1 5878.91 9004.07 5832.37 6152.38 4006.17 4703.8 3271.22 4683.18 1175.11 3348.7 1617.73 1432.58 3550.7 2326.48 1149.19 3298.75 2608.58 690.174 944.739 5836.85 315.525 5754.27 5693.91
internal_count=3098 1039 907 2059 400 132 114 2024 507 356 290 67 44 60 41 66 477 230 47 453 375 78 60 1973 51 1953 1935
is_linear=0
shrinkage=0.05


Tree=16
num_leaves=33
num_cat=0
split_feature=1 1 1 1 10 12 4 11 5 10 12 3 7 12 4 12 12 9 12 13 1 11 1 4 14 3 12 1 6 13 13 3
split_gain=30467.5 4971.42 3648.1 1056.44 719.28 706.593 692.396 367.87 360.041 275.075 269.812 178.735 172.114 169.843 140.787 120.563 106.488 99.1868 96.7453 91.1029 81.2973 79.5527 73.9646 58.0334 54.5469 49.3771 30.4099 29.114 12.297 7.56039 4.24683 4.07692
threshold=30.149941696969581 122.05899792134764 1.0000000180025095e-35 502.81303916084897 11.775000000000002 85.833333333333357 4.2015625000000005 335.00000000000006 1844.0000000000002 4.8090909090909095 0.88966740576496683 11.190909090909093 53.500000000000007 1.7019758165046126 3.8968085106382984 18.577314814814816 1.2331715210355989 25.563626013405589 18.577314814814816 0.6132478632478634 61.309014008435078 395.00000000000006 1635.0372949357586 10.142857142857144 96.500000000000014 2.8597222222222229 2.8367864693446094 220.20599624991419 20.878358014157246 4.252173913043479 0.12284482758620692 2.0140845070422539
decision_type=10 10 10 10 10 10 10 8 10 10 8 10 10 8 10 8 8 10 10 10 10 10 10 8 10 8 10 10 10 10 10 8
left_child=2 5 4 6 10 9 12 -8 11 16 -1 19 15 -11 -15 -3 -2 -9 24 28 -16 29 -5 25 -18 -21 -25 -17 -4 31 -30 -12
right_child=1 3 8 22 -6 -7 7 17 -10 13 21 -13 -14 14 20 27 18 -19 -20 23 -22 -23 -24 26 -26 -27 -28 -29 30 -31 -32 -33
leaf_value=-0.026163590439832116 0.01907349248750027 0.03288563843784844 -0.056156149553640559 0.073376522726686141 0.033160020380683691 0.088794795979916116 0.086266317423577835 0.060587080571434998 0.037728486290086446 0.046984830812616923 -0.088794230767742732 0.014019715221168339 0.045516810710030969 -0.017823010387364818 0.029139143519057283 -0.0046134823973070149 -0.018577167910626784 0.036683228357305579 0.020217062569247199 -0.0008892011974724911 -9.0163650703572822e-05 -0.063675460642582254 0.085145945545208115 -0.025938292710651151 0.0096645304790547899 -0.026718604811833569 -0.050770470306111343 0.014203578819549222 -0.040932849681536869 -0.083438312056171443 -0.047843892246390851 -0.099909403929562601
leaf_weight=131.96823167800903 270.10574293136597 760.9949836730957 180.52420854568481 2777.040355682373 108.44148564338684 226.47119331359863 1155.6748018264771 974.7705020904541 192.70443153381348 322.75185203552246 83.809009552001953 192.003577709198 942.2003059387207 411.36454153060913 574.16187524795532 390.6538200378418 2315.890941619873 782.20803260803223 193.36012172698975 279.4937596321106 406.1858024597168 159.34709882736206 2570.5913696289062 224.22506284713745 184.60188055038452 547.43651390075684 273.88313722610474 433.84997844696045 1128.8403015136719 72.122686862945557 276.79507064819336 5271.1512749195099
leaf_count=20 19 30 36 31 8 2 8 20 9 12 26 14 27 37 29 30 269 26 11 30 30 38 15 31 15 70 43 22 192 22 43 1883
internal_value=0.00203508 0.0442764 -0.0706281 0.0632523 -0.094408 0.00254002 0.0477395 0.0643565 -0.0285874 -0.00163536 -0.0968272 -0.0327055 0.0285919 0.0143057 0.00672711 0.0185341 -0.0108563 0.0499451 -0.0138573 -0.0357872 0.0170286 -0.0984965 0.0790341 -0.0261098 -0.0164922 -0.0179885 -0.0395922 0.00528797 -0.0438715 -0.0995189 -0.0422938 -0.0997354
internal_weight=24815.6 15692.9 9122.75 10788 5826.84 4904.89 5440.35 2912.65 3295.91 4678.42 5718.4 3103.2 2527.7 1714.46 1391.71 1585.5 2963.96 1756.98 2693.85 2911.2 980.348 5586.43 5347.63 1325.04 2500.49 826.93 498.108 824.504 1586.16 5427.08 1405.64 5354.96
internal_count=3098 633 2465 209 1997 424 163 54 468 422 1989 459 109 108 96 82 314 46 295 445 59 1969 46 174 284 100 74 52 271 1931 235 1909
is_linear=0
shrinkage=0.05


Tree=17
num_leaves=33
num_cat=0
split_feature=0 6 12 0 7 0 12 14 10 5 3 10 3 8 8 0 0 4 0 0 7 5 8 4 5 14 6 0 7 3 10 14
split_gain=26912.7 8239.16 1072.54 1014.16 683.642 510.034 696.371 275.656 281.384 273.05 172.987 164.413 163.764 151.056 150.497 126.529 103.009 99.312 89.0815 76.252 68.9233 56.903 48.6803 33.4878 28.5174 30.3482 26.9638 26.9569 9.59372 9.09431 6.51947 1.50898
threshold=2.9648959925089975 77.417267514134906 0.81595365418894839 10.464999821782113 20.500000000000004 206.05073023439306 2.5778392621870885 18.500000000000004 11.679487179487181 888.50000000000011 1.2696969696969698 11.225000000000001 8.4500000000000011 0.44840425531914901 0.67226100966702484 29.264574771182367 20.245827924108429 3.8968085106382984 1.0000000180025095e-35 45.727726191680027 53.500000000000007 746.50000000000011 0.6977194032402857 5.248742138364781 695.50000000000011 9.5000000000000018 33.096796541860819 13.091879882344331 1.5000000000000002 2.8130296610169494 1.9375000000000002 59.500000000000007
decision_type=10 10 10 10 10 10 10 8 8 10 8 10 10 8 8 10 10 10 10 10 10 10 10 10 10 8 10 10 10 10 10 10
left_child=4 2 15 9 13 6 22 16 20 10 -4 21 -12 -1 -11 24 29 -16 23 -8 -9 -6 -3 30 25 28 -17 -27 -2 -5 31 -15
right_child=1 5 3 7 11 -7 19 8 -10 14 12 -13 -14 18 17 26 -18 -19 -20 -21 -22 -23 -24 -25 -26 27 -28 -29 -30 -31 -32 -33
leaf_value=-0.030302717157273552 -0.012890676379634484 0.012456464416902804 0.021119478539841752 0.00081459747081968773 -0.026643648941998867 0.084065996467046641 0.058158422725805903 0.010957886955064264 0.061313140152846182 0.045061882455916996 -0.024979166044271459 0.026059633158402637 0.013221256815938784 -0.099947661335852506 -0.014196307857469288 -0.012718166584522919 0.028417422714018037 0.015980892945939303 -0.050988129755929416 0.071977611113181406 0.037684060693957966 -0.081602367492989117 0.033182303753241736 -0.065674877249847163 -0.01107061101298441 -0.040509809541979719 0.010012185721569882 -0.026874989443326797 -0.025651683935901878 -0.013155485763425304 -0.085576226689229984 -0.09503947493760749
leaf_weight=83.211840629577637 188.06759405136108 533.78541469573975 296.6655387878418 247.70077037811279 115.64685821533203 2950.5620517730713 1510.6641521453857 488.69370174407959 1078.6884355545044 283.50554227828979 1946.9759502410889 116.4025354385376 327.79149961471558 4896.1484208106995 442.44859075546265 269.88821935653687 417.30479717254639 710.3583664894104 98.088568687438965 2942.713924407959 476.38546943664551 79.457640171051025 603.7802562713623 73.945114612579346 209.78689384460449 845.42657327651978 252.56319904327393 634.61404275894165 679.18829393386841 219.93303108215332 81.973636388778687 161.77034187316895
leaf_count=13 24 27 23 20 20 18 32 29 25 12 246 9 23 1839 43 29 17 45 19 35 17 22 20 19 23 145 16 90 94 20 26 58
internal_value=0.00196923 0.0311702 0.00040412 0.011306 -0.0929897 0.0672473 0.0583714 0.0336709 0.0437647 -0.00503732 -0.0147912 -0.0209683 -0.0194745 -0.0971481 0.0124251 -0.0241518 0.0103591 0.00439885 -0.0981952 0.0672899 0.0241505 -0.049026 0.023457 -0.0990833 -0.0287329 -0.0303114 -0.00172987 -0.0346635 -0.0228844 -0.00575568 -0.099564 -0.0997907
internal_weight=24264.1 18557.5 10016 6936.45 5706.64 8541.51 5590.94 2928.71 2043.77 4007.75 2571.43 311.507 2274.77 5395.14 1436.31 3079.53 884.939 1152.81 5311.93 4453.38 965.079 195.104 1137.57 5213.84 2557.08 2347.3 522.451 1480.04 867.256 467.634 5139.89 5057.92
internal_count=3098 1073 941 520 2025 132 114 128 71 392 292 51 269 1974 100 421 57 88 1961 67 46 42 47 1942 376 353 45 235 118 40 1923 1897
is_linear=0
shrinkage=0.05


Tree=18
num_leaves=31
num_cat=0
split_feature=1 1 0 2 12 4 1 12 5 1 10 3 0 8 1 4 4 4 4 10 4 3 8 0 7 2 8 11 8 14
split_gain=26327.2 4381.53 3653.7 1107.21 802.975 531.196 486.767 535.837 314.007 313.501 180.116 152.266 126.321 113.038 152.787 89.4954 62.902 59.8611 49.5625 45.784 35.8914 28.1969 32.5228 32.2569 19.2549 14.6981 9.53651 8.27137 5.07174 1.62444
threshold=30.149941696969581 220.20599624991419 1.0000000180025095e-35 1.0000000180025095e-35 16.137681159420293 2.726136363636364 1361.1496086818545 2.5778392621870885 1844.0000000000002 122.05899792134764 4.8805704099821758 11.190909090909093 7.4776908508642626 0.67931918530123925 54.335205052467636 1.7403846153846156 1.6609195402298853 5.248742138364781 8.6201923076923084 4.514705882352942 8.3541666666666696 2.8597222222222229 0.9346044191019246 3.4883982983425406 2.5000000000000004 1.0001267461017174 1.8495475113122175 365.00000000000006 0.55310150375939859 82.500000000000014
decision_type=10 10 10 8 10 10 10 10 10 10 10 10 10 8 10 10 10 10 10 10 10 8 8 10 10 8 8 8 8 10
left_child=2 4 3 -1 5 13 7 19 11 10 20 16 -12 -2 24 -16 25 28 -9 -3 -7 22 -18 -23 -15 27 -27 -4 -5 -30
right_child=1 6 8 17 -6 9 -8 18 -10 -11 12 -13 -14 14 15 -17 21 -19 -20 -21 -22 23 -24 -25 -26 26 -28 -29 29 -31
leaf_value=0.005374309580246487 0.027718482488970381 0.019662523957272023 -0.036936047884198561 -0.084382394942716488 0.058077942709624159 -0.0030047875355902476 0.082991142214016489 0.061032211637885969 0.035736898926279119 0.043118279684288267 0.037715651968033878 0.012780507755495532 0.0066440887363095856 -0.011540009736650954 -0.0083503493435879098 0.015872671516603033 0.0021506626722158999 -0.055478146472868674 0.07231279828246126 0.039060983491412973 -0.027326822932607509 -0.043535216052753317 -0.026381243962527997 -0.022020562958255191 -0.028011717608649296 -0.053622408701180915 -0.040043374626525741 -0.02018783657735047 -0.10000000000000001 -0.092178444527833414
leaf_weight=267.33752870559692 211.085045337677 661.85850048065186 159.11325979232788 53.277252674102783 865.08570575714111 456.68680810928345 2925.6308364868164 2012.3314924240112 190.68065977096558 1084.4610176086426 591.05513143539429 191.50020027160645 732.48934364318848 221.19631576538086 1319.943868637085 536.22369289398193 181.3032546043396 77.631582975387573 1886.5705547332764 562.83523941040039 227.11228704452515 276.18843603134155 222.38633108139038 471.87626934051514 896.50237989425659 143.77229738235474 1284.3004870414734 137.35961151123047 4841.3787891864777 67.30608868598938
leaf_count=24 12 29 25 17 24 42 18 35 9 34 26 14 49 27 122 31 18 20 22 16 24 43 31 58 122 24 228 18 1911 25
internal_value=0.00190151 0.0414255 -0.0681958 -0.0937845 0.0129179 0.00669381 0.0667195 0.0574282 -0.0265207 0.0214568 0.00975431 -0.0303903 0.0205197 -0.00763745 -0.010147 -0.00135262 -0.0332646 -0.0990446 0.0664906 0.0285775 -0.0110829 -0.0242168 -0.0135671 -0.0299639 -0.0247519 -0.0393073 -0.0414105 -0.0291764 -0.0997262 -0.0998928
internal_weight=23756.5 15191.1 8565.41 5306.93 7141.84 6276.76 8049.23 5123.6 3258.48 3091.8 2007.34 3067.8 1323.54 3184.95 2973.87 1856.17 2876.3 5039.59 3898.9 1224.69 683.799 1151.75 403.69 748.065 1117.7 1724.55 1428.07 296.473 4961.96 4908.68
internal_count=3098 633 2465 1997 513 489 120 102 468 175 141 459 75 314 302 153 445 1973 57 45 66 150 49 101 149 295 252 43 1953 1936
is_linear=0
shrinkage=0.05


Tree=19
num_leaves=34
num_cat=0
split_feature=1 1 0 2 13 1 4 8 13 1 8 2 2 14 6 8 3 4 13 8 4 0 4 6 7 6 2 8 6 10 0 10 14
split_gain=24398.1 4132.5 3667.5 1096.89 811.787 492.996 434.349 393.236 233.565 200.058 182.79 155.746 150.687 139.759 122.763 112.693 107.475 87.1912 84.0446 67.1135 66.5175 50.7464 37.6656 20.0728 16.5067 11.5735 11.4362 12.2142 8.94574 6.01415 3.54243 1.82968 1.85795
threshold=30.149941696969581 220.20599624991419 1.0000000180025095e-35 1.0000000180025095e-35 5.7750000000000012 1361.1496086818545 2.8619047619047624 0.95503057574708683 0.6132478632478634 81.677793597686886 1.1791443850267382 2.2937169081317501 9.5248439751229146 31.500000000000004 26.206384269485362 1.4706387362637365 5.8480769230769232 6.4222222222222234 0.75128865979381454 1.4528571428571431 7.9500000000000011 20.245827924108429 3.6575367647058825 30.677956270359626 5.5000000000000009 20.711687234341245 0.99899213555185196 2.0125000000000006 32.288685520442783 6.4642857142857153 4.7728655172756609 2.5819892473118284 82.500000000000014
decision_type=10 10 10 8 10 10 10 8 10 10 10 8 8 10 10 8 10 8 8 8 10 10 8 10 10 10 8 8 8 10 10 8 10
left_child=2 4 3 -1 7 6 11 14 25 10 23 -3 -8 -6 -2 21 18 -16 -10 -12 29 -11 -20 -9 -24 -4 -27 -28 -17 31 -29 -5 -33
right_child=1 5 8 20 13 -7 12 9 16 15 19 -13 -14 -15 17 28 -18 -19 22 -21 -22 -23 24 -25 -26 26 27 30 -30 -31 -32 32 -34
leaf_value=0.0051063327134446045 0.046713089703930011 0.048022212712064936 -0.054076988662984729 -0.090201907663614037 0.025865035873081799 0.081654334757561384 0.057107119388195439 -0.018077731980573646 0.010004586105904784 0.0081884443264127159 0.027365529586111832 0.016345960131231425 0.078482580700824617 0.058867726730100871 0.00050909242462461861 -0.00968248785336304 0.0078425123319687661 0.032580723579025653 -0.011543956593948197 -0.0030950762855517545 -0.043533964163511969 0.031510871116924716 -0.020524972515687002 -0.030102928755252487 -0.037227964542182468 -0.026931208057565027 -0.051603823968137522 -0.02985699563619278 0.00063406978640473833 -0.08295728401675051 -0.03884625471276483 -0.10000000000000001 -0.091455458585145255
leaf_weight=267.29988145828247 515.36902093887329 859.19060897827148 123.08905649185181 49.342276573181152 506.88619422912598 2827.3692588806152 2115.6799201965332 1275.6077241897583 192.53857183456421 414.47555923461914 278.03043746948242 707.67193412780762 1350.9682636260986 873.76960182189941 445.01642465591431 358.6147985458374 469.37867975234985 404.58487319946289 313.48322296142578 517.25014019012451 53.520596265792847 533.39317512512207 209.20593023300171 476.71834659576416 504.87987375259399 197.55000162124634 188.48407649993896 124.48611211776733 507.49386501312256 53.740409374237061 916.23259592056274 4576.5527017116547 64.517122745513916
leaf_count=24 20 21 26 19 26 18 38 152 18 28 17 31 12 22 33 32 38 18 38 44 13 20 29 66 74 28 31 20 35 18 166 1898 25
internal_value=0.00183384 0.0399664 -0.0668982 -0.0934713 0.0123365 0.0649473 0.0555627 0.00403918 -0.0253488 -0.00329057 -0.0123265 0.0337157 0.0654372 0.0467513 0.0274605 0.00939984 -0.0124896 0.0157818 -0.0203115 0.00755396 -0.0989635 0.0213126 -0.0259919 -0.0213492 -0.0323345 -0.0393666 -0.0380975 -0.0398921 -0.00363753 -0.0995888 -0.037771 -0.0997794 -0.0998812
internal_weight=23272.4 14968.1 8304.3 5064.97 7107.21 7860.88 5033.51 5726.55 3239.33 4361.58 2547.61 1566.86 3466.65 1380.66 1364.97 1813.98 1689.49 849.601 1220.11 795.281 4797.67 947.869 1027.57 1752.33 714.086 1549.84 1426.75 1229.2 866.109 4744.15 1040.72 4690.41 4641.07
internal_count=3098 633 2465 1997 513 120 102 465 468 394 279 52 50 48 71 115 197 51 159 61 1973 48 141 218 103 271 245 217 67 1960 186 1942 1923
is_linear=0
shrinkage=0.05


Tree=20
num_leaves=31
num_cat=0
split_feature=1 1 6 5 3 8 1 12 5 11 1 1 10 13 4 10 12 1 11 13 13 13 3 3 11 12 12 11 14 13
split_gain=21346.4 5037.18 2764.92 704.091 696.452 459.483 443.036 453.177 268.475 211.66 183.442 161.882 129.542 126.238 78.1157 76.1446 57.5297 51.6955 50.2548 49.9697 79.5123 44.3844 36.9301 33.7856 26.6135 16.5672 12.7722 4.19276 1.86448 0.764511
threshold=49.350999194894527 1.0000000180025095e-35 107.38580118994263 1286.5000000000002 3.2182539682539688 5.0555555555555562 1210.7479813922139 2.8507762648039745 993.50000000000011 225.00000000000003 161.61610466267385 166.09268318634619 6.1833333333333345 2.5496503496503498 5.248742138364781 9.3035714285714306 2.794832352880039 32.661683547969211 885.00000000000011 1.6384065372829422 0.94339118825100143 12.158536585365855 4.1952380952380963 3.3038461538461541 1085.0000000000002 2.0583524027459958 0.91290533594991141 575.00000000000011 82.500000000000014 4.4375000000000009
decision_type=10 10 10 10 8 10 10 10 10 8 10 10 10 10 10 8 8 10 8 8 10 10 10 10 10 8 8 8 10 10
left_child=1 4 3 5 9 10 7 -4 12 -1 19 -5 17 -9 26 -14 -10 21 -12 20 -2 22 -3 -21 -18 -19 -6 -27 29 -28
right_child=2 8 6 11 14 -7 -8 13 16 -11 18 -13 15 -15 -16 -17 24 25 -20 23 -22 -23 -24 -25 -26 27 28 -29 -30 -31
leaf_value=-0.081234532471350915 -0.010839332357492799 -0.036201822068636758 0.02301866151563613 0.027026977300546991 -0.073298347114260184 0.062479113921293072 0.0795598104626032 0.053229348191147087 -0.01607764064834628 0.0018627440306560887 0.026446439766439119 0.057393480534999132 0.018683955359032594 0.074858011003950384 -0.048212126545445232 -0.021550482004636867 0.021872277055713655 -0.0040027757204174228 0.004092654167861573 -0.0074527428265303538 0.016195864258914075 -0.003936437472670213 -0.013681108669482531 -0.02487324916452284 0.00098350899879239852 -0.019749080602691736 -0.099666406342571179 -0.029293855836582391 -0.091016265166921309 -0.093185915566296906
leaf_weight=113.4242160320282 546.16777563095093 2386.2919189929962 932.54951190948486 800.23007154464722 47.107108592987061 332.26938629150391 2790.3583526611328 1429.9152250289917 247.512610912323 236.23598909378052 705.88748741149902 971.94273376464844 230.15680980682373 1277.2472810745239 76.422940015792847 240.44173574447632 338.51118183135986 158.52322435379028 390.53160858154297 1306.3567838668823 541.71602916717529 124.6483941078186 197.0688591003418 353.67473697662354 277.46394920349121 460.4034686088562 4290.8545079231262 153.38771295547485 64.234172582626343 45.998005151748657
leaf_count=36 48 404 35 38 14 8 19 28 25 29 29 19 17 13 19 27 22 15 19 126 35 14 24 32 22 61 1868 21 26 18
internal_value=-0.00166432 -0.05725 0.0418415 0.0172738 -0.0930801 0.00606878 0.0645704 0.0530788 -0.0209744 -0.0250927 0.00119319 0.0436814 -0.0264942 0.0634338 -0.0983341 -0.00187292 0.00428203 -0.0298235 0.0184843 -0.00570597 0.00262295 -0.0330778 -0.0344839 -0.0111642 0.012463 -0.0184127 -0.0991952 -0.0221343 -0.0994724 -0.0995977
internal_weight=22067.5 9688.69 12378.8 5948.78 4874.28 4176.6 6430.07 3639.71 4814.41 349.66 3844.33 1772.17 3950.92 2707.16 4524.62 470.599 863.488 3480.32 1096.42 2747.92 1087.88 2708.01 2583.36 1660.03 615.975 772.314 4448.19 613.791 4401.09 4336.85
internal_count=3111 2662 449 354 2010 297 95 76 652 65 289 57 583 41 1945 44 69 539 48 241 83 442 428 158 44 97 1926 82 1912 1886
is_linear=0
shrinkage=0.05


Tree=21
num_leaves=32
num_cat=0
split_feature=1 1 12 3 12 0 12 4 14 11 0 14 11 1 13 14 4 13 0 12 3 13 12 13 9 12 13 0 1 14 13
split_gain=20027.5 6361.76 997.6 706.118 623.935 508.52 261.709 251.52 241.087 223.256 219.197 205.451 191.654 118.251 114.804 113.909 82.7038 65.3142 52.8468 48.5862 47.8214 43.4868 40.7451 34.6183 26.1448 14.0898 12.6375 12.0717 2.61037 2.12543 0.875355
threshold=20.887688468794533 122.27949791759254 2.3725649350649358 3.2182539682539688 85.833333333333357 161.76402531624896 1.6206395348837213 26.916666666666668 20.500000000000004 1395.0000000000002 1.0000000180025095e-35 43.500000000000007 885.00000000000011 32.661683547969211 1.3311403508771933 91.500000000000014 5.248742138364781 19.833333333333339 3.8525174736305536 1.0454401088929222 12.741758241758243 0.94339118825100143 0.91290533594991141 0.39208074534161497 30.561256525602676 0.91290533594991141 0.93681592039801009 9.7921913921393333 18.294044095946294 82.500000000000014 4.4375000000000009
decision_type=10 10 10 8 10 10 10 10 10 10 10 8 10 10 8 10 10 10 10 10 8 10 8 8 10 8 10 10 10 10 10
left_child=3 4 14 12 6 7 13 9 18 11 16 -4 19 22 -3 17 25 -10 21 -1 -20 -8 -2 -15 -16 -5 -24 -25 -12 30 -27
right_child=1 2 5 10 -6 -7 8 -9 15 -11 28 -13 -14 23 24 -17 -18 -19 20 -21 -22 -23 26 27 -26 29 -28 -29 -30 -31 -32
leaf_value=-0.029255415214458843 -0.0044528822745973249 0.030762792309432269 0.012459627893052813 -0.071556448845183238 0.073842192493385195 0.077823918803871309 -0.014045425956060563 0.072295149291513636 -0.0020599113386941207 0.055667748263134122 -0.054581428596144926 0.049150858807682933 0.027227016143937133 0.0069373562283576405 -0.0034661919478804534 0.027811012217290501 -0.046340454800381882 0.025969011403078432 -0.022748215490978389 -0.073574519885865206 -0.0033270776620064843 -0.04796809107754002 -0.035627266299725888 -0.023111632928912176 0.014742360936853431 -0.099631509396176224 -0.023036937811269122 -0.012610990466021328 -0.044286037405093612 -0.090202169891255263 -0.092545218970288515
leaf_weight=138.28138327598572 129.38143110275269 1030.3365650177002 802.23602867126465 45.873015165328979 220.62044143676758 2810.299690246582 161.40087413787842 1028.3949947357178 1707.749222278595 1868.8919134140015 144.48610424995422 727.51712512969971 122.6468551158905 200.72237014770508 404.01091289520264 514.35123538970947 75.556870698928833 236.64350032806396 621.31308746337891 111.86831784248352 647.073899269104 227.8397855758667 1287.9125871658325 363.0284366607666 385.00547027587891 4082.9816453456879 235.7998743057251 1112.3249979019165 107.28377056121826 61.639213800430298 44.050074577331543
leaf_count=22 14 35 36 14 5 20 21 12 145 35 33 16 10 15 26 28 19 12 70 37 63 36 228 46 21 1868 33 127 20 26 18
internal_value=-0.00162286 0.0244959 0.052869 -0.0901354 -0.00902375 0.0611892 -0.0114792 0.0506295 -0.0030489 0.0440736 -0.0955423 0.0299092 -0.0239724 -0.0219028 0.0197716 0.00688653 -0.0981912 0.00135137 -0.017786 -0.0490752 -0.0128404 -0.0339019 -0.0313915 -0.0125443 0.00541879 -0.0991164 -0.0336789 -0.0151948 -0.0501944 -0.0994182 -0.0995559
internal_weight=21657.5 16722.9 9056.69 4934.67 7666.16 7237.34 7445.54 4427.04 4116.37 3398.65 4561.87 1529.75 372.797 3329.17 1819.35 2458.74 4310.1 1944.39 1657.63 250.15 1268.39 389.241 1653.09 1676.08 789.016 4234.54 1523.71 1475.35 251.77 4188.67 4127.03
internal_count=3111 1044 201 2067 843 119 838 99 375 87 1998 52 69 463 82 185 1945 157 190 59 133 57 275 188 47 1926 261 173 53 1912 1886
is_linear=0
shrinkage=0.05


Tree=22
num_leaves=30
num_cat=0
split_feature=1 1 0 2 12 4 13 0 12 2 14 11 1 14 2 4 13 0 6 13 7 13 0 1 4 1 13 14 14
split_gain=18801 5865.45 964.13 949.419 575.834 517.82 367.413 258.403 237.248 220.588 218.158 140.701 108.134 103.32 100.674 73.2936 59.1452 48.4642 45.725 40.4639 37.6659 31.291 17.7056 11.5535 5.16868 4.7416 4.51242 2.35807 0.357094
threshold=20.887688468794533 122.27949791759254 161.76402531624896 1.0001267461017174 85.833333333333357 1.4472222222222224 7.0113636363636376 1.0000000180025095e-35 1.6206395348837213 0.82022151762091744 20.500000000000004 1395.0000000000002 32.661683547969211 91.500000000000014 1.8023949870404368 5.248742138364781 19.833333333333339 3.8525174736305536 30.86280252776746 0.99779735682819393 27.500000000000004 0.39208074534161497 44.592814715104147 57.61941057924205 1.9320276497695856 14.243015323688331 0.22436611008039584 82.500000000000014 4.5000000000000009
decision_type=10 10 10 8 10 10 10 10 10 10 10 10 10 10 8 10 10 10 10 10 10 8 10 10 10 10 8 10 8
left_child=3 4 5 -1 8 14 9 15 12 -7 17 -11 20 16 -3 26 -12 19 -19 -10 24 -14 -16 -23 -2 -9 -5 28 -28
right_child=1 2 -4 7 -6 6 -8 25 10 11 13 -13 21 -15 22 -17 -18 18 -20 -21 -22 23 -24 -25 -26 -27 27 -29 -30
leaf_value=-0.0064791986859996584 -0.033589163546431315 0.031874999094525513 0.075347045626083242 -0.086999334432416586 0.072117015323280728 0.01744929025252694 0.074840472144395639 -0.050532274603704713 -0.014247543365986199 0.03358218598809911 -0.0019569571193537179 0.055351477472583781 0.0065920762489965028 0.02652311576270195 -0.0073893252006241826 -0.049731443409337182 0.024754098114080872 -0.0073378500950295371 -0.030718515826846166 -0.046825963227384776 -0.0086605128604561165 -0.018928454685391168 0.0073395500232493714 -0.01007321996427997 -0.023065436835680936 -0.035871093925169038 -0.098988427998089545 -0.089873720050127753 -0.10000000000000001
leaf_weight=320.51504850387573 1332.6712999343872 387.8854398727417 2809.1262454986572 73.283611297607422 214.75461530685425 825.10388374328613 966.53707313537598 106.09575319290161 170.67388486862183 1245.3499927520752 1707.7138905525208 1837.3017101287842 200.67527532577515 512.41176605224609 356.52430725097656 75.969332456588745 235.86547803878784 1002.561026096344 264.22361278533936 215.8556113243103 183.95923471450806 728.8671669960022 477.05927181243896 744.67854309082031 127.87094879150391 114.84088897705078 1294.3935573101044 62.391323566436768 2676.194242477417
leaf_count=35 237 13 22 30 5 34 10 26 22 37 145 34 15 28 26 21 12 101 32 35 21 96 25 77 17 21 620 27 1287
internal_value=-0.00158163 0.0235335 0.0511116 -0.0895631 -0.00859874 0.039943 0.0472381 -0.095611 -0.0109323 0.040411 -0.00290196 0.046557 -0.0208757 0.0065503 0.0108319 -0.0983949 0.0012846 -0.0169433 -0.0122145 -0.0324408 -0.0299823 -0.0119308 0.00104 -0.0144533 -0.0326678 -0.0429115 -0.0992952 -0.0995187 -0.0996702
internal_weight=21271.4 16547.7 8904.89 4723.68 7642.78 6095.76 4874.29 4403.17 7428.03 3907.76 4109.31 3082.65 3318.72 2455.99 1221.47 4182.23 1943.58 1653.31 1266.78 386.529 1644.5 1674.22 833.584 1473.55 1460.54 220.937 4106.26 4032.98 3970.59
internal_count=3111 1044 201 2067 843 179 115 2032 838 105 375 71 463 185 64 1985 157 190 133 57 275 188 51 173 254 47 1964 1934 1907
is_linear=0
shrinkage=0.05


Tree=23
num_leaves=32
num_cat=0
split_feature=1 1 1 3 12 8 13 0 0 12 11 14 10 0 1 14 4 6 8 13 11 12 3 13 12 3 13 0 14 0 13
split_gain=17646.6 5402.32 939.283 718.429 530.935 523.718 477.984 241.233 222.85 214.976 213.366 197.37 180.458 116.889 98.7526 94.4103 92.1457 72.0709 65.7196 46.9511 46.7966 36.3041 34.4809 28.2795 16.037 13.2993 11.0061 10.5825 2.75379 2.51032 1.04627
threshold=20.887688468794533 122.27949791759254 1210.7479813922139 3.2182539682539688 85.833333333333357 3.2157142857142862 7.0113636363636376 1.0000000180025095e-35 30.33140718132832 1.6206395348837213 1395.0000000000002 20.500000000000004 11.225000000000001 44.592814715104147 32.661683547969211 123.50000000000001 5.248742138364781 32.288685520442783 0.60263157894736852 6.9375000000000009 1175.0000000000002 0.91290533594991141 3.6295149638802893 0.39208074534161497 0.91290533594991141 1.3187500000000003 0.93681592039801009 9.7921913921393333 82.500000000000014 2.841508268357861 4.4375000000000009
decision_type=10 10 10 8 10 8 10 10 10 10 10 10 10 10 10 10 10 10 10 10 10 8 8 8 8 8 10 10 10 10 10
left_child=3 4 5 12 9 6 8 16 22 14 -10 19 18 -7 21 17 24 -13 -1 20 -11 -2 -3 -16 -5 -20 -23 -25 30 -9 -26
right_child=1 2 -4 7 -6 13 -8 29 10 11 -12 15 -14 -15 23 -17 -18 -19 25 -21 -22 26 -24 27 28 -27 -28 -29 -30 -31 -32
leaf_value=-0.019840253552796231 -0.0031700447884792137 0.0072284185325322981 0.074913208354745797 -0.068727390305382371 0.070341105094043135 -0.012941577266312471 0.07828171633130053 -0.05220661203429823 0.029756102756905729 -0.022558664229006212 0.056100499649170521 -0.0021176988313518523 0.033415649122189771 0.02051944530730199 0.0062638350767207657 0.032275793438172599 -0.042635883121368803 0.020553161456549913 -0.053287496818389561 0.0083036174135440264 0.0035678388579597877 -0.032633801106603549 0.025831088379870283 -0.021178175127407772 -0.099554100756514857 -0.085983645316018265 -0.020846971161873382 -0.011327876739109512 -0.088381283508299172 -0.042102987942904214 -0.091468088579686621
leaf_weight=134.09332966804504 129.06159925460815 417.59350776672363 2551.1749305725098 43.383263826370239 209.30848169326782 425.07844638824463 918.69094848632812 116.97990894317627 1323.0005149841309 1275.7865443229675 1834.0337057113647 1707.6722745895386 105.65866851806641 676.1466178894043 200.63276386260986 304.70835399627686 74.028964757919312 441.11668491363525 59.852676153182983 175.58146905899048 197.9909815788269 1273.173707485199 617.34796524047852 361.40115594863892 3697.4899822473526 64.744133234024048 234.53704261779785 1110.5030889511108 56.876363515853882 129.57192444801331 40.442512273788452
leaf_count=21 14 21 19 14 5 30 8 26 39 160 31 146 7 29 15 14 19 25 17 14 16 228 24 46 1868 24 33 127 26 27 18
internal_value=-0.00154084 0.0225943 0.0493696 -0.0889679 -0.00819155 0.0388791 0.0456182 -0.0948661 0.0384599 -0.0104092 0.0450605 -0.00276173 -0.0216444 0.00760332 -0.0198905 0.00622976 -0.0978892 0.00253632 -0.044133 -0.016137 -0.0190488 -0.0286216 0.018325 -0.0113461 -0.0989549 -0.0702774 -0.0308003 -0.0137465 -0.0993005 -0.0468968 -0.0994666
internal_weight=20907.7 16384.5 8763.07 4523.12 7621.47 6211.89 5110.67 4158.77 4191.98 7412.17 3157.03 4102.86 364.349 1101.23 3309.31 2453.5 3912.22 2148.79 258.69 1649.36 1473.78 1636.77 1034.94 1672.54 3838.19 124.597 1507.71 1471.9 3794.81 246.552 3737.93
internal_count=3111 1044 201 2067 843 182 123 1998 115 838 70 375 69 59 463 185 1945 171 62 190 176 275 45 188 1926 41 261 173 1912 53 1886
is_linear=0
shrinkage=0.05


Tree=24
num_leaves=26
num_cat=0
split_feature=1 1 2 1 12 12 0 5 4 5 1 0 5 14 14 4 3 3 1 6 14 8 12 14 14
split_gain=16560.8 4972.71 947.155 910.302 489.06 486.177 285.577 266.446 257.933 298.639 148.738 109.471 102.071 88.6174 86.366 81.9303 57.4615 56.4573 50.0454 46.5118 40.1174 5.79548 4.76616 3.0905 0.477771
threshold=20.887688468794533 122.27949791759254 1.0001267461017174 1210.7479813922139 85.833333333333357 2.0731592993483892 1.0000000180025095e-35 1379.5000000000002 31.250000000000004 1254.5000000000002 48.547883229967518 77.115556809864685 888.50000000000011 93.500000000000014 24.500000000000004 5.248742138364781 6.3273809523809534 9.5666666666666682 220.20599624991419 26.922504604498162 40.500000000000007 0.55310150375939859 1.776212832550861 82.500000000000014 4.5000000000000009
decision_type=10 10 8 10 10 10 10 10 10 10 10 10 10 10 10 10 10 10 10 10 10 8 10 10 8
left_child=2 4 -1 5 7 18 15 10 9 14 12 -11 17 16 -7 21 -12 -2 -3 -9 -14 -4 -8 24 -23
right_child=1 3 6 -5 -6 8 22 19 -10 11 13 -13 20 -15 -16 -17 -18 -19 -20 -21 -22 23 -24 -25 -26
leaf_value=-0.0053079280505494084 -0.025646651978110321 -0.0036589706525474159 -0.084187059872451203 0.073222972135288888 0.068519938937103606 0.0049823392366967088 -0.045286792944776319 0.00087335030029632606 0.068390419123738361 0.041004851038272755 -0.0056341679378129443 0.062145827006771875 -0.013010658967843348 0.021912881223481066 0.030309535268303225 -0.046090588532196788 -0.029769942412114184 0.00644372499576654 0.017152132705356923 0.023639981284081377 0.015414561908415475 -0.098772628419004457 -0.030208908972194567 -0.087847728526823654 -0.10000000000000001
leaf_weight=318.14546823501587 2828.0321989059448 478.89310455322266 63.556465864181519 2481.3621978759766 204.25872802734375 556.47474765777588 128.02091217041016 365.18352842330933 906.696608543396 1651.6443967819214 2435.3093538284302 973.11068344116211 263.82729339599609 270.93365812301636 851.86354351043701 74.186939477920532 274.38518762588501 144.04086923599243 728.05290699005127 581.67150592803955 234.41560363769531 1178.1485035419464 88.742772102355957 56.836097002029419 2424.6195163726807
leaf_count=35 443 34 25 19 5 26 30 27 11 42 234 12 28 18 27 21 28 12 30 31 17 623 17 27 1289
internal_value=-0.00149975 0.0216832 -0.0883514 0.0476617 -0.00780151 0.0373429 -0.0949331 -0.00990881 0.0442937 0.0388764 -0.0135442 0.0488427 -0.0205804 -0.00535204 0.020302 -0.0981194 -0.00807817 -0.0240914 0.00889468 0.0148593 0.000362969 -0.0991562 -0.0391139 -0.0994161 -0.0995986
internal_weight=20562.4 16230.2 4332.26 8628.1 7602.06 6146.74 4014.11 7397.8 4939.79 4033.09 6450.94 2624.76 3470.32 2980.63 1408.34 3797.35 2709.69 2972.07 1206.95 946.855 498.243 3723.16 216.764 3659.6 3602.77
internal_count=3111 1044 2067 201 843 182 2032 838 118 107 780 54 500 280 53 1985 262 455 64 58 45 1964 47 1939 1912
is_linear=0
shrinkage=0.05


Tree=25
num_leaves=33
num_cat=0
split_feature=1 6 1 2 7 4 5 0 1 8 1 4 5 0 10 6 2 8 10 4 4 5 1 7 10 8 14 8 4 14 7 3
split_gain=16786.5 5266.69 943.556 806.824 787.63 442.055 389.384 274.147 238.594 175.889 131.047 97.743 95.5608 94.1939 88.4351 93.4813 64.724 56.7896 108.519 46.9957 96.5273 42.1006 37.2442 34.1279 27.7707 24.3308 20.3121 7.56863 3.72489 3.81809 3.62477 1.81899e-12
threshold=20.83880994715383 54.194638779980458 1210.7479813922139 1.0001267461017174 25.500000000000004 33.500000000000007 1341.5000000000002 1.0000000180025095e-35 48.547883229967518 2.4987922705314012 47.700561044052641 4.4711538461538476 1379.5000000000002 7.6805364122037281 7.3466666666666676 33.096796541860819 1.9999892264963364 0.6977194032402857 3.6823899371069184 2.5242857142857145 6.8973214285714297 678.50000000000011 72.614046453372993 20.500000000000004 1.6754385964912284 0.9346044191019246 4.5000000000000009 0.38036968885915029 1.0161290322580647 82.500000000000014 9.5000000000000018 1.8411949685534592
decision_type=10 10 10 8 10 10 10 10 10 10 10 8 10 10 10 10 10 10 10 8 8 10 10 10 8 10 8 10 8 10 10 10
left_child=3 4 5 -1 10 6 17 23 12 14 21 -8 19 -12 15 -10 -16 -3 -19 -6 -21 24 27 28 -2 -24 -26 -15 -5 31 -9 -30
right_child=1 2 -4 7 8 -7 11 30 9 -11 13 -13 -14 22 16 -17 -18 18 -20 20 -22 -23 25 -25 26 -27 -28 -29 29 -31 -32 -33
leaf_value=-0.0078446743402945541 -0.0068888044115707541 0.0019455156590261033 0.074950128874894592 -0.083942229379196154 0.0043757689883887341 0.072151716887736264 0.058610937382550236 -0.031464729371441437 -0.0023613228523902334 0.050923829026926395 0.016283086839893379 0.036642937644609012 0.015377604787681014 -0.01907723481815253 0.015125794852231903 0.030670950548338734 0.041288766527773593 0.036303417831409959 0.007470506977159579 -0.048130975628787959 -0.0066311163919933807 -0.0034486563611024544 -0.0014442475313814563 -0.065528870926776825 -0.018160859773763176 -0.01557081250620149 -0.030407235067230965 -0.031488675850137919 -0.10000000000000001 -0.086570019667746731 -0.044994148879849524 -0.10000000000000001
leaf_weight=279.56353425979614 165.34746122360229 548.54333782196045 2995.4833030700684 37.442065477371216 260.55257844924927 831.83385276794434 968.98972988128662 93.587983846664429 801.67479085922241 442.52171611785889 332.10090017318726 1060.509090423584 426.9387993812561 505.10703659057617 507.32412624359131 292.27087783813477 442.64390277862549 619.2893180847168 689.8704891204834 213.75916481018066 406.73061418533325 212.66183185577393 715.77549266815186 74.90624988079071 416.14886665344238 530.87282371520996 1816.8584451675415 162.30081558227539 3432.1645058393478 53.738091707229614 105.10575819015503 51.92472505569458
leaf_count=32 21 33 21 18 26 8 16 20 62 13 25 25 28 67 28 12 15 18 29 32 43 23 64 29 64 44 310 19 1915 26 24 26
internal_value=0.000237559 0.022965 0.0530022 -0.0898596 -0.0038188 0.0390705 0.0319913 -0.0958168 0.01325 0.0223436 -0.0171529 0.0471316 -0.00403683 -0.00829814 0.0161558 0.00646395 0.0273166 0.0154509 0.0211097 -0.0134448 -0.0209278 -0.0247703 -0.0125631 -0.0989302 -0.0266609 -0.00745991 -0.028125 -0.0220955 -0.09963 -0.099796 -0.0386216 -0.1
internal_weight=20494.5 16366.1 7714.52 4128.43 8651.59 4719.04 3887.2 3848.87 3794.42 2486.44 4857.17 2029.5 1307.98 2246.16 2043.91 1093.95 949.968 1857.7 1309.16 881.042 620.49 2611.02 1914.06 3650.18 2398.35 1246.65 2233.01 667.408 3575.27 3537.83 198.694 3484.09
internal_count=3136 1046 150 2090 896 129 121 2058 259 130 637 41 129 219 117 74 43 80 47 101 75 418 194 2014 395 108 374 86 1985 1967 44 1941
is_linear=0
shrinkage=0.05


Tree=26
num_leaves=28
num_cat=0
split_feature=1 6 2 7 1 12 1 0 1 13 7 13 8 2 5 3 5 7 3 1 5 5 3 8 4 5 5
split_gain=15756.6 4904.34 800.804 753.517 745.04 446.351 241.281 240.535 192.65 173.223 151.279 137.171 99.438 93.8809 86.4571 83.4421 44.7233 37.1648 36.5776 43.8395 33.9569 32.5915 17.9511 15.5373 4.1928 0.326123 3.99476
threshold=20.657220918572609 95.456582334000103 0.9968574985590456 25.500000000000004 1210.7479813922139 2.8507762648039745 48.547883229967518 1.0000000180025095e-35 47.799014627648226 5.9411764705882364 61.500000000000007 2.5496503496503498 1.9945054945054947 1.6364733565870908 1379.5000000000002 2.6466063348416293 481.50000000000006 20.500000000000004 1.7900000000000003 86.646277531808281 888.50000000000011 678.50000000000011 1.1144200626959251 0.98212005108556844 1.0161290322580647 82.500000000000014 94.500000000000014
decision_type=10 10 8 10 10 10 10 10 10 10 10 10 10 8 10 8 10 10 8 10 10 10 8 8 8 10 10
left_child=2 3 -1 8 5 13 14 17 21 10 15 -7 18 -3 16 -8 -5 24 -10 -20 -18 22 -2 -24 -4 -26 -27
right_child=1 4 7 6 -6 11 9 -9 12 -11 -12 -13 -14 -15 -16 -17 20 -19 19 -21 -22 -23 23 -25 25 26 -28
leaf_value=-0.0049789125099791382 -0.0092409997624586012 0.031293063460458265 -0.082658037649874963 0.0060258210897175769 0.073261142552448463 0.041380479778903495 0.025554550016863603 -0.038294546106160052 0.010016263985792317 0.051458206774773398 0.033651163606809385 0.064096345680883807 0.016659777613009193 0.0031511289388733996 0.014626032236095593 0.00073791267696503206 -0.032356874958373104 -0.063619021540686771 -0.018162850911194756 -0.0023951857560469934 -0.0093025022016461744 -0.005489350340813842 -0.043163422346384317 -0.025479119423820029 -0.10000000000000001 -0.085442452664007906 -0.10000000000000001
leaf_weight=258.93168783187866 161.3205246925354 505.76996231079102 36.155521869659424 231.89261484146118 2913.431324005127 1535.1772260665894 478.64067840576172 172.19798374176025 222.52385950088501 426.22641181945801 884.93172550201416 1171.8812294006348 459.12494325637817 715.73309230804443 426.44661951065063 1158.6794261932373 287.93635749816895 73.337922930717468 1038.398521900177 766.03051948547363 358.68757677078247 225.32040166854858 131.80085849761963 2155.3197245597839 2788.7798633575439 51.768769383430481 525.39371407032013
leaf_count=28 20 15 18 24 21 34 23 39 16 11 33 15 26 33 28 81 41 29 127 61 36 25 22 363 1641 28 298
internal_value=0.000218981 0.0218879 -0.0899456 -0.00152658 0.0541017 0.039893 0.0140544 -0.095977 -0.0143705 0.0219769 0.0169949 0.0512141 -0.00435115 0.0148034 -0.00384597 0.0079926 -0.0128126 -0.098835 -0.00911033 -0.011469 -0.0195684 -0.0236866 -0.0253612 -0.0264982 -0.0995942 -0.0997761 -0.0986943
internal_weight=20161.8 16255.3 3906.57 9413.28 6841.99 3928.56 4253.44 3647.63 5159.84 2948.48 2522.25 2707.06 2486.08 1221.5 1304.96 1637.32 878.517 3475.44 2026.95 1804.43 646.624 2673.76 2448.44 2287.12 3402.1 3365.94 577.162
internal_count=3136 1055 2081 937 118 97 277 2053 660 148 137 49 230 48 129 104 101 2014 204 188 77 430 405 385 1985 1967 326
is_linear=0
shrinkage=0.05


Tree=27
num_leaves=23
num_cat=0
split_feature=1 6 5 2 1 1 12 12 1 1 3 13 10 1 13 11 3 7 12 14 10 3
split_gain=14788.6 4537.27 933.861 797.364 532.352 465.886 410.756 301.612 250.641 228.725 193.045 110.708 96.4505 68.8014 64.7933 47.9094 53.3399 40.3405 17.9625 4.78269 4.54777 1.81899e-12
threshold=20.657220918572609 107.38580118994263 1254.5000000000002 0.9968574985590456 1361.1496086818545 48.547883229967518 3.0834532086629909 16.137681159420293 1.0000000180025095e-35 166.09268318634619 2.6466063348416293 0.60136986301369866 6.775252525252526 142.78326270751768 2.3303030303030305 1145.0000000000002 8.7321428571428594 20.500000000000004 2.8203448275862075 82.500000000000014 2.018518518518519 2.6598639455782318
decision_type=10 10 10 8 10 10 10 10 10 10 8 10 8 10 8 10 10 10 10 10 8 10
left_child=3 2 5 -1 6 15 -3 10 17 12 11 -7 -4 -12 -14 16 18 19 -2 20 -5 -22
right_child=1 4 9 8 -6 7 -8 -9 -10 -11 13 -13 14 -15 -16 -17 -18 -19 -20 -21 21 -23
leaf_value=-0.0047305536449406896 -0.021891518957354021 0.015334605993421549 -0.0035229635790466618 -0.082396304612814761 0.072505158614172879 0.0034570672009228576 0.05414869519229424 0.03909351344553863 -0.036648741460453438 0.050561853480038811 -0.011303926888512649 0.041166091140020913 0.036727409497135204 0.0044346549844466584 0.01041871590818576 0.0031155379630967992 0.0025436141413589207 -0.061687077320206098 -0.031236712229041508 -0.08415391148804037 -0.10000000000000001 -0.10000000000000001
leaf_weight=258.90039682388306 2420.9491820335388 981.75308513641357 396.56700563430786 37.1208575963974 2667.3117332458496 413.93751811981201 2229.668065071106 526.46456861495972 170.96685457229614 828.17174911499023 2264.7670669555664 367.38816070556641 562.18226289749146 1001.4441938400269 400.93433475494385 197.62229681015015 203.70134973526001 71.89064633846283 652.86153745651245 49.634950160980225 3114.427788734436 36.232484221458435
leaf_count=28 393 35 29 19 19 29 36 18 39 16 233 13 24 52 25 17 17 29 99 26 1920 20
internal_value=0.000200249 0.0209859 0.000881163 -0.0893852 0.0559954 -0.00699219 0.042283 0.00349291 -0.0956827 0.0298473 -0.00113767 0.0211883 0.0172302 -0.00647836 0.0257754 -0.0207928 -0.0222344 -0.0987326 -0.0238764 -0.0995552 -0.099795 -0.1
internal_weight=19854.9 16115.7 10237 3739.17 5878.73 8049.14 3211.42 4574 3480.27 2187.86 4047.54 781.326 1359.68 3266.21 963.117 3475.13 3277.51 3309.31 3073.81 3237.42 3187.78 3150.66
internal_count=3136 1055 965 2081 90 871 71 345 2053 94 327 42 78 285 49 526 509 2014 492 1985 1959 1940
is_linear=0
shrinkage=0.05


Tree=28
num_leaves=24
num_cat=0
split_feature=1 6 2 5 1 1 8 9 10 1 0 0 1 10 6 11 7 4 10 4 14 4 4
split_gain=13884.6 4253.53 839.771 839.598 519.56 434.049 358.439 238.223 239.367 221.803 169.804 129.371 122.58 81.3747 65.6889 44.1309 43.6451 25.4341 40.0287 16.5682 5.38551 5.45336 1.81899e-12
threshold=14.243015323688331 107.38580118994263 0.9968574985590456 1254.5000000000002 1361.1496086818545 48.547883229967518 6.7750000000000012 27.088353394405612 6.0712500000000009 166.09268318634619 7.4776908508642626 1.0000000180025095e-35 142.78326270751768 6.775252525252526 30.455886584559703 1145.0000000000002 20.500000000000004 5.6854395604395611 8.954545454545455 4.154761904761906 82.500000000000014 1.0161290322580647 1.6464285714285716
decision_type=10 10 8 10 10 10 10 10 10 10 10 10 10 8 10 10 10 10 10 10 10 8 10
left_child=2 3 -1 5 7 15 10 -3 -9 13 -7 16 -12 -5 -15 17 20 19 -19 -2 21 -4 -23
right_child=1 4 11 9 -6 6 -8 8 -10 -11 12 -13 -14 14 -16 -17 -18 18 -20 -21 -22 22 -24
leaf_value=-0.0003130051292127226 -0.022574255100357814 0.052620604245336516 -0.079754266202120394 -0.003347022987768223 0.070740076330021273 0.030311941524857257 0.057120125184761408 0.0029906316329832198 0.044648013981429494 0.048656113173077505 -0.010033310080256966 -0.040974352270236755 0.0086872268161356288 0.012683934879650164 0.039131354354212007 0.0029599047648695169 -0.059739982473210176 -0.020197588768785423 0.0081568682604451302 -0.041331370420256502 -0.082881761123236072 -0.10000000000000001 -0.10000000000000001
leaf_weight=242.08694362640381 2608.4159808158875 1794.5114583969116 33.634148597717285 396.54300689697266 2598.939079284668 409.05841588973999 289.99006938934326 652.32497406005859 731.58467483520508 817.84918212890625 2530.2738299369812 100.42347860336304 1336.1902542114258 572.20352220535278 398.14752578735352 197.61294412612915 70.556802868843079 438.25301122665405 173.8464822769165 123.29381608963013 47.920833349227905 2905.818772315979 93.439855933189392
leaf_count=25 431 29 18 29 19 24 8 28 14 16 249 26 64 36 15 17 29 58 14 20 26 1888 53
internal_value=0.000182339 0.019824 -0.0901535 0.000550028 0.0541583 -0.00686366 0.00332589 0.0405997 0.0250122 0.02806 -0.000322739 -0.0968419 -0.00356378 0.0157368 0.0235357 -0.0199998 -0.0986222 -0.0213566 -0.0121444 -0.0234208 -0.0995127 -0.0997755 -0.1
internal_weight=19562.9 16069 3493.88 10291.7 5777.36 8106.93 4565.51 3178.42 1383.91 2184.74 4275.52 3251.79 3866.46 1366.89 970.351 3541.42 3151.37 3343.81 612.099 2731.71 3080.81 3032.89 2999.26
internal_count=3136 1071 2065 981 90 885 345 71 42 96 337 2040 313 80 51 540 2014 523 72 451 1985 1959 1941
is_linear=0
shrinkage=0.05


Tree=29
num_leaves=28
num_cat=0
split_feature=1 6 5 3 1 12 1 8 1 3 10 0 13 1 10 8 6 3 13 14 8 10 14 14 14 12 13
split_gain=13041.2 3926.91 761.994 612.025 504.216 410.613 392.813 329.253 205.12 155.108 121.23 109.635 98.5552 82.4293 73.8371 70.7696 60.3133 32.5318 47.7826 63.7314 30.3462 20.6852 20.1644 17.7579 6.46717 5.2417 1.64893
threshold=14.243015323688331 107.38580118994263 1254.5000000000002 27.666666666666668 1361.1496086818545 3.0597777777777782 48.547883229967518 6.7750000000000012 166.09268318634619 2.6466063348416293 13.03846153846154 1.0000000180025095e-35 0.60136986301369866 142.78326270751768 6.775252525252526 0.60263157894736852 30.455886584559703 2.5358974358974362 0.64760348583878014 56.500000000000007 0.60263157894736852 1.7638888888888891 23.500000000000004 4.5000000000000009 82.500000000000014 1.5484693877551023 4.8944444444444457
decision_type=10 10 10 8 10 10 10 10 10 8 8 10 10 10 8 10 10 10 8 10 8 8 10 8 10 8 10
left_child=3 2 6 10 5 -3 17 9 14 12 15 20 -8 -11 -4 -1 -16 21 -19 -20 -5 -2 25 -23 26 -17 -22
right_child=1 4 8 11 -6 -7 7 -9 -10 13 -12 -13 -14 -15 16 22 -18 18 19 -21 24 23 -24 -25 -26 -27 -28
leaf_value=-0.018437145431241028 -0.006810450613809982 0.010656405652492755 -0.0031798499492730311 -0.055515266217610819 0.068928472317443534 0.050488691612383146 0.0032377352497919929 0.055164582590968583 0.046777385977227318 -0.010040537986019423 0.0065718674645840157 -0.039571188367699725 0.038942911138999843 0.006446139819433057 0.01205944692871226 -0.074796539886912039 0.03746181840908297 0.011655029296271836 -0.023648297404508842 0.012344700811556851 -0.10000000000000001 -0.014143104391838799 -0.052142528919415579 -0.025372013462317683 -0.080532702099578413 -0.10000000000000001 -0.088587769507695535
leaf_weight=97.050576686859131 206.28064966201782 910.31224536895752 396.52135276794434 39.635742902755737 2535.5238838195801 2236.7441835403442 413.94916391372681 285.37694025039673 808.40931510925293 2383.746244430542 140.70314586162567 79.85998010635376 362.52368450164795 1111.7377605438232 571.75473976135254 35.700499415397644 395.17519807815552 184.51519203186035 630.5190806388855 152.7889575958252 2761.2622686624527 430.75024127960205 63.885835766792297 1928.1246790885925 43.921313643455505 48.86843466758728 32.019043684005737
leaf_count=17 27 34 29 13 19 37 29 8 16 240 22 21 13 55 36 16 15 18 85 11 1886 67 19 332 25 29 17
internal_value=0.000164997 0.0189903 0.000525715 -0.0896266 0.0523355 0.0389669 -0.00653355 0.00316698 0.0268219 -0.000306579 -0.0304316 -0.0973587 0.019908 -0.00479695 0.01499 -0.0516389 0.0224412 -0.0190467 -0.0112356 -0.0166276 -0.0989629 -0.0219938 -0.0733441 -0.0233215 -0.0995698 -0.0893604 -0.0998692
internal_weight=19287.7 15944.8 10262.2 3342.91 5682.58 3147.06 8090.31 4557.33 2171.86 4271.96 386.208 2956.7 776.473 3495.48 1363.45 245.505 966.93 3532.98 967.823 783.308 2876.84 2565.16 148.455 2358.87 2837.2 84.5689 2793.28
internal_count=3136 1071 981 2065 90 71 885 345 96 337 103 1962 42 295 80 81 51 540 114 96 1941 426 64 399 1928 45 1903
is_linear=0
shrinkage=0.05


Tree=30
num_leaves=28
num_cat=0
split_feature=1 1 1 2 13 8 14 3 3 5 14 4 5 5 0 13 14 8 6 13 5 4 14 14 12 6 14
split_gain=12189 3451.79 707.192 616.547 294.334 249.604 227.741 252.762 275.73 176.804 153.529 142.124 127.729 119.623 106.461 76.4064 84.9346 54.7631 51.3594 43.542 37.4705 22.2987 11.8246 10.1526 3.4668 2.23655 1.16093
threshold=14.243015323688331 502.81303916084897 61.564613526758336 0.9968574985590456 7.3031250000000005 0.69394885518881966 18.500000000000004 3.2774659182036894 3.6702898550724643 1254.5000000000002 5.5000000000000009 5.248742138364781 1844.0000000000002 1844.0000000000002 1.0000000180025095e-35 6.7400000000000011 134.50000000000003 0.50620689655172424 53.998684687190668 11.100000000000001 540.50000000000011 3.6575367647058825 62.500000000000007 85.500000000000014 0.91290533594991141 32.243137922267579 4.5000000000000009
decision_type=10 10 10 8 8 8 8 8 10 10 8 10 10 10 10 10 10 8 10 10 10 8 10 10 8 10 8
left_child=3 2 5 -1 6 10 9 21 -9 18 -2 14 -3 15 22 16 -7 -12 -4 20 25 -8 24 -24 -5 -6 -26
right_child=1 12 4 11 19 13 7 8 -10 -11 17 -13 -14 -15 -16 -17 -18 -19 -20 -21 -22 -23 23 -25 26 -27 -28
leaf_value=-0.0042216672276906876 0.051759154838245426 0.048686306662949125 -0.012942960765837487 -0.081425215979394117 -0.0022214020153499899 -0.016347987872511415 0.013500248427249843 0.05671842566551092 0.024017065395541826 0.035294912137663254 -0.018007034523666525 -0.028792539611050483 0.066539689323112605 0.019105881583148302 -0.039224776493158565 0.00833772643228743 0.020161266566580686 0.018300750925728353 0.0099962541567846109 -0.022818841027262785 0.012817603970719066 -0.0030126269975184767 -0.066989593036896652 -0.10000000000000001 -0.097773271144100227 -0.0076106160938653024 -0.10000000000000001
leaf_weight=199.8720588684082 255.39852046966553 1795.2019958496094 674.23661756515503 27.528685808181763 317.5394811630249 4211.2705039978027 403.15815925598145 1060.8582410812378 1642.8155670166016 375.67604923248291 182.27810955047607 78.880592465400696 2266.8047714233398 307.03603887557983 77.995903968811035 382.44118070602417 165.56396150588989 241.3910961151123 382.39801979064941 230.47313785552979 427.80101203918457 414.78349876403809 54.353397369384766 40.759368658065796 876.05343854427338 488.96383571624756 1763.9434889554977
leaf_count=22 11 26 60 14 32 596 20 22 60 12 21 24 19 18 21 34 16 19 18 16 25 20 32 26 621 37 1261
internal_value=0.00134015 0.0187419 0.00541541 -0.0891784 0.0168215 -0.00732734 0.0226435 0.0294805 0.0368483 0.0058335 0.0211386 -0.0949946 0.0586494 -0.0111428 -0.0968329 -0.0130942 -0.0149669 0.0026798 -0.00464122 -0.002869 0.000856098 0.00512646 -0.0984593 -0.0811358 -0.099077 -0.00548875 -0.0992611
internal_weight=19345.5 16226.1 12164.1 3119.39 6418.7 5745.38 4953.93 3521.62 2703.67 1432.31 679.068 2919.51 4062.01 5066.31 2840.63 4759.28 4376.83 423.669 1056.63 1464.78 1234.3 817.942 2762.64 95.1128 2667.53 806.503 2640
internal_count=3103 1082 1037 2021 322 715 212 122 82 90 51 1999 45 664 1975 646 612 40 78 110 94 40 1954 58 1896 69 1882
is_linear=0
shrinkage=0.05


Tree=31
num_leaves=31
num_cat=0
split_feature=1 1 1 2 13 10 3 14 3 5 3 7 5 14 13 1 5 11 5 7 7 5 10 1 6 14 9 14 14 5
split_gain=11434.6 3193.16 640.921 612.557 267.719 214.351 208.295 242.692 261.305 238.955 179.25 132.8 125.458 121.585 119.962 88.543 61.7203 52.415 45.6347 82.8964 43.6189 48.9696 27.2287 22.14 36.4019 20.1522 4.97617 1.31309 12.8926 9.09495e-13
threshold=14.243015323688331 502.81303916084897 61.564613526758336 0.9968574985590456 7.3031250000000005 5.5192307692307701 3.2774659182036894 18.500000000000004 3.6702898550724643 1254.5000000000002 2.97686170212766 16.500000000000004 1844.0000000000002 1.0000000180025095e-35 3.9687500000000004 1.0000000180025095e-35 1286.5000000000002 545.00000000000011 740.00000000000011 28.500000000000004 17.500000000000004 540.50000000000011 2.3666666666666671 194.41902838044803 31.945286029700473 82.500000000000014 25.076624158205998 4.5000000000000009 3.5000000000000004 350.50000000000006
decision_type=10 10 10 8 8 10 8 10 10 10 10 10 10 8 10 10 10 10 10 10 10 10 10 10 10 10 10 8 10 10
left_child=3 2 5 -1 6 13 23 9 -9 -8 -7 15 -3 -2 16 25 -12 -13 22 -20 21 26 -15 24 -4 27 -6 28 -5 -29
right_child=1 12 4 11 20 10 7 8 -10 -11 14 17 -14 18 -16 -17 -18 -19 19 -21 -22 -23 -24 -25 -26 -27 -28 29 -30 -31
leaf_value=-0.0040109415346043665 0.025687777510062095 0.046807110027258458 0.0079042041173256073 -0.10000000000000001 -0.0091255904263517346 0.04066606064371401 -0.0087994842980853877 0.056219846638184669 0.023496623613109009 0.041570515071547021 -0.023453800152029428 -0.023538521063328124 0.064644481733826614 -0.015395007598532885 0.022134688780069481 -0.039752271750953014 0.0066304093724815112 -0.0872274346315767 0.016773420477904501 -0.016767434951761622 -0.017067577462884408 0.020035773244117271 -0.029410066567722548 0.011495689973513776 -0.01521146152135177 -0.066409336403341748 -0.00091420862763737253 -0.10000000000000001 -0.081855076938227772 -0.10000000000000001
leaf_weight=199.85469245910645 197.2738037109375 1774.4554824829102 407.59045124053955 736.92690515518188 296.62854766845703 351.04966831207275 720.29155111312866 986.30387210845947 1599.2739610671997 349.80508518218994 457.67255592346191 87.789502382278442 2217.868444442749 2902.9003286361694 389.01979637145996 65.573608875274658 271.69579076766968 51.113715648651123 303.85763216018677 467.85987186431885 389.27044582366943 289.70502185821533 393.54085969924927 573.44269561767578 292.56431674957275 47.761401057243347 488.1000509262085 1652.6897579431534 112.89482021331787 32.922297835350037
leaf_count=22 19 26 27 552 27 16 57 20 58 9 54 30 19 446 23 18 18 26 27 52 29 15 60 20 21 27 39 1246 77 23
internal_value=0.00127911 0.0179304 0.00516257 -0.0885682 0.0160491 -0.00697328 0.0216247 0.0276914 0.0359793 0.00766602 0.0094961 -0.0946303 0.0567164 -0.012647 -0.000287802 -0.0971294 -0.0122472 -0.0469748 -0.0145059 -0.00356099 -0.00272772 0.00246765 -0.0170682 0.00421127 -0.00175483 -0.0985859 -0.00401812 -0.0991921 -0.0975895 -0.1
internal_weight=19107.7 16120.2 12127.8 2987.53 6392.98 5734.87 4929.27 3655.67 2585.58 1070.1 1469.44 2787.67 3992.32 4265.43 1118.39 2648.77 729.368 138.903 4068.16 771.718 1463.7 1074.43 3296.44 1273.6 700.155 2583.2 784.729 2535.43 849.822 1685.61
internal_count=3103 1082 1037 2021 322 715 212 144 78 66 111 1999 45 604 95 1943 72 56 585 79 110 81 506 68 48 1925 66 1898 629 1269
is_linear=0
shrinkage=0.05


Tree=32
num_leaves=25
num_cat=0
split_feature=1 1 2 2 1 8 0 9 4 0 8 0 11 0 13 8 4 4 8 2 14 11 12 14
split_gain=10726.2 2948.75 608.218 582.815 204.428 179.39 175.796 161.398 151.401 136.559 134.725 116.549 109.44 102.837 102.552 77.1125 76.4157 73.2512 59.9528 57.2307 14.0665 13.3228 4.38869 1.52258
threshold=14.243015323688331 502.81303916084897 0.9968574985590456 1.1291734765599106 61.564613526758336 1.447542186353632 10.48249982148409 27.113567930623685 5.248742138364781 206.05073023439306 0.69394885518881966 1.0000000180025095e-35 1145.0000000000002 27.82467328133524 6.416666666666667 3.2157142857142862 14.250000000000002 2.4058823529411768 3.2899159663865549 2.0011196277379288 62.500000000000007 235.00000000000003 0.88966740576496683 4.5000000000000009
decision_type=10 10 8 10 10 8 10 10 10 10 8 10 8 10 10 8 10 10 10 10 10 8 8 8
left_child=2 3 -1 4 10 7 -6 19 11 -3 12 20 -2 -7 17 16 -8 -12 -17 -5 22 -22 -4 -24
right_child=1 9 8 5 6 13 15 -9 -10 -11 14 -13 -14 -15 -16 18 -18 -19 -20 -21 21 -23 23 -25
leaf_value=-0.0038107016330955743 -0.0034781839221071152 0.044194045853960501 -0.077688295347076428 0.051492059664360171 0.032456506791052352 -0.013509924369479771 0.0041416237257111315 0.01040394386014824 -0.025400572417027707 0.062991031368946404 -0.017179973821630789 -0.035660373096820311 0.041474583610232957 0.020487201549992864 0.011936463622712399 -0.00071511836084759426 0.029407223156086394 -0.0036019414543061769 -0.026927001956053426 0.031889138864219263 -0.10000000000000001 -0.061080578790502098 -0.097325230839768115 -0.10000000000000001
leaf_weight=199.83902072906494 314.58524131774902 1714.9261531829834 24.152887940406799 675.91869735717773 602.16380262374878 404.21304559707642 1297.7026319503784 621.38205432891846 77.514430165290833 2213.2528533935547 2913.4798049926758 76.834470272064209 237.69851493835449 494.62207794189453 473.35202741622925 1056.1821775436401 388.97325897216797 1507.1341524124146 274.9354305267334 828.96359443664551 40.053584933280945 48.754268884658813 797.84297776222229 1597.0162649154663
leaf_count=22 35 27 13 18 32 32 70 29 24 18 454 21 11 16 39 90 13 155 16 27 30 28 622 1261
internal_value=0.00121974 0.0171486 -0.0879389 0.00492154 -0.00141943 0.0239254 0.00778984 0.0318419 -0.0942541 0.0547848 -0.00754055 -0.0963191 0.0158691 0.00519843 -0.0101823 0.0028679 0.00996826 -0.0125508 -0.00612905 0.0406938 -0.0981775 -0.0786338 -0.098895 -0.0991089
internal_weight=18881.5 16019.5 2862.01 12091.3 9066.21 3025.1 3619.96 2126.26 2662.17 3928.18 5446.25 2584.65 552.284 898.835 4893.97 3017.79 1686.68 4420.61 1331.12 1504.88 2507.82 88.8079 2419.01 2394.86
internal_count=3103 1082 2021 1037 915 122 221 74 1999 45 694 1975 46 48 648 189 83 609 106 45 1954 58 1896 1883
is_linear=0
shrinkage=0.05


Tree=33
num_leaves=29
num_cat=0
split_feature=0 1 1 12 5 13 3 14 3 5 8 4 0 8 13 6 11 12 11 5 4 3 14 3 14 14 5 1
split_gain=10064.8 2759.08 560.217 463.44 207.444 203.365 173.18 173.646 277.751 190.292 167.651 163.783 132.639 102.595 66.3927 78.632 56.1579 38.3832 37.5272 41.566 25.8456 12.9772 8.78055 7.01857 1.91504 17.0227 32.8178 1.86649
threshold=1.0000000180025095e-35 502.81303916084897 73.254998752474805 9.1714285714285726 1844.0000000000002 7.3031250000000005 3.2774659182036894 18.500000000000004 3.6702898550724643 1223.0000000000002 0.58751044277360076 19.083333333333339 206.05073023439306 0.5960526315789475 0.89009661835748799 24.375889508982507 185.00000000000003 2.714589665653496 475.00000000000006 540.50000000000011 3.2371439141694416 4.514705882352942 82.500000000000014 1.2886904761904765 4.5000000000000009 3.5000000000000004 19.500000000000004 110.26836758942459
decision_type=10 10 10 8 10 8 8 10 10 10 8 10 10 10 10 10 10 10 10 10 8 10 10 8 8 10 10 10
left_child=3 2 4 11 10 6 20 9 -9 -8 -2 13 -3 -1 17 -16 23 -12 19 27 -4 -18 24 -15 25 -5 -27 -7
right_child=1 12 5 22 -6 18 7 8 -10 -11 14 -13 -14 16 15 -17 21 -19 -20 -21 -22 -23 -24 -25 -26 26 -28 -29
leaf_value=-0.021325735664642156 0.019185993132382381 0.042398684594894792 0.012192433704436623 -0.10000000000000001 0.027264528555060064 -0.0074096810572430206 -0.008667841219657163 0.05533873753998475 0.019986440721136839 0.036968028985082911 -0.018086568767179272 0.043645271503856137 0.061053377654803169 -0.071819739953014994 -0.022718099232210843 -0.00015768826758407996 -0.061185063111983198 -0.0016823990614639032 -0.017259899697436833 0.018379038200234215 -0.0024236716047687738 -0.026066226921775477 -0.07518644511331353 -0.10000000000000001 -0.10000000000000001 -0.10000000000000001 -0.041212762177722601 -0.0019711233775295809
leaf_weight=153.91951251029968 506.67546606063843 1698.5962390899658 575.42628955841064 604.98527860641479 440.04737329483032 243.89816761016846 596.43338108062744 921.89625835418701 1398.316912651062 370.21435642242432 2599.0082905292511 48.831740975379944 2170.4339561462402 27.580742359161377 483.43884468078613 1920.7873239517212 61.915635108947754 413.29877853393555 302.29072666168213 300.74826431274414 637.58737182617188 45.736705780029297 39.537585139274597 111.09322786331177 1455.8600745201111 62.956925988197327 38.111372232437134 446.69743824005127
leaf_count=33 37 27 29 504 22 25 45 17 50 10 416 5 18 13 70 195 22 47 21 15 33 18 25 88 1214 52 22 30
internal_value=0.0011613 0.0160887 0.00438469 -0.0890937 -0.00585697 0.0156335 0.0206563 0.0266151 0.0340331 0.00881014 -0.00831764 -0.0428029 0.0528635 -0.05335 -0.0108904 -0.00469411 -0.0733607 -0.0158359 -0.00183804 0.00286456 0.00450988 -0.0462646 -0.0985366 -0.0943953 -0.0989637 -0.0968268 -0.0778322 -0.00389186
internal_weight=18676.3 16025.8 12156.8 2650.53 6363.26 5793.51 4499.87 3286.86 2320.21 966.648 5923.21 449.078 3869.03 400.246 5416.53 2404.23 246.326 3012.31 1293.63 991.344 1213.01 107.652 2201.45 138.674 2161.91 706.054 101.068 690.596
internal_count=3103 1107 1062 1996 787 275 184 122 67 55 765 179 45 174 728 265 141 463 91 70 62 40 1817 101 1792 578 74 55
is_linear=0
shrinkage=0.05


Tree=34
num_leaves=30
num_cat=0
split_feature=0 1 2 1 13 8 14 4 11 5 14 5 9 10 10 13 2 14 8 12 14 11 5 10 4 14 9 14 14
split_gain=9451.15 2540.07 633.79 509.17 203.057 185.709 172.342 152.756 150.407 149.388 134.372 133.64 128.79 107.13 99.8962 84.2962 48.1239 82.2039 47.756 37.8811 37.0647 33.303 33.0728 33.0539 31.6342 9.68627 5.6481 1.89285 17.8344
threshold=1.0000000180025095e-35 502.81303916084897 1.0000000180025095e-35 61.564613526758336 7.3031250000000005 0.69394885518881966 18.500000000000004 8.9761904761904781 575.00000000000011 1254.5000000000002 5.5000000000000009 1844.0000000000002 27.805077133757923 5.7823529411764714 9.3035714285714306 2.1180555555555558 0.32026275535393556 49.500000000000007 0.50620689655172424 3.1601550142360018 44.500000000000007 455.00000000000006 540.50000000000011 4.541103603603605 4.1909090909090922 82.500000000000014 25.076624158205998 4.5000000000000009 3.5000000000000004
decision_type=10 10 8 10 8 8 10 10 8 10 8 10 10 10 10 10 10 10 8 10 8 10 10 10 10 10 10 8 10
left_child=2 3 -1 5 6 10 9 23 -8 19 -2 -3 -10 16 15 -15 24 -18 -12 -5 -16 22 26 25 -7 27 -6 28 -4
right_child=1 11 7 4 21 13 8 -9 12 -11 18 -13 -14 14 20 -17 17 -19 -20 -21 -22 -23 -24 -25 -26 -27 -28 -29 -30
leaf_value=-0.0016453765563484359 0.047629445716811734 0.040590562321140375 -0.10000000000000001 6.6871456766530609e-05 -0.0091132300013088662 -0.014253391721104937 0.046346588868686575 -0.0058944840091283424 0.025911939365760601 0.029606615705857327 -0.018194510819632075 0.059405402019655752 -0.00013713581101853519 -0.00093868151497376927 -0.023800738010798583 0.036083301145420306 -0.011973960771552442 0.02796485714526762 0.015691499329757715 -0.022164982295349335 0.003717116633329548 -0.016669043856814517 0.014735689804271085 -0.061365193138907884 -0.029534451815695553 -0.073766547131398713 -0.000529956434290647 -0.10000000000000001 -0.077395376079588213
leaf_weight=193.88033437728882 245.96141672134399 1713.1648941040039 634.18491697311401 832.43630504608154 315.61203765869141 2974.523833990097 673.43088340759277 46.401285648345947 2059.5375003814697 436.4358377456665 181.77132749557495 2101.5319213867188 616.55096530914307 309.65242099761963 299.17627477645874 305.39654684066772 475.37644100189209 176.73695039749146 242.93576574325562 248.89734411239624 207.06114196777344 318.30324459075928 338.25533962249756 61.501854658126831 382.19806480407715 38.830251812934875 488.02830410003662 1461.3786927461624 101.17881619930267
leaf_count=21 11 26 551 59 29 466 22 13 66 14 21 19 30 30 33 14 64 12 20 21 14 23 19 31 55 26 39 1277 77
internal_value=0.00110512 0.0153698 -0.0885245 0.00417705 0.0139862 -0.00652271 0.0188921 -0.0957121 0.0252255 0.00491527 0.0182203 0.0509557 0.0199104 -0.0097574 0.00390454 0.0174442 -0.0135787 -0.00114967 0.00118855 -0.00505037 -0.0125454 -0.00236698 0.00161972 -0.0975265 -0.0159933 -0.0985213 -0.00390085 -0.0989589 -0.0968898
internal_weight=18480.3 15943 2537.36 12128.3 6327.49 5800.79 4867.29 2343.48 3349.52 1517.77 670.669 3814.7 2676.09 5130.12 1121.29 615.049 4008.84 652.113 424.707 1081.33 506.237 1460.2 1141.9 2297.07 3356.72 2235.57 803.64 2196.74 735.364
internal_count=3103 1107 1996 1062 322 740 212 1975 118 94 52 45 96 688 91 44 597 76 41 80 47 110 87 1962 521 1931 68 1905 628
is_linear=0
shrinkage=0.05


Tree=35
num_leaves=28
num_cat=0
split_feature=9 2 2 12 12 5 14 4 2 5 8 4 10 5 3 14 13 3 13 10 2 14 2 5 14 14 5
split_gain=8240.6 1159.59 822.239 512.164 588.617 404.637 160.41 160.338 152.46 143.229 142.592 129.733 105.689 97.8 123.211 61.0219 60.8137 94.8227 42.9622 35.3535 30.4036 24.4029 15.9476 13.0566 2.25623 17.962 32.7511
threshold=1.0000000180025095e-35 1.1291734765599106 1.0000000180025095e-35 3.2479191994762933 3.5107105538140027 863.50000000000011 167.50000000000003 5.248742138364781 2.0021089473181553 2158.0000000000005 6.7750000000000012 4.2543103448275872 7.3466666666666676 615.50000000000011 0.36021505376344093 11.500000000000002 0.77849927849927869 2.6742424242424243 2.1026315789473689 6.6181818181818191 0.49987481221832758 1.0000000180025095e-35 4.0000191489780654 193.50000000000003 4.5000000000000009 3.5000000000000004 19.500000000000004
decision_type=10 10 8 10 10 10 10 10 10 10 10 10 10 10 8 8 8 10 10 8 10 10 10 10 8 10 10
left_child=2 3 -1 13 -5 8 10 19 -3 11 12 -7 -6 14 -2 20 -17 -18 -13 -4 -15 -16 -10 -23 25 -21 -27
right_child=1 5 7 4 6 9 -8 -9 22 -11 -12 18 -14 15 21 16 17 -19 -20 24 -22 23 -24 -25 -26 26 -28
leaf_value=0.002032141304735361 0.032337446181943445 0.024614763138305538 -0.061077502994333524 0.061481965242823816 -0.0089523238069556237 0.043358685877666732 0.041296858691773103 -0.016555044699584024 -0.019467869689300712 0.05143089541208537 0.033313102318798103 0.01274294860386176 0.012332021046401341 -0.023861605751414838 0.0047423906944540489 0.020117811812652066 0.014813012250514502 -0.014388475881968142 0.029839604815048239 -0.10000000000000001 0.0018291426584726952 -0.016871309555367663 -0.0033205546767734262 -0.010154306273460298 -0.10000000000000001 -0.10000000000000001 -0.043147714410230201
leaf_weight=240.2559986114502 172.251793384552 549.3613657951355 63.86173141002655 647.2831654548645 1321.5598199367523 1354.8773097991943 342.83615398406982 62.6391841173172 316.4575629234314 1466.8295650482178 383.36505079269409 683.09568881988525 1043.9861278533936 258.80950260162354 239.4586443901062 646.02499985694885 580.78352642059326 533.23884534835815 795.22989082336426 568.7679535150528 207.48908996582031 935.257493019104 295.87210273742676 3194.7568666934967 1392.1038527488708 64.260967016220093 41.816256523132324
leaf_count=25 7 30 39 12 119 29 9 20 26 20 22 23 56 25 26 36 40 46 17 521 18 145 14 417 1275 58 26
internal_value=-7.50639e-05 0.0129869 -0.0857815 0.00327266 0.0181247 0.0316748 0.00904749 -0.0954 0.00549129 0.0387486 0.00502545 0.0321826 0.000441094 -0.00493236 -0.00914053 0.00365226 0.00791301 0.000835404 0.0219397 -0.0977178 -0.01243 -0.0107757 -0.0116656 -0.0116754 -0.0988498 -0.0964772 -0.0775885
internal_weight=18402.5 15968.8 2433.71 10507.1 3739.03 5461.72 3091.75 2193.45 1161.69 4300.03 2748.91 2833.2 2365.55 6768.07 4541.72 2226.35 1760.05 1114.02 1478.33 2130.81 466.299 4369.47 612.33 4130.01 2066.95 674.845 106.077
internal_count=3101 1137 1964 978 218 159 206 1939 70 89 197 69 175 760 595 165 122 86 40 1919 43 588 40 562 1880 605 84
is_linear=0
shrinkage=0.05


Tree=36
num_leaves=33
num_cat=0
split_feature=0 1 7 1 14 1 13 9 13 6 4 10 12 4 0 14 10 14 5 12 10 13 11 10 12 13 5 14 14 5 5 5
split_gain=7746.48 2061.85 725.45 392.816 205.259 185.763 153.676 147.187 146.562 120.191 120.034 90.0144 81.8554 73.913 66.3254 49.652 41.2074 38.5113 48.9062 34.3239 31.8808 28.4638 11.4467 9.86231 7.06132 9.82335 2.60051 2.59656 20.2565 40.1939 1.10892 2.27374e-13
threshold=1.8502181861958362 245.08703753967725 12.500000000000002 1909.3062347752154 40.500000000000007 27.718774752449416 6.3095238095238102 26.802867091507022 2.1690891472868219 26.922504604498162 1.2532051282051284 3.4373913043478264 1.5373822388473264 5.154761904761906 3.8665886035986392 48.500000000000007 9.5833333333333339 3.5000000000000004 313.00000000000006 1.0031315240083509 7.6396103896103904 1.0000000180025095e-35 85.000000000000014 4.8627819548872191 1.725634672680626 2.3303030303030305 156.50000000000003 4.5000000000000009 3.5000000000000004 19.500000000000004 476.50000000000006 37.500000000000007
decision_type=10 10 10 10 10 10 10 10 8 10 8 8 8 8 10 10 10 10 10 10 10 10 10 8 10 8 10 8 10 10 10 10
left_child=2 5 10 4 -3 14 8 -6 11 -8 -1 -7 -13 19 15 17 20 -2 -19 -4 -10 27 26 -21 25 -16 -23 28 31 -30 -27 -12
right_child=1 3 13 -5 7 6 9 -9 16 -11 21 12 -14 -15 24 -17 -18 18 -20 23 -22 22 -24 -25 -26 30 -28 -29 29 -31 -32 -33
leaf_value=-0.026045039202352405 -0.032148077588101502 0.012729742616884993 -0.0068994903881946026 0.060185405642808901 0.021968333524071709 -0.018204842044529105 0.041286016763333822 0.045577552347856598 -0.0075474852533083565 0.0051744146238422604 -0.10000000000000001 0.024386708273086082 0.0056144122068756165 0.0086673399752610677 -0.0051866329786423937 0.0093900924445822209 -0.028091382752288341 0.0094241786169197914 -0.013327643103580759 -0.040631831011195073 0.014271517605892375 -0.10000000000000001 -0.063549538262307373 -0.072846075881474889 -0.03293834262250421 -0.020713961474179393 -0.081693609634630335 -0.10000000000000001 -0.10000000000000001 -0.03380193939270297 -0.025736824181912539 -0.10000000000000001
leaf_weight=61.534590601921082 173.51860117912292 1264.1437845230103 51.706860780715942 1396.9964790344238 1040.8600063323975 317.24226760864258 446.70437431335449 1804.8915214538574 2374.9264430999756 475.89389848709106 452.75439059734344 738.4196195602417 2718.7739639282227 170.83861804008484 103.8206901550293 428.09482765197754 230.31448364257812 329.20580673217773 836.00313782691956 45.372390866279602 180.11362171173096 36.872030973434448 81.417880892753601 49.875345826148987 112.83287286758423 749.9941418170929 40.939013242721558 1239.946103811264 61.126919984817505 36.69587254524231 128.74772882461548 58.895719647407532
leaf_count=21 31 39 7 11 24 38 17 28 263 30 437 41 179 36 15 37 20 39 111 16 10 35 38 24 19 147 27 1200 58 22 24 57
internal_value=-8.21614e-05 0.0125651 -0.0840352 0.0372805 0.0294948 -0.000592017 0.00355203 0.0369423 0.00086474 0.022659 -0.0948328 0.00728496 0.00962397 -0.013697 -0.0114253 -0.00543229 -0.0078353 -0.0101722 -0.00689958 -0.0396962 -0.00600939 -0.0969401 -0.0766552 -0.0575004 -0.0210918 -0.0197315 -0.0903684 -0.0986865 -0.0960143 -0.0751674 -0.0214499 -0.1
internal_weight=18239.5 15851.5 2387.98 5506.89 4109.9 10344.6 7482.39 2845.75 6559.79 922.598 2070.18 3774.44 3457.19 317.793 2862.22 1766.82 2785.35 1338.73 1165.21 146.955 2555.04 2008.65 159.229 95.2477 1095.4 982.563 77.811 1849.42 609.473 97.8228 878.742 511.65
internal_count=3101 1123 1978 102 91 1021 598 52 551 47 1895 258 220 83 423 218 293 181 150 47 273 1874 100 40 205 186 62 1774 574 80 171 494
is_linear=0
shrinkage=0.05


Tree=37
num_leaves=34
num_cat=0
split_feature=0 1 3 1 14 3 1 13 4 13 6 4 10 12 3 4 12 12 13 10 10 4 10 13 13 11 12 14 14 5 4 5 5
split_gain=7263.87 1882.02 756.118 371.278 188.857 229.799 167.936 139.412 137.964 132.378 110.129 97.1372 81.3332 74.2693 70.3395 60.1952 68.22 39.4251 39.2376 37.4254 28.7893 23.0009 14.9665 14.1031 10.8901 7.48829 2.87364 2.7807 21.3445 39.4349 0.652039 0.602479 2.27374e-13
threshold=1.8502181861958362 245.08703753967725 27.666666666666668 1909.3062347752154 40.500000000000007 4.6043478260869568 27.718774752449416 6.3095238095238102 21.583333333333339 2.1690891472868219 26.922504604498162 8.0789473684210531 3.4373913043478264 1.5373822388473264 5.8480769230769232 3.3405797101449282 2.1979187955582811 1.5706407563025213 0.59807692307692317 9.5833333333333339 7.6396103896103904 1.6867732558139539 2.0833333333333339 0.4550884955752213 1.4156504065040652 175.00000000000003 2.1366254973474805 4.5000000000000009 3.5000000000000004 19.500000000000004 3.3713450292397664 234.50000000000003 37.500000000000007
decision_type=10 10 8 10 10 8 10 10 10 8 10 8 8 8 10 8 10 10 10 10 10 8 10 10 8 10 8 8 10 10 8 10 10
left_child=2 6 11 4 -3 -6 14 9 23 12 -9 18 -8 -14 15 16 17 -2 21 20 -11 -1 24 27 -17 26 -25 28 32 -30 -20 -28 -4
right_child=1 3 8 -5 5 -7 7 10 -10 19 -12 -13 13 -15 -16 22 -18 -19 30 -21 -22 -23 -24 25 -26 -27 31 -29 29 -31 -32 -33 -34
leaf_value=-0.035650055570891556 -0.0020271481692322379 0.012103069911508633 -0.10000000000000001 0.058231377915833799 0.017350079706964297 0.046651765862706758 -0.017323330434953713 0.039559111256595544 0.020656099604885153 -0.0071721555246918424 0.0049163526376685097 0.020657460923259544 0.023236524765859877 0.0053345330031591516 0.0076059030026810115 -0.0040821287278453976 0.017868350741374196 -0.031472174088290159 -0.065926420259683968 -0.026792612373377524 0.013571774908131586 0.0017994387758691278 -0.031327211326813154 -0.074478266492362027 -0.018960070468066841 -0.063179514185507268 -0.10000000000000001 -0.10000000000000001 -0.10000000000000001 -0.034291948942794408 -0.057466694462777135 -0.089197302975216941 -0.10000000000000001
leaf_weight=103.33823013305664 286.41870975494385 1263.1451387405396 430.46140593290329 1372.3236618041992 1088.6021480560303 1736.4208965301514 316.72970533370972 442.99215936660767 25.032014489173889 2374.2669162750244 475.8317813873291 111.95949733257294 736.27872562408447 2718.3561611175537 436.37961721420288 135.68899774551392 267.1812105178833 188.49665641784668 41.330233573913574 229.42843914031982 179.93478012084961 67.967996716499329 228.82621955871582 21.818662881851196 1314.7066700458527 40.140467047691345 34.22513884305954 1187.931510746479 58.14573061466217 37.599659085273743 50.740514516830444 20.720912396907806 61.284183204174042
leaf_count=32 37 39 437 11 26 26 38 17 5 263 30 19 41 179 36 19 25 31 20 20 10 11 35 14 240 19 34 1208 58 23 20 16 62
internal_value=-8.83296e-05 0.0119857 -0.0832539 0.0357284 0.0281746 0.0353606 -0.000562948 0.00337887 -0.0959582 0.000822173 0.0216186 -0.0183557 0.00692665 0.00914995 -0.0108721 -0.0142023 -0.00234326 -0.013714 -0.0349399 -0.00744839 -0.00571082 -0.0207915 -0.0194431 -0.0975008 -0.0175682 -0.0806794 -0.0898301 -0.0986084 -0.0957947 -0.0741961 -0.0612642 -0.0959262 -0.1
internal_weight=18084.7 15792 2292.7 5460.49 4088.17 2825.02 10331.5 7473.82 1917.36 6554.99 918.824 375.336 3771.36 3454.63 2857.7 2421.32 742.097 474.915 263.377 2783.63 2554.2 171.306 1679.22 1892.33 1450.4 116.905 76.7647 1775.42 587.491 95.7454 92.0707 54.9461 491.746
internal_count=3101 1123 1978 102 91 52 1021 598 1876 551 47 102 258 220 423 387 93 68 83 293 273 43 294 1871 259 83 64 1788 580 81 40 50 499
is_linear=0
shrinkage=0.05


Tree=38
num_leaves=26
num_cat=0
split_feature=0 1 2 1 14 3 1 8 8 5 5 5 6 3 3 2 10 5 10 3 2 3 8 14 14
split_gain=6820.59 1737.13 813.68 357.87 192.445 197.089 158.828 171.996 133.246 116.966 115.82 111.361 111.256 75.7399 64.1856 58.9649 49.9268 44.6728 37.7434 32.5849 28.3599 35.6992 10.3306 2.86411 21.577
threshold=1.0000000180025095e-35 244.5834958347678 1.0000000180025095e-35 1909.3062347752154 40.500000000000007 4.6043478260869568 27.718774752449416 6.7750000000000012 0.95503057574708683 1223.0000000000002 531.50000000000011 1557.0000000000002 26.206384269485362 2.4415584415584419 5.8166666666666673 1.7555211096398495 3.4142857142857146 469.50000000000006 1.9375000000000002 3.1306818181818188 0.50000017369862659 4.4222222222222234 4.2629310344827589 4.5000000000000009 3.5000000000000004
decision_type=10 10 8 10 10 8 10 10 8 10 10 10 10 8 10 8 8 10 10 8 8 8 10 8 10
left_child=2 6 -1 4 15 -6 14 8 12 19 18 -11 -8 -14 16 -3 17 -2 22 -10 -18 -22 23 24 -4
right_child=1 3 10 -5 5 -7 7 -9 9 11 -12 -13 13 -15 -16 -17 20 -19 -20 -21 21 -23 -24 -25 -26
leaf_value=0.0034583436297825434 -0.011365745918391658 0.021240825899591684 -0.10000000000000001 0.056274464509116121 0.017699813808034863 0.044470226310666355 0.033441228289965777 0.041002918566662355 -0.01905937999098832 0.028843726082156032 -0.030447189723138209 -0.00048426308538331795 0.022261228533080313 -0.005753303845892033 0.0066992844415962099 -8.2454132316664983e-05 -0.00043169391183639738 0.02367254506668922 -0.056219450902324088 -0.0047835509210772771 -0.03516465388145433 -0.01604381562085859 -0.061149932628905918 -0.10000000000000001 -0.074266685579392477
leaf_weight=238.11101627349854 225.27846050262451 653.7110424041748 490.82832551002502 1349.6350860595703 1138.3968200683594 1735.9643993377686 515.67520952224731 286.49947357177734 448.03815221786499 516.40292930603027 67.927459359169006 867.25840759277344 390.51050806045532 631.2998571395874 444.81332349777222 643.21130275726318 230.51670360565186 152.58521318435669 55.228236794471741 3706.3199591636658 289.25407695770264 1564.0830819606781 18.630329310894012 1179.171083688736 97.668194532394409
leaf_count=25 34 17 520 11 27 27 23 10 48 21 32 47 21 44 38 24 27 15 34 380 46 277 14 1254 85
internal_value=-9.39718e-05 0.0112769 -0.0836959 0.0338948 0.0266538 0.0338677 -0.000883644 0.00302358 0.00148573 -0.00212959 -0.0945641 0.0104614 0.0145081 0.00495315 -0.0107803 0.0106655 -0.0139388 0.00278307 -0.0969292 -0.00632317 -0.0169709 -0.019028 -0.0981878 -0.0985782 -0.0957292
internal_weight=17937 15789.5 2147.56 5520.92 4171.28 2874.36 10268.5 7362 7075.51 5538.02 1909.45 1383.66 1537.49 1021.81 2906.53 1296.92 2461.72 377.864 1841.53 4154.36 2083.85 1853.34 1786.3 1767.67 588.497
internal_count=3101 1137 1964 106 95 54 1031 594 584 496 1939 68 88 65 437 41 399 49 1907 428 350 323 1873 1859 605
is_linear=0
shrinkage=0.05


Tree=39
num_leaves=30
num_cat=0
split_feature=1 1 2 1 4 14 3 1 13 13 6 2 12 3 14 4 12 3 11 3 4 4 4 11 13 14 14 5 5
split_gain=6398.03 1583.77 800.045 327.842 170.286 158.487 198.524 148.099 120.112 113.53 97.2782 91.7659 133.528 58.1887 53.4243 45.3692 66.3733 37.3436 36.6212 35.994 56.1346 33.4668 17.5021 13.3111 11.7391 3.25633 24.2742 38.7095 9.09495e-13
threshold=1.0000000180025095e-35 245.08703753967725 1.0000000180025095e-35 1909.3062347752154 5.248742138364781 40.500000000000007 4.6043478260869568 27.718774752449416 6.3095238095238102 2.1690891472868219 26.922504604498162 1.5010040160642573 1.5373822388473264 5.479166666666667 42.500000000000007 3.3405797101449282 2.1979187955582811 4.558441558441559 445.00000000000006 8.4500000000000011 11.583333333333334 6.1833333333333345 1.7521929824561406 675.00000000000011 1.4514106583072104 4.5000000000000009 3.5000000000000004 19.500000000000004 44.500000000000007
decision_type=10 10 8 10 10 10 8 10 10 8 10 8 8 10 8 8 10 8 10 8 8 8 8 10 8 8 10 10 10
left_child=2 7 -1 5 17 -3 -7 13 9 11 -10 14 -13 15 -9 16 18 22 -2 -11 -21 -15 -4 24 -17 26 -19 -28 -27
right_child=1 3 4 -5 -6 6 -8 8 10 19 -12 12 -14 21 -16 23 -18 25 -20 20 -22 -23 -24 -25 -26 28 27 -29 -30
leaf_value=0.003285623408904822 -0.027698723881788123 0.010988065625054024 -0.032455169221272562 0.054321386196391812 -0.01189068347471374 0.015645330695912698 0.043012412142105758 -0.0086598604084474531 0.037096386325592028 -0.020347272747735831 0.0043905775450532765 0.0376871748244577 0.0067907890244561361 -0.009950117378191424 0.010897566186272144 -0.0046908595467977585 0.016610990730229369 -0.10000000000000001 0.0003817649082876494 0.019301558588875216 -0.0070506803671702215 0.016980520590929773 -0.083482847633201449 -0.031280287521528539 -0.018073250597567016 -0.10000000000000001 -0.10000000000000001 -0.034974145999180924 -0.10000000000000001
leaf_weight=238.09713363647461 246.81442356109619 1260.7414875030518 30.395421028137207 1328.796314239502 60.792066097259521 1085.4591503143311 1701.3030586242676 1123.6630148887634 436.61336135864258 425.96587228775024 474.37462663650513 440.75790166854858 1692.7113695144653 197.8166356086731 506.61954832077026 186.79018449783325 271.50002360343933 466.36480748653412 219.24886059761047 223.24187612533569 2132.4152770042419 276.76256489753723 37.581207156181335 167.53532743453979 1335.700110912323 740.67647081613541 53.293748617172241 40.113412857055664 394.66518205404282
leaf_count=25 43 39 17 11 20 26 26 105 17 35 30 17 110 21 26 26 27 521 26 14 244 21 28 24 249 836 58 26 433
internal_value=-9.8856e-05 0.0107537 -0.0829142 0.0327725 -0.0941671 0.025698 0.0323528 -0.000674479 0.0030554 0.000687908 0.0200656 0.00634896 0.0131737 -0.0102574 -0.00258228 -0.0133878 -0.0030409 -0.097004 -0.0144889 -0.00697194 -0.00455332 0.00575515 -0.0606661 -0.0179034 -0.0164314 -0.0984612 -0.0953402 -0.0720749 -0.1
internal_weight=17796.8 15734.8 2061.98 5376.3 1823.88 4047.5 2786.76 10358.5 7456.36 6545.37 910.988 3763.75 2133.47 2902.17 1630.28 2427.59 737.563 1763.09 466.063 2781.62 2355.66 474.579 67.9766 1690.03 1522.49 1695.11 559.772 93.4072 1135.34
internal_count=3101 1137 1964 102 1939 91 52 1035 598 551 47 258 127 437 131 395 96 1919 69 293 258 42 45 299 275 1874 605 84 1269
is_linear=0
shrinkage=0.05


Tree=40
num_leaves=29
num_cat=0
split_feature=0 1 3 4 11 7 8 13 11 8 13 14 10 10 8 13 14 5 8 1 13 10 8 7 1 13 14 14
split_gain=6516.75 1585.66 933.673 347.804 499.715 256.138 175.547 151.251 139.378 125.855 112.102 104.014 77.5094 83.676 56.906 43.6233 43.5549 39.1359 31.8321 29.9358 23.7809 15.2016 8.38924 8.32987 4.62834 3.31922 3.28464 25.6189
threshold=1.0000000180025095e-35 122.05899792134764 27.666666666666668 7.776367961934973 1355.0000000000002 49.500000000000007 13.571428571428573 0.88071135430916569 455.00000000000006 4.8529094827586219 18.500000000000004 48.500000000000007 10.062500000000002 8.2202380952380967 1.0957877838085774 6.416666666666667 82.500000000000014 993.50000000000011 0.9346044191019246 47.799014627648226 1.6220238095238098 3.9488491048593355 0.60263157894736852 1.5000000000000002 22.251589676929729 5.3589743589743604 4.5000000000000009 3.5000000000000004
decision_type=10 10 8 10 10 10 10 10 8 8 10 8 10 10 10 10 10 10 10 10 10 10 8 10 10 10 8 10
left_child=2 6 8 4 11 -5 9 -6 18 10 12 14 13 -2 17 19 22 -3 -1 24 -14 -20 -4 -21 -11 26 27 -24
right_child=1 3 16 5 7 -7 -8 -9 -10 15 -12 -13 20 -15 -16 -17 -18 -19 21 23 -22 -23 25 -25 -26 -27 -28 -29
leaf_value=-0.028883481049016786 -0.00060006747333320241 -0.00026866158728125754 -0.06663593705012745 0.057695455478003359 0.051480854357761258 0.026545901729228216 0.044224153091282525 0.027465003655380061 0.015430950785783852 -0.024625488714686811 0.036703204272258365 0.019760519700253575 -0.029846867162608443 0.022811852597868724 -0.016207706099041323 -0.03661416305260233 -0.042716028340514529 0.01787695289290233 -0.10000000000000001 0.0056589798612582953 -0.0093263658456932859 -0.046740251575127033 -0.10000000000000001 -0.0063510866628394072 -0.014549791648271635 -0.076886934521839187 -0.10000000000000001 -0.071138301483799224
leaf_weight=86.905831813812256 3750.2462687492371 1043.1448383331299 21.433112382888794 1457.5369262695312 1096.3281631469727 1206.0117950439453 195.39778637886047 1630.848331451416 227.67707502841949 124.55435276031494 210.20978832244873 1082.3135557174683 237.30125713348389 424.89160966873169 408.79111766815186 174.04911637306213 36.796135306358337 415.50805568695068 31.73072338104248 171.3642463684082 348.58032941818237 23.188650846481323 468.83613741397858 916.62898540496826 1342.0500025749207 18.198252499103546 1058.0727430582047 91.970457553863525
leaf_count=18 380 53 11 20 14 26 10 31 36 30 10 35 28 25 21 22 26 13 29 18 29 13 552 109 242 14 1247 85
internal_value=0.00284192 0.0134823 -0.0808242 0.0286852 0.0216914 0.0435914 -0.00257789 0.0371194 -0.00880586 -0.00376557 0.000970354 0.00742748 -0.000607333 0.0017825 0.000279633 -0.0123938 -0.096521 0.00490025 -0.0477141 -0.0107436 -0.0176378 -0.0775121 -0.0977147 -0.00445944 -0.0154055 -0.0981216 -0.0983603 -0.0952668
internal_weight=18300.6 16235.8 2064.81 8340.48 5676.93 2663.55 7895.27 2727.18 369.502 7699.88 4971.23 2949.76 4761.02 4175.14 1867.44 2728.65 1695.31 1458.65 141.825 2554.6 585.882 54.9194 1658.51 1087.99 1466.6 1637.08 1618.88 560.807
internal_count=3147 1116 2031 213 167 46 903 45 96 893 472 122 462 405 87 421 1935 66 60 399 57 42 1909 127 272 1898 1884 637
is_linear=0
shrinkage=0.05


Tree=41
num_leaves=33
num_cat=0
split_feature=0 6 3 10 1 12 14 10 13 12 3 14 12 13 13 14 1 14 11 10 14 3 9 1 10 8 7 8 13 14 14 7
split_gain=6095.96 1472.61 922.703 344.412 253.796 159.547 176.968 130.722 114.682 112.19 110.07 89.6933 97.3796 82.9175 72.6945 71.8058 70.7949 90.1564 60.5662 55.2806 45.6164 43.8061 31.2857 22.5969 22.4207 14.3535 12.6845 9.13033 3.68076 3.687 28.087 4.54747e-13
threshold=1.0000000180025095e-35 107.38580118994263 27.666666666666668 7.7697368421052646 73.254998752474805 2.8507762648039745 44.500000000000007 13.267857142857144 11.273809523809526 5.7604133204839929 35.916666666666679 123.50000000000001 4.963857414605906 0.14954577218728163 18.500000000000004 26.500000000000004 142.78326270751768 29.500000000000004 225.00000000000003 5.6733333333333347 82.500000000000014 2.6076923076923082 32.087927843526295 30.398507840462972 2.018518518518519 0.73551912568306022 14.500000000000002 0.60263157894736852 5.3589743589743604 4.5000000000000009 3.5000000000000004 8.5000000000000018
decision_type=10 10 8 10 10 10 10 10 8 8 8 10 10 8 10 8 10 10 8 8 10 10 10 10 10 10 10 8 10 8 10 10
left_child=2 4 7 5 9 -3 -7 18 10 11 16 12 13 -2 21 -12 17 -6 25 -18 27 23 26 -11 -20 -1 -10 -4 29 30 -29 -31
right_child=1 3 20 -5 8 6 -8 -9 22 14 15 -13 -14 -15 -16 -17 19 -19 24 -21 -22 -23 -24 -25 -26 -27 -28 28 -30 31 -32 -33
leaf_value=-0.039099270239882369 0.02778402558635075 0.011558947845696227 -0.064742231579249451 0.053400153458419856 -0.020442041280977239 0.047592005182840381 0.020939489834777045 0.045106636787029447 -0.0028269291859387312 -0.016045697188812946 0.015332966156165093 0.030618155179194313 0.034710674889479431 -0.0050390201575462867 0.019863920837384943 0.042980126402501095 0.026367370007655985 0.011503072474788397 0.012219357132950581 0.007993489304154458 -0.040954131458161049 -0.035049664021753899 0.011326311774513362 -0.0066211076563304468 -0.022799482419799739 -0.080457505099698234 -0.016028841368520952 -0.10000000000000001 -0.075268160043191895 -0.10000000000000001 -0.069336591043811652 -0.10000000000000001
leaf_weight=40.403311014175415 207.35784482955933 1286.029333114624 20.969070017337799 1622.932258605957 362.59326934814453 1155.133846282959 1351.5010089874268 86.992771863937378 378.90692138671875 1349.6121814250946 441.76654815673828 252.10159301757812 185.42806005477905 2669.1840841770172 174.22189211845398 501.42388534545898 745.22071647644043 565.05628108978271 72.564642906188965 908.33061695098877 36.468800008296967 216.10080313682556 250.16805362701416 1202.869019985199 123.49467730522156 43.634613573551178 350.0197114944458 445.9707298874855 17.673665642738342 979.77465713024139 89.700996816158295 26.695263803005219
leaf_count=10 15 39 11 17 34 17 25 6 34 252 27 11 9 301 14 13 22 31 13 32 26 24 14 157 34 33 28 552 14 1219 85 28
internal_value=0.00271318 0.0128594 -0.0799965 0.0341246 0.00215679 0.0258763 0.0332218 -0.00843238 0.0112079 -0.00435792 0.0154134 0.00195119 -0.000409052 -0.00267294 -0.011463 0.0300309 0.010072 -0.000983414 -0.0250606 0.0162742 -0.0962404 -0.0134343 -0.00393023 -0.0116043 -0.00983846 -0.0605735 -0.00916629 -0.0975158 -0.0979564 -0.0982164 -0.0948653 -0.1
internal_weight=18160.3 16176 1984.34 5415.6 10760.4 3792.66 2506.63 367.09 4503.49 6256.88 3524.39 3314.07 3061.97 2876.54 2942.8 943.19 2581.2 927.65 280.097 1653.55 1617.25 2768.58 979.095 2552.48 196.059 84.0379 728.927 1580.78 1559.82 1542.14 535.672 1006.47
internal_count=3147 1116 2031 98 1018 81 42 96 235 783 159 336 325 316 447 40 119 65 90 54 1935 433 76 409 47 43 62 1909 1898 1884 637 1247
is_linear=0
shrinkage=0.05


Tree=42
num_leaves=26
num_cat=0
split_feature=0 1 2 4 11 7 8 13 3 8 13 3 10 10 13 11 13 8 1 13 4 0 13 5 5
split_gain=5702.41 1313.22 1031.2 310.849 439.858 244.631 151.9 144.411 109.451 105.86 96.2791 71.9518 69.2316 74.0692 42.0999 34.632 28.4722 27.27 24.6716 21.8463 13.5279 11.8646 4.78962 3.91949 81.1541
threshold=1.0000000180025095e-35 122.05899792134764 1.0000000180025095e-35 7.776367961934973 1355.0000000000002 49.500000000000007 13.571428571428573 0.96636727836650305 8.5833333333333339 4.8529094827586219 18.500000000000004 4.6043478260869568 10.062500000000002 8.2202380952380967 6.416666666666667 885.00000000000011 11.273809523809526 0.55310150375939859 49.350999194894527 1.6220238095238098 13.625000000000002 13.387856182207042 2.2880184331797238 19.500000000000004 20.500000000000004
decision_type=10 10 8 10 10 10 10 10 10 8 10 10 10 10 10 8 8 8 10 10 10 10 10 10 10
left_child=2 6 -1 4 11 -5 9 -6 17 10 12 15 13 -2 18 16 -3 -4 22 -14 23 -20 -11 -19 -25
right_child=1 3 8 5 7 -7 -8 -9 -10 14 -12 -13 19 -15 -16 -17 -18 20 21 -21 -22 -23 -24 24 -26
leaf_value=0.010106124918921877 -0.00052277090989707932 0.012273297787059538 -0.052300760050163923 0.054523130856668434 0.046854147385032643 0.023798786947186856 0.041658315591249238 0.023598092997873202 0.016545647095090734 -0.013770560688537601 0.034203522752051706 0.021164488447163177 -0.028405946657061493 0.021556504824728338 -0.035205051951192799 -0.0065888615560996504 -0.0014432488249167986 -0.10000000000000001 0.0076753862594179621 -0.0086970559948608989 -0.051031350857180635 -0.0061154573575832091 -0.0033239179366374933 -0.022081659455082298 -0.098252907956268301
leaf_weight=276.57989406585693 3746.6168043613434 889.44925403594971 35.209284603595734 1416.8475036621094 1228.1184577941895 1193.6955242156982 191.42271399497986 1462.3823194503784 21.96780252456665 1629.7118542194366 208.1044602394104 633.78468036651611 236.12634468078613 422.70164489746094 173.22143936157227 760.90028667449951 658.37177753448486 711.02120244503021 211.73621368408203 347.55738115310669 15.985399365425108 592.04590749740601 117.64049434661865 36.545530378818512 809.97280651330948
leaf_count=27 380 34 21 20 17 26 10 28 6 296 10 17 28 25 22 35 36 927 21 29 8 66 16 29 1013
internal_value=0.00258916 0.0122619 -0.079165 0.0262118 0.019602 0.0404741 -0.00233739 0.0342137 -0.094306 -0.00343319 0.000915347 0.0062418 -0.000542135 0.00171571 -0.011352 0.00214526 0.00643891 -0.0958198 -0.00973236 -0.0166702 -0.0967935 -0.00248261 -0.0130672 -0.0972632 -0.0949645
internal_weight=18027.7 16120.4 1907.28 8243.55 5633.01 2610.54 7876.89 2690.5 1630.7 7685.46 4961.11 2942.51 4753 4169.32 2724.36 2308.72 1547.82 1608.73 2551.13 583.684 1573.52 803.782 1747.35 1557.54 846.518
internal_count=3147 1116 2031 213 167 46 903 45 2004 893 472 122 462 405 421 105 70 1998 399 57 1977 87 312 1969 1042
is_linear=0
shrinkage=0.05


end of trees

feature_importances:
f_Interval_sum_payment_prev7days=229
f_MeanSmoothInterval_payment_prev7days_smooth1days=128
f_Interval_max_login_prev1days=124
f_TrendFraction_sum_battle_prev6days_to3days_interval6days=122
f_Interval_sum_login_prev7days=102
f_TrendFraction_sum_battle_prev7days_to1days_interval7days=97
f_TrendFraction_max_login_prev7days_to2days_interval7days=86
f_TrendFraction_sum_login_prev7days_to2days_interval7days=84
f_TrendFraction_sum_finish_quest_prev7days_to2days_interval7days=82
f_TrendFraction_sum_finish_quest_prev7days_to1days_interval7days=71
f_TrendFraction_sum_payment_prev6days_to3days_interval6days=58
f_Interval_sum_finish_quest_prev7days=53
f_Interval_max_payment_prev7days=45
f_Interval_count_finish_quest_prev7days=34
f_Interval_min_payment_prev7days=17

parameters:
[boosting: gbdt]
[objective: tweedie]
[metric: rmse]
[tree_learner: serial]
[device_type: cpu]
[data_sample_strategy: bagging]
[data: ]
[valid: ]
[num_iterations: 100]
[learning_rate: 0.05]
[num_leaves: 64]
[num_threads: 64]
[seed: 42]
[deterministic: 0]
[force_col_wise: 0]
[force_row_wise: 0]
[histogram_pool_size: -1]
[max_depth: 7]
[min_data_in_leaf: 20]
[min_sum_hessian_in_leaf: 0.001]
[bagging_fraction: 0.8]
[pos_bagging_fraction: 1]
[neg_bagging_fraction: 1]
[bagging_freq: 5]
[bagging_seed: 400]
[bagging_by_query: 0]
[feature_fraction: 0.8]
[feature_fraction_bynode: 1]
[feature_fraction_seed: 30056]
[extra_trees: 0]
[extra_seed: 12879]
[early_stopping_round: 0]
[early_stopping_min_delta: 0]
[first_metric_only: 0]
[max_delta_step: 0]
[lambda_l1: 0]
[lambda_l2: 0]
[linear_lambda: 0]
[min_gain_to_split: 0]
[drop_rate: 0.1]
[max_drop: 50]
[skip_drop: 0.5]
[xgboost_dart_mode: 0]
[uniform_drop: 0]
[drop_seed: 17869]
[top_rate: 0.2]
[other_rate: 0.1]
[min_data_per_group: 100]
[max_cat_threshold: 32]
[cat_l2: 10]
[cat_smooth: 10]
[max_cat_to_onehot: 4]
[top_k: 20]
[monotone_constraints: ]
[monotone_constraints_method: basic]
[monotone_penalty: 0]
[feature_contri: ]
[forcedsplits_filename: ]
[refit_decay_rate: 0.9]
[cegb_tradeoff: 1]
[cegb_penalty_split: 0]
[cegb_penalty_feature_lazy: ]
[cegb_penalty_feature_coupled: ]
[path_smooth: 0]
[interaction_constraints: ]
[verbosity: -1]
[saved_feature_importance_type: 0]
[use_quantized_grad: 0]
[num_grad_quant_bins: 4]
[quant_train_renew_leaf: 0]
[stochastic_rounding: 1]
[linear_tree: 0]
[max_bin: 255]
[max_bin_by_feature: ]
[min_data_in_bin: 3]
[bin_construct_sample_cnt: 200000]
[data_random_seed: 175]
[is_enable_sparse: 1]
[enable_bundle: 1]
[use_missing: 1]
[zero_as_missing: 0]
[feature_pre_filter: 1]
[pre_partition: 0]
[two_round: 0]
[header: 0]
[label_column: ]
[weight_column: ]
[group_column: ]
[ignore_column: ]
[categorical_feature: ]
[forcedbins_filename: ]
[precise_float_parser: 0]
[parser_config_file: ]
[objective_seed: 16083]
[num_class: 1]
[is_unbalance: 0]
[scale_pos_weight: 1]
[sigmoid: 1]
[boost_from_average: 1]
[reg_sqrt: 0]
[alpha: 0.9]
[fair_c: 1]
[poisson_max_delta_step: 0.7]
[tweedie_variance_power: 1.5]
[lambdarank_truncation_level: 30]
[lambdarank_norm: 1]
[label_gain: ]
[lambdarank_position_bias_regularization: 0]
[eval_at: ]
[multi_error_top_k: 1]
[auc_mu_weights: ]
[num_machines: 1]
[local_listen_port: 12400]
[time_out: 120]
[machine_list_filename: ]
[machines: ]
[gpu_platform_id: -1]
[gpu_device_id: -1]
[gpu_use_dp: 0]
[num_gpu: 1]

end of parameters

pandas_categorical:[]
