tree
version=v4
num_class=1
num_tree_per_iteration=1
label_index=0
max_feature_idx=14
objective=tweedie
feature_names=f_MeanSmoothInterval_payment_prev7days_smooth1days f_Interval_sum_payment_prev7days f_TrendFraction_sum_payment_prev6days_to3days_interval6days f_TrendFraction_sum_finish_quest_prev7days_to2days_interval7days f_TrendFraction_sum_battle_prev7days_to1days_interval7days f_Interval_sum_login_prev7days f_Interval_max_payment_prev7days f_Interval_count_finish_quest_prev7days f_TrendFraction_max_login_prev7days_to2days_interval7days f_Interval_min_payment_prev7days f_TrendFraction_sum_finish_quest_prev7days_to1days_interval7days f_Interval_sum_finish_quest_prev7days f_TrendFraction_sum_login_prev7days_to2days_interval7days f_TrendFraction_sum_battle_prev6days_to3days_interval6days f_Interval_max_login_prev1days
feature_infos=[1.5818076376250971:697.60073811993016] [11.07265346337568:4684.7376228818421] [0:43.052104208416829] [0:76] [1:173] [0:6782] [11.07265346337568:1385.680438062536] [0:90] [0.021739130434782608:101.5] [11.041637609102908:276.11071894288523] [1:156] [10:2100] [0.024691358024691357:657] [0:172] [0:398]
tree_sizes=3620 4246 4015 4111 4129 3497 3797 4972 4348 4234 4961 4762 4539 3183 4744 3401 4034 3067 4127 4033 4240 4142 3505 3623 3824 2974 2867 3196 3190 3921 3194 4352 2559 3190 3407 3188 3610 3205 2669 2880 2666 3204 2461 3423 2781 2576 2996 2352 2570 2757 3401 3624 3286 2458 3703 2039 2571 1930 2685 2151 2974 3093 3090 2980 3184 2481 3096 2575 2779 2557 2771 2994 2678 2466 2679 3196 2681 3508 2473 2572 2252 2673 2360 2891 3193

Tree=0
num_leaves=35
num_cat=0
split_feature=1 1 1 12 5 5 2 12 14 13 1 5 14 2 12 11 3 0 10 1 10 5 12 1 10 4 2 14 0 14 1 5 4 14
split_gain=77945.7 6065.45 4960.01 1192.85 1115.68 866.127 708.135 508.578 385.878 288.612 284.053 233.719 223.815 200.264 193.305 187.668 150.321 131.656 146.819 109.844 106.193 91.7283 73.7747 59.0095 51.0619 62.1171 45.6089 20.4516 17.9871 13.9314 9.6971 4.33186 0.305518 0.0147471
threshold=47.259781569711826 120.04308645058474 14.243015323688331 1.1464460784313728 886.00000000000011 798.50000000000011 1.0000000180025095e-35 0.88314735805710554 20.500000000000004 17.750000000000004 455.16629432323106 918.00000000000011 49.500000000000007 0.49360509962704996 2.8243277284463759 1175.0000000000002 6.541666666666667 13.500863262719427 8.5750000000000011 156.668468036213 6.775252525252526 527.50000000000011 60.523809523809526 49.350999194894527 7.7250000000000005 7.866666666666668 8.3564243413037502 32.500000000000007 1.0000000180025095e-35 5.5000000000000009 71.310826882446136 680.50000000000011 2.7473404255319154 4.5000000000000009
decision_type=10 10 10 10 10 10 8 8 10 10 10 10 10 10 10 10 10 10 8 10 8 10 8 10 8 10 8 10 10 8 10 10 10 8
left_child=2 3 6 23 7 19 -1 -4 11 16 14 24 15 17 -7 -6 22 18 -10 -3 -15 -21 -9 -2 -5 -26 -16 29 31 -25 -31 32 33 -8
right_child=1 5 4 8 12 10 28 9 13 -11 -12 -13 -14 20 26 -17 -18 -19 -20 21 -22 -23 -24 27 25 -27 -28 -29 -30 30 -32 -33 -34 -35
leaf_value=4.9096432089651492 4.8768938086725013 4.9562020410023608 4.9470379952033614 4.8980408093157948 4.880865685580968 4.9827864060542604 4.8224328565093151 4.8711503663636924 4.983128452592827 4.936236889165337 5.016405201707606 4.9709784902448719 4.9600106977807874 4.9160928723130723 5.0008484515434306 4.9404607184467491 4.9112698434367603 4.9974727250656699 4.9431222773157595 4.9671096122113623 4.9578547340710974 4.9905621181866993 4.8558850502839537 4.9079799643171151 4.9400260109822431 4.9035252203215247 5.0120574206750819 4.9124956372095641 4.8404303524235184 4.8846309455628507 4.9001329633439248 4.8305510220354249 4.82423968990748 4.8223111458496453
leaf_weight=239.21795845031738 282.04483127593994 478.59566497802734 217.94867134094238 273.46188735961914 256.8259859085083 1126.6288204193115 3804.9183473587036 1457.4209613800049 538.32493495941162 149.75650358200073 7738.2297687530518 251.11069583892822 432.61636877059937 220.64649868011475 1801.7560606002808 272.01880550384521 168.85025548934937 518.96132469177246 399.54519367218018 615.62058067321777 490.86709785461426 1291.8256273269653 1732.1279420852661 204.98948764801025 284.82289886474609 197.30191278457642 1828.5406742095947 352.14096069335938 141.74316501617432 212.78195858001709 191.82385730743408 164.99536085128784 218.90017032623291 7195.0636386871338
leaf_count=23 35 27 14 29 31 38 649 188 18 11 39 11 23 20 33 19 16 11 27 29 27 35 246 20 20 20 16 33 22 25 20 27 37 1228
internal_value=4.92179 4.98995 4.84183 4.93851 4.88532 5.00522 4.8245 4.87293 4.95477 4.86832 5.01049 4.92919 4.93334 4.96665 5.00088 4.91152 4.86529 4.97727 4.96609 4.97762 4.9449 4.98299 4.86286 4.897 4.9153 4.92509 5.00649 4.9029 4.82273 4.89736 4.89198 4.82251 4.82239 4.82235
internal_weight=35752.4 19300 16452.4 4418.82 4687.57 14881.2 11764.8 3726.1 3175.04 3508.16 12495.2 1006.7 961.461 2168.35 4756.93 528.845 3358.4 1456.83 937.87 2386.04 711.514 1907.45 3189.55 1243.78 755.587 482.125 3630.3 961.736 11525.6 609.595 404.606 11383.9 11218.9 11000
internal_count=3067 533 2534 316 548 217 1986 475 183 461 126 80 73 103 87 50 450 56 45 91 47 64 434 133 69 40 49 98 1963 65 45 1941 1914 1877
is_linear=0
shrinkage=1


Tree=1
num_leaves=39
num_cat=0
split_feature=1 1 1 12 8 1 2 12 10 11 4 13 11 3 0 0 0 4 1 12 13 6 11 1 2 0 1 0 10 13 6 1 7 1 1 1 4 7
split_gain=72956 5877.62 5040.52 1087.36 871.389 799.188 716.374 622.638 349.794 346.507 237.527 236.053 198.681 163.652 152.956 292.612 144.861 129.48 109.411 100.97 100.807 92.4247 65.7988 54.5529 48.8146 21.4934 20.8488 20.1673 18.8976 17.1996 9.52829 7.91537 4.95521 1.25194 1.23548 0.41972 0.36381 0.00178277
threshold=47.259781569711826 120.04308645058474 14.243015323688331 1.1464460784313728 21.000000000000004 539.80889766905284 1.0000000180025095e-35 1.197401732178548 4.6385869565217401 1065.0000000000002 1.4861003861003863 6.541666666666667 275.00000000000006 2.6818181818181821 17.751626263746669 31.457999464273453 10.464999821782113 15.022727272727275 204.61874375326286 4.0096946832777691 6.3484848484848486 26.946248173874078 1380.0000000000002 49.350999194894527 1.0000000180025095e-35 16.129551403510249 80.549931840820264 1.0000000180025095e-35 7.021739130434784 6.1129032258064528 27.113567930623685 30.092842042833656 26.500000000000004 32.363808507064512 23.939767441618169 26.278273806959586 2.7473404255319154 1.0000000180025095e-35
decision_type=10 10 10 10 8 10 8 10 8 10 10 10 8 8 10 10 10 10 10 10 10 10 8 10 10 10 10 10 10 8 10 10 10 10 10 10 10 8
left_child=2 3 6 23 9 7 -1 18 -5 10 12 13 -4 -10 -9 17 -15 -16 -3 -11 24 -14 -17 -2 -12 30 -27 32 -7 -6 -25 34 36 -33 -31 -36 37 -8
right_child=1 5 4 8 29 28 27 14 11 19 20 -13 21 16 15 22 -18 -19 -20 -21 -22 -23 -24 25 -26 26 -28 -29 -30 31 -32 33 -34 -35 35 -37 -38 -39
leaf_value=-0.012044212684865512 -0.043596420972625873 0.0048765801112173254 -0.044537078297578726 -0.018902270509629625 -0.047535222662391179 0.0902371952473843 -0.099944347231763764 0.090359531044433353 0.059874123914083248 -0.0043067366706726713 -0.051553427985123516 0.063211309864605991 -0.010716520038045846 0.0076302165538559806 0.044528245684225608 0.070467428650804784 0.035884455597740304 0.073870269065394067 0.043343087845827029 0.036907998105278561 -0.0060826087938558523 0.027713295302582125 0.085095606066741422 -0.0041090595864842353 -0.028640806503604802 -0.036632563601690454 -0.016457547779853959 -0.080485597399141434 0.095359376284481517 -0.06983381827632916 -0.019017040947183164 -0.060848120280328447 -0.090994335270863272 -0.054406807104279524 -0.066803560217395544 -0.064770393669396811 -0.097816838963724298 -0.10000000000000001
leaf_weight=239.03081083297729 279.20839023590088 327.2368335723877 254.00580596923828 313.95394086837769 154.58326721191406 3132.7268199920654 8747.3293361663818 1255.7047729492188 355.70618152618408 313.38462734222412 900.06643867492676 648.44293451309204 323.18324756622314 844.8937840461731 1154.4909505844116 1232.5204677581787 979.67291641235352 557.55408954620361 424.86024761199951 282.61398506164551 185.74756908416748 303.27222204208374 2042.9424057006836 255.7238187789917 313.39475154876709 229.50370264053345 289.68819141387939 137.10908269882202 4234.8909225463867 253.63049125671387 184.51706981658936 155.04177522659302 158.05277109146118 146.91915845870972 598.71891069412231 440.66172790527344 203.08872747421265 1722.340265750885
leaf_count=23 35 26 32 32 20 25 1569 10 12 28 119 20 31 66 53 30 53 12 20 15 17 19 25 23 35 27 29 22 16 38 19 22 27 20 88 64 36 309
internal_value=-0.00052423 0.0662251 -0.079551 0.0155311 -0.0356358 0.081689 -0.0976753 0.0695848 0.031169 -0.0187078 -0.0275823 0.0367263 -0.00723644 0.0288493 0.0747623 0.0708354 0.0228009 0.0540839 0.0266063 0.0152367 -0.0403851 0.00788767 0.0795912 -0.0241451 -0.0456359 -0.0184845 -0.0253757 -0.0995415 0.0931814 -0.0634595 -0.0103574 -0.0650029 -0.0997827 -0.0577141 -0.0667051 -0.0659416 -0.0999128 -0.0999535
internal_weight=34576.4 18744.2 15832.2 4381.31 4625.22 14362.9 11207 6995.31 3142.67 2875.67 2279.67 2828.72 880.461 2180.27 6243.21 4987.51 1824.57 1712.05 752.097 595.999 1399.21 626.455 3275.46 1238.64 1213.46 959.433 519.192 10967.9 7367.62 1749.56 440.241 1594.97 10830.8 301.961 1293.01 1039.38 10672.8 10469.7
internal_count=3067 533 2534 316 548 217 1986 176 183 296 253 151 82 131 130 120 119 65 46 43 171 50 55 133 154 98 56 1963 41 252 42 232 1941 42 190 152 1914 1878
is_linear=0
shrinkage=0.05


Tree=2
num_leaves=37
num_cat=0
split_feature=1 1 1 12 5 5 2 8 2 1 12 13 5 8 5 0 6 12 1 4 12 2 1 1 5 10 5 0 0 1 1 5 5 1 4 5
split_gain=68228.9 5697.83 5124.47 989.347 980.236 932.537 724.109 501.863 328.96 328.287 214.499 146.054 158.706 130.734 224.686 120.118 118.294 115.519 109.182 192.724 94.3366 70.9005 50.319 39.8637 39.5954 31.7072 33.32 22.5529 19.5843 21.6231 11.4487 5.65429 2.52094 1.62791 0.408755 0.0109882
threshold=47.259781569711826 120.04308645058474 14.243015323688331 1.1464460784313728 680.50000000000011 798.50000000000011 1.0000000180025095e-35 0.53112890725910622 1.9999892264963364 455.16629432323106 2.3845904095904102 6.541666666666667 852.50000000000011 1.7555970149253735 1417.5000000000002 10.464999821782113 26.844104040839571 2.1715686274509807 314.12603630540565 1.718325791855204 60.523809523809526 7.8713448941789119 49.350999194894527 174.17426924823889 852.50000000000011 1.6201923076923079 575.50000000000011 1.0000000180025095e-35 15.525285450556662 82.964917467571084 30.391512141857081 680.50000000000011 287.50000000000006 23.939767441618169 2.7473404255319154 20.500000000000004
decision_type=10 10 10 10 10 10 8 8 8 10 10 10 10 10 10 10 10 10 10 10 8 8 10 10 10 8 10 10 10 10 10 10 10 10 10 8
left_child=2 3 6 22 7 18 -1 -4 15 10 -7 12 16 14 17 24 -10 -6 19 23 25 -12 -2 -3 -5 -9 -27 31 -24 -30 33 34 -32 -22 35 -8
right_child=1 5 4 8 13 9 27 20 11 -11 21 -13 -14 -15 -16 -17 -18 -19 -20 -21 30 -23 28 -25 -26 26 -28 -29 29 -31 32 -33 -34 -35 -36 -37
leaf_value=-0.011450314289773028 -0.041814253342023176 0.010164578797215194 0.016203328594000581 -0.022624139935259018 -0.057950522605246239 0.05153707239360749 -0.099894910036030987 -0.02534041704607818 0.032021410072937649 0.092928292443386282 0.073504343696306582 0.061357794255363224 0.046290739490271182 0.025572931859225625 0.025293052637853267 0.022865157455231547 -0.013430964468383433 -0.010179060048878872 0.067870417677768774 0.0584873134034056 -0.068151375295486274 0.087338203859498947 -0.009167063579024767 0.034991385197206154 0.0065391527024440607 -0.051452681774989607 -0.028468222901434772 -0.079021589573799969 -0.033045611986804634 -0.01331730361368226 -0.058151669880504291 -0.090177237686803566 -0.048976748758918921 -0.063789107616842505 -0.097659661868074107 -0.10000000000000001
leaf_weight=238.86177062988281 276.62113380432129 308.67507743835449 273.0854754447937 295.78213977813721 200.82936763763428 765.67205047607422 4869.7162346839905 179.57671594619751 332.94252729415894 7090.7990570068359 1804.1952018737793 634.98015403747559 855.25986289978027 423.66997575759888 313.89671230316162 554.89818954467773 251.11829280853271 342.13831424713135 700.90185165405273 955.79606628417969 267.13662958145142 1903.2315883636475 400.28726482391357 339.54461097717285 191.90118885040283 1011.4879908561707 186.79989337921143 132.77800512313843 292.14491987228394 264.77023506164551 160.20747661590576 151.65034675598145 140.55037260055542 1072.521897315979 198.94529104232788 5084.5033555030823
leaf_count=23 35 23 20 31 28 30 918 20 19 39 38 20 38 27 20 36 24 33 18 32 41 19 38 18 15 136 21 22 34 26 23 27 19 160 37 959
internal_value=-0.000522707 0.0647878 -0.0785591 0.0148653 -0.0342648 0.0804487 -0.0975269 -0.0487057 0.0298667 0.0862371 0.0756302 0.0413827 0.0325703 0.00285277 -0.00838103 0.00695475 0.0124791 -0.0278485 0.051408 0.0442144 -0.0545785 0.080606 -0.0230311 0.0231691 -0.0111485 -0.0449334 -0.0478697 -0.0994968 -0.017603 -0.0236663 -0.0626798 -0.0997606 -0.053864 -0.064659 -0.0999037 -0.0999486
internal_weight=33467.9 18219.5 15248.4 4350.71 4571.9 13868.8 10676.5 3291.37 3116.88 11563.9 4473.1 2074.3 1439.32 1280.53 856.864 1042.58 584.061 542.968 2304.92 1604.02 3018.28 3707.43 1233.82 648.22 487.683 1377.86 1198.29 10437.6 957.202 556.915 1640.42 10304.8 300.758 1339.66 10153.2 9954.22
internal_count=3067 533 2534 316 548 217 1986 440 183 126 87 101 81 108 81 82 43 61 91 73 420 57 133 41 46 177 157 1963 98 60 243 1941 42 201 1914 1877
is_linear=0
shrinkage=0.05


Tree=3
num_leaves=38
num_cat=0
split_feature=0 12 0 0 0 5 0 7 3 14 14 13 5 5 0 0 13 13 5 14 12 3 12 5 10 12 7 3 13 14 14 9 0 0 4 11 13
split_gain=57504.6 8767.12 5840.46 2582.74 1136.16 844.109 530.983 416.663 375.974 328.347 215.428 207.731 203.909 185.46 168.543 163.249 141.426 139.69 138.328 242.393 113.895 103.262 100.276 75.9931 69.9665 68.675 65.2623 63.4802 43.3987 38.2126 35.0689 28.8112 23.9088 14.1753 11.9085 2.85333 0.446091
threshold=6.9391488438978284 1.166207030215096 2.4165992809636543 17.141699546598954 32.589204498265332 886.00000000000011 69.737059450442487 35.500000000000007 0.65942028985507262 38.500000000000007 50.500000000000007 17.750000000000004 552.50000000000011 502.00000000000006 46.12327313919981 7.6905211566092664 23.750000000000004 3.5219298245614037 1855.0000000000002 49.500000000000007 6.9368351063829801 6.541666666666667 0.81595365418894839 407.50000000000006 6.6969696969696981 1.0211986681465042 46.500000000000007 5.3484848484848486 1.4463601532567052 5.5000000000000009 49.500000000000007 26.892792739600683 143.21720467958667 13.201900220784891 7.4450549450549461 395.00000000000006 2.1339285714285716
decision_type=10 10 10 10 10 10 10 10 8 10 8 10 10 10 10 10 8 10 10 10 8 10 8 10 10 8 10 10 8 8 8 10 10 10 10 10 10
left_child=2 4 7 9 16 8 10 22 -4 13 14 21 30 -3 27 -15 -2 -17 19 24 28 25 -1 29 -7 -10 -12 -5 -11 -18 -6 -25 -8 -31 35 36 -24
right_child=1 3 5 6 12 18 32 -9 11 20 26 -13 -14 15 -16 17 23 -19 -20 -21 -22 -23 34 31 -26 -27 -28 -29 -30 33 -32 -33 -34 -35 -36 -37 -38
leaf_value=-0.056425558530922397 -0.010270394209760413 -0.014171921225640781 0.036027456553634575 0.058384976282801052 0.019709772479536966 -0.0036356413627039981 0.088584462749540169 -0.03074601958201148 -0.020265451183801728 0.051028022010469423 0.088665388522819452 0.014113202234422795 0.057595368498090965 0.052269330626082258 0.079524439447954079 0.00038766635249089948 -0.034504117692681822 0.04481136521347534 0.045729186616702465 0.040490363079400161 0.070363526885567962 -0.0099102008219954449 -0.099920132233921932 -0.040515847036416669 -0.044164423985802108 -0.052467978196043832 0.073569059124927658 0.037389033732066111 0.027837427453473031 -0.060373011646815855 -0.0054696999329244041 -0.017614253397270525 0.094557180835698848 -0.048483008896350072 -0.08381667722742539 -0.09251596348801075 -0.096768872576721135
leaf_weight=136.45103073120117 398.18873500823975 402.28548049926758 158.69370651245117 1503.9080972671509 345.76420593261719 289.24457550048828 3053.0774383544922 228.8264741897583 180.32591152191162 371.57461261749268 1388.3916044235229 148.22860240936279 360.24960899353027 378.68385028839111 893.60888290405273 625.52595520019531 317.7619194984436 246.77279090881348 269.27109336853027 280.18086528778076 425.58471202850342 174.84532117843628 9390.5904779434204 243.70227718353271 168.53757762908936 2022.0752735137939 1478.0616054534912 473.3035192489624 441.38144683837891 499.13320541381836 230.44625902175903 314.63556623458862 3713.5149536132812 503.57966661453247 118.25404262542725 133.29697275161743 113.66320943832397
leaf_count=20 38 39 9 49 23 26 26 28 19 15 12 11 12 15 14 52 39 11 12 14 10 17 1861 31 21 283 30 23 26 75 21 33 15 69 21 25 22
internal_value=-0.000521946 0.056847 -0.0778133 0.0725261 -0.0182718 -0.023977 0.0823747 -0.0974487 -0.0386235 0.029942 0.071185 -0.0433144 0.0280879 0.0153593 0.0615036 0.0248559 -0.037338 0.0129551 0.0150543 0.00386154 0.0494076 -0.0468952 -0.0989917 -0.0430747 -0.0185568 -0.0498313 0.0808811 0.053359 0.0384371 -0.0496135 0.00963964 -0.0276103 0.0918623 -0.0544016 -0.0995871 -0.0997806 -0.0998824
internal_weight=32421.6 18609.1 13812.5 15395.7 3213.46 3691.4 12503.9 10121.1 2684.17 2891.81 5737.27 2525.48 936.46 1653.27 2870.82 1250.98 2277 872.299 1007.23 737.963 1238.54 2377.25 9892.26 1878.81 457.782 2202.4 2866.45 1977.21 812.956 1320.47 576.21 558.338 6766.59 1002.71 9755.8 9637.55 9504.25
internal_count=3067 678 2389 337 341 412 169 1977 339 168 128 330 56 117 86 78 285 63 73 61 51 319 1949 247 47 302 42 72 41 183 44 64 41 144 1929 1908 1883
is_linear=0
shrinkage=0.05


Tree=4
num_leaves=38
num_cat=0
split_feature=1 1 1 1 12 2 8 12 14 14 14 11 0 8 0 2 0 1 11 14 7 3 14 10 1 0 10 0 1 1 7 7 1 11 1 4 14
split_gain=59620.8 5301.76 5232.38 924.256 817.907 765.375 729.912 579.208 423.037 348.549 238.009 211.537 240.375 210.087 161.804 135.805 122.769 96.8419 87.1534 98.5884 71.3391 60.8905 48.2457 44.6301 38.0002 27.5121 26.5733 21.4409 18.6534 12.3597 6.97266 6.65196 1.56616 1.53788 0.622759 0.545818 0.0269065
threshold=47.259781569711826 120.04308645058474 14.243015323688331 539.80889766905284 0.77566121230832574 1.0000000180025095e-35 21.000000000000004 1.197401732178548 91.500000000000014 20.500000000000004 50.500000000000007 1175.0000000000002 3.8634146956084825 1.9854145854145857 46.12327313919981 1.999259664464901 3.1730281005565262 195.68149666756395 1075.0000000000002 52.500000000000007 46.500000000000007 5.3484848484848486 3.5000000000000004 8.1666666666666679 49.350999194894527 1.0000000180025095e-35 7.021739130434784 11.948671490311911 78.909881605060505 30.391512141857081 26.500000000000004 16.500000000000004 23.939767441618169 215.00000000000003 26.278273806959586 2.7473404255319154 4.5000000000000009
decision_type=10 10 10 10 10 8 8 10 10 10 8 8 10 10 10 10 10 10 10 10 10 10 8 8 10 10 10 10 10 10 10 10 10 8 10 10 8
left_child=2 4 5 7 24 -1 8 17 11 15 14 16 -13 18 21 23 -4 -3 19 -11 -12 -9 -18 -6 -2 30 -5 -26 -29 31 35 32 -8 -31 -34 36 -7
right_child=1 3 6 26 9 25 29 10 -10 13 20 12 -14 -15 -16 -17 22 -19 -20 -21 -22 -23 -24 -25 27 -27 -28 28 -30 33 -32 -33 34 -35 -36 -37 -38
leaf_value=-0.008494224481494379 -0.038626668382801169 0.00044661894830902389 0.0020879291066277094 0.087439597968077695 -0.02093802224057012 -0.09981831945299395 -0.065173160769995922 0.056428044010778139 0.039629201419617836 -0.0038615395018328684 0.08771032353365088 -0.034344762563835299 0.02710850527245251 0.06006470726495923 0.077149570863442388 0.037076905641535776 -0.058061531138641126 0.037435631367552472 0.038274999757392403 0.036817233001502726 0.072044216971840602 0.035769792675663402 -0.033071203995265697 0.0031227701785244491 -0.0032013421626900249 -0.076136989051353438 0.093907510048541684 -0.029978416466567504 -0.013348907486168324 -0.053233716916901833 -0.08871598171195004 -0.050467726686043629 -0.061725303831745931 -0.046198997945209756 -0.059156105690546613 -0.097130271492340464 -0.10000000000000001
leaf_weight=237.34863996505737 272.39456987380981 292.44843864440918 235.78867959976196 2777.1261825561523 326.880295753479 3112.760657787323 230.96687507629395 1478.9126739501953 301.93657684326172 360.04415416717529 1451.9049139022827 273.27523279190063 380.94544887542725 736.9638729095459 892.65423202514648 227.1466236114502 224.10468482971191 448.06606960296631 762.65021133422852 254.04022979736328 1454.8328647613525 470.07777500152588 1397.4356184005737 469.61661863327026 207.39070749282837 125.40120220184326 3708.7901992797852 334.0606575012207 340.52834510803223 136.38760900497437 141.93636655807495 155.10662412643433 531.49644613265991 180.52020120620728 424.04852771759033 176.57548046112061 5901.5670700073242
leaf_count=23 35 24 21 25 34 648 37 49 15 31 13 33 24 23 15 12 33 22 38 13 30 23 170 38 19 22 16 39 34 20 27 22 83 25 65 36 1230
internal_value=-0.00051998 0.0618555 -0.076539 0.0777901 0.0136815 -0.0971755 -0.0317979 0.0644483 -0.0162886 0.0269218 0.0698099 -0.0230109 0.00143879 0.0385195 0.05952 0.00297386 -0.0316231 0.0228277 0.0269864 0.0129668 0.0798694 0.0514455 -0.036525 -0.00675172 -0.0223029 -0.0994009 0.0911381 -0.0172614 -0.0215839 -0.0581075 -0.0997135 -0.0602053 -0.0614783 -0.0492265 -0.0605852 -0.0998833 -0.0999373
internal_weight=31434.1 17266.5 14167.6 12974.8 4291.72 9695.59 4472.01 6488.9 2813.49 3137.34 5748.38 2511.55 654.221 2113.7 2841.64 1023.64 1857.33 740.515 1376.73 614.084 2906.74 1948.99 1621.54 796.497 1154.37 9458.24 6485.92 881.98 674.589 1658.53 9332.84 1341.62 1186.51 316.908 955.545 9190.9 9014.33
internal_count=3067 533 2534 217 316 1986 548 176 296 189 130 281 57 105 87 84 224 46 82 44 43 72 203 72 127 1963 41 92 73 252 1941 207 185 45 148 1914 1878
is_linear=0
shrinkage=0.05


Tree=5
num_leaves=32
num_cat=0
split_feature=1 1 1 5 2 8 8 8 12 1 5 13 5 13 1 14 14 2 0 10 0 0 0 1 0 13 7 4 1 1 0
split_gain=56814.3 9381.8 2208.88 1232.61 866.631 843.896 389.328 390.287 361.743 346.841 326.387 242.854 228.455 187.636 174.707 155.493 115.158 99.2586 72.1896 58.5185 44.9481 42.2441 40.8743 31.2233 21.491 12.1668 11.9451 11.4312 9.04913 8.50805 0.39236
threshold=73.254998752474805 19.391648701111993 215.67163340792612 886.00000000000011 1.0000000180025095e-35 2.1889880952380958 0.40793360303088683 0.53112890725910622 7.4063880706921958 539.80889766905284 527.50000000000011 1.6220238095238098 886.00000000000011 0.73191489361702133 46.971718565239676 33.500000000000007 18.500000000000004 2.9922479677235185 1.0000000180025095e-35 8.8110119047619069 4.5692405331580916 18.332264650340019 188.55493235547749 125.26191272245102 10.48249982148409 1.4031250000000002 16.500000000000004 2.7473404255319154 63.870469301271484 26.967605961939288 23.063393665118998
decision_type=10 10 10 10 8 10 10 8 8 10 10 10 10 8 10 10 8 8 10 10 10 10 10 10 10 10 10 10 10 10 10
left_child=1 4 5 6 -1 8 14 -8 16 12 20 -12 -4 -5 25 -15 21 -18 26 -17 -9 -2 -11 30 -16 29 -6 -28 -26 -3 -10
right_child=2 3 9 13 18 -7 7 10 23 22 11 -13 -14 15 24 19 17 -19 -20 -21 -22 -23 -24 -25 28 -27 27 -29 -30 -31 -32
leaf_value=-0.010227895376006033 0.0062946016038914702 -0.060593042068103412 0.049001310298167039 0.046617734519941445 -0.10000000000000001 0.072072544158380186 0.051494674329667915 -0.044749789332867919 -0.017080908926570364 0.086397941790233079 -0.030052688875045325 0.016824876829233976 0.079204718309599076 -0.016912978393765477 -0.016560088839143245 0.010307416219030233 0.052118338685797232 0.025153544359861259 -0.067530778776058523 0.039123646308303374 -0.025133073057764074 0.031668036613521931 0.093942206164035369 0.0069808417711567667 -0.038260051490609071 -0.041850905194622111 -0.098058237463349157 -0.076544115962771941 -0.024042706001997469 -0.052512814526014528 -0.013939114443890809
leaf_weight=282.98981666564941 349.71700859069824 834.42566108703613 890.73909854888916 462.15398502349854 8741.8923568725586 1526.5617761611938 187.5929012298584 1017.4394187927246 196.23978805541992 3333.8094043731689 481.37577819824219 648.47296762466431 2107.1280288696289 386.29108762741089 300.88263988494873 420.79344892501831 1029.2478103637695 510.58427143096924 177.95629787445068 303.07401943206787 409.55537605285645 308.96127700805664 3890.6302490234375 252.94980239868164 331.98438262939453 137.79084873199463 146.36690664291382 106.79046630859375 168.84143543243408 534.4340353012085 201.31733703613281
leaf_count=28 27 133 34 21 1915 32 8 139 20 31 56 47 31 39 32 31 38 29 30 15 45 16 16 19 43 19 31 20 19 80 20
internal_value=0.00038774 -0.0644407 0.071803 -0.0188147 -0.0964074 0.0420749 -0.0308453 -0.0181165 0.0260016 0.0845279 -0.0232238 -0.00314746 0.0702306 0.0198471 -0.0459788 0.00870265 0.0356929 0.0431772 -0.099066 0.0223724 -0.0391197 0.0181963 0.0904608 -0.00675218 -0.0271218 -0.0560128 -0.0996899 -0.0889828 -0.033467 -0.0574383 -0.0154899
internal_weight=30679 16081.1 14597.9 6625.11 9456 4375.58 5052.8 2744.44 2849.02 10222.3 2556.84 1129.85 2997.87 1572.31 2308.36 1110.16 2198.51 1539.83 9173.01 723.867 1426.99 658.678 7224.44 650.507 801.708 1506.65 8995.05 253.157 500.826 1368.86 397.557
internal_count=3064 2751 313 727 2024 201 621 295 169 112 287 103 65 106 326 85 110 67 1996 46 184 43 47 59 94 232 1966 51 62 213 40
is_linear=0
shrinkage=0.05


Tree=6
num_leaves=35
num_cat=0
split_feature=1 1 1 5 2 8 8 8 5 12 0 11 11 1 10 1 1 4 8 0 0 5 3 0 8 0 11 4 1 1 1 0 0 8
split_gain=52947.1 9291.1 2214.14 1122.6 873.167 698.524 359.214 330.946 297.383 278.513 254.867 251.863 244.95 165.072 157.726 148.76 135.774 128.6 108.192 78.8963 62.1071 59.2674 45.786 42.5215 25.114 19.7378 13.5414 11.322 9.19204 8.90981 8.40057 6.14773 2.86066 0.26637
threshold=73.254998752474805 19.391648701111993 253.53784092430107 886.00000000000011 1.0000000180025095e-35 0.69655220160620335 0.40793360303088683 0.53866150442477878 527.50000000000011 14.429196217494091 23.820627970696037 1235.0000000000002 615.00000000000011 46.971718565239676 5.616666666666668 724.53938607239718 171.13249708563092 5.354166666666667 0.95901157912401425 1.0000000180025095e-35 169.12720204007289 816.50000000000011 5.8480769230769232 4.5692405331580916 0.69093567251461996 10.48249982148409 395.00000000000006 2.8917410714285716 26.967605961939288 102.4791397104491 61.343297956272288 5.4628321899408947 4.8132311075879395 0.67669683257918567
decision_type=10 10 10 10 8 10 10 8 10 10 10 8 8 10 8 10 10 8 8 10 10 10 10 10 8 10 10 10 10 10 10 10 10 8
left_child=1 4 5 6 -1 16 13 -8 23 10 18 15 -10 28 -5 -4 24 -16 -7 26 -13 -20 -19 -9 -2 -15 33 -28 32 -26 -27 -30 -3 -6
right_child=2 3 11 14 19 9 7 8 12 -11 -12 20 -14 25 17 -17 -18 22 21 -21 -22 -23 -24 -25 29 30 27 -29 31 -31 -32 -33 -34 -35
leaf_value=-0.0097215897798634283 0.010016314460318395 -0.050594629288788689 0.056181383593628481 -0.010515692377958463 -0.09725412396420352 0.056165617569812601 0.045606399135335263 -0.04294257351523588 0.012348627116428342 0.077929962234941821 0.064371591750730636 0.084639610640446616 -0.038407936107484122 -0.015753704146609048 0.043312256898675197 0.08323373642075671 0.035656054305296669 -0.0018063329266335562 0.015177839939420344 -0.065651950755347174 0.093979020737269617 0.036043486344975048 0.026253929642883863 -0.02366347805503851 -0.017306709685797211 -0.036793890645489644 -0.097367642289487494 -0.073552406676171994 -0.040247596511430006 -0.0041649360888505391 -0.023218885793786115 -0.052127479662447018 -0.058483044771431417 -0.10000000000000001
leaf_weight=282.8454966545105 228.53297328948975 135.56640243530273 1039.0566635131836 351.88207769393921 89.274744510650635 450.47982120513916 194.08201503753662 1007.5059275627136 786.10133028030396 888.07788276672363 1180.9057245254517 3519.843505859375 340.73296785354614 300.48038530349731 624.35598707199097 994.62888336181641 306.21824169158936 325.37358522415161 549.64317893981934 173.99921703338623 3601.4604263305664 893.63998508453369 262.78587484359741 399.37975311279297 226.90909576416016 321.40709066390991 113.39324140548706 89.136724948883057 143.76128387451172 298.82122039794922 176.5736722946167 449.09461641311646 754.92883157730103 8266.9830050468445
leaf_count=28 16 20 32 33 20 15 9 139 61 14 30 36 42 32 29 11 15 28 37 30 14 43 16 44 24 42 25 17 20 26 20 69 123 1904
internal_value=0.00037122 -0.0632219 0.0702949 -0.0180187 -0.096183 0.0436202 -0.0295649 -0.0173194 -0.0221395 0.0532657 0.0461417 0.084931 -0.00299918 -0.0442039 0.0189552 0.0694121 0.00757766 0.0275079 0.034774 -0.0989834 0.0893628 0.0280973 0.0107308 -0.0374697 -0.00382169 -0.0258739 -0.099661 -0.0868862 -0.0540706 -0.00983702 -0.0319805 -0.0492467 -0.0572821 -0.0999707
internal_weight=29767.9 15589.6 14178.2 6574.01 9015.63 5023.23 5009.61 2727.8 2533.72 3962.75 3074.67 9154.99 1126.83 2281.81 1564.4 2033.69 1060.48 1212.52 1893.76 8732.79 7121.3 1443.28 588.159 1406.89 754.263 798.461 8558.79 202.53 1483.35 525.73 497.981 592.856 890.495 8356.26
internal_count=3064 2751 313 727 2024 220 621 295 286 139 125 93 103 326 106 43 81 73 95 1996 50 80 44 183 66 94 1966 42 232 50 62 89 143 1924
is_linear=0
shrinkage=0.05


Tree=7
num_leaves=46
num_cat=0
split_feature=1 1 1 1 12 8 3 12 8 5 14 3 11 8 9 3 1 14 11 13 12 3 1 0 11 13 12 1 14 10 13 11 0 0 1 5 11 11 11 14 1 12 1 6 5
split_gain=49331.4 5393.35 5354.18 1038.16 661.04 581.323 490.649 452.661 368.092 377.579 358.943 270.192 248.924 218.783 207.947 185.949 148.843 129.931 118.692 106.398 67.9042 58.1612 58.0106 49.6278 47.5027 36.8815 31.8819 29.6358 25.3908 43.1215 20.4232 13.9775 19.4368 12.9496 7.43024 7.30266 3.1641 2.99594 1.77048 1.06777 0.96621 0.961932 0.305123 0.24087 0.0192151
threshold=36.835313004498396 122.05899792134764 14.243015323688331 539.80889766905284 0.77566121230832574 0.40793360303088683 3.0242690058479536 1.405502136752137 0.58760683760683774 575.50000000000011 20.500000000000004 15.625000000000002 875.00000000000011 4.7596153846153859 24.14445453451194 1.752777777777778 171.13249708563092 43.500000000000007 1515.0000000000002 2.5413251366120222 0.95497746423672358 3.1889880952380958 215.67163340792612 188.55493235547749 395.00000000000006 1.6384065372829422 3.4308836395450575 49.350999194894527 3.5000000000000004 2.3166666666666669 1.4031250000000002 145.00000000000003 13.979785216063357 8.7766639633871755 26.967605961939288 314.50000000000006 75.000000000000014 135.00000000000003 225.00000000000003 17.500000000000004 23.328624588001528 1.0464756281949747 24.418788088397786 29.221713688526819 83.500000000000014
decision_type=10 10 10 10 10 10 8 10 8 10 10 8 8 10 10 8 10 10 8 8 8 10 10 10 10 8 10 10 10 8 10 8 10 10 10 10 10 10 8 10 10 8 10 10 10
left_child=2 4 6 7 27 30 12 22 -7 28 15 17 20 21 -9 -6 -16 -11 -18 33 -1 -12 -3 -5 37 -23 -26 36 -10 -30 34 -29 -33 -17 40 -22 -2 41 -36 -39 -4 -8 -42 -40 -43
right_child=1 3 5 23 10 8 24 14 9 11 13 -13 -14 -15 16 19 18 -19 -20 -21 35 25 -24 -25 26 -27 -28 31 29 -31 -32 32 -34 -35 38 -37 -38 39 43 -41 42 44 -44 -45 -46
leaf_value=-0.039054554190869235 -0.026938983025357716 0.0032220166917216854 -0.060855839515845125 0.084099665616870989 0.040881702487061439 0.041378206685477634 -0.094446346189258401 0.079185700108775847 -0.054958570798253725 -0.038585539418210753 0.013347681504485452 0.026668943476629511 0.0077351597155417302 0.068007074631724146 0.037061272732291616 -0.032291883431223814 0.052110647616086796 0.0075400127741566784 0.075384517996240075 0.012998315778671873 -0.10000000000000001 0.041174699984071306 0.033356121484550222 0.092749180944557141 -0.09280785662730423 0.023977357333474645 -0.05374585708084826 -0.025165915597264527 -0.011903773150918466 -0.040547874731755834 -0.034800427326303097 0.00095174949369932068 -0.018172745266839593 -0.017029086531109475 -0.045535392671517204 -0.079794564011756774 -0.036174786884176045 -0.097545035807801217 -0.05291384443765889 -0.091426879593173402 -0.057186236516849447 -0.09998136020843422 -0.055088612069306736 -0.05017921751129311 -0.099739632451827237
leaf_weight=99.789918899536133 161.45110988616943 293.8657112121582 129.29152345657349 3100.0702056884766 210.41101837158203 278.64218616485596 80.209267139434814 1559.1646699905396 213.74772691726685 404.84940958023071 548.91637277603149 539.82549047470093 149.99296855926514 395.06036853790283 732.31576347351074 269.61213111877441 1161.4154100418091 245.11085319519043 1036.8472652435303 288.36122179031372 95.130118370056152 646.04873466491699 349.83938312530518 3565.9695587158203 119.5227518081665 602.52417755126953 92.789755344390869 250.48340129852295 156.69627380371094 813.58009147644043 155.69431972503662 212.93368768692017 353.28620290756226 286.80770683288574 198.1981406211853 84.385763168334961 217.88173198699951 152.4963207244873 160.46294450759888 133.96063184738159 350.18962383270264 6566.9499378204346 343.33601903915405 161.63772249221802 939.75705575942993
leaf_count=14 20 23 22 31 11 14 18 22 33 52 38 34 14 9 33 31 38 19 17 21 23 30 17 16 26 35 16 29 17 112 21 19 38 28 30 17 29 36 25 30 58 1590 56 25 227
internal_value=0.000354299 0.0580308 -0.0736103 0.0757118 0.0110827 -0.0270523 -0.0963085 0.0588113 -0.0129874 -0.0193689 0.0227855 0.000523944 -0.0442199 0.0343169 0.0644332 -0.00117532 0.0565844 -0.0211908 0.0630882 -0.0116505 -0.0721209 0.0269123 0.0195992 0.0887267 -0.0990741 0.0328758 -0.0757361 -0.0206953 -0.0393586 -0.035922 -0.0519431 -0.0153314 -0.0109808 -0.0244246 -0.0539303 -0.0905019 -0.0322439 -0.0997034 -0.0492536 -0.0946839 -0.0568876 -0.0998929 -0.0561478 -0.0515415 -0.0999511
internal_weight=28909.5 16243.3 12666.2 11799.5 4443.78 4151.26 8514.98 5133.45 2652.45 2373.81 3247.74 1189.79 429.299 2192.55 4489.74 1055.19 2930.58 649.96 2198.26 844.781 279.306 1797.49 643.705 6666.04 8085.69 1248.57 212.313 1196.04 1184.02 970.276 1498.81 816.703 566.22 556.42 1343.12 179.516 379.333 7873.37 520.299 286.457 822.817 7586.92 693.526 322.101 7506.71
internal_count=3064 535 2529 197 338 518 2011 150 281 267 203 105 68 112 110 91 88 71 55 80 54 103 40 47 1943 65 42 135 162 129 237 86 57 59 216 40 49 1901 80 66 136 1835 114 50 1817
is_linear=0
shrinkage=0.05


Tree=8
num_leaves=40
num_cat=0
split_feature=1 1 1 13 2 12 8 14 5 8 5 14 3 2 0 10 14 1 0 2 3 1 0 14 10 13 1 0 11 10 1 9 14 11 1 8 1 9 3
split_gain=45964.8 5373.07 5182.02 1103.84 926.992 653.456 536.055 458.924 413.722 334.772 344.428 245.407 244.892 209.437 132.114 135.734 118.404 116.225 79.879 66.4819 56.2764 50.2865 40.2766 24.0304 39.7384 19.4536 17.4859 25.7671 16.2722 9.72499 7.19969 5.95666 4.82412 1.69643 0.949507 0.331935 0.29812 0.232425 3.63798e-12
threshold=36.835313004498396 14.243015323688331 215.67163340792612 5.3750000000000009 1.0000000180025095e-35 8.4717692117618011 0.40793360303088683 78.500000000000014 993.50000000000011 0.58760683760683774 575.50000000000011 18.500000000000004 15.625000000000002 1.3375256315725808 8.7074352297893665 5.4691666666666672 43.500000000000007 1210.7479813922139 10.45464259798022 1.6863863343021233 5.014705882352942 49.350999194894527 1.0000000180025095e-35 3.5000000000000004 2.3166666666666669 1.4031250000000002 85.816816822774229 12.973805640906834 395.00000000000006 9.6904761904761916 26.967605961939288 28.694219378761549 15.500000000000002 225.00000000000003 23.328624588001528 0.67669683257918567 24.418788088397786 29.221693357367688 1.2450000000000003
decision_type=10 10 10 10 8 8 10 10 10 8 10 8 8 10 10 10 10 10 10 10 10 10 10 10 8 10 10 10 10 8 10 10 10 8 10 8 10 10 10
left_child=1 4 3 5 -1 11 25 -5 19 -8 23 13 16 18 -13 -16 -12 20 -2 -4 -10 32 28 -11 -25 30 27 -23 35 -30 34 -28 -7 -32 -3 -6 -36 -35 -37
right_child=2 6 8 7 22 21 9 -9 17 10 12 14 -14 -15 15 -17 -18 -19 -20 -21 -22 26 -24 24 -26 -27 31 -29 29 -31 33 -33 -34 37 36 38 -38 -39 -40
leaf_value=-0.0046129998702883609 -0.026426945695892365 -0.058904391199065764 0.04778787601045522 0.030571712455677337 -0.096803135420635983 -0.024973715863768974 0.039648968357002018 0.086804101220891217 0.073442863727353883 -0.053011726991268771 -0.036931393351279838 0.0092391112859961846 0.025425988899579834 0.0331610529186529 0.052397409461539195 0.025878419395573005 0.0071650507546284327 0.0920770143686582 0.0053417753022438905 0.068500084092568178 0.085329389788203425 -0.0050630999017542656 -0.067383573709543829 -0.011316608136368849 -0.038840005201028871 -0.033261974357708453 -0.0080787069452869561 -0.025070427854128247 -0.096560053489172903 -0.073871396305682707 -0.043712117202095363 0.0026500185705236254 -0.035907759888591122 -0.050982323550998826 -0.055230550963647831 -0.10000000000000001 -0.053141024193288471 -0.048278470721541296 -0.10000000000000001
leaf_weight=267.86873769760132 375.53764390945435 126.95689964294434 839.11628341674805 664.20571231842041 82.088876008987427 220.30706119537354 276.31626319885254 799.66326999664307 1883.1432905197144 210.59996175765991 401.91078090667725 466.69016551971436 537.95371961593628 445.06577491760254 946.86056613922119 983.9256534576416 245.04291820526123 3641.7794494628906 418.22524738311768 719.73617839813232 2113.1508331298828 322.51413631439209 98.224058628082275 156.58802890777588 807.05868339538574 154.77505922317505 258.14702129364014 321.1938533782959 93.58241081237793 95.351486921310425 196.1945424079895 259.35153007507324 186.08657217025757 158.27246522903442 344.60594034194946 7371.1259632110596 338.25590562820435 159.65340328216553 110.59492230415344
leaf_count=26 42 22 30 36 20 27 14 7 31 33 52 34 34 24 33 53 19 17 31 15 19 29 19 17 112 21 23 38 22 20 30 21 25 25 58 1876 56 25 28
internal_value=0.000337209 -0.0724904 0.0564934 0.0229325 -0.0960794 0.0121425 -0.0259404 0.0612896 0.0808252 -0.0124214 -0.0185201 0.0237758 0.000498457 0.00570588 0.0331129 0.0388834 -0.0202292 0.085616 -0.00968834 0.0573509 0.0797282 -0.0148427 -0.0992002 -0.0377114 -0.0343676 -0.050035 -0.0095449 -0.0150462 -0.0996033 -0.0851095 -0.0519959 -0.00270186 -0.0299804 -0.0473683 -0.0549337 -0.0999653 -0.0541955 -0.0496245 -0.1
internal_weight=28097.7 12233 15864.7 6667.77 8118.84 5203.91 4114.18 1463.87 9196.93 2635.47 2359.15 3636.31 1184.91 1238.83 2397.48 1930.79 646.954 7638.07 793.763 1558.85 3996.29 1567.6 7850.97 1174.25 963.647 1478.71 1161.21 643.708 7752.74 188.934 1323.94 517.499 406.394 514.12 809.819 7563.81 682.862 317.926 7481.72
internal_count=3064 2529 535 423 2011 380 518 43 112 281 267 217 105 97 120 86 71 67 73 45 50 163 1985 162 129 237 111 67 1966 42 216 44 52 80 136 1924 114 50 1904
is_linear=0
shrinkage=0.05


Tree=9
num_leaves=39
num_cat=0
split_feature=1 1 1 1 2 12 5 8 2 9 12 0 8 1 0 8 12 11 3 0 1 8 10 0 5 3 8 7 5 4 11 0 9 11 1 11 1 3
split_gain=42831.9 6070.11 4233.6 1091.07 928.463 694.864 475.159 428.455 320.826 217.162 192.548 170.365 176.694 165.057 141.851 132.45 124.638 117.343 107.979 59.125 55.6029 51.1563 47.5276 44.0083 43.0254 39.4683 24.8186 18.2371 17.3214 15.9305 12.1276 16.4412 11.5494 5.70754 5.63126 2.73826 2.54589 3.63798e-12
threshold=30.391512141857081 122.05899792134764 14.243015323688331 539.80889766905284 1.0000000180025095e-35 0.77566121230832574 784.50000000000011 0.49629989736941615 1.9999892264963364 24.14445453451194 2.8130946836116846 11.370955998959182 0.66918446160835987 171.13249708563092 10.464999821782113 1.7939876215738286 6.9368351063829801 1515.0000000000002 3.9229629629629632 188.55493235547749 49.350999194894527 0.53112890725910622 4.6385869565217401 1.0000000180025095e-35 575.50000000000011 4.8793604651162799 4.5894736842105273 16.500000000000004 254.50000000000003 2.7473404255319154 145.00000000000003 13.979785216063357 30.510494289595375 65.000000000000014 26.967605961939288 85.000000000000014 24.029849567170977 1.5458333333333336
decision_type=10 10 10 10 8 10 10 10 8 10 10 10 8 10 10 8 10 8 10 10 10 8 8 10 10 10 10 10 10 10 8 10 10 10 10 10 10 8
left_child=2 5 4 7 -1 20 15 -3 14 -9 -8 12 -10 -11 22 21 -13 -15 -14 -5 32 -4 -7 27 28 -24 34 37 -23 -29 -22 -32 33 -2 36 -36 -17 -6
right_child=1 3 6 19 23 8 10 9 11 13 -12 16 18 17 -16 26 -18 -19 -20 -21 30 24 25 -25 -26 -27 -28 29 -30 -31 31 -33 -34 -35 35 -37 -38 -39
leaf_value=-0.0043828169043502079 -0.022338111968115068 0.01632175149068216 0.00076385072549124602 0.081550356159008131 -0.10000000000000001 -0.03379326361892622 -0.027860101369289743 0.076413213465424512 0.054508115143104753 0.032003362571111575 0.023614333150321656 0.024621882491986269 -0.0071541262794893416 0.048856673732030731 0.019275253860174368 -0.056973541764043949 0.059517247892471647 0.072377639148018799 0.022786720089317404 0.091356623391579031 -0.023334556811398448 -0.024697255598373956 0.0051176826040397689 -0.065502186327362474 -0.0079590746969994738 -0.02314511362885259 -0.029097694791414108 -0.097241272395374112 -0.040804021793027716 -0.069980423187288768 0.00086416144495138488 -0.016729731845389843 -0.043991104580197338 -0.034361231195887472 -0.040693949513124127 -0.049663919205470863 -0.051338423196155863 -0.10000000000000001
leaf_weight=267.84094619750977 170.36664485931396 619.01613807678223 155.8530330657959 2895.2279052734375 87.41560697555542 251.82065534591675 281.35720348358154 1469.5447273254395 267.76792907714844 717.35291957855225 512.78609704971313 458.3543529510498 536.03241348266602 1147.2338085174561 455.37701320648193 285.54777574539185 579.30794811248779 985.98815250396729 687.15150499343872 3276.7867279052734 249.2876410484314 250.72478723526001 283.88925838470459 96.049435138702393 176.12583208084106 218.67621231079102 142.89202117919922 122.46298289299011 499.37917327880859 95.290644407272339 213.14985656738281 352.18624353408813 199.92492723464966 234.67882490158081 157.17631053924561 185.48663377761841 672.44546747207642 7072.1424973011017
leaf_count=26 21 39 14 31 23 31 34 22 10 34 33 26 49 38 29 49 16 17 43 16 29 32 23 19 18 23 18 31 72 20 19 38 31 32 24 30 112 1892
internal_value=0.000320054 0.0519317 -0.0755933 0.0727405 -0.0958505 0.00710608 -0.0283568 0.0552257 0.018415 0.0608001 0.00537744 0.0285465 0.0177193 0.0527512 -0.0027615 -0.0389639 0.0441033 0.0597282 0.00966583 0.0867566 -0.022675 -0.0257389 -0.0160638 -0.0991286 -0.0301984 -0.00718002 -0.0488774 -0.0995665 -0.0354203 -0.0853117 -0.0141474 -0.0100963 -0.0341578 -0.0293042 -0.0510504 -0.0455495 -0.0530181 -0.1
internal_weight=27330.1 16269.1 11061 11111.2 7741.2 5157.97 3319.77 4939.14 3738.38 4320.12 794.143 2528.61 1490.95 2850.57 1209.76 2525.63 1037.66 2133.22 1223.18 6172.01 1419.59 1082.08 754.386 7473.36 926.23 502.565 1443.55 7377.31 750.104 217.754 814.624 565.336 604.97 405.045 1300.66 342.663 957.993 7159.56
internal_count=3064 617 2447 197 2011 420 436 150 250 111 67 144 102 89 106 369 42 55 92 47 170 136 77 1985 122 46 233 1966 104 51 86 57 84 53 215 54 161 1915
is_linear=0
shrinkage=0.05


Tree=10
num_leaves=46
num_cat=0
split_feature=1 1 1 1 2 12 7 12 2 14 14 8 1 12 12 10 7 14 1 13 10 1 7 7 9 13 1 13 1 3 1 14 14 14 1 9 1 1 1 14 9 11 14 13 14
split_gain=39188.2 5253.25 4420.57 952.86 596.73 509.932 490.453 402.751 233.379 141.139 135.614 119.82 116.538 115.75 110.228 103.577 93.0339 92.7671 92.349 82.5476 75.6526 71.3965 71.3818 67.1186 61.4279 72.0056 57.5359 45.2643 30.1166 29.7054 22.2661 18.7324 13.4161 23.5257 10.8495 10.0367 16.5935 3.07634 2.74935 1.73244 1.68069 1.59354 1.51049 0.778106 0.0664809
threshold=47.259781569711826 14.243015323688331 120.04308645058474 455.16629432323106 0.99835740821116836 2.3845904095904102 22.500000000000004 1.0825476289806704 4.0751400363744308 11.500000000000002 59.500000000000007 0.98212005108556844 1018.9035863109681 1.5460917587085812 60.523809523809526 10.062500000000002 8.5000000000000018 55.500000000000007 26.944106522329893 5.3750000000000009 4.2992327365728906 195.68149666756395 26.500000000000004 50.500000000000007 26.867739477658251 1.26875 27.343398769489109 1.8473193473193474 1.0000000180025095e-35 5.5732323232323244 49.350999194894527 46.500000000000007 8.5000000000000018 18.500000000000004 30.391512141857081 25.036932248420552 63.870469301271484 26.806556564306877 26.894912908671262 42.500000000000007 23.411941283007742 205.00000000000003 15.500000000000002 5.3750000000000009 4.5000000000000009
decision_type=10 10 10 10 8 10 10 10 8 8 10 10 10 8 8 8 10 10 10 10 10 10 10 10 10 10 10 8 10 8 10 10 8 10 10 10 10 10 10 10 10 8 10 10 8
left_child=1 4 7 5 -1 13 14 30 11 -8 23 -9 -5 -4 16 -10 32 27 20 -17 -11 29 28 -7 25 -18 -20 -13 43 -15 41 35 37 -34 38 -32 -37 -3 40 -40 -16 -2 -36 44 -6
right_child=2 6 3 12 22 10 9 8 15 18 -12 17 -14 21 34 19 24 -19 26 -21 -22 -23 -24 -25 -26 -27 -28 -29 -30 -31 31 -33 33 -35 42 36 -38 -39 39 -41 -42 -43 -44 -45 -46
leaf_value=-0.011423965657945546 -0.02531028725081394 -0.055422923646758826 0.051937584182231079 0.074760829096092968 -0.099671995946120404 0.043043771320592866 -0.031927465552984979 0.026191577787652583 0.050886725069966991 0.0096402598169978582 0.075871355750844471 -0.021303406940301479 0.089505454646305271 0.023064441220428552 -0.056395375836420472 0.0081750218447923708 0.0078024465186116807 0.023652765133518994 0.038089988078736703 0.040782193217322918 -0.03028922205034611 0.035261075730845019 -0.064292223924625608 0.064638774869117524 -0.036201090206837858 -0.034186841116007005 0.0063501022208674682 0.0023801381720866036 -0.069164403997185181 0.0009083209534576967 -0.0097401137369672909 -0.00046042192142259006 -0.021524896492960504 -0.047061873233014535 -0.042085891326364602 -0.033536079966188077 -0.012459121992598661 -0.044664417819468283 -0.048387593954558605 -0.040994798037172764 -0.050171535009461955 -0.032449080134036627 -0.034619543945534521 -0.094589768604686889 -0.10000000000000001
leaf_weight=200.98658514022827 157.89694404602051 141.44800996780396 517.32812404632568 2236.0402221679688 2327.1254787445068 667.83693599700928 299.74290180206299 446.95739698410034 506.89558982849121 249.12995910644531 1576.9929962158203 523.85415363311768 3344.5720901489258 289.44576168060303 126.95492839813232 458.93475151062012 330.27687883377075 229.17955780029297 255.63603019714355 336.34788227081299 226.45190906524658 658.69576168060303 147.07585000991821 780.12133693695068 239.5036506652832 147.78733205795288 323.41968488693237 328.10251092910767 80.956494331359863 316.92793273925781 244.68687152862549 214.37343978881836 163.46731853485107 201.18183565139771 142.05276441574097 182.75770616531372 190.94902515411377 125.31293725967407 229.46211719512939 121.05315494537354 744.97365093231201 154.82258272171021 129.48725271224976 69.951769113540649 4595.4048528671265
leaf_count=21 20 23 17 32 653 25 39 26 19 21 23 54 19 15 23 33 30 13 13 14 27 29 31 17 32 20 27 26 17 25 25 20 20 30 22 23 20 19 38 19 128 21 19 19 1292
internal_value=-0.00284496 -0.0711195 0.0523824 0.0695426 -0.0964034 0.0532268 -0.0264139 0.007546 0.0176702 -0.0016513 0.065727 0.00441616 0.0835976 0.0320124 -0.0382108 0.0332236 -0.0278498 -0.00458612 0.00695362 0.0219655 -0.00937247 0.0238644 -0.0987688 0.0546786 -0.0155326 -0.005178 0.0203623 -0.0121825 -0.0994857 0.0114843 -0.0174688 -0.013197 -0.0418478 -0.035614 -0.0475661 -0.0176123 -0.0227666 -0.050369 -0.0495743 -0.0458344 -0.0510777 -0.0288446 -0.0385255 -0.0998367 -0.0998897
internal_weight=25982.6 11618.8 14363.7 10388 7421.5 4807.35 4197.34 3975.76 2830.27 1354.38 3024.95 1528.09 5580.61 1782.4 2842.96 1302.18 1348.98 1081.14 1054.64 795.283 475.582 1265.07 7220.51 1447.96 717.568 478.064 579.056 851.957 7073.44 606.374 1145.49 832.767 631.41 364.649 1493.98 618.394 373.707 266.761 1222.44 350.515 871.929 312.72 271.54 6992.48 6922.53
internal_count=3099 2583 516 202 2033 151 550 314 185 127 65 119 51 86 423 66 174 93 88 47 48 69 2012 42 82 50 40 80 1981 40 129 88 92 50 249 68 43 42 208 57 151 41 41 1964 1945
is_linear=0
shrinkage=0.05


Tree=11
num_leaves=44
num_cat=0
split_feature=1 1 1 1 2 7 8 8 14 8 14 8 14 11 2 10 0 3 4 1 4 7 11 11 3 1 13 14 8 14 1 1 1 0 8 11 13 7 4 14 1 14 11
split_gain=36435.4 5029.46 4432.42 961.618 623.651 429.834 403.586 393.212 245.958 233.172 228.488 198.501 158.956 153.507 133.783 132.093 124.877 116.923 72.723 70.9799 68.9416 61.0709 59.3612 49.1899 42.0257 21.1207 20.5018 15.7508 15.4178 13.7455 11.527 10.4227 7.72521 7.37049 6.29067 2.52418 2.01241 1.26103 1.20608 1.35064 0.75064 0.515939 0.0461367
threshold=33.740389770366804 11.122257846303857 120.04308645058474 455.16629432323106 1.0000000180025095e-35 12.500000000000002 0.49629989736941615 7.0620300751879705 59.500000000000007 3.2462121212121215 20.500000000000004 0.61395160473828103 49.500000000000007 1515.0000000000002 0.49993947458651072 5.5192307692307701 143.21720467958667 3.2774659182036894 1.6026315789473686 220.20599624991419 4.6770833333333348 26.500000000000004 1115.0000000000002 795.00000000000011 1.2899159663865549 49.350999194894527 1.9861111111111114 46.500000000000007 3.6167832167832175 5.5000000000000009 65.019615854543687 71.822859776335392 23.789428009275209 3.5868355431451175 0.87165408373369957 345.00000000000006 25.750000000000004 5.5000000000000009 1.5427272727272729 16.500000000000004 22.172146861622181 25.500000000000004 155.00000000000003
decision_type=10 10 10 10 8 10 10 8 10 8 10 8 10 10 10 8 10 10 10 10 10 10 10 8 8 10 10 10 10 8 10 10 10 10 8 10 8 10 10 10 10 10 10
left_child=1 4 7 6 -1 24 19 10 13 12 11 -2 15 20 23 34 -5 -17 -13 -4 -8 35 -16 -12 -3 37 32 29 36 -27 -31 -20 40 -34 -7 38 -11 -9 42 -40 -26 -38 -6
right_child=2 5 3 16 21 9 8 25 -10 28 14 18 -14 -15 22 17 -18 -19 31 -21 -22 -23 -24 -25 26 27 -28 -29 -30 30 -32 -33 33 -35 -36 -37 41 -39 39 -41 -42 -43 -44
leaf_value=-0.0054499572001631864 0.040821733396067379 -0.020135060558342494 0.0047150048337112815 0.073065458309773262 -0.099827754381297124 -0.024233618407793329 0.03215319951309157 -0.024285772130195008 0.073574244404386577 -0.039750927571525062 0.045715468720068174 0.010689296905130076 0.027479947515568294 0.070513536217980385 -0.0078811536554891874 0.025042658390194351 0.088578928910149637 -0.015582936475458432 -0.027135843056777034 0.033950522890880415 0.05208655918126967 -0.065244470917909608 0.023258663617038499 0.025352075469159737 -0.058326458518931479 -0.0075374687455940607 -0.031972929067924913 -0.0011625390724199194 -0.024881515122162592 -0.032455047449030681 -0.01523110881098317 -0.014451191751984017 -0.035272963150723646 -0.046889258158222917 -0.037485242862434792 -0.090485770330638468 -0.045099575684204918 -0.030213217694337036 -0.098832222862907049 -0.089961425907139417 -0.052653562946947466 -0.049765336467833814 -0.09885222915373118
leaf_weight=183.2203631401062 223.0660400390625 188.97973012924194 402.50582218170166 2175.0998649597168 6310.9862251281738 136.95072364807129 1014.782488822937 155.00011157989502 1556.4498529434204 133.68043518066406 683.50228834152222 256.53994417190552 387.13981771469116 569.48156929016113 296.43026065826416 328.27316236495972 3213.9065971374512 384.61697769165039 322.41848134994507 428.77427101135254 757.61548900604248 131.98142790794373 316.38787174224854 523.8559627532959 113.90242147445679 230.10194969177246 263.91893005371094 201.53909015655518 134.27365493774414 175.56116008758545 217.45904922485352 325.3670825958252 153.93836355209351 1209.1071219444275 258.78542900085449 75.281946420669556 118.97897243499756 213.0794997215271 124.02665829658508 65.607722520828247 119.4812183380127 118.02740907669067 123.57529306411743
leaf_count=18 11 23 30 32 1864 17 45 20 24 19 27 20 23 10 25 23 19 43 36 19 23 29 18 29 21 23 37 19 16 22 23 31 22 202 36 20 20 29 36 18 21 20 36
internal_value=-0.00278662 -0.0708701 0.0500452 0.0678774 -0.0964846 -0.0265058 0.0514241 0.00646482 0.0581687 -0.0100203 0.0162667 -0.00142175 -0.000102619 0.04793 0.0272226 -0.00973464 0.0823174 0.00312442 -0.0118418 0.0197947 0.0406738 -0.0989262 0.00819582 0.0368801 -0.0426003 -0.0177581 -0.0448824 -0.0133129 -0.039398 -0.0172428 -0.022925 -0.0207646 -0.0470166 -0.0455773 -0.0328993 -0.0995897 -0.0446563 -0.0277171 -0.0996932 -0.0957632 -0.0554222 -0.0474231 -0.099809
internal_weight=25323.7 11064.7 14258.9 10118.6 7014.68 4050.05 4729.61 4140.31 3898.33 2000.73 2947.57 1127.39 1495.77 2341.88 1820.18 1108.63 5389.01 712.89 904.326 831.28 1772.4 6831.46 612.818 1207.36 2049.33 1192.74 1860.35 824.661 504.96 623.122 393.02 647.786 1596.43 1363.05 395.736 6699.48 370.687 368.08 6624.2 189.634 233.384 237.006 6434.56
internal_count=3099 2564 535 202 2021 543 151 333 102 217 197 98 142 78 99 119 51 66 87 49 68 2003 43 56 326 136 303 87 75 68 45 67 266 224 53 1974 59 49 1954 54 42 40 1900
is_linear=0
shrinkage=0.05


Tree=12
num_leaves=42
num_cat=0
split_feature=1 1 1 5 2 5 8 0 1 2 3 4 8 13 7 8 8 10 4 5 11 13 13 10 1 4 11 1 3 8 1 11 11 0 1 11 0 13 4 5 5
split_gain=33859 5049.87 4190.61 1045.46 626.187 488.871 356.293 292.113 214.494 203.273 194.074 148.038 136.215 131.819 116.929 81.9452 78.6417 77.3617 127.21 75.1299 72.1656 63.2272 81.8838 56.3071 53.8753 46.3679 27.0322 19.2346 17.8627 14.5561 11.5237 9.64921 16.1743 5.22746 4.08531 1.56315 1.25082 0.893175 0.336858 0.0810887 2.76297
threshold=33.740389770366804 11.122257846303857 120.04308645058474 993.50000000000011 0.99835740821116836 886.00000000000011 7.0620300751879705 143.21720467958667 220.20599624991419 4.0751400363744308 3.1889880952380958 4.275252525252526 2.2956371986222739 6.3484848484848486 23.500000000000004 0.56883051275574648 0.98927939876215754 10.062500000000002 26.416666666666668 680.50000000000011 815.00000000000011 0.75181159420289867 2.2546296296296302 7.1125000000000007 156.668468036213 3.8912529550827428 125.00000000000001 49.350999194894527 1.3203947368421056 4.5894736842105273 26.967605961939288 165.00000000000003 305.00000000000006 5.4150187801396497 22.172146861622181 145.00000000000003 15.525285450556662 20.625000000000004 2.4924242424242427 19.500000000000004 20.500000000000004
decision_type=10 10 10 10 8 10 8 10 10 8 10 10 8 10 10 10 10 8 8 10 8 8 8 10 10 8 10 10 10 10 10 8 10 10 10 10 10 8 8 10 10
left_child=1 4 6 8 -1 12 9 10 11 14 -5 24 13 15 28 -3 -16 -11 -19 35 -10 -7 -23 -12 -4 -18 -17 36 -2 30 34 -29 -33 -32 -14 39 -8 38 -37 -6 -41
right_child=2 5 3 7 19 21 27 -9 20 17 23 -13 29 -15 16 26 25 18 -20 -21 -22 22 -24 -25 -26 -27 -28 31 -30 -31 33 32 -34 -35 -36 37 -38 -39 -40 40 -42
leaf_value=-0.0064556305601071494 -0.0085689169770437439 -0.00088412999445415552 -0.0063349446923990265 0.050693118651696047 -0.10000000000000001 0.02974865415884119 -0.023184179475919109 0.08787260661272607 0.040348527433481517 0.045275408114651639 0.081734254505137313 0.045933231022930364 -0.056430731277659942 0.019609619400748707 0.028834520021211542 -0.047323430879000261 -0.016875711302329895 -0.0029417902514369855 0.037680917808480166 -0.061246131309284163 0.062512715742415667 -0.025217204104810792 0.015076826305055689 0.068036872061086565 0.021302910085526292 0.010997296911776581 -0.029140833244024528 -0.021899292009539769 -0.027815621540306219 -0.028326745217515232 -0.031499770295532567 -0.0027754242207320024 -0.019314998629079701 -0.042014818081126358 -0.046754593424818358 -0.095546312918210752 -0.029058121581526361 -0.092747795252956983 -0.10000000000000001 -0.091349390490791674 -0.099901131632129159
leaf_weight=188.6231427192688 296.88717317581177 228.35774755477905 321.53739261627197 1222.3100175857544 2944.4634892940521 262.7942361831665 163.80696964263916 3007.7441673278809 716.94268417358398 516.45735549926758 1382.9912137985229 431.60930156707764 124.21356248855591 163.63790512084961 451.3110032081604 277.26254796981812 221.45696783065796 335.70887660980225 452.46058511734009 130.0351197719574 752.95466232299805 203.02536249160767 332.69117498397827 1640.0105810165405 390.44283676147461 457.34427976608276 777.99638652801514 210.62383127212524 202.96790266036987 148.38955402374268 160.65150356292725 363.89341402053833 248.93146705627441 447.2748441696167 895.58284759521484 68.030107259750366 202.8787055015564 118.92628812789917 112.94382071495056 97.492930173873901 3027.2752933502197
leaf_count=19 28 22 26 36 915 16 21 18 27 21 14 15 24 13 25 44 22 27 20 29 16 22 24 29 21 32 105 25 22 20 23 35 27 74 156 20 28 35 34 29 940
internal_value=-0.00272772 -0.0696377 0.0484888 0.0661815 -0.096263 -0.0253637 0.00616689 0.0759514 0.0390676 0.0155253 0.0675054 0.022828 -0.0340401 -0.0226536 0.0037522 -0.0280414 0.0126586 0.0302342 0.0203783 -0.0988695 0.0517021 0.00966045 -0.000193768 0.0743033 0.00882138 0.00190381 -0.0339182 -0.0169087 -0.0163841 -0.0433183 -0.044685 -0.0126669 -0.00949385 -0.0392361 -0.0479332 -0.0996376 -0.0264341 -0.0961138 -0.0983258 -0.0998117 -0.0996343
internal_weight=24700.9 10709.7 13991.3 9866.54 6687.79 4021.88 4124.73 7253.06 2613.49 2934.59 4245.31 1143.59 3223.37 1447.25 1629.97 1283.62 1130.11 1304.63 788.169 6499.17 1469.9 798.511 535.717 3023 711.98 678.801 1055.26 1190.13 499.855 1776.11 1627.72 823.449 612.825 607.926 1019.8 6369.13 366.686 299.9 180.974 6069.23 3124.77
internal_count=3099 2564 535 202 2021 543 333 97 105 197 79 62 481 184 129 171 79 68 47 2002 43 62 46 43 47 54 149 136 50 297 277 87 62 97 180 1973 49 89 54 1884 969
is_linear=0
shrinkage=0.05


Tree=13
num_leaves=29
num_cat=0
split_feature=0 6 5 5 2 0 4 0 0 13 8 8 3 3 5 6 5 7 7 5 6 2 6 13 7 14 14 5
split_gain=30252.7 8157.03 1652.01 659.416 610.121 549.049 360.152 301.18 280.732 233.578 353.042 187.291 166.473 152.447 207.445 138.36 91.5499 63.3623 62.5744 42.7714 40.7124 37.5705 14.3552 4.7861 1.25069 0.120434 0.688399 1.81899e-12
threshold=2.4165992809636543 54.337617875789256 594.50000000000011 866.00000000000011 0.99835740821116836 12.973805640906834 6.3782467532467537 73.544559136644196 6.9391488438978284 0.72474747474747481 1.5265456989247312 3.2462121212121215 3.3704850361197116 1.6754385964912284 1796.0000000000002 32.967288957822028 625.00000000000011 13.500000000000002 15.500000000000002 918.00000000000011 120.95758470655876 1.999259664464901 30.497426595557545 5.9411764705882364 17.500000000000004 5.5000000000000009 3.5000000000000004 200.50000000000003
decision_type=10 10 10 10 8 10 10 10 10 8 10 8 10 10 10 10 10 10 10 10 10 8 10 10 10 8 10 10
left_child=4 2 6 20 -1 11 15 12 -8 -7 22 13 -5 -4 -15 17 23 21 -19 -13 -3 -2 -11 24 25 26 -6 -27
right_child=1 3 5 7 16 9 8 -9 -10 10 -12 19 -14 14 -16 -17 -18 18 -20 -21 -22 -23 -24 -25 -26 27 -28 -29
leaf_value=-0.0099892118194225207 -0.020949330622199957 0.026700864234665708 0.035985457921274847 0.044202879889233729 -0.10000000000000001 0.071998120003833613 -0.026481918091706375 0.082100796767280604 0.036578782972646884 -0.0048852693210654644 0.057180647175747557 -0.040371209251795603 0.071190425276227959 -0.001740020449769936 0.038891022440227574 0.0020115720905429877 -0.060408581944438745 0.0038768100308008572 -0.024645488540965238 -0.0078205849681533286 0.04562993374637403 -0.034413708741547637 0.011076137336929392 -0.085734406583744482 -0.092845487227523976 -0.10000000000000001 -0.097884040981721973 -0.10000000000000001
leaf_weight=200.36162662506104 667.67557525634766 724.63867568969727 585.23486948013306 977.62990283966064 1749.2222142219543 524.18105506896973 284.37234783172607 4443.5222606658936 465.20239591598511 281.77421760559082 649.47501468658447 188.76816844940186 1375.2577772140503 1496.5240597724915 397.60709953308105 431.40556859970093 152.73278069496155 268.62075281143188 676.76248788833618 216.85458707809448 467.20157337188721 2312.7049489021301 281.69093132019043 61.55424427986145 64.911164283752441 3433.5215382575989 492.63998103141785 242.8066041469574
leaf_count=21 82 36 30 32 571 9 38 39 23 23 17 27 22 130 18 34 35 26 87 20 15 350 17 18 19 1122 159 79
internal_value=-0.00266816 0.0309851 0.000242916 0.0684259 -0.0958631 0.0218999 -0.0193588 0.0744416 0.0126549 0.044108 0.0320551 0.00852779 0.059977 0.0136806 0.00678906 -0.0248662 -0.0986395 -0.0278198 -0.0165412 -0.022969 0.0341211 -0.0313974 0.00309425 -0.0996054 -0.0997482 -0.0998239 -0.099535 -0.1
internal_weight=24114.9 17717.1 9728.85 7988.25 6397.75 4622.11 5106.74 6796.41 749.575 1737.12 1212.94 2884.99 2352.89 2479.37 1894.13 4357.17 6197.39 3925.76 945.383 405.623 1191.84 2980.38 563.465 6044.66 5983.1 5918.19 2241.86 3676.33
internal_count=3099 1075 931 144 2024 291 640 93 61 66 57 225 54 178 148 579 2003 545 113 47 51 432 40 1968 1950 1931 730 1201
is_linear=0
shrinkage=0.05


Tree=14
num_leaves=44
num_cat=0
split_feature=1 1 1 1 2 12 7 12 0 8 14 1 8 11 14 2 12 11 13 4 7 4 12 1 11 2 4 11 12 1 14 8 12 1 9 1 13 11 8 6 14 14 11
split_gain=29278.7 5030.66 3715.13 966.884 632.405 445.645 338.132 292.574 209.463 187.056 177.092 149.657 143.006 135.468 131.311 116.192 106.249 92.7406 117.004 92.2128 78.4498 67.6088 58.4517 54.9153 40.8754 21.0534 19.3248 20.3248 20.9347 17.985 14.5407 13.7758 9.47118 9.09488 8.7916 12.9573 7.00058 3.94977 2.2309 2.00849 1.98559 1.3075 0.168559
threshold=33.740389770366804 11.122257846303857 120.04308645058474 455.16629432323106 0.99835740821116836 2.3845904095904102 12.500000000000002 1.0825476289806704 17.751626263746669 3.2462121212121215 20.500000000000004 1210.7479813922139 0.73926218708827418 1545.0000000000002 49.500000000000007 0.49993947458651072 1.5460917587085812 1175.0000000000002 5.6654411764705896 11.583333333333334 26.500000000000004 1.7978675136116153 2.8563832636879893 220.20599624991419 795.00000000000011 6.4021056216923933 1.3867521367521369 115.00000000000001 2.0360896060690861 49.350999194894527 46.500000000000007 3.6167832167832175 2.244863731656185 23.729612095154966 25.036932248420552 63.870469301271484 1.895945945945946 365.00000000000006 0.98927939876215754 24.418788088397786 14.500000000000002 91.500000000000014 155.00000000000003
decision_type=10 10 10 10 8 10 10 10 10 8 10 10 8 10 10 10 8 10 10 8 10 10 8 10 8 8 10 10 8 10 10 10 8 10 10 10 10 10 10 10 10 10 10
left_child=1 4 7 5 -1 16 26 29 -7 14 12 -5 -9 19 17 24 -4 18 -8 -10 37 -14 -17 25 -12 -18 33 -28 -29 40 34 39 -23 -3 -31 -36 38 41 -35 -11 -2 42 -6
right_child=2 6 3 11 20 8 9 10 13 31 15 -13 21 -15 -16 22 23 -19 -20 -21 -22 32 -24 -25 -26 -27 27 28 -30 30 -32 -33 -34 36 35 -37 -38 -39 -40 -41 -42 -43 -44
leaf_value=-0.0056363984169400978 -0.020343546769409637 -0.050814692215307725 0.045887872604320257 0.068902513441338006 -0.099771796177834327 0.083382478192838838 -0.027092217937893764 0.033838645865262466 0.027301414666588433 -0.035797038578713178 0.041492488068695189 0.086430650545434987 0.010445861456218923 0.067751048022309288 0.025285660325692252 -0.010102101262042333 0.019315618968627036 0.014481309219319193 0.022119764946131555 0.05337683879345511 -0.05924886438607966 -0.010720833954695278 0.02068209194592889 0.031044341017104817 0.022630565295649059 0.0022327922430738522 -0.040785742962174451 -0.0077561860306110571 -0.033814938910439289 -0.00717251934165188 0.00059643119882324272 -0.021636842375874082 -0.024288702899067264 -0.041420320479965474 -0.02901520696384928 -0.010296449234401489 -0.027798400136374159 -0.086893058048302052 -0.034516523776037339 -0.043432228577305658 -0.027498592682121688 -0.092175608625019084 -0.09823845469033908
leaf_weight=188.5293984413147 209.92480516433716 202.77933883666992 493.33965301513672 2296.6395397186279 5465.1139254570007 649.49291324615479 640.07067632675171 226.64571189880371 621.96201992034912 141.0357084274292 666.24131011962891 2592.3149948120117 260.75105285644531 768.67243576049805 383.27923345565796 284.00832509994507 320.28968334197998 309.71722602844238 148.87339353561401 745.39594841003418 123.589524269104 186.96259164810181 337.37033462524414 511.33378124237061 504.90429019927979 412.83884906768799 244.47260475158691 146.19690561294556 163.00733804702759 244.10707759857178 213.99743604660034 132.8420238494873 412.20780324935913 994.4677472114563 179.91490983963013 190.16478443145752 117.80948734283447 61.378278255462646 132.62039709091187 221.26212549209595 180.19238233566284 57.995687246322632 185.30912280082703
leaf_count=19 27 38 17 35 1874 6 84 12 26 23 27 16 20 13 23 24 17 24 11 20 29 18 20 22 28 30 38 17 23 25 20 16 44 173 23 20 17 18 20 36 25 19 62
internal_value=-0.00260718 -0.0671847 0.0454823 0.0627821 -0.0957812 0.0461215 -0.0234688 0.00574227 0.0585176 -0.00880296 0.0144335 0.0781966 -0.00149391 0.050957 8.68386e-05 0.0240882 0.026252 -0.00870403 -0.0178059 0.0415161 -0.0986649 -0.0108064 0.00661182 0.0184677 0.0333607 0.00969595 -0.0379567 -0.0300121 -0.0214939 -0.014797 -0.0106275 -0.0354099 -0.020055 -0.0409952 -0.0145382 -0.0193966 -0.0393958 -0.0995092 -0.040608 -0.04046 -0.0236484 -0.0996448 -0.0997215
internal_weight=23570 10060.4 13509.7 9412.28 6081.92 4523.33 3978.43 4097.39 2785.52 1977.08 2879.09 4888.95 1086.57 2136.03 1481.94 1792.52 1737.8 1098.66 788.944 1367.36 5893.39 859.921 621.379 1244.46 1171.15 733.129 2001.35 553.677 309.204 1218.3 828.184 495.14 599.17 1447.68 614.187 370.08 1244.9 5769.8 1127.09 362.298 390.117 5708.42 5650.42
internal_count=3099 2564 535 202 2021 151 543 333 65 217 193 51 94 59 142 99 86 119 95 46 2002 82 44 69 55 47 326 78 40 140 88 75 62 248 68 43 210 1973 193 59 52 1955 1936
is_linear=0
shrinkage=0.05


Tree=15
num_leaves=31
num_cat=0
split_feature=0 6 5 2 5 0 8 0 4 12 10 8 10 13 5 0 2 0 8 8 5 13 5 4 4 5 12 11 11 14
split_gain=29016.2 8217.23 1522.17 1061.09 945.837 762.669 384.128 305.854 173.613 171.77 156.689 148.238 177.153 145.241 144.899 138.62 121.281 95.594 88.715 76.8282 48.847 40.9444 28.5439 9.83152 3.14338 0.902704 0.693458 0.258937 0.404424 0.13805
threshold=2.9229584035491745 54.337617875789256 594.50000000000011 1.0000000180025095e-35 993.50000000000011 12.973805640906834 0.73551912568306022 73.544559136644196 9.086206896551726 2.8243277284463759 8.4500000000000011 2.5615763546798038 4.7111111111111121 1.7524509803921571 469.50000000000006 103.50562658177101 1.9999892264963364 8.9524132531403442 1.2408446939321041 4.2175925925925934 886.00000000000011 0.85329985652797713 566.00000000000011 2.3787308026658942 4.5320512820512828 302.50000000000006 6.2960710011966503 135.00000000000003 185.00000000000003 4.5000000000000009
decision_type=10 10 10 8 10 10 8 10 8 10 10 8 8 10 10 10 8 10 10 8 10 10 10 10 8 10 10 10 10 8
left_child=3 2 6 -1 15 11 8 13 -2 -7 17 12 -4 -6 23 22 -14 21 24 -19 -13 -8 -3 26 -16 -25 27 29 -29 -5
right_child=1 4 5 14 7 9 10 -9 -10 -11 -12 20 16 -15 18 -17 -18 19 -20 -21 -22 -23 -24 25 -26 -27 -28 28 -30 -31
leaf_value=0.0045812905060493387 -0.0056737880320398039 0.014040256396042304 -0.022663003531514764 -0.099454754191751829 0.045529371410099585 0.026277613958998775 -0.039021963123558788 0.083203541288304206 0.045736003001533243 0.058015720421167809 0.021908127359752769 -0.039364510543595126 -0.0011792438630325603 0.072424146012110613 -0.091639289280321751 0.056809685786535641 0.024700971871542993 -0.00028690286578234703 -0.024253941205629514 -0.022348400039735181 -0.0060975162019585695 -0.024310242584204906 0.030557796004253159 -0.082035201158938698 -0.077200775906404867 -0.090339411990264087 -0.094106836291243445 -0.094591265868820551 -0.10000000000000001 -0.10000000000000001
leaf_weight=265.77486848831177 346.31817054748535 435.7658371925354 331.62370109558105 1787.2453653812408 914.78250789642334 646.72645473480225 1068.0161294937134 5168.4033889770508 312.32321166992188 1250.8391027450562 191.79008054733276 187.05006265640259 657.23347616195679 1112.4369430541992 79.596779108047485 455.06579399108887 1454.5119504928589 512.27987575531006 100.84921503067017 1718.3382277488708 269.08008480072021 848.8166937828064 654.24265003204346 71.00715446472168 71.608132600784302 60.701930284500122 54.999469757080078 61.466083526611328 78.956028938293457 3312.4839403629303
leaf_count=24 33 26 37 643 27 34 177 39 14 31 13 26 56 16 23 11 88 41 17 230 24 116 27 22 20 19 19 21 28 1196
internal_value=0.00305643 0.0338842 0.00243567 -0.0930652 0.0691259 0.0225547 -0.0168749 0.0767475 0.0187044 0.0471988 -0.0222754 0.00642641 0.0113111 0.0602879 -0.0976351 0.0336311 0.0166463 -0.0243186 -0.0605758 -0.0172818 -0.0197397 -0.0325073 0.0239544 -0.0993563 -0.0848014 -0.0858624 -0.099692 -0.0997506 -0.0976325 -0.0998089
internal_weight=24480.3 18535.6 9794.95 5944.69 8740.7 4797.06 4997.88 7195.62 658.641 1897.57 4339.24 2899.5 2443.37 2027.22 5678.91 1545.07 2111.75 4147.45 252.054 2230.62 456.13 1916.83 1090.01 5426.86 151.205 131.709 5295.15 5240.15 140.422 5099.73
internal_count=3098 1066 920 2032 146 296 624 82 47 65 577 231 181 43 2008 64 144 564 60 271 50 293 53 1948 43 41 1907 1888 49 1839
is_linear=0
shrinkage=0.05


Tree=16
num_leaves=37
num_cat=0
split_feature=1 1 1 1 7 5 12 10 10 9 3 14 12 14 4 3 12 1 3 13 12 13 4 9 11 11 1 1 13 1 11 1 1 7 3 14
split_gain=28625.9 4618.85 3705.25 1209.96 681.401 561.285 338.921 262.167 236.116 213.697 181.589 298.837 157.803 140.173 135.563 134.256 116.984 95.657 92.009 59.5055 65.1272 45.9322 43.2557 35.8542 20.8848 31.3832 17.9091 16.3767 7.22453 5.27754 4.10022 3.68703 2.15349 1.57415 0.384143 0.161099
threshold=30.092842042833656 362.50794526285614 1.0000000180025095e-35 90.102791333138143 22.500000000000004 1048.5000000000002 7.6411844561343978 4.2029411764705893 6.0227272727272743 26.015946813521879 2.4258241758241761 20.500000000000004 23.230000000000004 78.500000000000014 1.8734683670917731 2.5916666666666672 0.89378984671037032 162.56327760219014 2.7036585365853667 8.2500000000000018 2.8501451708025227 0.85329985652797713 13.91666666666667 29.221693357367688 295.00000000000006 285.00000000000006 57.60335424059646 26.931707752064138 5.5080645161290329 27.512612290529791 265.00000000000006 20.961424759518689 122.05899792134764 16.500000000000004 1.8637566137566142 4.5000000000000009
decision_type=10 10 10 10 10 10 8 8 10 10 8 10 8 10 10 8 8 10 10 10 10 10 10 10 10 8 10 10 8 10 10 10 10 10 8 8
left_child=2 3 4 6 16 14 7 26 -3 -7 -9 -12 13 19 17 -6 -1 32 -16 20 21 -4 34 24 25 -8 -2 -22 -14 31 -25 -30 -5 -33 -18 -36
right_child=1 8 12 5 15 9 23 10 -10 -11 11 -13 28 -15 18 -17 22 -19 -20 -21 27 -23 -24 30 -26 -27 -28 -29 29 -31 -32 33 -34 -35 35 -37
leaf_value=-0.047117354363226255 -0.037108704349973536 0.062271894364030467 -0.026390289207652053 -0.0034585488206979593 0.022878076852886699 0.068915123713579898 -0.01504397302155394 0.055730907751321813 0.082758783486409332 0.038232210038217425 -0.011601720156656413 0.028221231537890364 -0.02902349793978979 0.023113020927154622 0.047076714117639751 -0.049928371275590237 -0.095565454838608122 0.023433268721837722 0.019769301960253186 0.005442026973127307 -0.047318676744721677 -0.0045925646865802808 -0.054410276249755044 -0.026451406911438515 -0.024334550202139562 0.0079332207607800131 -0.015396788078476095 -0.027794431554737171 -0.051142093269021617 -0.030972946388375361 -0.036412421672292493 -0.040450108020528008 -0.0096498139463669537 -0.046604379461631942 -0.099403303997995213 -0.10000000000000001
leaf_weight=109.76782274246216 199.52257442474365 2063.908540725708 628.85871958732605 325.20045852661133 124.19298028945923 1303.8189964294434 542.0062313079834 280.40094184875488 4414.7997379302979 1004.8010473251343 770.62179899215698 1212.025101184845 139.08481955528259 193.40114307403564 562.667160987854 129.18153405189514 54.22271990776062 524.0186595916748 682.78800868988037 178.41616106033325 306.40369081497192 392.5307240486145 53.150974988937378 268.44735097885132 301.55132913589478 204.74587965011597 181.25967407226562 165.36992168426514 103.63200902938843 116.51369667053223 167.93949890136719 837.91051816940308 247.22357749938965 118.61287498474121 1716.4047515392303 3317.5442736148834
leaf_count=23 27 37 85 29 11 22 64 10 34 36 77 65 21 12 19 29 19 26 35 16 49 44 13 39 34 19 18 22 22 19 23 152 20 20 649 1258
internal_value=0.00296037 0.0442086 -0.0695026 0.020576 -0.094328 0.0380655 0.000875088 0.0116106 0.0762323 0.0555607 0.0180691 0.0127427 -0.0265408 -0.0171865 0.0208189 -0.0142419 -0.0981923 0.00799776 0.0321061 -0.0218491 -0.0251101 -0.0180132 -0.0992827 -0.0182419 -0.0132288 -0.00874404 -0.0267734 -0.0404749 -0.0397999 -0.0410737 -0.0302848 -0.0421838 -0.00613249 -0.0412133 -0.0997515 -0.0997965
internal_weight=23942.9 15257.7 8685.2 8779.04 5504.47 4650.52 4128.52 2643.83 6478.71 2308.62 2263.05 1982.65 3180.73 1864.98 2341.9 253.375 5251.09 1096.44 1245.46 1671.58 1493.16 1021.39 5141.32 1484.69 1048.3 746.752 380.782 471.774 1315.75 1176.67 436.387 1060.16 572.424 956.523 5088.17 5033.95
internal_count=3098 634 2464 563 2002 187 376 197 71 58 152 142 462 228 129 40 1962 75 54 216 200 129 1939 179 117 83 45 71 234 213 62 194 49 172 1926 1907
is_linear=0
shrinkage=0.05


Tree=17
num_leaves=28
num_cat=0
split_feature=0 6 5 5 7 0 0 8 9 9 4 4 8 10 12 10 0 0 0 8 4 5 12 11 5 12 4
split_gain=25591 7319.25 1263.1 923.379 684.186 660.376 325.969 308.645 180.255 177.803 158.381 138.172 133.085 147.487 122.268 121.729 121.054 119.322 74.0254 61.5345 49.9934 37.6029 26.8887 24.4761 6.61483 0.831837 0.247957
threshold=2.4165992809636543 54.337617875789256 594.50000000000011 993.50000000000011 22.500000000000004 12.973805640906834 73.544559136644196 0.73551912568306022 26.077486531280698 24.331185618724245 9.086206896551726 7.4450549450549461 2.5615763546798038 4.7111111111111121 0.89378984671037032 8.4500000000000011 103.50562658177101 3.8491580746185559 8.9524132531403442 4.2175925925925934 14.833333333333334 886.00000000000011 2.8243277284463759 535.00000000000011 423.50000000000006 6.8650485938792398 1.7521929824561406
decision_type=10 10 10 10 10 10 10 8 10 10 8 8 8 8 8 10 10 10 10 8 10 10 8 8 10 10 8
left_child=4 2 7 16 14 12 9 10 -7 -5 -2 -6 13 -4 -1 18 23 -15 22 -20 24 -14 -9 -3 25 26 -16
right_child=1 3 5 6 11 8 -8 15 -10 -11 -12 -13 21 17 20 -17 -18 -19 19 -21 -22 -23 -24 -25 -26 -27 -28
leaf_value=-0.045264272769255688 -0.0064637932916778414 0.029249419238455306 -0.020882399444536272 0.074227901258529891 -0.053311246881658982 0.056498579064548464 0.080585237820543706 -0.020853958788209573 0.024655723153748102 0.04362836110383813 0.042748430533501955 0.01484626807438094 -0.036451334309237936 -0.010803118909242548 -0.096206603827403064 0.018144227671877313 0.052672910399962483 0.020565644618463368 -0.00069079678625666441 -0.02045383808293507 -0.051107260886743999 -0.0074523911336501691 -0.033332375047035491 0.014209305741388463 -0.084765561874019124 -0.093275178581764984 -0.099770857839052624
leaf_weight=108.57972359657288 351.74222993850708 528.49048566818237 329.59564399719238 814.04888343811035 150.84824848175049 1109.565990447998 4837.0708694458008 642.78649187088013 741.38758230209351 1138.9241666793823 305.48148345947266 146.64738702774048 184.71102714538574 367.27406024932861 49.307593822479248 196.27424049377441 439.2176570892334 1736.4881134033203 511.91490268707275 1708.0254378318787 54.108093500137329 283.15729904174805 1314.6593475341797 554.14895534515381 75.658363819122314 50.382482528686523 4697.3506731987
leaf_count=23 34 24 37 10 32 29 39 87 36 33 14 17 26 38 19 14 11 107 41 230 13 26 214 29 25 19 1871
internal_value=0.00286568 0.031235 0.00192359 0.0657344 -0.0933941 0.0204089 0.0736241 -0.0155377 0.0437441 0.056383 0.0164103 -0.0197137 0.00552125 0.010217 -0.0977472 -0.0203384 0.0305331 0.0150893 -0.0221465 -0.0158965 -0.0989039 -0.018901 -0.0292347 0.0215511 -0.0994346 -0.099666 -0.0997338
internal_weight=23427.8 18095 9783.06 8311.9 5332.88 4752.18 6790.04 5030.88 1850.95 1952.97 657.224 297.496 2901.23 2433.36 5035.39 4373.66 1521.86 2103.76 4177.39 2219.94 4926.81 467.868 1957.45 1082.64 4872.7 4797.04 4746.66
internal_count=3098 1079 933 146 2019 299 82 634 65 43 48 49 234 182 1970 586 64 145 572 271 1947 52 301 53 1934 1909 1890
is_linear=0
shrinkage=0.05


Tree=18
num_leaves=38
num_cat=0
split_feature=1 1 0 2 1 5 12 11 10 0 3 14 4 8 14 0 4 1 2 14 0 11 12 11 1 0 0 4 7 0 1 1 11 3 14 14 3
split_gain=24666 4210.89 3704.21 1032.52 1015.73 493.755 279.67 259.883 222.677 199.274 165.584 261.813 153.599 152.857 138.43 121.687 120.302 107.626 101.944 39.9983 61.4854 53.4046 36.2093 27.535 28.5083 37.1405 15.852 14.7738 14.3153 8.74195 6.05378 3.72241 2.69255 1.18711 0.211936 2.06682 1.81899e-12
threshold=30.092842042833656 362.50794526285614 1.0000000180025095e-35 1.0000000180025095e-35 90.102791333138143 1048.5000000000002 7.6411844561343978 1205.0000000000002 4.2029411764705893 17.751626263746669 2.4258241758241761 20.500000000000004 9.086206896551726 3.2792207792207795 78.500000000000014 188.55493235547749 5.4333333333333345 220.20599624991419 1.6687058693948467 33.500000000000007 3.1730281005565262 1075.0000000000002 2.0360896060690861 295.00000000000006 45.568808417428571 13.425462541976522 8.253375259545388 3.7370689655172415 24.500000000000004 9.5260482292982136 22.172146861622181 27.815539880215912 355.00000000000006 1.5458333333333336 4.5000000000000009 3.5000000000000004 3.4031250000000006
decision_type=10 10 10 8 10 10 8 10 8 10 8 10 10 8 10 10 10 10 10 8 10 10 10 10 10 10 10 8 10 10 10 10 10 8 8 10 10
left_child=2 4 3 -1 6 16 8 -3 26 -7 -10 -12 33 14 19 -9 17 22 -11 20 -4 -22 -6 24 -8 -26 -2 -21 30 -25 -15 32 -32 -5 35 -35 -36
right_child=1 7 13 12 5 9 23 15 10 18 11 -13 -14 28 -16 -17 -18 -19 -20 27 21 -23 -24 29 25 -27 -28 -29 -30 -31 31 -33 -34 34 36 -37 -38
leaf_value=0.011950190788516266 -0.034651660553817278 0.053880755724790869 0.0086215904986589233 -0.091978541179042181 -0.0025766578793877427 0.06891357689765025 -0.027541068061906954 0.070660711196758874 0.053010623842035878 0.02363347585727511 -0.011227307850253956 0.026104421878787018 -0.028370559671229079 -0.048440230973632814 0.026807997860330182 0.08667252413930826 0.037623901894041446 0.031499473007240979 0.052071490273640511 -0.045280237153042191 -0.025301403179471924 0.0069889358854317088 0.015625915452634077 -0.035481499881919204 0.0024845809005207197 -0.019197221130222861 -0.01416569078564632 -0.024290364894640794 -0.02016305980103866 -0.021266657375967765 -0.037092051773092244 -0.028626906579701229 -0.044696001322473915 -0.10000000000000001 -0.10000000000000001 -0.094722457299108942 -0.10000000000000001
leaf_weight=221.22027158737183 197.5299596786499 1371.8694744110107 221.78701281547546 49.563124179840088 770.64549446105957 971.28845977783203 229.24441862106323 2396.6358337402344 274.14089584350586 590.58330631256104 770.05763149261475 1203.8916397094727 76.752615213394165 131.53293585777283 180.93726062774658 2350.213996887207 630.14610195159912 500.43684196472168 675.69289207458496 166.1884560585022 854.72247457504272 150.61166858673096 423.26370620727539 176.80371046066284 427.76294851303101 366.94479513168335 180.92067623138428 169.16776466369629 119.17550754547119 278.58060455322266 908.00158500671387 116.06347751617432 133.5415563583374 1377.6789863109589 3010.9818649291992 214.38342499732971 65.193168640136719
leaf_count=19 27 29 23 19 63 17 36 30 10 25 77 65 18 28 10 12 24 20 16 26 118 13 22 23 41 47 18 22 15 32 165 19 23 576 1259 87 24
internal_value=0.00276985 0.0412909 -0.0669697 -0.0936615 0.018873 0.0351107 0.000831274 0.0730487 0.0106246 0.0518764 0.0165979 0.0115409 -0.0985344 -0.0244913 -0.0145947 0.0785883 0.018972 0.0120351 0.0388082 -0.0193891 -0.0152071 -0.0204639 0.0038765 -0.0165567 -0.0120075 -0.00752668 -0.0248582 -0.0346921 -0.0367428 -0.0267856 -0.0382755 -0.0371205 -0.038067 -0.0996759 -0.0997576 -0.0992893 -0.1
internal_weight=22954.2 14786.7 8167.5 5015.77 8667.93 4562.06 4105.88 6118.72 2626.54 2237.56 2248.09 1973.95 4794.55 3151.73 1743.41 4746.85 2324.49 1694.35 1266.28 1562.48 1227.12 1005.33 1193.91 1479.34 1023.95 794.708 378.451 335.356 1408.32 455.384 1289.14 1157.61 1041.54 4717.8 4668.24 1592.06 3076.18
internal_count=3098 634 2464 2002 563 187 376 71 197 58 152 142 1983 462 212 42 129 105 41 202 154 131 85 179 124 88 45 48 250 55 235 207 188 1965 1946 663 1283
is_linear=0
shrinkage=0.05


Tree=19
num_leaves=37
num_cat=0
split_feature=1 1 0 2 1 8 10 2 8 10 4 3 14 8 8 14 3 1 13 14 8 1 7 0 13 7 0 6 14 1 11 3 1 0 14 14
split_gain=22846.4 4002.95 3711.23 1016.62 928.603 395.95 272.366 244.545 224.175 196.137 158.405 156.941 210.41 153.232 139.855 125.368 77.0627 73.4028 62.4242 49.3154 54.2689 25.0568 21.2214 38.8912 14.9603 13.2413 8.73875 5.72982 5.32803 3.14158 1.87173 1.35661 1.35227 1.34546 0.244705 2.37445
threshold=30.092842042833656 362.50794526285614 1.0000000180025095e-35 1.0000000180025095e-35 90.102791333138143 0.69655220160620335 6.0227272727272743 9.6082771418698787 2.2247596153846159 4.0294117647058831 9.086206896551726 2.4258241758241761 20.500000000000004 1.1526841448189764 3.2792207792207795 78.500000000000014 3.8989898989898992 171.13249708563092 6.3484848484848486 22.500000000000004 0.69093567251461996 42.277024756294743 16.500000000000004 13.425462541976522 0.93218390804597717 24.500000000000004 7.578364708948091 23.70789205684774 11.500000000000002 27.815539880215912 345.00000000000006 1.5458333333333336 20.83880994715383 8.253375259545388 4.5000000000000009 3.5000000000000004
decision_type=10 10 10 8 10 10 10 8 8 8 10 8 10 10 8 10 8 10 10 8 10 10 10 10 10 10 10 10 8 10 10 8 10 10 8 10
left_child=2 4 3 -1 8 17 -3 13 9 26 31 -11 -13 16 15 18 -7 28 19 20 -4 33 23 -23 -21 27 -2 32 -6 30 -29 -5 -16 -10 35 -33
right_child=1 6 14 10 5 7 -8 -9 21 11 -12 12 -14 -15 25 -17 -18 -19 -20 24 -22 22 -24 -25 -26 -27 -28 29 -30 -31 -32 34 -34 -35 -36 -37
leaf_value=0.011360800316058198 -0.033719649577135545 0.055986648973827824 0.0035361635526758024 -0.091239593161651977 -0.00021329172925356932 0.026928643887189931 0.078797592570338762 0.056183723635989495 -0.024480194737389951 0.049696532337078353 -0.027061024938565492 -0.011301979659090002 0.022593314847574545 0.010162661396669888 -0.04821146650610398 0.025559515837417758 0.052212778699126029 0.021150923962823261 0.010343047223747168 -0.045335247726459083 -0.023024599609040963 0.003015994746209076 -0.022147090390083734 -0.018333457316086255 -0.026788152477876276 -0.019193955871754233 -0.017782239507646399 -0.035208050437253613 -0.0098914524720125803 -0.027307543078450871 -0.04201569473201245 -0.10000000000000001 -0.040424122551419535 -0.031174538044274759 -0.10000000000000001 -0.094213284974029199
leaf_weight=221.06626176834106 165.47972917556763 1941.7818908691406 266.93067169189453 47.518274545669556 270.21696853637695 577.31210994720459 4013.0755805969238 1598.7465524673462 202.13165187835693 285.72319412231445 76.451441049575806 727.34223318099976 1235.7438588142395 659.6901683807373 99.669650316238403 180.30332517623901 630.4746732711792 485.10055637359619 167.62788915634155 213.96243000030518 687.97229218482971 450.28542709350586 322.56597995758057 405.32950687408447 221.05255794525146 118.93930673599243 179.10270881652832 822.91718864440918 300.18524837493896 115.59978342056274 115.09025144577026 1310.4887735843658 126.50314092636108 119.39177846908569 2926.1482448577881 205.00269842147827
leaf_count=19 23 37 25 19 22 26 34 38 30 11 18 73 69 32 22 10 18 24 15 34 97 43 36 52 31 15 19 150 27 19 20 576 24 20 1283 87
internal_value=0.00267611 0.0398367 -0.0656567 -0.0933572 0.0180471 0.0336655 0.0713593 0.0418302 0.000793212 0.00969149 -0.0984276 0.015074 0.0100348 0.0295421 -0.0233833 -0.0139113 0.0401272 0.00685306 -0.0184805 -0.0219567 -0.0155999 -0.0145943 -0.0112181 -0.00709786 -0.0359106 -0.0351518 -0.0254359 -0.0366349 -0.00530661 -0.0350849 -0.0360433 -0.099643 -0.0438558 -0.026966 -0.0997329 -0.0992172
internal_weight=22492.9 14569.7 7923.24 4786.68 8614.82 4521.73 5954.86 3466.22 4093.1 2593.39 4565.61 2248.81 1963.09 1867.48 3136.57 1737.85 1207.79 1055.5 1557.55 1389.92 954.903 1499.7 1178.18 855.615 435.015 1398.72 344.582 1279.78 570.402 1053.61 938.007 4489.16 226.173 321.523 4441.64 1515.49
internal_count=3098 634 2464 2002 563 187 71 114 376 195 1983 153 142 76 462 212 44 73 202 187 122 181 131 95 65 250 42 235 49 189 170 1965 46 50 1946 663
is_linear=0
shrinkage=0.05


Tree=20
num_leaves=39
num_cat=0
split_feature=1 1 5 3 12 1 14 1 11 13 1 14 1 1 4 13 3 1 6 8 4 12 4 8 1 3 4 6 4 1 11 13 11 12 1 7 11 13
split_gain=20250.3 5262.11 1159.2 596.316 542.442 452.517 359.276 234.737 213.366 162.701 129.94 126.665 105.312 103.711 101.329 67.7923 81.0597 70.1045 65.3063 58.1531 57.1964 55.442 40.4389 33.9974 70.8855 45.8535 39.5406 29.5526 21.3441 19.9597 11.5687 9.61343 8.23518 7.36907 5.13348 4.21749 3.26338 0.875406
threshold=19.391648701111993 120.04308645058474 993.50000000000011 3.0242690058479536 1.5688652851197842 455.16629432323106 20.500000000000004 125.26191272245102 485.00000000000006 3.9687500000000004 49.350999194894527 49.500000000000007 1.0000000180025095e-35 215.67163340792612 2.0875959079283892 1.8169371196754567 2.3094202898550731 269.15699541628368 29.832166372961179 3.798277809147375 9.086206896551726 1.0211986681465042 2.1182497589199616 1.0132595714787498 27.094226881979388 14.614285714285716 32.750000000000007 26.894912908671262 2.8619047619047624 32.571503829923998 425.00000000000006 1.0408333333333337 285.00000000000006 1.0211986681465042 65.019615854543687 34.500000000000007 65.000000000000014 4.1125000000000007
decision_type=10 10 10 8 10 10 10 10 8 10 10 10 10 10 10 8 10 10 10 10 10 8 10 10 10 8 8 10 8 10 10 10 8 8 10 10 10 10
left_child=3 4 15 8 10 7 23 -4 22 11 21 18 20 -9 -13 16 -3 30 -8 -11 33 -2 -1 25 -25 27 -26 -6 -12 31 -17 -23 34 -5 -30 37 -31 -35
right_child=1 2 5 12 6 -7 9 13 -10 19 28 14 -14 -15 -16 17 -18 -19 -20 -21 -22 29 -24 24 26 -27 -28 -29 32 36 -32 -33 -34 35 -36 -37 -38 -39
leaf_value=-0.090614913389185051 -0.0032406248766290086 0.043518534570627376 0.073690579922987151 -0.078923853799315422 -0.0026165432925569026 0.074751787952497387 -0.01106507075436307 0.023897378338548571 0.009270490310087063 0.023897228535775472 0.008496517351199195 0.042434034989207427 -0.053565568177745028 0.047906150140276528 0.0091259616050201869 -0.0045115091615841223 0.017402864727844435 0.027179493101139231 0.019696300742471293 0.048895130198276293 -0.052943806662672226 -0.034000385523988479 -0.037740219209370152 -0.042576034663390938 -0.020883734412245294 0.007961568602666079 0.0070265802042666073 -0.024666823234858151 -0.019764274242373741 -0.01465830080172097 0.009043590538040297 -0.022100135594106465 -0.0039741567108545327 -0.099696549621925701 -0.009207059818603848 -0.084614400709594861 -0.023562623677835234 -0.092578249208537744
leaf_weight=96.938992023468018 220.27258920669556 593.78835773468018 623.88367652893066 44.178840637207031 295.01691436767578 3650.2592887878418 742.75130558013916 750.9272575378418 179.24447679519653 575.28101301193237 209.42914199829102 365.44872617721558 134.42240166664124 1121.7236042022705 608.58206462860107 316.76253604888916 594.72205352783203 508.86805534362793 224.74483633041382 390.62615203857422 67.789433240890503 1320.2268266677856 57.676318407058716 230.09007692337036 304.87269020080566 391.60172367095947 217.37692642211914 313.34378147125244 202.92782068252563 152.63504981994629 312.88196468353271 194.74299240112305 394.80843734741211 4097.9076611995697 266.19314956665039 47.351831674575806 315.77616882324219 43.651432752609253
leaf_count=36 23 19 8 15 30 34 74 30 20 34 16 17 29 27 41 23 27 19 13 13 18 238 13 38 35 35 18 39 25 20 18 28 39 1893 29 15 44 18
internal_value=-0.00160368 0.0247527 0.0521539 -0.0922951 -0.00450277 0.0635324 0.00645908 0.0471281 -0.0278535 0.0172374 -0.0200899 0.00889476 -0.0971459 0.0382787 0.0216229 0.0220977 0.0304504 0.0133782 -0.00391935 0.0340067 -0.098508 -0.0270386 -0.070891 -0.0114245 -0.0194537 -0.00538356 -0.00926657 -0.0139738 -0.00582395 -0.0296816 0.00222427 -0.0324707 -0.00929544 -0.0992376 -0.0137738 -0.0994519 -0.0206611 -0.0996215
internal_weight=21179.7 16410.6 8473.82 4769.16 7936.75 6146.79 4659.74 2496.53 333.86 2907.43 3277.01 1941.53 4435.3 1872.65 974.031 2327.02 1188.51 1138.51 967.496 965.907 4300.88 2203.65 154.615 1752.3 752.34 999.962 522.25 608.361 1073.36 1983.38 629.645 1514.97 863.929 4233.09 469.121 4188.91 468.411 4141.56
internal_count=3111 1054 205 2057 849 99 387 65 69 192 462 145 1988 57 58 106 46 60 87 47 1959 353 49 195 91 104 53 69 109 330 41 266 93 1941 54 1926 64 1911
is_linear=0
shrinkage=0.05


Tree=21
num_leaves=38
num_cat=0
split_feature=1 1 1 3 12 14 14 13 11 8 13 14 0 11 9 1 4 4 3 7 8 12 13 9 12 4 6 12 6 1 13 13 12 8 7 1 13
split_gain=19032.2 4856.77 1107.31 600.388 491.419 419.005 338.715 209.131 200.159 162.458 152.51 112.762 112.231 101.514 99.3924 98.0998 93.0296 60.9957 56.8235 55.1362 54.2618 50.5567 30.8558 30.1658 69.1236 27.2832 24.394 22.3551 13.7471 9.65172 8.58394 13.1472 8.2108 5.61345 4.75011 2.31723 1.00123
threshold=19.391648701111993 120.04308645058474 1018.9035863109681 3.0242690058479536 1.4348901529732121 51.500000000000007 20.500000000000004 2.1026315789473689 875.00000000000011 1.3021739130434786 3.9687500000000004 49.500000000000007 1.0000000180025095e-35 1275.0000000000002 30.491568019979312 32.967288957822028 2.0875959079283892 9.086206896551726 2.9638709677419359 8.5000000000000018 3.798277809147375 1.0211986681465042 7.0113636363636376 26.842343884387869 2.5006297229219148 2.4068965517241385 24.474185795250719 8.0161088911088942 27.113567930623685 88.147815114952223 1.2981481481481485 6.1129032258064528 1.0211986681465042 0.081813211392216326 34.500000000000007 72.662601462086641 4.1125000000000007
decision_type=10 10 10 8 10 8 10 8 8 10 10 10 10 10 10 10 10 10 10 10 10 8 10 10 10 10 10 8 10 10 8 8 8 10 10 10 10
left_child=3 4 5 8 15 7 22 13 19 -7 11 14 17 18 -8 21 -13 32 -3 -1 -12 -2 23 24 -6 -25 33 -9 -28 -30 -23 -32 -5 35 36 -17 -34
right_child=1 2 -4 12 6 9 10 27 -10 -11 20 16 -14 -15 -16 26 -18 -19 -20 -21 -22 30 -24 25 -26 -27 28 -29 29 -31 31 -33 34 -35 -36 -37 -38
leaf_value=-0.091709218355865166 -0.00084906245186387426 0.034014054289052346 0.077588221457134787 -0.077388719633071437 0.0073205707401305725 0.036311077797520422 -0.011017761673209336 0.015699476686532914 0.017588982888584802 0.06181217555684846 0.02276743087284951 0.040678835866867796 -0.051628433574831226 0.047050342576047358 0.026405995533480116 -0.017095278566146021 0.0086732784334844545 -0.051012014161672892 0.011897348768178863 -0.036901369992594593 0.047012721056685601 -0.041859065179253058 0.008178920109956557 -0.035691346351600192 -0.020490759706697084 -0.014675608649930212 0.0043958409733538947 4.5766272883391212e-05 -0.014826212548052414 -0.00083778581145690565 -0.01358550861847891 -0.031255773685269717 -0.099664790541243872 -0.025433014882242828 -0.083368859879514617 -0.009895451894607674 -0.091887547304041695
leaf_weight=81.952829599380493 152.91790676116943 697.44756984710693 2584.1257591247559 42.836942434310913 424.80470418930054 981.52446746826172 828.26957035064697 373.95431423187256 143.27906680107117 1717.1901226043701 573.67938947677612 362.24052381515503 132.54191374778748 898.2933874130249 225.78141593933105 355.2763409614563 608.33497381210327 66.86298942565918 497.63959121704102 104.27057981491089 386.07302141189575 163.33734130859375 183.08552932739258 220.39878845214844 471.28821659088135 516.00093078613281 280.81331729888916 584.67153453826904 314.68505001068115 202.76967811584473 115.38522005081177 1200.3147339820862 3899.261821269989 164.4489107131958 45.698610544204712 163.03929138183594 41.826915264129639
leaf_count=33 16 25 20 15 40 33 83 16 14 28 34 17 29 22 12 48 41 18 24 22 13 28 16 32 58 57 26 37 37 19 16 219 1893 19 15 18 18
internal_value=-0.00156433 0.0237655 0.0504013 -0.0918464 -0.00429054 0.0381847 0.00574398 0.0254935 -0.0268387 0.0525374 0.0161037 0.00832158 -0.0969114 0.0343505 -0.00300146 -0.0197629 0.0206185 -0.0983765 0.0248046 -0.0610211 0.0325204 -0.0282185 -0.011285 -0.0134679 -0.00730643 -0.0209655 -0.0104457 0.00615219 -0.00451108 -0.00934471 -0.0310482 -0.0297061 -0.0991625 -0.0173842 -0.0993964 -0.0148305 -0.0995823
internal_weight=20806.3 16247.8 8334.85 4558.53 7912.94 5750.72 4799.96 3052.01 329.502 2698.71 2984.38 2024.63 4229.03 2093.38 1054.05 3112.99 970.575 4096.49 1195.09 186.223 959.752 1631.96 1815.58 1632.49 896.093 736.4 1481.03 958.626 798.268 517.455 1479.04 1315.7 4029.62 682.765 3986.79 518.316 3941.09
internal_count=3111 1054 205 2057 849 185 403 124 69 61 200 153 1988 71 95 446 58 1959 49 55 47 279 203 187 98 89 167 53 82 56 263 235 1941 85 1926 66 1911
is_linear=0
shrinkage=0.05


Tree=22
num_leaves=32
num_cat=0
split_feature=1 1 1 2 12 14 14 2 0 1 3 13 4 3 0 11 11 3 4 12 0 13 7 2 13 0 10 13 12 14 14
split_gain=17884.9 4476.72 1079.99 781.83 446.155 392.732 253.485 212.992 188.864 135.681 125.356 117.843 80.1156 67.2824 61.666 61.5573 61.1258 54.8755 44.282 38.4025 56.4733 42.8443 30.8691 27.2511 11.0026 9.65281 6.96216 5.90362 5.28464 0.3762 3.47275
threshold=19.391648701111993 120.04308645058474 1018.9035863109681 0.99835740821116836 2.1971167016710806 51.500000000000007 20.500000000000004 2.333540242199954 1.0000000180025095e-35 32.514990230771595 3.1889880952380958 5.3750000000000009 7.3571964017991016 1.3203947368421056 3.8382484968083213 395.00000000000006 1395.0000000000002 7.5108695652173916 2.6419413919413923 2.5006297229219148 3.8473868217234481 2.2902930402930406 13.500000000000002 0.50052993767868947 0.65571120689655182 45.422999226450926 8.1666666666666679 1.4031250000000002 1.0464756281949747 4.5000000000000009 3.5000000000000004
decision_type=10 10 10 8 10 8 10 8 10 10 10 10 10 8 10 10 10 8 8 8 10 10 10 10 10 10 8 10 10 8 10
left_child=3 4 5 -1 9 7 19 16 15 14 -7 12 18 -11 22 29 -3 -9 -8 -6 -21 -22 -2 24 -15 -19 -25 28 -16 30 -5
right_child=1 2 -4 8 6 10 11 17 -10 13 -12 -13 -14 23 27 -17 -18 25 -20 20 21 -23 -24 26 -26 -27 -28 -29 -30 -31 -32
leaf_value=-0.00543362618401409 -0.023462584652711435 0.027170811050014794 0.075997096119989949 -0.10000000000000001 0.0087995400972468076 0.036622776361426912 0.030125245453605617 0.020060316974353145 -0.038721465324938538 0.021780024418845748 0.059047726526744532 0.033520383483837915 -0.011729559010890619 -0.011123457148997665 -0.029534598447574268 -0.062141834893446948 0.047105820355517622 -0.0043312235298436147 0.010094175573118286 -0.036113660971722215 -0.018602932813223619 0.0034796457783458894 0.0012733331532296631 -0.0055877456496507775 -0.023638079099315951 0.0073517177581828522 0.0066885356288780597 -0.020344830721247653 -0.038307729514249787 -0.10000000000000001 -0.092640145495775331
leaf_weight=249.47488975524902 227.22172975540161 749.24189376831055 2508.269718170166 1133.7081274986267 232.6709303855896 996.28161907196045 373.02440404891968 783.44647884368896 136.29336357116699 191.32110977172852 1664.1339311599731 774.53333806991577 338.71984386444092 1099.4502949714661 1186.7540111541748 112.61467313766479 789.96109390258789 394.62241268157959 1059.7146601676941 221.6286768913269 452.00946855545044 427.29053592681885 283.4841947555542 215.94270610809326 209.02077770233154 320.31263542175293 248.27566051483154 149.46367788314819 200.67648792266846 2539.5135880708694 186.66865110397339
leaf_count=27 33 29 20 578 21 32 21 33 29 13 29 37 30 130 216 36 19 27 75 36 51 38 29 19 24 16 21 22 33 1296 91
internal_value=-0.00152508 0.0228017 0.0486582 -0.0913771 -0.00408717 0.0366236 0.00800231 0.0243388 -0.0965953 -0.0157788 0.05065 0.0172522 0.0101393 -0.00638978 -0.0247845 -0.0985809 0.037402 0.0109197 0.0153094 -0.0096568 -0.0135574 -0.00787204 -0.0097321 -0.00943006 -0.0131226 0.000903089 0.000977918 -0.0297864 -0.0308035 -0.0996441 -0.0989595
internal_weight=20455.7 16097.5 8206.27 4358.27 7891.2 5698 3879.59 3037.58 4108.8 4011.61 2660.42 2545.99 1771.46 1964.01 2047.6 3972.51 1539.2 1498.38 1432.74 1333.6 1100.93 879.3 510.706 1772.69 1308.47 714.935 464.218 1536.89 1387.43 3859.89 1320.38
internal_count=3111 1054 205 2057 849 185 309 124 2030 540 61 163 126 207 333 2001 48 76 96 146 125 89 62 194 154 43 40 271 249 1965 669
is_linear=0
shrinkage=0.05


Tree=23
num_leaves=33
num_cat=0
split_feature=1 1 1 3 12 14 14 11 13 13 8 4 0 1 11 4 10 13 4 3 12 4 12 11 4 13 1 12 14 7 7 13
split_gain=16803.4 4121.14 1049.3 614.54 405.693 366.982 279.116 183.007 179.551 177.622 159.261 128.878 123.831 100.581 88.4001 82.6052 82.1905 113.629 69.554 51.6277 44.8184 43.096 41.9808 19.1662 17.6225 16.8888 10.6891 9.44992 7.66341 6.03688 5.84834 1.19401
threshold=19.391648701111993 120.04308645058474 1018.9035863109681 3.0242690058479536 1.5688652851197842 51.500000000000007 49.500000000000007 485.00000000000006 16.100000000000005 2.1026315789473689 1.3021739130434786 2.0875959079283892 1.0000000180025095e-35 49.350999194894527 1275.0000000000002 9.5357142857142865 4.896405919661734 3.8786764705882359 9.086206896551726 2.9638709677419359 1.0211986681465042 2.1182497589199616 2.8243277284463759 775.00000000000011 2.8619047619047624 1.4031250000000002 26.806556564306877 1.0211986681465042 5.5000000000000009 35.500000000000007 11.500000000000002 4.1125000000000007
decision_type=10 10 10 8 10 8 10 8 10 8 10 10 10 10 10 10 10 8 10 10 8 10 10 8 8 10 10 8 10 10 10 10
left_child=3 4 5 7 13 9 8 21 16 14 -7 -8 18 20 19 -13 22 -18 27 -3 -2 -1 -6 -11 -15 26 -22 -5 -26 31 -30 -29
right_child=1 2 -4 12 6 10 11 -9 -10 23 -12 15 -14 24 -16 -17 17 -19 -20 -21 25 -23 -24 -25 28 -27 -28 29 30 -31 -32 -33
leaf_value=-0.088656441020905807 -0.0021894121991009566 0.031413210800453062 0.074344954351299411 -0.074916556732151418 -0.0038109931173914225 0.032635747759258656 0.042894242303194309 0.0093972554924716938 0.036631427191607481 0.010919534868758116 0.058170273213158367 -0.00092995411431199485 -0.048424930616738138 0.0081504926700274854 0.043485319217302282 0.031471952917500982 -0.0050629914466479107 0.029064396719689196 -0.04671034946563471 0.010275810691527464 -0.032015658721186904 -0.032309861739777061 -0.019966019152211328 -0.0036801746751313454 4.7910871832040054e-05 -0.012363389157313566 -0.024147868208580905 -0.099592752237726831 -0.014930103228470167 -0.080158333965967762 -0.0053062717564878389 -0.090732968079699799
leaf_weight=86.764177799224854 219.95790338516235 690.63976955413818 2437.6300201416016 40.247703075408936 682.0042839050293 966.21932315826416 561.05471134185791 178.18438363075256 269.92680072784424 597.3167028427124 1659.3916854858398 499.65653705596924 129.83614540100098 208.86563920974731 879.68193244934082 324.41346454620361 980.14388132095337 324.70866012573242 64.696477890014648 496.59959316253662 764.48397159576416 55.731934309005737 979.96904468536377 360.44632148742676 218.79557514190674 203.69009065628052 991.68100833892822 3533.4458675384521 366.39866304397583 40.814618110656738 277.36249923706055 38.441504716873169
leaf_count=36 23 25 20 15 75 33 23 20 14 33 28 36 29 16 22 16 90 18 18 24 144 13 115 20 22 28 158 1894 43 14 28 18
internal_value=-0.00148627 0.0218589 0.0469259 -0.0908813 -0.00389207 0.0350969 0.00562734 -0.0243808 -0.00241056 0.0232247 0.0487736 0.0244103 -0.096424 -0.0174246 0.0314726 0.0118258 -0.00596267 0.00342951 -0.0981003 0.0225718 -0.0235902 -0.0666186 -0.0133367 0.00542505 -0.0048807 -0.0259921 -0.0275728 -0.0990105 -0.00803616 -0.0992789 -0.0107837 -0.0994974
internal_weight=20129.2 15961 8087.93 4168.16 7873.11 5650.3 4621.88 320.68 3236.75 3024.68 2625.61 1385.12 3847.48 3251.24 2066.92 824.07 2966.83 1304.85 3717.65 1187.24 2179.81 142.496 1661.97 957.763 1071.42 1959.86 1756.16 3652.95 862.557 3612.7 643.761 3571.89
internal_count=3111 1054 205 2057 849 185 387 69 312 124 61 75 1988 462 71 52 298 108 1959 49 353 49 190 53 109 330 302 1941 93 1926 71 1912
is_linear=0
shrinkage=0.05


Tree=24
num_leaves=35
num_cat=0
split_feature=1 1 1 2 5 12 8 14 0 2 2 1 8 6 3 5 11 1 3 0 5 8 0 4 7 1 2 1 12 0 6 14 14 5
split_gain=15785.6 3789.15 1015.04 785.612 416.869 368.492 233.41 212.712 205.794 131.597 121.135 115.226 104.075 73.0557 158.263 79.3562 70.7008 66.876 57.2364 52.3054 45.6628 34.6939 54.4239 34.9525 27.3287 24.349 23.4386 9.43584 6.50614 6.44648 5.29621 0.50232 4.5872 9.00178
threshold=19.391648701111993 120.04308645058474 1018.9035863109681 0.99835740821116836 1048.5000000000002 2.1971167016710806 0.98927939876215754 20.500000000000004 1.0000000180025095e-35 2.333540242199954 7.8713448941789119 32.514990230771595 4.7596153846153859 27.1393674668556 5.1042780748663104 674.50000000000011 395.00000000000006 220.20599624991419 1.3203947368421056 3.8382484968083213 575.50000000000011 1.0132595714787498 3.8709114951194445 7.866666666666668 13.500000000000002 30.642957434300875 0.50052993767868947 49.350999194894527 1.0464756281949747 5.4150187801396497 29.287811848264603 4.5000000000000009 3.5000000000000004 19.500000000000004
decision_type=10 10 10 8 10 10 10 10 10 8 8 10 10 10 8 10 10 10 8 10 10 10 10 10 10 10 10 10 10 10 10 8 10 10
left_child=3 5 4 -1 9 11 -6 21 16 -3 -8 19 13 15 -15 -9 31 20 -13 24 -11 25 -23 -24 -2 -7 27 -20 29 -21 -28 32 -5 -34
right_child=1 2 -4 8 6 7 10 12 -10 17 -12 18 -14 14 -16 -17 -18 -19 26 28 -22 22 23 -25 -26 -27 30 -29 -30 -31 -32 -33 33 -35
leaf_value=-0.0041345035495467678 -0.021778083992009485 0.031221978380136618 0.072635847751502572 -0.10000000000000001 0.020894661019028295 0.01250766570975871 0.040780280602103147 -0.0014413212179377696 -0.035282549303290694 0.0071945008210583319 0.062960378075248971 0.020370571055563107 0.038545570515295072 0.023454532527930949 -0.026896200772269285 0.024458547571636707 -0.058483712348849116 0.019409049930577772 -0.017933226702457679 -0.020251016000017819 -0.018549148385274765 -0.037947752302237875 0.0024809051277848975 -0.025066153664947119 0.0015277282998819998 -0.0079200354559626814 -0.0040411188517448533 -0.0089209293833021515 -0.035267715252141972 -0.028135427957118705 0.0066473419604025936 -0.10000000000000001 -0.10000000000000001 -0.076275520500097768
leaf_weight=247.74047374725342 226.19021701812744 1027.1869974136353 2371.9328651428223 1026.7669408321381 750.57505416870117 233.02986145019531 1143.2861566543579 407.86727094650269 134.21671152114868 439.58036613464355 1333.6535081863403 190.11334419250488 420.1857795715332 296.71126890182495 329.24337530136108 1075.9075527191162 107.95020270347595 628.3195915222168 435.95582056045532 356.87558841705322 283.2401819229126 208.01968812942505 317.81579399108887 180.57846307754517 283.36834526062012 390.03521156311035 238.45966863632202 870.09885454177856 220.34097957611084 947.74189853668213 225.49383878707886 2299.7853608131409 107.24309647083282 63.75096321105957
leaf_count=27 33 36 20 578 27 22 29 39 29 27 20 13 18 16 32 58 36 26 61 58 20 35 30 21 29 38 23 93 36 177 17 1296 60 31
internal_value=-0.00144742 0.020947 0.0452176 -0.0903623 0.0336164 -0.00370603 0.0453209 0.00731233 -0.0960745 0.0177329 0.0527227 -0.0143513 0.0158216 0.0112958 -0.00302925 0.0173391 -0.0983375 0.00747797 -0.00569974 -0.0226866 -0.00289325 -0.00888036 -0.016466 -0.00749996 -0.00881759 -0.00027996 -0.0084999 -0.0119292 -0.0273208 -0.0259787 0.00115376 -0.0995676 -0.0987373 -0.0911549
internal_weight=19819.3 15831.8 7977.77 3987.45 5605.84 7854.03 3227.51 3859.39 3739.71 2378.33 2476.94 3994.64 2529.92 2109.73 625.955 1483.77 3605.5 1351.14 1960.12 2034.52 722.821 1329.48 706.414 498.394 509.559 623.065 1770.01 1306.05 1524.96 1304.62 463.954 3497.55 1197.76 170.994
internal_count=3111 1054 205 2057 185 849 76 309 2030 109 49 540 163 145 48 97 2001 73 207 333 47 146 86 51 62 60 194 154 271 235 40 1965 669 91
is_linear=0
shrinkage=0.05


Tree=25
num_leaves=27
num_cat=0
split_feature=1 1 2 1 1 8 10 3 5 5 0 3 5 5 1 2 0 4 4 8 4 7 14 14 5 5
split_gain=15763 4665.27 808.66 735.255 493.313 390.225 248.463 266.232 209.384 196.157 116.773 105.349 99.4067 97.5802 89.033 77.4529 63.4496 61.3359 55.7178 47.0682 40.4676 22.6483 0.571925 5.62234 12.5733 4.54747e-13
threshold=14.243015323688331 220.20599624991419 0.99835740821116836 78.909881605060505 672.0594885548951 2.1889880952380958 6.1833333333333345 2.7979591836734699 1268.0000000000002 886.00000000000011 1.0000000180025095e-35 0.80536130536130546 1379.5000000000002 1017.5000000000001 49.350999194894527 2.2148237768469574 4.552493423077653 6.9687500000000009 5.5131578947368434 1.0412414965986396 2.7473404255319154 18.500000000000004 4.5000000000000009 3.5000000000000004 19.500000000000004 40.500000000000007
decision_type=10 10 8 10 10 10 10 10 10 10 10 8 10 10 10 10 10 10 10 10 10 10 8 10 10 10
left_child=2 3 -1 6 9 8 11 -8 18 -3 20 -2 17 14 -13 -11 -15 -9 19 -5 22 -22 23 25 -25 -4
right_child=1 4 10 5 -6 -7 7 12 -10 15 -12 13 -14 16 -16 -17 -18 -19 -20 -21 21 -23 -24 24 -26 -27
leaf_value=0.0012437223785897258 0.026572732864125093 0.021512521444001485 -0.10000000000000001 -0.0011816915350255552 0.068703259050046137 0.044946789178997887 0.048654119016407343 -0.027728233127964713 0.028752137655746603 0.039641913338667609 -0.037853886643230396 -0.021698770237285954 0.022072188583532059 0.020388977285382248 -0.0047838354589748314 0.05800037840589374 -0.01430222238988535 0.0022502491668716647 -0.018238968514260427 0.020605586402789332 -0.089667953656351218 -0.044919819162150564 -0.10000000000000001 -0.10000000000000001 -0.069665132455422191 -0.10000000000000001
leaf_weight=222.1990647315979 154.27115058898926 902.99877071380615 817.66333281993866 1146.4104995727539 3350.9472980499268 1030.7433376312256 336.58720254898071 354.12782096862793 887.1343936920166 1125.3161907196045 81.203875303268433 3399.8152713775635 280.35646867752075 293.78269004821777 1008.7758326530457 1173.7836742401123 239.05640745162964 329.26543521881104 367.88918399810791 316.28199672698975 61.884968280792236 52.066759586334229 2179.0682431459427 100.31363093852997 51.796970963478088 165.47423756122589
leaf_count=23 11 36 485 86 33 29 14 40 34 26 20 531 16 20 103 19 22 29 27 16 31 16 1288 59 25 97
internal_value=0.00164653 0.0224095 -0.0912583 0.00116781 0.0552928 0.0187512 -0.00913711 0.0103712 0.00881607 0.041259 -0.0971149 -0.0141153 -0.00299904 -0.0153856 -0.0178283 0.0490147 0.00482489 -0.0132843 -0.000845331 0.00352943 -0.0985186 -0.0692217 -0.0995259 -0.0986159 -0.0896703 -0.1
internal_weight=20429.2 16697.5 3731.67 10144.5 6553.05 3748.46 6396.04 1300.34 2717.72 3202.1 3509.47 5095.7 963.75 4941.43 4408.59 2299.1 532.839 683.393 1830.58 1462.69 3428.27 113.952 3314.32 1135.25 152.111 983.138
internal_count=3136 1092 2044 978 114 192 786 99 163 81 2021 687 85 676 634 45 42 69 129 102 2001 47 1954 666 84 582
is_linear=0
shrinkage=0.05


Tree=26
num_leaves=26
num_cat=0
split_feature=1 1 2 1 1 13 8 13 2 5 1 0 1 13 13 3 4 12 13 8 7 7 5 5 3
split_gain=14799.3 4311.8 801.765 706.184 442.155 354.983 220.922 218.338 184.751 151.344 127.637 121.693 66.5929 58.5199 57.9454 120.331 43.7278 42.2377 62.8067 38.9243 23.0111 17.807 0.367106 14.9586 1.81899e-12
threshold=14.243015323688331 243.41085065393938 0.99835740821116836 78.909881605060505 672.0594885548951 5.3750000000000009 0.53112890725910622 0.44671201814058964 1.6085377644738308 1017.5000000000001 48.738679723598217 1.0000000180025095e-35 20.564063078783693 1.5540935672514622 0.75181159420289867 10.512500000000001 2.7473404255319154 7.1861471861471875 1.2803571428571432 1.0042372881355934 18.500000000000004 21.500000000000004 20.500000000000004 19.500000000000004 2.8541666666666674
decision_type=10 8 8 10 10 10 8 8 10 10 10 10 10 10 8 8 10 8 10 8 10 10 8 10 10
left_child=2 3 -1 6 8 7 -2 -5 19 10 12 16 -8 -12 -11 -16 22 18 -9 -3 -18 -19 23 -4 -24
right_child=1 4 11 5 -6 -7 9 17 -10 14 13 -13 -14 -15 15 -17 20 21 -20 -21 -22 -23 24 -25 -26
leaf_value=0.0011815456218559658 0.024034988986080266 0.034378348221992427 -0.10000000000000001 0.042260694598575427 0.066846448121034033 0.047351603613637716 0.016954893283831204 -0.00052747570938003227 0.050527233642261776 0.024463962881537526 -0.011176817026228478 -0.036220894426695169 -0.02222105560089992 0.007971764967127079 -0.02432999054981692 0.017189425234385471 -0.088753199479434483 0.00053778045400071437 0.017948622043122277 0.016497489628829767 -0.043109056986809058 -0.015464835014755207 -0.10000000000000001 -0.075934443460241599 -0.10000000000000001
leaf_weight=222.19738960266113 476.86936950683594 597.18474578857422 1438.9091807603836 459.49987316131592 3273.8244190216064 828.26362895965576 112.41955757141113 891.08397102355957 1783.855920791626 305.51877927780151 1044.9132061004639 80.636594533920288 3091.3708109855652 645.46882486343384 318.89762496948242 385.4128270149231 59.458460450172424 510.85266208648682 950.70940971374512 620.69957065582275 51.55454957485199 263.51031112670898 1610.4655699729919 67.604894280433655 36.996066927909851
leaf_count=23 33 16 898 15 33 23 12 51 35 18 121 20 494 50 32 26 31 43 47 24 16 19 999 37 20
internal_value=0.00157649 0.0214766 -0.0907916 0.00154725 0.0541381 0.0182975 -0.00870081 0.0104733 0.0402778 -0.0113449 -0.0149812 -0.0969 -0.0208464 -0.00386497 0.00627873 -0.00160973 -0.0983986 0.00489018 0.00900964 0.0252653 -0.067556 -0.0049078 -0.0994842 -0.0989201 -0.1
internal_weight=20128.2 16560.4 3567.82 10284.8 6275.56 3903.92 6380.87 3075.66 3001.74 5904 4894.17 3345.63 3203.79 1690.38 1009.83 704.31 3264.99 2616.16 1841.79 1217.88 111.013 774.363 3153.98 1506.51 1647.46
internal_count=3136 1092 2044 984 108 198 786 175 75 753 677 2021 506 171 76 58 2001 160 98 40 47 62 1954 935 1019
is_linear=0
shrinkage=0.05


Tree=27
num_leaves=29
num_cat=0
split_feature=1 1 2 1 11 14 1 10 3 9 2 2 1 12 5 12 13 5 5 1 11 7 12 14 13 14 14 3
split_gain=13892.6 3982.34 794.625 601.463 462.925 344.199 215.441 203.667 224.859 199.828 150.717 135.156 126.501 118.556 92.9489 100.795 88.2296 118.846 80.8273 51.7814 42.1813 36.8721 32.8471 20.6432 5.78358 0.728627 7.28665 9.09495e-13
threshold=14.243015323688331 220.20599624991419 0.99835740821116836 73.377498750388625 1235.0000000000002 54.500000000000007 1319.8845264883423 6.1833333333333345 2.5700280112044824 26.842343884387869 3.9961928180555124 3.6480263481806587 1.0000000180025095e-35 0.88314735805710554 594.50000000000011 2.4907981511752442 3.8120393120393126 1145.5000000000002 1268.0000000000002 33.740389770366804 415.00000000000006 20.500000000000004 11.421383647798743 28.500000000000004 4.9500000000000011 4.5000000000000009 3.5000000000000004 7.5108695652173916
decision_type=10 10 8 10 10 8 10 10 8 10 8 10 10 8 10 10 10 10 10 10 8 10 8 10 10 8 10 8
left_child=2 3 -1 7 10 18 11 13 -9 -7 -3 -6 21 -2 19 -16 17 -10 20 -15 22 24 -5 -22 25 26 -4 -27
right_child=1 4 12 5 6 9 -8 8 16 -11 -12 -13 -14 14 15 -17 -18 -19 -20 -21 23 -23 -24 -25 -26 27 -28 -29
leaf_value=0.0011224750550684708 0.021430410901632408 0.043446668963741962 -0.10000000000000001 0.017260154936133365 0.042004648739554798 0.052423150516483358 0.074394241342998477 0.046694155765207045 -0.032827939979216576 0.014985496979710073 0.015164501292790906 0.064457770616110771 -0.034637235597934864 -0.023354477129889972 -0.024375984100746845 0.0056199129872597326 0.019710116497051098 0.01075970521088878 0.021806462156877718 -0.010296810337309371 -0.012408292603528662 -0.066759613437399015 -0.0031082469280534781 0.0020141964264031079 -0.0779802001774689 -0.10000000000000001 -0.087576852382224318 -0.10000000000000001
leaf_weight=222.19587755203247 237.82411766052246 1073.1708889007568 892.2135853767395 462.12749004364014 1544.9639415740967 806.74825477600098 1706.6012649536133 307.45467042922974 347.60644912719727 638.56212329864502 839.59246921539307 1183.7551612854004 80.120832681655884 2314.2694330215454 402.13965320587158 922.56129884719849 300.01802158355713 284.28163051605225 550.27971839904785 1129.952211856842 626.73302841186523 90.15816605091095 346.22950172424316 410.68340492248535 31.746934533119202 58.383396029472351 136.02895891666412 1901.2816898822784
leaf_count=23 18 24 584 25 32 21 12 13 44 30 32 14 20 399 56 74 19 20 23 133 48 36 30 25 17 36 82 1246
internal_value=0.00150749 0.0205677 -0.0903017 0.00104333 0.051593 0.0166118 0.0604599 -0.00853128 0.00961569 0.0358826 0.0310324 0.0517451 -0.0966699 -0.0130234 -0.0147415 -0.00348595 -0.00261725 -0.0132182 0.00498753 -0.0190706 -2.66904e-05 -0.0982681 0.00853611 -0.00669884 -0.0992089 -0.0994344 -0.0983565 -0.1
internal_weight=19847.7 16435.6 3412.13 10087.5 6348.08 3841.36 4435.32 6246.11 1239.36 1445.31 1912.76 2728.72 3189.93 5006.75 4768.92 1324.7 931.906 631.888 2396.05 3444.22 1845.77 3109.81 808.357 1037.42 3019.65 2987.91 1028.24 1959.67
internal_count=3136 1092 2044 978 114 202 58 776 96 51 56 46 2021 680 662 130 83 64 151 532 128 2001 55 73 1965 1948 666 1282
is_linear=0
shrinkage=0.05


Tree=28
num_leaves=29
num_cat=0
split_feature=1 1 2 1 1 8 11 10 10 0 10 14 14 5 7 2 1 4 8 9 4 7 1 14 14 5 4 5
split_gain=13039.9 3670.46 787.022 546.301 454.198 333.648 209.505 192.715 190.745 131.123 126.633 87.9901 80.0081 77.0122 100.633 55.2145 65.0397 51.9187 45.2076 56.2 37.8376 33.3139 29.2153 0.834966 8.00539 16.9566 9.09495e-13 4.54747e-13
threshold=14.243015323688331 220.20599624991419 0.99835740821116836 78.909881605060505 672.0594885548951 2.1889880952380958 1380.0000000000002 6.1833333333333345 3.9160839160839163 1.0000000180025095e-35 7.5894736842105273 49.500000000000007 1.0000000180025095e-35 594.50000000000011 27.500000000000004 2.9922479677235185 174.17426924823889 2.7473404255319154 1.3563492063492066 26.967605961939288 4.0241935483870979 19.500000000000004 32.967288957822028 4.5000000000000009 3.5000000000000004 19.500000000000004 1.7735042735042736 125.50000000000001
decision_type=10 10 8 10 10 10 8 10 8 10 10 10 8 10 10 8 10 10 10 10 10 10 10 8 10 10 8 10
left_child=2 3 -1 7 6 8 11 12 -5 17 -9 -3 -2 22 -15 20 -17 23 19 -12 -10 -19 -14 24 27 -26 -25 -4
right_child=1 4 9 5 -6 -7 -8 10 15 -11 18 -13 13 14 -16 16 -18 21 -20 -21 -22 -23 -24 26 25 -27 -28 -29
leaf_value=0.0010663583978497212 0.013467468194960178 0.010472210382720072 -0.10000000000000001 0.03631314312724284 0.063208891460815028 0.040886864240249621 0.047969144982977552 0.031712241630598124 0.00085980559179023048 -0.033104108096714602 -0.027531579808288784 0.035638363597359946 -0.021078048829670876 0.012607797487533779 -0.015483562896227453 -0.012926389552774482 0.013247839717885249 -0.087920271255754051 0.010749426271550622 0.0075941785143927576 0.020270720900757527 -0.031013927519913644 -0.011495655986804902 -0.10000000000000001 -0.10000000000000001 -0.062853932675800805 -0.10000000000000001 -0.10000000000000001
leaf_weight=222.19451141357422 284.6512246131897 764.11657810211182 799.59825849533081 463.4130163192749 3136.4984226226807 1002.7294893264771 1716.5526905059814 425.22015571594238 550.26666736602783 79.652203559875488 261.7643518447876 636.77189445495605 2253.6358923912048 558.01363706588745 743.73853731155396 904.94315910339355 321.7169885635376 60.171547293663025 396.43715000152588 201.55576038360596 461.70973682403564 44.916549563407898 1229.3244738578796 38.77833354473114 86.878724575042725 47.529936790466309 1838.0833393335342 46.779959440231323
leaf_count=23 31 32 551 18 33 29 32 24 33 20 29 17 382 48 80 73 16 34 30 16 23 13 146 24 59 25 1264 31
internal_value=0.00144151 0.0196961 -0.0897764 0.000995334 0.0497753 0.0162555 0.0362596 -0.00790184 0.00711486 -0.0964109 0.00939318 0.0219115 -0.0122858 -0.0138179 -0.00344182 0.00107062 -0.00606166 -0.0981129 -0.00164542 -0.012251 0.00971595 -0.0635975 -0.0176959 -0.0993822 -0.0981999 -0.0868643 -0.1 -0.1
internal_weight=19577.6 16313.1 3264.58 10059.1 6253.94 3704.78 3117.44 6354.34 2702.05 3042.39 1284.98 1400.89 5069.36 4784.71 1301.75 2238.64 1226.66 2962.74 859.757 463.32 1011.98 105.088 3482.96 2857.65 980.787 134.409 1876.86 846.378
internal_count=3136 1092 2044 978 114 192 81 786 163 2021 99 49 687 656 128 145 89 2001 75 45 56 47 528 1954 666 84 1288 582
is_linear=0
shrinkage=0.05


Tree=29
num_leaves=36
num_cat=0
split_feature=0 1 3 1 1 4 14 8 13 0 10 3 5 3 8 4 8 1 0 12 4 10 12 13 13 0 5 5 1 1 14 14 5 12 5
split_gain=12241.1 3392.27 612.027 535.221 427.514 332.678 266.377 184.612 177.231 189.419 127.771 325.215 154.572 92.0247 82.0689 80.4292 150.833 71.2748 55.6079 55.292 85.9776 51.1149 41.16 19.668 17.3392 14.0777 14.007 10.4935 5.54041 3.11329 1.26779 8.62825 20.0518 1.21433 9.09495e-13
threshold=2.4165992809636543 243.41085065393938 26.833333333333336 90.102791333138143 1436.8579884592857 25.625000000000004 50.500000000000007 3.2462121212121215 0.44671201814058964 13.979785216063357 6.1833333333333345 1.5458333333333336 1379.5000000000002 4.8793604651162799 1.8084507042253524 8.0789473684210531 0.6024691358024693 41.095488740030767 1.590682478226479 2.3692047200111719 2.7182539682539688 5.2546296296296306 0.98948440691528583 6.3484848484848486 3.4305555555555558 12.973805640906834 423.50000000000006 502.00000000000006 22.228741694528548 65.019615854543687 4.5000000000000009 3.5000000000000004 19.500000000000004 1.2563802756728804 277.50000000000006
decision_type=10 10 8 10 10 10 8 8 8 10 8 8 10 10 10 8 10 10 10 10 10 10 10 10 10 10 10 10 10 10 8 10 10 8 10
left_child=2 3 15 7 6 8 21 10 -5 -10 19 -12 -13 -8 -11 16 -1 23 24 22 -21 -3 -2 28 30 26 -19 -18 -9 -27 31 33 -33 -4 -32
right_child=1 4 18 5 -6 -7 13 17 9 14 11 12 -14 -15 -16 -17 27 25 -20 20 -22 -23 -24 -25 -26 29 -28 -29 -30 -31 34 32 -34 -35 -36
leaf_value=-0.0022448947588071238 0.00023628590994128801 0.016750630183304579 -0.089632691149282795 0.040110499894772715 0.070950814249935587 0.053283039561521139 0.042431731759204228 -0.032278861575845905 0.03675300007686573 0.0035057841540723231 0.062204270729449042 -0.0047289387039854119 0.029602998374092276 0.061163140653532115 -0.024229889609684037 0.0087307505011510675 -0.092423018663881501 0.0054754941707963979 -0.033500049394891894 0.014116595238862707 -0.023648887582071048 0.033824218845073237 -0.027913303450496758 -0.04234447960208991 -0.068764832618584099 -0.015235680278174964 -0.010364344100303423 -0.065876512343999633 -0.020695031402304151 -0.0074788711106412303 -0.10000000000000001 -0.10000000000000001 -0.058031833760096976 -0.10000000000000001 -0.10000000000000001
leaf_weight=122.65405476093292 168.09584665298462 853.8258638381958 29.319004893302917 432.89392471313477 1579.4677391052246 543.29997539520264 1503.2833404541016 110.9475998878479 402.42157459259033 1726.3158483505249 239.16275072097778 1961.3368039131165 393.6500940322876 1162.9492511749268 315.44689846038818 99.166682124137878 61.62300968170166 327.00094890594482 33.147953748703003 369.28111124038696 254.62145185470581 900.90419006347656 570.88101673126221 121.83655691146851 47.651437878608704 358.8151273727417 243.49165678024292 94.02726674079895 1482.6301283836365 202.28462219238281 1658.1350092887878 82.641600489616394 43.41188371181488 771.11695790290833 60.672195315361023
leaf_count=17 17 31 17 14 12 12 30 25 14 106 7 197 20 14 19 19 38 32 8 29 32 21 83 19 22 49 26 31 266 23 1204 59 23 559 41
internal_value=0.00137578 0.0187787 -0.0896034 0.00126425 0.0486224 0.017399 0.0406452 -0.00684669 0.0106228 0.00540018 0.000139283 0.00665155 0.00100985 0.0506019 -0.000779303 -0.0299337 -0.0437108 -0.0165564 -0.0978656 -0.0122564 -0.00129591 0.0255165 -0.0215101 -0.0229819 -0.0986579 -0.00681588 -0.0012851 -0.0763865 -0.0215015 -0.0124392 -0.0991964 -0.0977055 -0.0855465 -0.0996203 -0.1
internal_weight=19328.4 16224.8 3103.57 10224.4 6000.43 3420.38 4420.96 6804.04 2877.08 2444.18 3957.03 2594.15 2354.99 2666.23 2041.76 377.471 278.304 2847.01 2726.1 1362.88 623.903 1754.73 738.977 1715.41 2692.95 1131.59 570.493 155.65 1593.58 561.1 2645.3 926.489 126.053 800.436 1718.81
internal_count=3136 1098 2038 990 108 165 96 825 153 139 385 224 217 44 125 105 86 440 1933 161 61 52 100 310 1925 130 58 69 291 72 1903 658 82 576 1245
is_linear=0
shrinkage=0.05


Tree=30
num_leaves=29
num_cat=0
split_feature=1 1 1 2 0 4 5 1 13 3 1 8 13 12 14 5 8 14 0 3 8 13 4 1 13 14 14 3
split_gain=10882.5 2456.09 711.023 706.431 348.739 285.39 245.009 207.145 127.725 117.708 117.615 108.082 104.502 109.417 159.965 105.15 96.5196 87.3673 58.4697 35.4936 29.4795 23.6101 20.9298 17.9771 17.2254 1.0987 9.59012 9.09495e-13
threshold=11.122257846303857 120.04308645058474 539.80889766905284 1.0000000180025095e-35 17.751626263746669 9.086206896551726 674.50000000000011 167.22928650420781 2.2902930402930406 1.2899159663865549 53.895278127555635 1.1437177280550777 16.100000000000005 1.6987565647204204 49.500000000000007 1640.0000000000002 1.799441340782123 21.500000000000004 1.0000000180025095e-35 3.1010101010101017 0.57674982674982689 1.6384065372829422 14.833333333333334 82.964917467571084 0.66496598639455795 4.5000000000000009 3.5000000000000004 3.6201923076923079
decision_type=10 10 10 8 10 10 10 10 10 8 10 10 10 8 10 10 8 8 10 10 8 8 10 10 10 8 10 10
left_child=3 6 4 -1 -3 18 9 17 16 -2 22 -4 13 -8 15 -15 -9 -6 20 23 -5 -16 24 -12 -11 26 -22 -27
right_child=1 2 11 5 7 -7 12 8 -10 10 19 -13 -14 14 21 -17 -18 -19 -20 -21 25 -23 -24 -25 -26 27 -28 -29
leaf_value=0.0018340844536200653 0.014518961053762786 0.056411863795924749 0.044410344593162981 -0.055459470467514552 0.010745479360020193 0.00075936538677717053 0.034516084579237112 0.024657599491447472 0.041205296490134664 -0.02044460208208896 -0.009341945080323294 0.062432163720797067 0.035757354188479223 -0.017049716819947887 0.025108976959567292 0.018481792211944414 0.0027245231431594647 -0.02147811198854312 -0.034005535934706795 0.017623708303685929 -0.10000000000000001 0.0092168422560875117 -0.038370892760804562 0.0033929010755714764 -0.012428141140625071 -0.10000000000000001 -0.085028722388902106 -0.10000000000000001
leaf_weight=202.01029968261719 427.47530937194824 674.22316741943359 1639.3616466522217 38.96374249458313 445.80584239959717 75.581067085266113 273.5429162979126 1565.581093788147 765.43992328643799 1876.2889115810394 703.91291046142578 1689.1748504638672 302.0689868927002 1068.6357522010803 450.47781562805176 258.60985326766968 738.06996917724609 398.2681360244751 35.47581958770752 218.84560489654541 731.82697927951813 485.67903518676758 126.30569100379944 457.06321907043457 1042.3909268379211 1695.8430502414703 125.27696561813354 38.520106673240662
leaf_count=21 38 13 26 18 25 20 15 51 19 323 76 18 13 113 23 16 36 27 10 14 557 31 21 39 143 1289 85 23
internal_value=-0.000218606 0.0164126 0.035964 -0.0884018 0.0231995 -0.095051 -0.00370981 0.0174771 0.0235101 -0.0105359 -0.0129564 0.0535561 0.00795696 0.00464682 0.00103698 -0.0101265 0.0176304 -0.00445891 -0.0977673 -0.000846685 -0.0986272 0.0168641 -0.0184439 -0.00432838 -0.0175816 -0.0992763 -0.0978118 -0.1
internal_weight=18550.7 15607.2 7915.92 2943.5 4587.39 2741.49 7691.3 3913.16 3069.09 4852.28 4424.81 3328.54 2839.01 2536.95 2263.4 1327.25 2303.65 844.074 2665.91 1379.82 2630.43 936.157 3044.99 1160.98 2918.68 2591.47 857.104 1734.36
internal_count=3103 1080 215 2023 171 2002 865 158 106 654 616 44 211 198 183 129 87 52 1982 129 1972 54 487 115 466 1954 642 1312
is_linear=0
shrinkage=0.05


Tree=31
num_leaves=40
num_cat=0
split_feature=1 1 2 1 1 11 5 1 14 9 1 3 13 10 14 1 2 14 10 1 7 3 12 12 13 2 10 2 12 11 1 5 12 14 14 5 11 7 14
split_gain=10222.6 2243.04 698.4 663.896 247.922 245.817 221.525 168.363 122.341 110.945 107.55 131.552 95.0986 107.129 88.0035 85.8248 86.1227 83.4795 49.8315 43.1408 39.8682 32.0745 31.9593 27.3485 45.08 33.4305 25.3893 20.6237 19.8838 15.6097 13.085 9.5947 1.63926 0.949304 11.1246 24.1747 0.186493 0.481347 0.0373366
threshold=11.122257846303857 120.04308645058474 1.0000000180025095e-35 539.80889766905284 125.26191272245102 395.00000000000006 674.50000000000011 167.22928650420781 52.500000000000007 26.858278061537387 30.391512141857081 1.2450000000000003 16.100000000000005 10.316666666666668 99.500000000000014 36.835313004498396 1.0039999255403964 22.500000000000004 7.021739130434784 53.895278127555635 52.500000000000007 3.1010101010101017 2.6577157598499066 2.7984771573604061 0.94598958333333349 0.33343368190959805 2.9761904761904767 2.0001106541743461 6.6810776942355901 145.00000000000003 24.474185795250719 285.50000000000006 1.2954091028676666 4.5000000000000009 3.5000000000000004 19.500000000000004 55.000000000000007 3.5000000000000004 21.500000000000004
decision_type=10 10 8 10 10 10 10 10 10 10 10 8 10 8 10 10 8 10 10 10 10 10 8 8 8 8 10 8 8 10 10 10 10 8 10 10 10 10 10
left_child=2 6 -1 4 -3 29 10 17 18 -5 23 -12 13 15 20 22 -17 -6 -9 27 -15 -21 -8 24 25 -2 -26 -13 -25 33 -30 -31 -33 34 -4 -36 38 -38 -35
right_child=1 3 5 9 7 -7 12 8 -10 -11 11 19 -14 14 -16 16 -18 -19 -20 21 -22 -23 -24 28 26 -27 -28 -29 30 31 -32 32 -34 36 35 -37 37 -39 -40
leaf_value=0.0017424090510079781 -0.0089340194964775722 0.049080263101788583 -0.10000000000000001 0.041356391019636951 0.011159518399144695 -0.024698481053082186 -0.023443655359508424 0.006205697353463724 0.033315260024650101 0.059861548825805799 0.033788407727185436 -0.0012430837410967465 0.034188217549473557 -0.021813976201618467 0.020312372735553683 0.0040425168695507512 0.032903887370421631 -0.021592981546319348 0.023908762194940626 -0.0041131714709553456 0.0023724901881012781 0.016768587845253504 0.0051512107001373698 -0.035639590253977553 0.013004751496829873 -0.03809285602288446 -0.013790699061399465 -0.018477015975987679 -0.02395695093061416 -0.064096192979282096 -0.013737468370959412 -0.084256993462658372 -0.10000000000000001 -0.10000000000000001 -0.10000000000000001 -0.052507975139025942 -0.092311813434748161 -0.10000000000000001 -0.099437701068591067
leaf_weight=202.00698709487915 219.84158992767334 720.02772998809814 698.04002201557159 1457.2995300292969 434.12532997131348 119.51268208026886 163.26070785522461 1000.389591217041 1398.09241771698 1823.3710289001465 221.56369924545288 225.33736944198608 300.18604898452759 606.40652132034302 222.81878852844238 448.00959157943726 610.98335266113281 352.53636074066162 659.60565948486328 1160.6509990692139 236.95945978164673 218.5142297744751 243.38740873336792 224.2305474281311 221.33493041992188 177.79495573043823 147.19425296783447 756.00846672058105 716.98052549362183 51.302363872528076 556.22035598754883 30.273346662521362 36.437720417976379 1059.826887011528 76.61519455909729 41.207205057144165 29.929680943489075 63.664377212524414 409.19937360286713
leaf_count=21 30 18 557 24 24 39 22 48 37 20 12 26 13 67 12 33 26 23 21 115 18 14 20 39 23 31 20 110 141 30 93 20 25 850 60 23 22 50 326
internal_value=-0.000222089 0.0156824 -0.0878326 0.0344845 0.0221539 -0.0947495 -0.00353048 0.0171113 0.022418 0.0516414 -0.0100234 -0.00304886 0.00757906 0.00442414 -0.00763468 0.0131964 0.020694 -0.00351826 0.0132401 -0.0065065 -0.0150183 -0.000804676 -0.00632903 -0.0179791 -0.0102958 -0.0219718 0.00230238 -0.0145197 -0.0219103 -0.098103 -0.0194924 -0.0803536 -0.0928559 -0.0989837 -0.0976013 -0.0833901 -0.0997055 -0.0975415 -0.0998434
internal_weight=18341.1 15523.1 2818.02 7845.45 4564.78 2616.01 7677.68 3844.75 3058.09 3280.67 4845.67 2582.07 2832.01 2531.83 1066.18 1465.64 1058.99 786.662 1660 2360.51 843.366 1379.17 406.648 2263.6 766.166 397.637 368.529 981.346 1497.43 2496.5 1273.2 118.013 66.7111 2378.48 815.862 117.822 1562.62 93.5941 1469.03
internal_count=3103 1080 2023 215 171 2002 865 153 106 44 654 277 211 198 97 101 59 47 69 265 85 129 42 377 104 61 43 136 273 1963 234 75 45 1888 640 83 1248 72 1176
is_linear=0
shrinkage=0.05


Tree=32
num_leaves=23
num_cat=0
split_feature=0 1 2 1 11 4 4 13 14 8 11 11 13 8 14 8 9 2 8 3 14 14
split_gain=9601.84 2070.33 713.257 496.905 386.054 299.484 245.245 156.008 148.197 146.331 102.762 129.293 113.093 94.2263 69.8747 56.6063 42.3276 37.6041 33.5613 24.3777 1.38592 11.7883
threshold=1.0000000180025095e-35 253.53784092430107 1.0000000180025095e-35 85.816816822774229 1405.0000000000002 9.086206896551726 9.9666666666666686 0.44671201814058964 50.500000000000007 0.53112890725910622 1075.0000000000002 1185.0000000000002 16.100000000000005 1.8084507042253524 135.50000000000003 4.9226495726495738 26.892792739600683 0.99870916696851719 0.57674982674982689 4.2540322580645169 4.5000000000000009 3.5000000000000004
decision_type=10 10 8 10 10 10 10 8 10 8 10 10 10 8 10 8 10 10 8 8 8 10
left_child=2 3 -1 9 8 18 7 -5 -3 -2 12 -12 14 17 -11 -15 -6 -9 -4 -13 21 -20
right_child=1 4 5 6 16 -7 -8 13 -10 10 11 19 -14 15 -16 -17 -18 -19 20 -21 -22 -23
leaf_value=0.0035460709512006037 0.020282457474902295 0.012460639252150879 -0.051419058310634085 0.037874368751308188 0.046578040976393689 0.0031649099727489253 0.038540857889530836 0.0046749071576828857 0.03952105692814669 -0.013960236166089646 0.035682024097688662 -0.019008144387569967 0.016778657651145733 -0.023677009403997515 0.019282709800162518 0.0010601635541637895 0.05852194553833126 0.020825039546413376 -0.10000000000000001 0.0023338034499238406 -0.10000000000000001 -0.082751839910787911
leaf_weight=197.06516265869141 483.48073530197144 1132.813928604126 37.421883225440979 409.88346099853516 1431.8110218048096 74.861005783081055 943.16748428344727 697.13231182098389 914.32500457763672 4736.342572927475 279.80998945236206 217.43180990219116 344.71009063720703 331.48182487487793 163.53208017349243 764.910719871521 1539.1596488952637 746.26749229431152 662.43131327629089 347.88156080245972 1571.5499676465988 116.48044443130493
leaf_count=20 35 38 18 13 22 20 28 37 19 667 14 21 26 20 15 59 18 32 557 27 1312 85
internal_value=-0.000225216 0.01485 -0.0879858 0.00219023 0.0412538 -0.0953101 0.0163472 0.00925071 0.0245468 -0.00619396 -0.008296 0.00788417 -0.0109033 0.00463129 -0.0128508 -0.00641884 0.0527658 0.0130249 -0.0983973 -0.00587477 -0.0991452 -0.0974207
internal_weight=18144 15484.1 2659.81 10466 5018.11 2462.74 3892.84 2949.68 2047.14 6573.19 6089.71 845.123 5244.58 2539.79 4899.87 1096.39 2970.97 1443.4 2387.88 565.313 2350.46 778.912
internal_count=3103 1091 2012 994 97 1992 189 161 57 805 770 62 708 148 682 79 40 69 1972 48 1954 642
is_linear=0
shrinkage=0.05


Tree=33
num_leaves=29
num_cat=0
split_feature=0 1 11 1 11 4 10 14 5 12 4 8 3 12 13 5 13 3 1 0 8 13 10 13 3 3 14 14
split_gain=9022.65 1894.34 676.814 449.824 361.965 224.101 189.675 136.122 134.044 124.725 106.372 170.25 104.657 98.9879 111.792 103.906 55.2077 52.0318 45.0892 40.6534 38.6867 37.5623 23.7578 20.82 11.2845 3.70676 1.5774 13.3527
threshold=1.0000000180025095e-35 253.53784092430107 235.00000000000003 85.816816822774229 1405.0000000000002 9.9666666666666686 4.1889880952380958 50.500000000000007 674.50000000000011 0.81595365418894839 9.086206896551726 0.57674982674982689 1.2899159663865549 1.6987565647204204 16.100000000000005 1796.0000000000002 2.3956521739130436 3.5741758241758248 53.895278127555635 9.2846064573359364 4.9226495726495738 1.2169018817204302 3.5058139534883725 6.1129032258064528 4.3827838827838841 1.6754385964912284 4.5000000000000009 3.5000000000000004
decision_type=10 10 10 10 10 10 8 10 10 8 10 8 8 8 10 10 8 8 10 10 8 10 10 10 8 8 8 10
left_child=2 3 9 8 7 6 -5 -3 12 -1 11 -4 -2 -10 15 -15 17 -8 22 -20 -18 -6 -14 25 -13 -11 27 -27
right_child=1 4 10 5 21 -7 16 -9 13 23 -12 24 18 14 -16 -17 20 -19 19 -21 -22 -23 -24 -25 -26 26 -28 -29
leaf_value=-0.030049641549009926 0.01399607175377399 0.011846812498514145 0.012824695369632001 0.037992089610766035 0.057343683121167256 0.036887986178333158 -0.002360572712952193 0.037840743127280724 0.03247125046922799 -0.082016110423724906 0.033523185775183116 -0.062376918645279979 -0.014658045114955061 -0.010153024783035409 0.032919840751273001 0.021046340003309238 -0.020806823515701664 0.016897857097802487 0.012457681627559697 -0.010630926073136485 0.00065641520055886513 0.045913541808727164 -0.028033114862755816 -0.053495330912660288 -0.10000000000000001 -0.10000000000000001 -0.10000000000000001 -0.0812031190988802
leaf_weight=69.131269812583923 381.59868717193604 1131.9564647674561 92.612510204315186 468.13972473144531 1264.2545833587646 936.3372802734375 573.006591796875 907.36256980895996 269.81814861297607 32.501976013183594 87.321193695068359 32.486195683479309 2679.0471875667572 1397.2212691307068 229.90711450576782 329.86559200286865 300.09807300567627 904.11689186096191 274.56501770019531 623.81809902191162 698.88581848144531 1665.8697967529297 378.9795548915863 25.684461832046509 51.565768957138062 622.06371641159058 1421.7038711309433 111.39850115776062
leaf_count=16 35 38 11 16 15 28 30 19 15 19 11 13 439 140 11 19 19 42 22 68 54 25 56 13 37 550 1258 84
internal_value=-0.000227832 0.0141757 -0.0874182 0.00208581 0.0395876 0.0155814 0.00880541 0.0234124 -0.00589167 -0.0961846 -0.0116217 -0.0339357 -0.0110106 0.0040804 0.000166044 -0.00419409 0.00328729 0.00942712 -0.0134225 -0.00357456 -0.00579121 0.0508453 -0.0163156 -0.0982502 -0.0854586 -0.0987757 -0.0990284 -0.0971451
internal_weight=17961.3 15414.8 2546.47 10445.4 4969.44 3880.58 2944.25 2039.32 6564.82 2282.48 263.986 176.664 4338.01 2226.81 1956.99 1727.09 2476.11 1477.12 3956.41 898.383 998.984 2930.12 3058.03 2213.35 84.052 2187.67 2155.17 733.462
internal_count=3103 1091 2012 994 97 189 161 57 805 1940 72 61 620 185 170 159 145 72 585 90 73 40 495 1924 50 1911 1892 634
is_linear=0
shrinkage=0.05


Tree=34
num_leaves=31
num_cat=0
split_feature=0 1 2 1 4 5 9 8 8 1 10 10 13 12 10 11 12 13 10 2 10 10 1 13 1 0 12 14 14 5
split_gain=8480.14 1738.97 702.471 632.875 292.529 227.963 211.634 160.602 127.841 102.376 120.077 118.168 75.0062 56.9711 93.5804 48.7066 47.4838 43.6982 44.8145 41.9263 39.1143 33.463 32.0644 33.7306 16.8844 10.8341 5.7187 1.73872 14.827 28.0257
threshold=1.0000000180025095e-35 539.80889766905284 1.0000000180025095e-35 85.816816822774229 9.086206896551726 1104.0000000000002 24.418788088397786 1.1155165840640489 1.392153413089374 30.092842042833656 4.6385869565217401 7.5894736842105273 16.100000000000005 18.338888888888892 8.1666666666666679 405.00000000000006 2.4837752464822445 0.96636727836650305 14.900000000000002 1.0001267461017174 6.5954545454545466 5.616666666666668 26.278273806959586 3.0263157894736845 145.19614403337309 3.5868355431451175 2.4329954083475216 4.5000000000000009 3.5000000000000004 19.500000000000004
decision_type=10 10 8 10 10 10 10 10 8 10 8 8 10 8 8 8 10 10 8 8 10 10 10 8 10 10 10 8 10 10
left_child=2 3 -1 8 20 13 -7 -3 9 17 26 -12 22 14 16 -16 -5 19 -19 -2 27 -8 25 -24 -15 -10 -11 28 -4 -30
right_child=1 7 4 5 -6 6 21 -9 12 10 11 -13 -14 24 15 -17 -18 18 -20 -21 -22 -23 23 -25 -26 -27 -28 -29 29 -31
leaf_value=0.0038442606751168378 -0.0083905207555319394 0.034190578020327593 -0.10000000000000001 0.010774595854307095 0.0029637853455274556 0.043954809797746519 0.023730281946784983 0.056826032787010386 -0.032606673296296386 -0.020934188122100572 0.032049446857753759 0.0030838010396441479 0.012100293143614722 -0.0095229333687143949 0.034192994511185064 0.012212221948256699 -0.011875252239471503 -0.012821179113428845 0.012109132998074815 -0.034930898940006998 -0.044391445670500448 0.0087970869331693465 -0.024854737255927267 -0.0083760436061239632 0.0036115551648212528 -0.01950346272780391 -0.008514479904166334 -0.10000000000000001 -0.10000000000000001 -0.047858032771312016
leaf_weight=196.27492523193359 399.37492108345032 1433.1648540496826 614.30280959606171 560.47363185882568 73.987906217575073 1155.8412818908691 684.47491359710693 1729.0502262115479 200.04759693145752 215.49718189239502 639.73819017410278 783.13509321212769 287.41731595993042 428.64236736297607 507.02530097961426 501.10559368133545 394.10416603088379 359.00773000717163 362.05146455764771 237.17092037200928 33.329639077186584 830.1069974899292 375.82997560501099 1787.584038734436 570.12419891357422 746.13972806930542 162.63649892807007 1410.9387348890305 67.142544984817505 41.822575569152832
leaf_count=20 53 25 568 26 20 25 23 19 36 28 32 63 23 38 18 24 23 46 37 41 15 32 46 240 33 143 17 1304 60 25
internal_value=-0.000229995 0.0135282 -0.0868594 0.00495579 -0.0948017 0.0172486 0.0278421 0.0465673 -0.00560487 0.00163614 0.00945153 0.016107 -0.0123377 0.00769624 0.0126433 0.0232671 0.00142345 -0.0087318 -0.000303405 -0.0182792 -0.0981388 0.0155457 -0.0145965 -0.0112387 -0.0020254 -0.0222738 -0.0155924 -0.0989782 -0.0969849 -0.0799871
internal_weight=17787.5 15349.7 2437.8 12187.5 2241.52 5631.9 2670.42 3162.22 6555.63 3158.61 1801.01 1422.87 3397.02 2961.48 1962.71 1008.13 954.578 1357.61 721.059 636.546 2167.54 1514.58 3109.6 2163.41 998.767 946.187 378.134 2134.21 723.268 108.965
internal_count=3103 1091 2012 1047 1992 242 80 44 805 317 140 95 488 162 91 42 49 177 83 94 1972 55 465 286 71 179 45 1957 653 85
is_linear=0
shrinkage=0.05


Tree=35
num_leaves=29
num_cat=0
split_feature=9 5 7 14 12 2 14 10 9 2 5 5 8 4 11 12 10 7 3 12 4 8 13 4 4 12 9 4
split_gain=7894.61 1401.43 699.885 348.887 345.33 179.455 153.688 138.015 163.277 133.164 99.9454 79.6614 98.7259 79.159 78.4181 77.7561 62.741 69.0757 51.0181 97.7784 48.9085 31.127 22.3078 20.2849 15.5807 13.4955 12.5588 9.09495e-13
threshold=1.0000000180025095e-35 866.00000000000011 12.500000000000002 40.500000000000007 2.5715193089430897 1.0000000180025095e-35 93.500000000000014 11.055555555555557 24.418788088397786 1.2529163265935332 2165.5000000000005 502.00000000000006 0.73551912568306022 9.086206896551726 175.00000000000003 3.8594644701023193 5.2546296296296306 52.500000000000007 1.8083333333333336 4.9499503229011435 5.1880952380952392 2.3889772125066249 2.1690891472868219 3.1801948051948057 7.4450549450549461 6.8650485938792398 27.549920920368248 1.593650793650794
decision_type=10 10 10 8 10 8 10 8 10 10 10 10 8 8 8 8 10 10 8 10 8 8 10 10 10 10 10 10
left_child=2 6 5 9 -5 -1 11 8 -6 16 -10 12 13 -2 -13 20 22 -18 -4 23 -16 -17 -3 -20 26 27 -14 -7
right_child=1 3 18 4 7 25 -8 -9 10 -11 -12 14 24 -15 15 21 17 -19 19 -21 -22 -23 -24 -25 -26 -27 -28 -29
leaf_value=-0.016659373274661351 -0.0077518741323731781 -0.018177935326982683 0.02461342262733834 -0.0012194600259335308 0.060048403668425891 -0.10000000000000001 0.023063840213533793 0.02428576021171585 0.025444823255383438 0.025051781012027947 0.047515200600663096 0.022958644213548655 -0.013107164643681888 0.02877285342797823 0.0014154754049548379 -0.024910201117953293 -0.0038201787978409361 0.025008774047327122 -0.071463652335570893 0.022935447702467183 0.025090576172608493 -0.0060410261642679193 0.00070731755525672802 -0.027714267249346194 -0.023714148631751489 -0.058972882083026396 -0.006409473844742844 -0.10000000000000001
leaf_weight=67.464396476745605 309.26029539108276 327.44018363952637 77.957910060882568 567.03277778625488 1194.7916378974915 1921.0648339986801 523.03201389312744 1022.1229710578918 996.86924648284912 1244.3372902870178 1056.7144775390625 376.29170227050781 2541.4448885917664 285.09332323074341 851.27846837043762 297.28161787986755 384.39323568344116 452.2352352142334 63.803137063980103 68.453637480735779 293.30268478393555 825.36451125144958 299.29993486404419 45.311760306358337 270.62155175209045 20.250699400901794 965.91211557388306 43.346057653427124
leaf_count=9 31 29 8 32 17 1871 39 35 30 39 18 22 371 17 69 31 29 20 32 13 19 80 21 14 37 14 116 38
internal_value=-0.00101192 0.0121642 -0.0871387 0.0273982 0.0354421 -0.0968553 -0.00308257 0.0403099 0.0453521 0.0130272 0.0368016 -0.00503178 -0.00917453 0.00976792 0.00182024 -0.0016881 0.00280238 0.0117632 -0.00910497 -0.0239084 0.0074823 -0.0110377 -0.00915928 -0.053296 -0.0121546 -0.0995814 -0.0112626 -0.1
internal_weight=17391.8 15084.1 2307.65 7545.24 4837.53 2052.13 7538.88 4270.5 3248.38 2707.71 2053.58 7015.85 4372.33 594.354 2643.52 2267.23 1463.37 836.628 255.526 177.569 1144.58 1122.65 626.74 109.115 3777.98 1984.66 3507.36 1964.41
internal_count=3101 1102 1999 270 132 1932 832 100 65 138 48 793 572 48 221 199 99 49 67 59 88 111 50 46 524 1923 487 1909
is_linear=0
shrinkage=0.05


Tree=36
num_leaves=33
num_cat=0
split_feature=0 6 7 12 1 0 12 12 9 9 4 4 12 10 10 12 12 0 11 12 10 13 4 14 14 7 1 14 4 4 0 4
split_gain=7426.72 1422.02 693.695 360.369 357.521 183.871 134.946 130.112 122.282 226.588 85.8504 70.0383 102.11 53.2335 48.7327 43.0288 40.5248 26.5276 38.5705 28.6056 25.215 24.8094 23.1937 15.7308 14.6999 14.6033 13.5254 11.8933 6.68712 5.10188 2.96643 9.09495e-13
threshold=1.0000000180025095e-35 95.602643204931923 12.500000000000002 2.8501451708025227 30.092842042833656 69.737059450442487 0.77566121230832574 0.81595365418894839 23.952474602883967 24.418788088397786 3.9198717948717952 2.6052631578947376 2.4907981511752442 5.1225000000000014 29.166666666666671 5.3273024054982825 1.0211986681465042 3.4883982983425406 985.00000000000011 21.612299465240646 4.5520833333333348 6.1129032258064528 2.8537433155080216 42.500000000000007 16.500000000000004 12.500000000000002 77.103437969810486 64.500000000000014 5.7533783783783798 3.5119047619047623 12.719213314859545 2.7182539682539688
decision_type=10 10 10 10 10 10 10 8 10 10 8 8 10 10 8 10 8 10 10 10 8 10 10 8 10 10 10 10 8 10 10 8
left_child=2 4 7 13 11 -5 23 -1 15 -10 -11 12 16 28 -4 22 -2 20 19 -19 -13 29 -8 26 -18 -22 30 -25 -3 31 -6 -9
right_child=1 3 14 5 6 -7 8 21 9 10 -12 17 -14 -15 -16 -17 24 18 -20 -21 25 -23 -24 27 -26 -27 -28 -29 -30 -31 -32 -33
leaf_value=-0.025910165485193731 0.010354656217035945 0.010149612277498415 -0.030450609863405476 0.026790241390786274 -0.013892317260271264 0.049899039385287919 -0.0047337535920883309 -0.10000000000000001 0.042858728535351442 -0.0017427539229561016 0.015353786370645073 -0.00835549444468945 0.029857178238642063 0.024503963690718528 0.01340852897879221 0.010251132828539358 -0.013495019843805925 -0.01897539514324546 0.0075623470507075663 0.0070519046500637644 -0.021417155926784504 -0.04919248014104019 -0.02479168808778438 0.010820260687296586 -0.034452994383065864 -0.042283338730959269 -0.00076332994129779653 -0.0052389697963577267 0.0020219154582972933 -0.078861355351538182 -0.0078738021669035509 -0.10000000000000001
leaf_weight=62.887914180755615 149.15330219268799 481.26028060913086 127.91368186473846 1383.5361671447754 509.6544303894043 2278.2376518249512 328.34133577346802 37.762216150760651 613.4356951713562 1087.1321496963501 2262.3703598976135 120.3853816986084 205.17607164382935 616.41991424560547 125.4484571814537 281.51688385009766 253.15321516990662 1643.9067962169647 171.13743734359741 112.8129358291626 131.16620683670044 24.661617994308472 256.88205814361572 235.99715757369995 124.97028040885925 232.44330453872681 450.6221809387207 225.40882110595703 533.74209594726562 28.994034051895142 342.20664644241333 1801.5800758004189
leaf_count=16 15 15 37 38 72 28 21 37 23 85 128 16 14 17 30 16 39 289 14 11 23 13 22 23 22 40 38 22 25 18 46 1848
internal_value=-0.000980862 0.0116004 -0.0865798 0.0324597 0.000261893 0.0411678 0.00687782 -0.0966638 0.0112006 0.0149214 0.00980484 -0.0136116 -7.03094e-05 0.0129142 -0.00873442 -0.00581138 -0.0117158 -0.017724 -0.0150966 -0.017304 -0.0281895 -0.0990143 -0.0135381 -0.00495841 -0.0204217 -0.0347562 -0.00776879 0.00297491 0.00587564 -0.099672 -0.0114746 -0.1
internal_weight=17240.3 15031.1 2209.25 5293.2 9737.87 3661.77 6593.57 1955.89 4829.68 3962.94 3349.5 3144.3 732.453 1631.42 253.362 866.74 527.277 2411.85 1927.86 1756.72 483.995 1893 585.223 1763.89 378.123 363.61 1302.48 461.406 1015 1868.34 851.861 1839.34
internal_count=3101 1102 1999 123 979 66 496 1932 295 236 213 483 90 57 67 59 76 393 314 300 79 1916 43 201 61 63 156 45 40 1903 118 1885
is_linear=0
shrinkage=0.05


Tree=37
num_leaves=29
num_cat=0
split_feature=0 6 11 12 1 0 12 5 5 14 14 4 12 6 3 12 10 12 3 13 5 14 4 12 14 3 4 3
split_gain=6980.12 1294.69 685.753 332.427 323.386 172.507 133.524 125.75 173.014 135.243 89.5025 63.3405 92.5148 54.8264 49.3082 90.3665 48.3242 36.6738 27.7556 26.3391 25.0259 23.7828 19.8446 18.61 13.4565 9.12358 5.69137 9.09495e-13
threshold=1.0000000180025095e-35 95.602643204931923 235.00000000000003 2.8501451708025227 30.092842042833656 69.737059450442487 0.81595365418894839 1379.5000000000002 1582.5000000000002 98.500000000000014 1.0000000180025095e-35 2.6052631578947376 2.4907981511752442 24.375889508982507 1.8083333333333336 4.9499503229011435 5.1225000000000014 1.0211986681465042 7.8375000000000012 6.1129032258064528 1185.0000000000002 42.500000000000007 3.1801948051948057 15.065892451401163 16.500000000000004 1.7029411764705884 3.5119047619047623 0.80536130536130546
decision_type=10 10 10 10 10 10 8 10 10 8 10 8 10 10 8 10 10 8 10 10 10 10 10 10 10 10 10 10
left_child=2 4 6 16 11 -5 -1 9 -9 10 -6 12 17 -12 -4 22 25 -2 20 26 23 -10 -16 -13 -19 -3 27 -8
right_child=1 3 14 5 7 -7 19 8 21 -11 13 18 -14 -15 15 -17 -18 24 -20 -21 -22 -23 -24 -25 -26 -27 -28 -29
leaf_value=-0.024697627820730914 0.0098422033375063118 0.010083526132342801 0.024284336450751648 0.02554246509191397 0.032222480086110075 0.048002086530227639 -0.10000000000000001 0.039517537570538212 0.01289376715329006 0.030073307335582156 -0.017519771077193484 -0.018578455267648612 0.028491415038741363 0.0009037865065112552 -0.06984138782677074 0.021632010603065396 0.023348923137222498 -0.012831963346108009 0.00049550249638949731 -0.047305610338287403 -0.038758849076685808 -0.0047469265415468614 -0.02642294036593127 -0.0015097709330856347 -0.032925912531600675 0.00058856847543082007 -0.077323505014995741 -0.10000000000000001
leaf_weight=62.682090759277344 149.07534408569336 533.80016899108887 77.721382021903992 1378.695200920105 213.43459558486938 2250.5807342529297 1718.1298307776451 621.56016683578491 378.78106021881104 423.01348352432251 447.77055597305298 1879.1042287349701 204.28437566757202 4113.6771626472473 63.527162432670593 68.102521538734436 614.61550140380859 252.92846155166626 209.87455797195435 24.370655059814453 143.02694749832153 385.52211952209473 44.929474472999573 174.52524518966675 124.24708247184753 480.949875831604 28.114756345748901 29.900095105171204
leaf_count=16 15 23 8 38 12 28 1853 20 20 20 52 333 14 351 34 13 17 39 21 13 18 21 14 21 22 17 18 30
internal_value=-0.000950565 0.0110611 -0.0859236 0.0310468 0.000249506 0.0394701 -0.0964352 0.00654463 0.0199272 0.00297656 0.000576023 -0.0129621 -6.69872e-05 -0.000904746 -0.00890114 -0.0235094 0.0122847 -0.011153 -0.0168765 -0.0989327 -0.0185363 0.00399563 -0.0518548 -0.0171279 -0.0194512 0.00558331 -0.0996411 -0.1
internal_weight=17096.9 14979.5 2117.48 5258.64 9720.83 3629.28 1863.2 6583.76 1385.86 5197.9 4774.88 3137.07 730.535 4561.45 254.281 176.559 1629.37 526.251 2406.53 1800.52 2196.66 764.303 108.457 2053.63 377.176 1014.75 1776.14 1748.03
internal_count=3101 1102 1999 123 979 66 1930 496 61 435 415 483 90 403 69 61 57 76 393 1914 372 41 48 354 61 40 1901 1883
is_linear=0
shrinkage=0.05


Tree=38
num_leaves=24
num_cat=0
split_feature=0 1 2 1 5 12 5 5 13 12 12 3 12 3 5 12 14 1 8 12 10 8 3
split_gain=6563.08 1189.28 655.987 426.78 285.885 243.287 218.017 144.133 127.534 112.945 182.278 113.91 91.2083 83.3042 71.4969 67.9404 54.6477 51.9281 85.1212 17.3464 13.1514 7.92952 9.09495e-13
threshold=1.0000000180025095e-35 455.16629432323106 1.0000000180025095e-35 73.254998752474805 533.50000000000011 14.429196217494091 1855.0000000000002 918.00000000000011 0.62593283582089565 3.0330484330484335 2.8243277284463759 3.8989898989898992 0.88314735805710554 7.021739130434784 1379.5000000000002 5.5933086521321824 13.500000000000002 30.686109372934908 1.229419703103914 7.6411844561343978 2.3166666666666669 0.36871237133423967 2.13961038961039
decision_type=10 10 8 10 10 10 10 10 8 8 10 8 8 8 10 8 10 10 10 10 8 8 10
left_child=2 3 -1 7 19 9 -3 12 -9 10 16 -11 -2 -10 -15 -13 -5 20 -19 21 -14 -4 -23
right_child=1 6 4 5 -6 -7 -8 8 13 11 -12 15 17 14 -16 -17 -18 18 -20 -21 -22 22 -24
leaf_value=0.0037674768387202838 0.018950474511827603 0.024026300621622771 -0.067245993866469067 -0.0039537909991001555 -0.012795971939514907 0.039695732808550516 0.050425238998503444 0.037056609238745958 -0.018131425297205822 -0.023807938752276315 0.046422850132245744 0.017114679939562165 -0.0048372378661275181 -0.0061970251633504305 0.026632156772249171 9.773158428319556e-05 0.016054966921003243 -0.011218428676510548 0.014120749880113163 -0.050490733844322511 -0.017529850460233087 -0.10000000000000001 -0.10000000000000001
leaf_weight=187.61553907394409 255.42444562911987 1487.4327373504639 18.680828452110291 479.36764717102051 101.47631323337555 745.533127784729 1649.2839164733887 301.66043567657471 390.68912172317505 356.88507461547852 441.69595623016357 929.33238983154297 223.62983083724976 317.32772493362427 347.42232847213745 1590.2209205627441 1184.3714179992676 1470.0146589279175 427.90691041946411 18.137801647186279 2335.0373475551605 1683.6826564669609 19.317736685276031
leaf_count=20 20 31 12 32 36 19 19 15 38 19 11 35 31 29 19 106 51 188 32 13 407 1900 18
internal_value=-0.000920869 0.0105432 -0.0852988 0.00326713 -0.0943741 0.013057 0.0379068 -0.00597158 0.00838618 0.00907057 0.0178702 0.00262962 -0.0101067 0.000191738 0.0109607 0.0063744 0.0102899 -0.0117721 -0.00550544 -0.0991322 -0.0164205 -0.0996446 -0.1
internal_weight=16962.1 14933.2 2028.91 11796.5 1841.3 5727.41 3136.72 6069.11 1357.1 4981.87 2105.44 2876.44 4712.01 1055.44 664.75 2519.55 1663.74 4456.59 1897.92 1739.82 2558.67 1721.68 1703
internal_count=3101 1102 1999 1052 1979 273 50 779 101 254 94 160 678 86 48 141 83 658 220 1943 438 1930 1918
is_linear=0
shrinkage=0.05


Tree=39
num_leaves=26
num_cat=0
split_feature=1 1 7 1 12 5 2 5 13 12 14 3 7 12 3 11 5 1 3 12 13 4 3 13 3
split_gain=6169.08 1084.89 684.386 386.154 222.324 203.987 193.913 130.287 116.046 102.44 170.08 103.034 90.2132 82.4276 75.3218 73.9981 64.7905 46.9855 42.2121 80.4491 40.0918 20.8498 18.7197 12.8873 9.09495e-13
threshold=1.0000000180025095e-35 455.16629432323106 12.500000000000002 73.254998752474805 14.429196217494091 1855.0000000000002 1.0000000180025095e-35 918.00000000000011 0.62593283582089565 3.0330484330484335 45.500000000000007 3.8989898989898992 50.500000000000007 0.88314735805710554 7.021739130434784 605.00000000000011 1379.5000000000002 30.686109372934908 1.8083333333333336 4.9499503229011435 2.1026315789473689 7.4450549450549461 2.7834821428571432 0.3304597701149426 1.0000000180025095e-35
decision_type=10 8 10 10 10 10 8 10 8 8 10 8 10 8 8 8 10 10 8 10 10 10 8 8 10
left_child=2 3 6 7 9 -3 -1 13 -9 10 15 -11 -13 -2 -10 -5 -16 23 -4 22 -19 24 -20 -15 -8
right_child=1 5 18 4 -6 -7 21 8 14 11 -12 12 -14 17 16 -17 -18 20 19 -21 -22 -23 -24 -25 -26
leaf_value=-0.012562617275896099 0.018035362937939614 0.022891111122297973 0.023359108505686732 0.021491402602276829 0.03801064423332489 0.048521256447158718 -0.10000000000000001 0.035447343027144695 -0.017253238141821638 -0.022681877812105337 0.039080331234695488 -0.00051579079588961888 0.019680653376603741 -0.031817157239825547 -0.0058883053384886511 -0.0013029245602744594 0.025390667393856592 -0.0099794888129244516 -0.023451468669096448 0.021259888962593197 0.0059020177570898863 -0.042835701130878756 -0.066485772248095806 -0.014843039186474569 -0.10000000000000001
leaf_weight=66.874757289886475 254.9772686958313 1483.2467632293701 77.392635345458984 594.68131542205811 739.8057279586792 1628.837703704834 1579.4970297813416 299.64090919494629 390.06297302246094 355.89888954162598 617.31386470794678 1698.4254102706909 819.80077648162842 117.19776964187622 317.26831722259521 887.27414608001709 346.22100830078125 1329.8700222969055 43.08212673664093 67.86840832233429 566.73368215560913 16.110543668270111 61.122072339057922 2437.9458155632019 33.17568439245224
leaf_count=9 20 31 8 28 19 19 1878 15 38 19 17 112 29 21 29 49 19 172 10 13 48 9 36 417 36
internal_value=-0.000891728 0.0100511 -0.0846326 0.00311102 0.0124371 0.0363057 -0.0960085 -0.00568145 0.00799164 0.00863295 0.0170294 0.00250014 0.0060591 -0.0096125 0.000182962 0.00784402 0.0104336 -0.011196 -0.00730919 -0.0211028 -0.00523386 -0.0994346 -0.0486937 -0.0156216 -0.1
internal_weight=16830.3 14885.2 1945.12 11773.1 5713.2 3112.08 1695.66 6059.92 1353.19 4973.39 2099.27 2874.13 2518.23 4706.72 1053.55 1481.96 663.489 4451.75 249.465 172.073 1896.6 1628.78 104.204 2555.14 1612.67
internal_count=3101 1102 1999 1052 273 50 1932 779 101 254 94 160 141 678 86 77 48 658 67 59 220 1923 46 438 1914
is_linear=0
shrinkage=0.05


Tree=40
num_leaves=24
num_cat=0
split_feature=0 1 11 5 1 8 3 10 14 0 1 14 7 8 13 13 4 4 14 14 5 5 5
split_gain=5724.97 1098.76 800.018 439.8 234.048 202.743 167.188 176.765 131.722 100.091 85.2711 59.0013 54.3936 35.1763 34.4666 28.6888 23.6329 17.1144 3.95433 34.7823 57.8694 4.54747e-13 2.27374e-13
threshold=1.0000000180025095e-35 1018.9035863109681 395.00000000000006 1268.0000000000002 48.738679723598217 0.73926218708827418 3.0620300751879705 5.0787878787878791 96.500000000000014 7.578364708948091 171.13249708563092 16.500000000000004 56.500000000000007 1.1589473684210529 18.500000000000004 6.1129032258064528 1.4861003861003863 16.750000000000004 4.5000000000000009 3.5000000000000004 19.500000000000004 263.50000000000006 167.50000000000003
decision_type=10 10 10 10 10 8 8 8 10 10 10 10 10 8 10 10 8 10 8 10 10 10 10
left_child=2 3 5 4 14 -1 -5 -8 9 -6 12 -11 -9 -4 16 18 -2 -18 19 22 -21 -20 -7
right_child=1 -3 13 6 8 15 7 10 -10 11 -12 -13 -14 -15 -16 -17 17 -19 21 20 -22 -23 -24
leaf_value=-0.025626418031727133 0.0048978952069740908 0.048616192219498464 -0.0090439011069571636 -0.0024204193332276053 0.028850711535199552 -0.10000000000000001 0.050638714854191039 0.018517787841287443 0.029832720286996503 -0.004305346644164266 0.029447248333647633 0.0065473120783653988 -0.0033843996213795881 0.031148709271697713 0.012556656228398336 -0.042835732036848026 -0.010683222174431007 -0.027677752998964158 -0.10000000000000001 -0.10000000000000001 -0.013951482522493355 -0.10000000000000001 -0.10000000000000001
leaf_weight=105.099489569664 236.10091686248779 1688.2859802246094 131.41608643531799 638.45908308029175 382.58971261978149 440.48349958658218 576.47183132171631 783.76587820053101 547.63823223114014 2036.7772312164307 1172.9407653808594 3251.8137249946594 444.09514570236206 92.934155106544495 171.32531547546387 23.785267353057861 3220.6952342987061 155.28686165809631 969.58157253265381 47.224033772945404 33.328873813152313 50.125755965709686 21.8825523853302
leaf_count=30 27 18 30 28 23 554 13 41 23 171 24 180 30 16 14 13 513 24 1218 57 20 55 25
internal_value=0.000370091 0.0105692 -0.0811127 0.0058523 0.000449841 -0.0928796 0.0207972 0.025776 0.00641555 0.00415427 0.0198061 0.00236766 0.0105962 0.00760536 -0.00935604 -0.0973351 -0.0103954 -0.0114649 -0.0981647 -0.0947176 -0.0643973 -0.1 -0.1
internal_weight=17222.1 15306.2 1915.86 13618 10002.2 1691.51 3615.73 2977.27 6218.82 5671.18 2400.8 5288.59 1227.86 224.35 3783.41 1586.41 3612.08 3375.98 1562.63 542.919 80.5529 1019.71 462.366
internal_count=3147 1129 2018 1111 975 1972 136 108 397 374 95 351 71 46 578 1942 564 537 1929 656 77 1273 579
is_linear=0
shrinkage=0.05


Tree=41
num_leaves=29
num_cat=0
split_feature=0 1 11 11 12 14 14 9 12 14 14 0 12 1 7 14 12 1 8 13 10 8 7 14 14 12 3 8
split_gain=5367.94 1007.7 781.761 309.774 216.225 167.63 151.067 136.508 132.639 187.485 120.279 89.101 83.8127 67.1214 65.1831 62.4445 43.3181 33.7606 31.8989 30.1509 25.8484 24.2222 16.097 4.19058 35.6868 2.70817 4.54747e-13 2.27374e-13
threshold=1.0000000180025095e-35 1018.9035863109681 395.00000000000006 665.00000000000011 0.95497746423672358 50.500000000000007 5.5000000000000009 27.61476291989889 1.4348901529732121 93.500000000000014 64.500000000000014 35.037123309324038 1.6207489146164982 27.720223275201171 68.500000000000014 37.500000000000007 1.0211986681465042 48.738679723598217 1.1589473684210529 6.1129032258064528 6.4642857142857153 0.6024691358024693 19.500000000000004 4.5000000000000009 3.5000000000000004 1.240024245445482 0.80536130536130546 1.2796951394880647
decision_type=10 10 10 10 8 10 8 10 10 10 10 10 10 10 10 10 10 10 8 10 8 10 10 8 10 10 10 8
left_child=2 3 4 8 -1 6 -5 10 16 12 -7 -12 -10 20 -15 -14 17 21 -4 23 -8 -2 -19 24 27 -18 -25 -6
right_child=1 -3 18 5 19 7 13 -9 9 -11 11 -13 15 14 -16 -17 25 22 -20 -21 -22 -23 -24 26 -26 -27 -28 -29
leaf_value=-0.021629722008791128 -0.013523994999402678 0.046738088307235859 -0.0085952242261213233 0.032814050896529313 -0.10000000000000001 0.043468899766649305 -0.004433368528185066 0.0015041611305896853 0.031669027006083185 0.04148743135574437 0.0055172481260391945 0.031304123118941124 0.0030689919241966524 0.0086048766875008297 -0.011905474496706408 -0.015014276606355563 -0.022194099204253429 0.00020783033390761696 0.029735640356864552 -0.041071021440339257 -0.030953343158513121 0.01045682946929697 -0.013793432317909813 -0.10000000000000001 -0.063543855423825776 -0.031661581137370921 -0.10000000000000001 -0.10000000000000001
leaf_weight=101.02587431669235 1488.6003751754761 1668.8312301635742 131.36368441581726 474.05235815048218 29.733300149440765 837.11675453186035 185.91206502914429 591.32598400115967 217.10512924194336 325.27791309356689 625.16974449157715 721.68629455566406 2421.6382777690887 2326.3594889640808 464.76184272766113 594.62016344070435 182.68170118331909 1478.6737232208252 92.494565725326538 23.572488367557526 181.66200733184814 113.31482934951782 238.3747763633728 943.34239280223846 79.217808604240417 128.78404664993286 29.318892478942871 410.13469964265823
leaf_count=26 280 18 30 20 38 20 23 26 13 11 32 13 228 127 23 55 26 135 16 13 26 12 22 1242 78 19 34 541
internal_value=0.00034528 0.0100698 -0.0803274 0.00556936 -0.0924555 0.013563 0.00649457 0.0228152 -0.00155582 0.00530389 0.0285853 0.0193346 0.00166381 0.00254458 0.00518961 -0.000495914 -0.00827989 -0.00660676 0.00724246 -0.0971774 -0.01754 -0.0118277 -0.00173594 -0.098064 -0.0944364 -0.0261087 -0.1 -0.1
internal_weight=17106.2 15265.9 1840.2 13597.1 1616.35 6408.05 3632.75 2775.3 7189.07 3558.64 2183.97 1346.86 3233.36 3158.7 2791.12 3016.26 3630.43 3318.96 223.858 1515.32 367.574 1601.92 1717.05 1491.75 519.086 311.466 972.661 439.868
internal_count=3147 1129 2018 1111 1972 310 219 91 801 307 65 45 296 199 150 283 494 449 46 1946 49 292 157 1933 657 45 1276 579
is_linear=0
shrinkage=0.05


Tree=42
num_leaves=22
num_cat=0
split_feature=0 1 2 5 4 1 3 10 0 1 8 1 13 7 13 4 10 13 5 5 4
split_gain=5030.39 947.284 835.144 470.77 290.583 205.483 162.846 137.483 108.124 82.5717 73.2762 76.9897 56.109 49.7744 30.211 21.1907 20.4376 17.4073 2.63476 83.9749 4.54747e-13
threshold=1.0000000180025095e-35 1946.4237341431078 1.0000000180025095e-35 1268.0000000000002 9.086206896551726 48.738679723598217 3.0745370370370373 5.0787878787878791 7.578364708948091 171.13249708563092 2.1440019746585492 220.20599624991419 3.5219298245614037 56.500000000000007 18.500000000000004 1.4861003861003863 4.5520833333333348 0.60136986301369866 20.500000000000004 19.500000000000004 2.326713159490601
decision_type=10 10 8 10 10 10 8 8 10 10 10 10 10 10 10 8 10 8 8 10 10
left_child=2 3 -1 5 16 14 -5 -8 -7 13 11 -10 -12 -9 15 -2 18 -17 19 -4 -20
right_child=1 -3 4 6 -6 8 7 9 10 -11 12 -13 -14 -15 -16 17 -18 -19 20 -21 -22
leaf_value=0.012616566579373947 0.0049025151482073922 0.059951133633944526 -0.10000000000000001 -0.0022132911475221391 0.0077906472602195312 0.030403411753902661 0.043841695291603998 0.017407015016485675 -0.0024733367098340032 0.026946896292939965 0.0050420028437619443 0.010957930268335338 0.029054469204753765 -0.0035565669593630778 0.011902190287757153 -0.023085232483821144 -0.061108906875463422 -0.0095746811702535749 -0.10000000000000001 -0.025306994577233344 -0.10000000000000001
leaf_weight=216.05693006515503 235.55056953430176 879.93136596679688 657.80818057060242 672.38334035873413 69.275558233261108 427.70652961730957 737.66856002807617 781.93591928482056 3304.5311689376831 1650.4783458709717 493.11269378662109 1575.6776866912842 480.16216707229614 443.88512134552002 171.16901636123657 258.18543815612793 38.680438697338104 3112.7898859977722 726.77535390853882 39.91278088092804 20.374671578407288
leaf_count=21 27 7 908 30 20 24 14 41 279 31 25 53 17 30 14 40 24 497 987 34 24
internal_value=0.000321919 0.00959429 -0.0794874 0.00650542 -0.0923026 0.000592675 0.020381 0.0245847 0.0061348 0.019646 0.00436152 0.00186323 0.0168885 0.00981584 -0.00862223 -0.00959634 -0.0969765 -0.0106095 -0.0979367 -0.0957272 -0.1
internal_weight=16994.1 15225.2 1768.88 14345.2 1552.83 10058.9 4286.35 3613.97 6281.19 2876.3 5853.48 4880.21 973.275 1225.82 3777.69 3606.53 1483.55 3370.98 1444.87 697.721 747.15
internal_count=3147 1129 2018 1122 1997 976 146 116 398 102 374 332 42 71 578 564 1977 537 1953 942 1011
is_linear=0
shrinkage=0.05


Tree=43
num_leaves=31
num_cat=0
split_feature=1 1 2 11 4 14 3 13 12 14 10 14 14 14 13 14 1 12 10 1 2 10 14 2 7 11 14 14 3 11
split_gain=4717.49 875.269 813.802 335.69 286.581 132.348 141.672 114.394 114.077 165.881 112.122 119.323 83.6765 165.681 77.6279 73.2889 56.7643 34.7368 30.0688 27.5473 23.0933 22.0797 20.3648 16.0875 14.6683 5.21273 4.87965 40.4074 4.54747e-13 4.54747e-13
threshold=1.0000000180025095e-35 1946.4237341431078 1.0000000180025095e-35 665.00000000000011 9.086206896551726 50.500000000000007 3.1889880952380958 1.4241285577230574 1.5286689915722176 93.500000000000014 4.896405919661734 8.5000000000000018 13.500000000000002 34.500000000000007 1.9377820760799487 64.500000000000014 253.53784092430107 1.0211986681465042 7.3141447368421062 48.738679723598217 1.0001267461017174 4.5520833333333348 3.5000000000000004 0.99580937717703966 19.500000000000004 205.00000000000003 4.5000000000000009 3.5000000000000004 1.5358974358974362 95.000000000000014
decision_type=10 10 8 10 10 10 10 8 10 10 10 8 8 10 8 10 10 10 10 10 10 10 10 8 10 10 8 10 10 10
left_child=2 3 -1 8 21 7 -7 10 17 12 20 -12 22 -14 -9 -8 -17 19 -16 23 -5 26 -10 -2 -21 -19 27 29 -28 -4
right_child=1 -3 4 5 -6 6 15 14 9 -11 11 -13 13 -15 18 16 -18 25 -20 24 -22 -23 -24 -25 -26 -27 28 -29 -30 -31
leaf_value=0.011995293196491513 0.0071170423943924853 0.057996397461883432 -0.10000000000000001 -0.0092875979091239895 0.0074033623719706211 0.002577329627345666 0.041063172712226106 -0.026130806504497929 -0.022674418478026554 0.039224277136734778 0.043336278054162083 0.013389093984154918 0.017030346246129782 -0.013003164891671052 0.0097423647074049539 0.010769550349284528 0.029031229089996804 -0.027975072694976427 -0.0067675216372514099 0.00017156240084658617 0.0091717479770909143 -0.05915864736675798 -0.0060938220225835275 -0.012205752872530576 -0.013197505444764161 -0.015283889080784489 -0.10000000000000001 -0.060306572565011922 -0.10000000000000001 -0.10000000000000001
leaf_weight=215.88927316665649 116.15206527709961 864.51137924194336 393.95784342288971 455.60777235031128 69.255062341690063 767.22916603088379 686.06268787384033 302.33299112319946 235.90698719024658 321.24477672576904 444.47730350494385 1321.7578024864197 1427.8849401473999 676.87598061561584 622.41802978515625 702.55921316146851 1079.1888198852539 203.04663562774658 495.19763469696045 1478.7056069374084 269.74249744415283 37.976162135601044 861.42767357826233 1483.5366792678833 238.22550821304321 134.50851774215698 871.81851851940155 76.062161803245544 20.128647148609161 14.258552908897398
leaf_count=21 12 7 571 35 20 31 17 24 36 11 15 66 102 63 40 33 17 29 32 135 11 24 92 280 22 19 1263 79 22 18
internal_value=0.000299697 0.00913902 -0.0787054 0.0061903 -0.0919051 0.0138612 0.0213431 0.0076732 -0.00144749 0.00497199 0.0141282 0.0209254 0.00153568 0.00737178 -0.0036534 0.0271773 0.0218305 -0.00763712 0.0024271 -0.00608189 -0.00242296 -0.0967684 -0.00965835 -0.0108027 -0.00168341 -0.0229179 -0.0978062 -0.0937656 -0.1 -0.1
internal_weight=16887.9 15188.6 1699.35 14324.1 1483.46 7146.57 3235.04 3911.53 7177.52 3523.34 2491.59 1766.24 3202.1 2104.76 1419.95 2467.81 1781.75 3654.18 1117.62 3316.62 725.35 1414.2 1097.33 1599.69 1716.93 337.555 1376.23 484.279 891.947 408.216
internal_count=3147 1129 2018 1122 1997 321 98 223 801 304 127 81 293 165 96 67 50 497 72 449 46 1977 128 292 157 48 1953 668 1285 589
is_linear=0
shrinkage=0.05


Tree=44
num_leaves=25
num_cat=0
split_feature=1 1 7 5 1 3 12 10 14 7 4 1 7 9 12 13 13 4 13 14 14 5 4 3
split_gain=4421.67 807.34 744.385 396.111 182.821 140.696 135.576 115.278 101.157 82.4903 82.5312 67.0703 93.4329 58.9162 53.1291 35.2391 26.2423 18.6612 16.2526 4.94228 44.6676 65.7027 3.48634 4.54747e-13
threshold=1.0000000180025095e-35 1946.4237341431078 12.500000000000002 1327.5000000000002 48.738679723598217 3.0745370370370373 0.81595365418894839 5.0787878787878791 96.500000000000014 34.500000000000007 2.7473404255319154 253.53784092430107 56.500000000000007 33.353520542528592 7.077484652397545 6.1129032258064528 18.500000000000004 1.4861003861003863 0.60136986301369866 4.5000000000000009 3.5000000000000004 19.500000000000004 6.9687500000000009 2.6818181818181821
decision_type=10 10 10 10 10 8 8 8 10 10 10 10 10 10 8 10 10 8 8 8 10 10 10 8
left_child=2 3 6 4 16 -5 -1 -7 13 10 -4 12 -9 14 -6 19 17 -2 -19 20 -8 -22 23 -21
right_child=1 -3 9 5 8 7 15 11 -10 -11 -12 -13 -14 -15 -16 -17 -18 18 -20 22 21 -23 -24 -25
leaf_value=-0.019673180431416082 0.0046901838224730997 0.056039596491119462 -0.087432568488552187 -0.0018115705774159549 0.0087168682453066804 0.041063765156864745 -0.10000000000000001 0.021498899459604856 0.024800322239722842 0.020350757763863647 0.0015434376893093114 0.026832759256842122 -0.0053373789172496506 -0.01525596459390912 -0.0015500378119075735 -0.031042845647620346 0.011127362998646211 -0.02195402730593398 -0.0088819570288467334 -0.10000000000000001 -0.10000000000000001 -0.0044226992357681502 -0.073457364662138952 -0.10000000000000001
leaf_weight=60.434030115604401 235.15160226821899 850.33355712890625 45.249290883541107 661.83616352081299 3541.5235052108765 725.01551198959351 378.19595092535019 813.44084739685059 631.76753091812134 163.18469142913818 61.463381111621857 1259.3166751861572 539.41023778915405 381.47684144973755 1956.0097279548645 20.377235293388367 170.78042078018188 257.35841679573059 3125.6032996177673 16.532691657543182 40.164268493652344 32.555765569210052 12.561094582080839 803.05136424303055
leaf_count=16 27 7 36 29 189 14 578 38 25 24 13 21 32 31 163 11 14 40 499 23 57 20 8 1232
internal_value=0.00027893 0.00870712 -0.0778709 0.00589228 0.000706727 0.0192479 -0.0928845 0.0234245 0.00578846 -0.00200248 -0.036185 0.0185287 0.0107987 0.00374541 0.00506393 -0.096279 -0.00802564 -0.00892969 -0.00987641 -0.097315 -0.0930994 -0.0572113 -0.0995993 -0.1
internal_weight=16782.8 15149 1633.77 14298.7 10299.7 3999.02 1363.87 3337.18 6510.78 269.897 106.713 2612.17 1352.85 5879.01 5497.53 1303.44 3788.89 3618.11 3382.96 1283.06 450.916 72.72 832.145 819.584
internal_count=3147 1129 2018 1122 988 134 1945 105 408 73 49 91 70 383 352 1929 580 566 539 1918 655 77 1263 1255
is_linear=0
shrinkage=0.05


Tree=45
num_leaves=23
num_cat=0
split_feature=0 1 11 1 3 2 14 5 11 4 13 14 13 14 7 5 0 5 14 14 5 3
split_gain=4274.93 922.32 776.738 381.486 185.828 184.425 169.983 124.57 96.2111 89.4809 102.754 80.2127 77.9217 67.7889 59.6782 37.4213 25.4901 17.9713 5.73977 47.1974 54.6546 9.09495e-13
threshold=1.0000000180025095e-35 1210.7479813922139 235.00000000000003 117.2634379090606 3.1889880952380958 1.0000000180025095e-35 50.500000000000007 1268.0000000000002 1485.0000000000002 35.250000000000007 6.541666666666667 1.0000000180025095e-35 1.7928849902534114 45.500000000000007 34.500000000000007 680.50000000000011 33.947481706513479 307.00000000000006 4.5000000000000009 3.5000000000000004 19.500000000000004 8.5833333333333339
decision_type=10 10 10 10 10 8 10 10 10 10 10 8 10 8 10 10 10 10 8 10 10 8
left_child=2 3 5 9 8 -1 7 -6 12 10 11 -2 16 -13 17 -12 -5 -4 19 -7 -21 -20
right_child=1 -3 14 4 6 18 -8 -9 -10 -11 15 13 -14 -15 -16 -17 -18 -19 21 20 -22 -23
leaf_value=-0.0075845714256848598 0.023540359393745783 0.045845066288474533 -0.0020235406079585931 -0.014764375989504797 -0.0010367771680243995 -0.10000000000000001 0.034072593954348356 0.026993876047039369 0.025640074956898174 -0.031545655220902337 0.0049940274360912376 -0.0069865766929045371 0.016203778672786478 0.0043200638753835728 0.020213796345585573 0.026505024524765289 -0.00089274025810503587 -0.041842818085951028 -0.10000000000000001 -0.10000000000000001 -0.011203562254953947 -0.10000000000000001
leaf_weight=59.87016487121582 281.24540042877197 1598.206470489502 45.510839879512787 495.99076557159424 890.87015914916992 367.15981459617615 1715.5819606781006 714.04055309295654 467.05384254455566 240.7394483089447 386.65580892562866 4611.0867214202881 571.87823009490967 1860.5554890632629 153.0846027135849 423.76243305206299 996.61396408081055 75.083950877189636 19.261563241481781 34.208833277225494 35.119434535503387 770.51716184616089
leaf_count=8 29 16 13 31 38 587 32 16 12 29 38 597 22 174 24 19 43 37 27 51 23 1238
internal_value=0.00184452 0.00990644 -0.0769973 0.00570045 0.015351 -0.0932733 0.0231307 0.0114343 0.00514674 -0.00153624 -0.000581038 -0.00259998 0.00051048 -0.00373599 -0.000509341 0.016242 -0.00550227 -0.0268156 -0.0974569 -0.0928555 -0.0550186 -0.1
internal_weight=16814.1 15254.3 1559.82 13656.1 5852.03 1286.14 3320.49 1604.91 2531.54 7804.05 7563.31 6752.89 2064.48 6471.64 273.679 810.418 1492.6 120.595 1226.27 436.488 69.3283 789.779
internal_count=3104 1096 2008 1080 194 1934 86 54 108 886 857 800 96 771 74 57 74 50 1926 661 74 1265
is_linear=0
shrinkage=0.05


Tree=46
num_leaves=27
num_cat=0
split_feature=0 0 11 5 0 2 8 14 14 7 12 14 5 4 6 4 13 11 12 4 8 13 14 14 5 4
split_gain=4000.04 822.594 762.738 301.68 190.832 184.916 183.105 71.2158 64.1991 111.784 63.642 62.2563 100.095 87.7295 70.7219 58.4206 50.012 48.9208 68.0462 35.9184 28.439 17.4256 6.06848 48.7232 53.9213 4.54747e-13
threshold=1.0000000180025095e-35 203.63699697881938 235.00000000000003 662.50000000000011 17.141699546598954 1.0000000180025095e-35 0.98927939876215754 1.0000000180025095e-35 50.500000000000007 64.500000000000014 35.657692307692315 42.500000000000007 716.50000000000011 2.7473404255319154 26.911253481667014 7.4450549450549461 6.541666666666667 115.00000000000001 1.7056990352418528 3.7140522875816999 0.61395160473828103 3.0263157894736845 4.5000000000000009 3.5000000000000004 19.500000000000004 1.9956140350877194
decision_type=10 10 10 10 10 8 10 8 8 10 10 10 10 10 10 8 10 10 8 10 10 8 8 10 10 10
left_child=2 3 5 7 11 -1 19 -2 -8 -10 17 12 -5 -13 -15 20 -14 21 -19 -6 -4 -9 23 -7 -25 -24
right_child=1 -3 15 4 6 22 8 10 9 -11 -12 13 16 14 -16 -17 -18 18 -20 -21 -22 -23 25 24 -26 -27
leaf_value=-0.0072074174967859117 0.019921673170521945 0.04625895860971399 -0.0017400830877603156 0.024266716096920785 -0.0066034425060533522 -0.10000000000000001 0.015060778114349391 -0.019058869685641022 0.039942856399368398 0.017635194180083281 0.025657904497976326 0.024602306523337045 -0.014443616937168946 -0.019873309663270014 0.011103814115740348 0.018922210480552579 0.0097139664206372812 0.011716286661657275 -0.0048957399718758026 0.010015515623396936 -0.052044857489359213 -0.0083233049512950793 -0.10000000000000001 -0.10000000000000001 -0.010650073292194459 -0.10000000000000001
leaf_weight=59.85337495803833 334.41686916351318 1379.1677227020264 53.662857532501221 258.89497470855713 571.52821445465088 349.25320589542389 1134.8230123519897 532.84413814544678 1215.5752258300781 1043.8080015182495 177.62974119186401 601.36834907531738 1084.3358514308929 299.64807367324829 478.44499826431274 160.10082721710205 266.99678516387939 775.30397510528564 3008.6827805042267 754.11862945556641 58.96895295381546 1300.613349199295 734.60485881567001 32.540448546409607 35.097944021224976 16.655897796154022
leaf_count=8 33 14 9 19 28 587 36 70 21 23 11 33 115 25 26 34 15 66 348 22 31 191 1243 51 23 22
internal_value=0.00175529 0.00943543 -0.0761249 0.00576567 0.0123481 -0.0929235 0.0186089 -0.0025136 0.0247636 0.029637 -0.00380828 0.00246414 -0.00421406 0.0102595 -0.000825653 -0.000487463 -0.00967055 -0.00474003 -0.00149209 0.00285056 -0.0280774 -0.0114433 -0.0973154 -0.0924777 -0.0536358 -0.1
internal_weight=16718.9 15218.2 1500.74 13839 7709.54 1228.01 4719.85 6129.49 3394.21 2259.38 5795.07 2989.69 1610.23 1379.46 778.093 272.733 1351.33 5617.44 3783.99 1325.65 112.632 1833.46 1168.15 416.892 67.6384 751.261
internal_count=3104 1096 2008 1082 363 1934 130 719 80 44 686 233 149 84 51 74 130 675 414 50 40 261 1926 661 74 1265
is_linear=0
shrinkage=0.05


Tree=47
num_leaves=21
num_cat=0
split_feature=0 0 12 6 3 11 2 4 5 2 6 8 6 4 8 9 7 11 5 5
split_gain=3742.35 753.181 752.763 274.331 180.958 170.197 144.605 112.795 112.703 109.637 93.6603 77.7441 74.5119 75.4469 61.0144 57.2204 39.7698 28.9207 3.79341 114.556
threshold=1.0000000180025095e-35 203.63699697881938 7.077484652397545 54.337617875789256 3.2774659182036894 325.00000000000006 1.0000000180025095e-35 35.250000000000007 1327.5000000000002 5.0015675570558624 115.68586563462465 1.4508064516129033 24.375889508982507 25.625000000000004 1.0042372881355934 24.418788088397786 14.500000000000002 945.00000000000011 20.500000000000004 19.500000000000004
decision_type=10 10 8 10 10 10 8 10 10 8 10 10 10 10 8 10 10 8 8 10
left_child=2 3 5 7 11 6 -1 8 12 -10 -6 17 16 -14 -7 -11 -2 -5 19 -4
right_child=1 -3 18 4 10 14 -8 -9 9 15 -12 -13 13 -15 -16 -17 -18 -19 -20 -21
leaf_value=-0.0055132885228746896 -0.0050905453772067183 0.044421626888350357 -0.10000000000000001 0.0034440686878887961 0.030745479180408528 -0.0079477710053203806 -0.10000000000000001 -0.031221149073728922 -0.0054792009011390055 0.037010900041811949 0.011519519341493468 0.017302645826563226 6.8817656526786781e-05 0.029192002797480389 0.045659851530941202 0.012525847606336953 -0.023753288695359105 -0.011721381016515873 -0.10000000000000001 -0.0031758669357772346
leaf_weight=78.230395317077637 719.75496888160706 1364.7789764404297 494.13781851530075 672.37932634353638 1720.943377494812 136.69943964481354 83.943365931510925 272.67206192016602 470.35031318664551 448.8891806602478 1002.4527492523193 682.07931232452393 6024.8753933906555 230.90705108642578 86.770331859588623 509.36920213699341 473.08605170249939 590.41303634643555 532.04220467805862 32.561536848545074
leaf_count=10 114 14 879 35 39 35 130 31 30 15 22 19 642 9 9 29 72 25 917 28
internal_value=0.00167002 0.00898636 -0.0752373 0.00548653 0.0153496 -0.0154292 -0.0544209 0.000454404 0.00142735 0.0142915 0.0236686 0.00370052 -0.00103993 0.00114378 0.0128674 0.0239957 -0.0124923 -0.00364647 -0.0970222 -0.0940142
internal_weight=16627.3 15183 1444.39 13818.2 4668.27 385.644 162.174 9149.9 8877.23 1428.61 2723.4 1944.87 7448.62 6255.78 223.47 958.258 1192.84 1262.79 1058.74 526.699
internal_count=3104 1096 2008 1082 140 184 140 942 911 74 61 79 837 651 44 44 186 60 1824 907
is_linear=0
shrinkage=0.05


Tree=48
num_leaves=23
num_cat=0
split_feature=0 11 1 1 2 0 1 11 13 4 13 14 9 14 4 14 14 14 5 3 5 5
split_gain=3503.64 730.956 716.179 309.599 185.313 172.432 183.943 104.838 85.9306 73.2062 84.7446 66.2271 54.6595 54.6078 53.2582 48.2815 6.74107 52.1647 53.9492 5.91943 4.54747e-13 2.27374e-13
threshold=1.0000000180025095e-35 235.00000000000003 1436.8579884592857 117.2634379090606 1.0000000180025095e-35 17.751626263746669 162.56327760219014 1505.0000000000002 1.7524509803921571 35.250000000000007 6.541666666666667 1.0000000180025095e-35 25.533971576253006 45.500000000000007 7.4450549450549461 26.500000000000004 4.5000000000000009 3.5000000000000004 19.500000000000004 2.3603896103896109 50.500000000000007 10.500000000000002
decision_type=10 10 10 10 8 10 10 10 10 10 10 8 10 8 8 8 8 10 10 10 8 10
left_child=1 4 3 9 -1 -5 15 8 -8 10 11 -2 -12 -13 19 -7 17 21 -19 -3 -18 -6
right_child=2 14 -4 5 16 6 7 -9 -10 -11 12 13 -14 -15 -16 -17 20 18 -20 -21 -22 -23
leaf_value=-0.0065744048518784157 0.021442502704659586 -0.01372068250614044 0.043586439756450407 0.039269030646231558 -0.10000000000000001 -0.0017706921699388847 0.003180115840990449 0.025561422469117762 0.020102940681829218 -0.028672850620421922 -0.0014050211967142998 -0.0063231720446292024 0.025250669552280437 0.0038337777038204702 0.01825786460077888 -0.027696262052716844 -0.10000000000000001 -0.10000000000000001 -0.0076739864627184615 -0.036959611756202958 -0.10000000000000001 -0.10000000000000001
leaf_weight=59.827147960662842 279.77071332931519 48.387441456317902 1330.8711967468262 593.74497127532959 194.9330752491951 449.71902465820312 2013.6298990249634 1482.449104309082 1195.5018882751465 238.58961582183838 316.78898143768311 4606.4739599227905 489.48283910751343 1856.7200388908386 157.72323358058929 298.96598052978516 472.6539454460144 29.443816304206848 34.202201247215271 63.1844322681427 207.78326082229614 121.16792690753937
leaf_count=8 29 12 13 15 365 27 73 31 31 29 31 597 26 174 34 20 885 51 23 28 380 222
internal_value=0.00158791 -0.0744065 0.00855561 0.00518258 -0.0921901 0.013684 0.0108917 0.0145644 0.0094844 -0.00140433 -0.000542521 -0.00237437 0.0147775 -0.00340532 -0.000443719 -0.0121233 -0.0970215 -0.0916846 -0.0503857 -0.0268812 -0.1 -0.1
internal_weight=16542 1389.31 15152.7 13821.8 1120.01 6034.01 5440.27 4691.58 3209.13 7787.83 7549.24 6742.96 806.272 6463.19 269.295 748.685 1060.18 379.747 63.646 111.572 680.437 316.101
internal_count=3104 2008 1096 1083 1934 197 182 135 104 886 857 800 57 771 74 47 1926 661 74 40 1265 587
is_linear=0
shrinkage=0.05


Tree=49
num_leaves=25
num_cat=0
split_feature=9 2 1 1 11 3 9 4 10 9 4 12 13 12 11 13 0 12 6 9 12 5 5 5
split_gain=3277.36 698.548 658.761 328.81 258.042 178.011 99.9163 100.507 76.8372 69.673 66.615 101.789 119.031 61.755 53.7053 60.6404 46.2394 43.6387 39.9038 35.4551 19.6418 4.2654 115.944 2.27374e-13
threshold=114.83667709569939 1.0001267461017174 1946.4237341431078 120.04308645058474 325.00000000000006 3.1889880952380958 24.418788088397786 8.9206349206349227 22.450000000000003 26.892792739600683 35.250000000000007 4.7501000400160072 2.3363095238095242 0.88314735805710554 1485.0000000000002 1.7928849902534114 60.90306761627464 5.9181528662420391 23.822660568889635 27.549920920368248 7.2216795550128898 20.500000000000004 19.500000000000004 17.500000000000004
decision_type=8 8 10 10 10 10 10 8 8 10 10 10 10 8 10 10 10 10 10 10 8 8 10 10
left_child=2 -2 3 10 16 14 -7 9 -6 -8 11 13 20 -1 15 19 21 -14 -15 -5 -13 22 23 -3
right_child=1 4 -4 5 8 6 7 -9 -10 -11 -12 12 17 18 -16 -17 -18 -19 -20 -21 -22 -23 -24 -25
leaf_value=0.019251874779179147 0.0089621139208256526 -0.10000000000000001 0.047438297311611616 -0.011201637435258392 -0.058041184683192082 0.03360662766923133 0.011271105293053613 0.00011130184729796987 0.016366961298012805 0.030743431401503776 -0.027351732610570487 -0.022697835781722169 0.036658123749906985 -0.015818489534999727 0.01835598686940294 0.013963055491958989 -0.010540429525361904 0.013896012415277874 -0.00304474419005422 0.0052281680274913634 -0.0019951531551316909 -0.10000000000000001 -0.0020940336736075408 -0.10000000000000001
leaf_weight=284.8336296081543 225.94858741760254 426.83654779195786 1004.4712829589844 921.26181507110596 73.924108803272247 1113.1876831054688 840.40842056274414 739.36417484283447 65.3809774518013 1013.2075071334839 237.63333821296692 190.49034118652344 279.36096382141113 696.36972117424011 507.22853183746338 567.96589183807373 15.738582611083983 855.04824066162109 5009.971447467804 510.21835517883301 287.46015644073486 532.14017641544342 32.376907408237457 31.174702823162079
leaf_count=21 22 837 9 47 28 23 21 25 21 20 29 22 13 119 13 22 1 59 596 23 30 1013 29 61
internal_value=0.0015095 -0.071566 0.00832048 0.00552464 -0.0870175 0.0141165 0.0210769 0.0156978 -0.0231187 0.0219149 -0.00128302 -0.000468289 0.0106833 -0.00346944 0.00382542 0.000139241 -0.0955909 0.0195014 -0.00460358 -0.00534561 -0.0102463 -0.0968999 -0.093536 -0.1
internal_weight=16462 1403.52 15058.5 14054 1177.57 6212.84 3706.17 2592.98 139.305 1853.62 7841.17 7603.53 1612.36 5991.17 2506.67 1999.45 1038.27 1134.41 5706.34 1431.48 477.95 1022.53 490.388 458.011
internal_count=3104 2012 1092 1083 1990 194 89 66 49 41 889 860 124 736 105 92 1941 72 715 70 52 1940 927 898
is_linear=0
shrinkage=0.05


Tree=50
num_leaves=31
num_cat=0
split_feature=0 12 5 12 5 0 5 14 10 14 5 12 11 11 12 12 2 14 0 13 13 2 1 0 14 14 5 5 5 5
split_gain=2761.2 833.242 380 150.53 142.016 135.971 117.326 86.0399 75.9968 71.2116 63.6048 55.8542 101.548 163.543 73.0102 51.5332 41.9172 33.2659 34.8625 33.2475 25.6775 16.3204 12.571 13.1317 8.22399 57.4011 62.5354 6.30769 1.27728 2.27374e-13
threshold=1.590682478226479 10.843319194061507 1327.5000000000002 116.66666666666667 178.50000000000003 98.584490185463082 1582.5000000000002 66.500000000000014 12.612500000000002 50.500000000000007 219.50000000000003 7.1861471861471875 175.00000000000003 125.00000000000001 6.0102040816326534 1.2954091028676666 0.99835740821116836 32.500000000000007 3.927406243223361 3.8786764705882359 2.797058823529412 1.0001267461017174 28.903334190824292 10.240467416104082 4.5000000000000009 3.5000000000000004 19.500000000000004 167.50000000000003 56.500000000000007 60.500000000000007
decision_type=10 8 10 10 10 10 10 8 8 10 10 8 8 10 10 10 8 10 10 10 8 8 10 10 8 10 10 10 10 10
left_child=1 4 3 10 16 6 -4 9 15 -8 20 12 13 -12 -14 -6 -1 19 -19 -13 27 -17 28 -24 25 29 -27 -2 -22 -3
right_child=2 24 5 -5 8 -7 7 -9 -10 -11 11 17 14 -15 -16 21 -18 18 -20 -21 22 -23 23 -25 -26 26 -28 -29 -30 -31
leaf_value=-0.02895286155214238 -0.028983154485123914 -0.10000000000000001 0.024611799035459805 0.041661575545039783 0.0090432906284039181 0.028163926319887064 0.00092175194668034182 -0.010431885902082185 0.025700226658749277 0.024993845089512166 -0.0055328914004816624 -0.0053050865285484607 -0.00091448371815573454 0.041981244635690321 0.024048827140239162 -0.023657089033652254 -0.10000000000000001 0.024066373531308666 -0.001735533389634118 -0.021128239508632057 -0.0085819175304744071 -0.06836832023086703 0.0081687027199083256 -0.0070335201041999366 -0.10000000000000001 -0.10000000000000001 0.0044235525434172824 -0.015655567165698929 -0.013774131405959284 -0.10000000000000001
leaf_weight=36.687189102172852 174.9733943939209 236.59951823949814 975.39029312133789 208.85283899307251 70.892946064472198 1708.9313278198242 712.30605983734131 715.23566579818726 177.93571743369102 540.24770069122314 325.2918267250061 1289.1285090446472 4145.797492980957 408.57269668579102 315.16611576080322 36.027005195617676 47.82225027680397 147.76945877075195 1147.898606300354 447.12565946578979 165.00547242164612 47.082342892885208 207.63353729248047 449.74136638641357 599.50135800242424 27.144383013248444 30.387906014919281 180.21745777130127 419.77395701408386 25.356745302677155
leaf_count=6 25 490 38 5 11 22 34 32 38 15 36 167 310 19 16 6 91 12 106 49 31 39 24 52 1217 52 19 22 84 49
internal_value=-0.00112548 -0.0699601 0.00513423 -0.000342667 -0.0112897 0.016946 0.0104324 0.00340391 0.00344299 0.0113045 -0.00123565 0.000537131 0.00368457 0.0209202 0.000849169 -0.0222732 -0.0691571 -0.00485562 0.00120714 -0.00937991 -0.0103659 -0.0489865 -0.00697599 -0.00223186 -0.0965471 -0.0900678 -0.0448447 -0.022221 -0.0123091 -0.1
internal_weight=16020.5 1335.44 14685.1 10032.9 416.447 4652.11 2943.18 1967.79 331.938 1252.55 9824.1 8226.75 5194.83 733.865 4460.96 154.002 84.5094 3031.92 1295.67 1736.25 1597.35 83.1093 1242.15 657.375 918.99 319.489 57.5323 355.191 584.779 261.956
internal_count=3117 2018 1099 958 191 141 119 81 94 49 953 715 381 55 326 56 97 334 118 216 238 45 191 76 1827 610 71 47 115 539
is_linear=0
shrinkage=0.05


Tree=51
num_leaves=33
num_cat=0
split_feature=0 12 7 0 11 7 4 4 12 8 10 12 8 4 0 13 12 12 11 13 7 13 4 13 1 8 12 13 13 8 11 7
split_gain=2585.75 820.096 346.472 171.617 115.832 113.447 125.342 106.401 113.435 80.0378 69.0016 64.759 58.5541 57.734 55.5617 70.8641 47.4931 46.1918 100.987 66.7748 45.8829 43.3385 43.5864 28.7478 26.786 18.6981 17.7956 15.2338 14.4186 13.696 5.50879 0.814984
threshold=1.590682478226479 10.843319194061507 43.500000000000007 98.584490185463082 325.00000000000006 45.500000000000007 4.8038461538461545 3.9198717948717952 5.3273024054982825 1.229419703103914 7.870588235294119 3.339835487661575 0.44943165257942291 9.309523809523812 4.3840689457457307 2.3956521739130436 9.0860000000000003 1.4348901529732121 215.00000000000003 1.2532051282051284 60.500000000000007 18.500000000000004 14.133333333333335 4.2771739130434794 49.350999194894527 1.0042372881355934 0.98948440691528583 0.71021265068400397 11.266666666666667 0.87165408373369957 125.00000000000001 1.0000000180025095e-35
decision_type=10 8 10 10 10 10 10 10 10 10 8 10 10 8 10 10 10 10 8 10 10 8 8 10 10 10 10 8 8 8 10 8
left_child=1 4 9 5 12 -4 7 8 -7 11 -11 17 -1 -6 21 -16 -17 24 19 -19 -8 22 -12 26 29 -13 -14 -20 -26 -2 -28 -3
right_child=2 31 3 -5 13 6 20 -9 -10 10 14 25 23 -15 15 16 -18 18 27 -21 -22 -23 -24 -25 28 -27 30 -29 -30 -31 -32 -33
leaf_value=-0.0021404002022513986 -0.025099564411628656 -0.095740663980193139 0.030400405413238615 0.026033168970942086 -0.014344532639358249 0.00066197264291227684 0.0025143447090562698 0.03287338998294434 0.027198652188422517 -0.013752845298508688 0.0043051611700472602 -0.01536632442137696 -0.04366997895717472 0.034991419838110216 -0.00099198244013288151 0.033273061013009281 0.010833333225033291 0.0023427986134741787 -0.015868333246118863 0.037500399951719499 -0.015987460571029552 0.011858396744331007 -0.029673544447730411 -0.0044502470539836093 -0.0089285576783537223 -0.037406768857354347 -0.10000000000000001 -0.0021099567791452458 0.00059992478372603703 -0.009665678771063408 -0.069103134930039195 -0.10000000000000001
leaf_weight=60.5597864985466 156.56253862380981 743.35587403178215 512.15428447723389 1926.1275749206543 111.83794832229614 1688.2076721191406 647.05510520935059 483.76164722442627 528.87087535858154 390.38412809371948 176.56173896789551 224.84980487823486 32.396949887275696 126.22608423233032 476.45839786529541 498.26170349121094 447.63088655471802 255.91822481155396 273.63469552993774 285.97289943695068 695.02251529693604 288.38553190231323 202.76666736602783 17.688409447669983 584.58942317962646 168.21812677383423 41.316638380289078 759.96971821784973 1237.4021201133728 1755.4051549434662 22.166796624660492 132.29350876808167
leaf_count=13 21 1568 18 26 38 98 33 15 12 33 19 24 10 11 31 21 19 26 32 16 35 28 36 8 44 22 86 65 107 318 25 259
internal_value=-0.00108034 -0.069009 0.00488532 0.0135211 -0.0108542 0.00823038 0.0054219 0.0116279 0.00699214 -0.00195455 0.00554319 -0.00521587 -0.0418459 0.0118143 0.00914732 0.0147329 0.0226538 -0.00376611 0.00341355 0.0208966 -0.0070672 -0.00275101 -0.0138579 -0.0630186 -0.00679547 -0.0247988 -0.0738236 -0.00575233 -0.00245731 -0.0109295 -0.0892116 -0.0963842
internal_weight=15952 1287.84 14664.2 6481.2 412.193 4555.07 4042.92 2700.84 2217.08 8182.97 2480.45 5702.52 174.129 238.064 2090.06 1422.35 945.893 5309.45 1575.5 541.891 1342.08 667.714 379.328 113.569 3733.96 393.068 95.8804 1033.6 1821.99 1911.97 63.4834 875.649
internal_count=3117 2018 1099 237 191 211 193 125 110 862 187 675 142 49 154 71 40 629 139 42 68 83 55 129 490 46 121 97 151 339 111 1827
is_linear=0
shrinkage=0.05


Tree=52
num_leaves=30
num_cat=0
split_feature=0 12 1 8 5 4 2 12 11 11 5 11 4 8 2 13 2 10 7 2 4 8 1 2 12 5 5 5 8
split_gain=2416.65 800.557 318.32 164.697 133.969 130.862 92.9647 118.433 112.495 85.7004 80.0693 90.7703 72.4046 74.7511 65.9982 55.1582 39.5501 36.5758 35.56 34.1959 25.0128 22.0425 21.9861 20.1969 13.615 5.01887 115.083 4.54747e-13 2.84217e-14
threshold=1.0000000180025095e-35 9.2864583333333339 215.67163340792612 1.087595907928389 178.50000000000003 9.309523809523812 2.9922479677235185 1.5286689915722176 1395.0000000000002 1615.0000000000002 1268.0000000000002 475.00000000000006 7.5500000000000007 0.6024691358024693 2.9798804184658629 1.3580586080586083 1.0000000180025095e-35 6.5954545454545466 53.500000000000007 1.0000000180025095e-35 4.8038461538461545 1.0042372881355934 30.391512141857081 0.50320080970070546 3.3211020822752673 20.500000000000004 19.500000000000004 652.50000000000011 1.1155165840640489
decision_type=10 8 10 10 10 8 10 10 8 8 10 10 8 10 8 8 8 8 10 8 8 8 10 8 10 8 10 10 10
left_child=1 4 6 9 16 -5 7 18 10 15 11 -9 13 -6 -12 -4 -1 -10 21 -15 -19 23 -23 -2 -21 26 -3 -27 -18
right_child=2 25 3 5 12 -7 -8 8 17 -11 14 -13 -14 19 -16 -17 28 20 -20 24 -22 22 -24 -25 -26 27 -28 -29 -30
leaf_value=-0.026318943954429581 -0.0082133553301969985 -0.10000000000000001 0.0087434021513948367 0.034871022887488404 0.017113304938546053 0.011371312917450881 -0.022577395654920895 0.010534206174985333 -0.030530429585669046 0.020592579812054406 0.0032135069624452542 -0.0048848749234364566 0.030639071746343224 -0.013321743378261542 0.027542572510600216 -0.0089993359917940937 -0.10000000000000001 0.0051182180001027571 0.018209795166635078 -0.10000000000000001 -0.016300485761801257 -0.011301113925242403 -0.0021714230593187153 -0.026503019872306882 -0.044507001553014555 -0.10000000000000001 -0.005634149146563198 -0.10000000000000001 -0.10000000000000001
leaf_weight=31.48900318145752 334.35780954360962 393.65942996740341 892.09783935546875 1327.228572845459 78.220142304897308 1070.044828414917 458.56740570068359 2251.7509548664093 215.93566799163818 712.93176651000977 437.00748443603516 1656.748715877533 149.80946010351181 34.189267635345459 769.76215744018555 860.60754489898682 29.385016024112701 257.29384565353394 135.97883605957031 29.259841471910477 289.87133407592773 1125.0105519294739 1593.4887652397156 275.16301679611206 17.763188272714615 398.06894543766975 35.197647511959076 10.283791065216063 13.81252935528755
leaf_count=5 39 897 24 20 11 25 30 197 18 13 25 150 19 5 31 33 60 19 10 40 29 223 186 33 13 888 36 8 30
internal_value=-0.00103641 -0.0686175 0.00459143 0.0150498 -0.00883476 0.0243817 -0.000597676 0.000481192 0.00480272 0.00597662 0.00747428 0.00399831 0.00568033 -0.017772 0.0187323 3.14221e-05 -0.0689349 -0.0131054 -0.0068524 -0.0513719 -0.00622875 -0.00787641 -0.00594961 -0.0164701 -0.0790372 -0.0960327 -0.0922551 -0.1 -0.1
internal_weight=15885 1221.14 14663.8 4862.91 383.928 2397.27 9800.94 9342.37 5878.37 2465.64 5115.27 3908.5 309.242 159.432 1206.77 1752.71 74.6865 763.101 3464 81.2123 547.165 3328.02 2718.5 609.521 47.023 837.21 428.857 408.353 43.1975
internal_count=3117 2012 1105 115 183 45 990 960 469 70 403 347 88 69 56 57 95 66 491 58 48 481 409 72 53 1829 933 896 90
is_linear=0
shrinkage=0.05


Tree=53
num_leaves=22
num_cat=0
split_feature=0 12 1 11 5 13 13 9 4 8 13 12 2 2 8 2 2 12 5 5 5
split_gain=2264.04 783.928 290.447 188.944 124.934 121.821 126.352 70.538 65.8283 68.9578 61.4559 59.9737 41.6121 62.0189 63.7763 39.9388 33.0971 14.1537 5.27251 115.268 2.27374e-13
threshold=1.0000000180025095e-35 9.2864583333333339 2591.2039612320073 945.00000000000011 178.50000000000003 5.3750000000000009 2.8704146730462523 23.83693154551602 7.5500000000000007 0.6024691358024693 0.54348739495798326 48.973214285714292 2.0001106541743461 1.7792273036736628 1.229419703103914 1.0000000180025095e-35 1.0000000180025095e-35 3.3211020822752673 20.500000000000004 19.500000000000004 502.00000000000006
decision_type=10 8 10 10 10 10 8 10 8 10 10 10 10 10 10 8 8 10 8 10 10
left_child=1 4 3 11 15 6 7 -5 9 -6 -9 12 13 14 -2 -1 -11 -18 19 -3 -20
right_child=2 18 -4 5 8 -7 -8 10 -10 16 -12 -13 -14 -15 -16 -17 17 -19 20 -21 -22
leaf_value=-0.025089964026468872 -0.0052321393791755167 -0.10000000000000001 0.043499536548349371 -0.006723276269787754 0.016281501166863804 0.03275363573916646 -0.015616443611704198 0.026994118857885375 0.029244494015359654 -0.012666906045945579 0.0099119122139689486 0.025464931994056157 -0.015458429031377847 0.020842743256842211 0.00534915086280029 -0.10000000000000001 -0.10000000000000001 -0.042704912754496782 -0.10000000000000001 -0.0053532931171736105 -0.10000000000000001
leaf_weight=31.382667064666748 5266.2730462551117 374.46043807268143 459.32182693481445 546.08960676193237 78.108463764190674 532.33127117156982 525.21901988983154 614.3780345916748 149.12383806705475 34.159687995910645 3681.9267072677612 197.34428262710571 569.95692729949951 299.6708083152771 1951.8288779258728 41.090775907039642 27.832821935415268 17.591639488935471 375.08740630745888 35.192201673984528 13.349727928638456
leaf_count=5 650 897 4 32 11 12 30 19 19 5 139 10 35 17 157 90 40 13 884 36 12
internal_value=-0.00099481 -0.0677004 0.0043682 0.0031011 -0.00851835 0.00993937 0.00767678 0.0102032 0.00542847 -0.0170934 0.0123547 -0.00176855 -0.00243306 -0.00144555 -0.00237088 -0.0675622 -0.0498495 -0.0778112 -0.0958265 -0.0918691 -0.1
internal_weight=15821.7 1177.38 14644.3 14185 379.29 5899.94 5367.61 4842.39 306.816 157.693 4296.3 8285.07 8087.73 7517.77 7218.1 72.4734 79.5841 45.4245 798.09 409.653 388.437
internal_count=3117 2012 1105 1101 183 232 220 190 88 69 158 869 859 824 807 95 58 53 1829 933 896
is_linear=0
shrinkage=0.05


Tree=54
num_leaves=34
num_cat=0
split_feature=0 12 1 8 4 5 2 12 11 14 11 4 8 14 6 2 6 10 7 4 12 2 4 1 14 14 5 2 5 5 5 12 5
split_gain=2120.12 770.769 268.301 144.321 116.178 109.703 83.0914 99.6307 96.441 107.338 72.3339 61.7472 63.5217 58.5769 51.0015 42.8675 38.7117 31.135 30.0184 22.163 20.5343 18.9944 14.7131 13.7909 10.8526 69.7591 65.6947 7.40843 2.27374e-13 1.13687e-13 2.84217e-14 2.84217e-14 1.42109e-14
threshold=1.590682478226479 10.843319194061507 215.67163340792612 1.087595907928389 9.309523809523812 178.50000000000003 2.9922479677235185 1.5286689915722176 1395.0000000000002 54.500000000000007 1615.0000000000002 7.5500000000000007 0.6024691358024693 11.500000000000002 26.81957697386455 0.99835740821116836 121.41493787397017 6.5954545454545466 53.500000000000007 4.8038461538461545 0.88314735805710554 1.0000000180025095e-35 2.2863756613756618 30.391512141857081 4.5000000000000009 3.5000000000000004 19.500000000000004 0.99580937717703966 254.50000000000003 46.500000000000007 105.50000000000001 2.6977286566800638 344.50000000000006
decision_type=10 8 10 10 8 10 10 10 8 10 10 8 10 8 10 8 10 8 10 8 10 8 8 10 8 10 10 8 10 10 10 10 10
left_child=1 5 6 10 -5 15 7 18 9 13 16 12 -7 -9 -11 -1 -4 -10 20 -19 23 -14 -23 -2 25 29 -27 -22 -26 -3 -31 -17 -30
right_child=2 24 3 4 -6 11 -8 8 17 14 -12 -13 21 -15 -16 31 -18 19 -20 -21 27 22 -24 -25 28 26 -28 -29 32 30 -32 -33 -34
leaf_value=-0.024690437882085393 -0.0095970610695281025 -0.10000000000000001 0.0058967697103926046 0.032568115055305651 0.010360325679874438 0.015487971843574198 -0.021373609526362178 -0.0065250501820581855 -0.028555897397657279 0.031544635359467561 0.018806764428432324 0.025981445449071047 -0.019033119189878527 0.0069001472688922623 0.010291437102718331 -0.10000000000000001 -0.0093062724778819241 0.0047552672220555325 0.016797875189226808 -0.015415940873391249 -0.012202634082032076 -0.045498846412990956 -0.10000000000000001 -0.002507533354562766 -0.10000000000000001 -0.10000000000000001 0.013914712471764455 -0.024978799318936387 -0.099999999999999978 -0.099999999999999978 -0.10000000000000001 -0.10000000000000001 -0.10000000000000001
leaf_weight=36.223803043365479 1194.7786271572113 189.25581476092339 1059.3266925811768 1313.2934093475342 1067.6941089630127 78.007523238658905 457.1407995223999 1141.10906457901 210.4538459777832 543.11790180206299 709.97286224365234 152.70923140645027 38.80858325958252 2821.4809362888336 587.74856853485107 26.557536661624908 692.40129280090332 257.24435186386108 135.49725484848022 289.35087490081787 346.4388165473938 34.812609851360321 19.219886422157288 1610.720959186554 464.42512682080269 22.27041158080101 29.318015813827515 168.72745656967163 13.003944605588915 13.827740222215654 12.088817328214644 12.94422075152397 15.563664734363554
leaf_count=6 229 477 37 20 25 11 30 128 17 23 13 21 6 220 28 60 20 19 10 29 40 31 25 188 1166 52 19 23 30 35 27 31 21
internal_value=-0.000954335 -0.0660453 0.00421068 0.0138329 0.0226096 -0.00980092 -0.000561772 0.000460499 0.00443671 0.00691163 0.00534396 0.00287805 -0.0177724 0.00303409 0.0204986 -0.0639752 -0.0001125 -0.0122146 -0.00627034 -0.00592276 -0.00721162 -0.0457187 -0.0648854 -0.00552675 -0.0956042 -0.0874803 -0.0352616 -0.0163871 -0.1 -0.1 -0.1 -0.1 -0.1
internal_weight=15765.5 1159.04 14606.5 4842.69 2380.99 399.283 9763.81 9306.67 5850.51 5093.46 2461.7 323.558 170.849 3962.59 1130.87 75.7256 1751.73 757.049 3456.16 546.595 3320.67 92.8411 54.0325 2805.5 759.754 266.761 51.5884 515.166 492.993 215.172 25.9166 39.5018 28.5676
internal_count=3117 2018 1099 115 45 191 984 954 464 399 70 94 73 348 51 97 57 65 490 48 480 62 56 417 1827 610 71 63 1217 539 62 91 51
is_linear=0
shrinkage=0.05


Tree=55
num_leaves=18
num_cat=0
split_feature=0 2 0 5 4 13 2 2 13 13 10 14 3 12 10 4 3
split_gain=2587.55 656.994 511.559 178.062 118.962 116.958 131.577 119.842 73.1455 72.3559 66.6421 59.184 54.1966 48.1051 46.748 35.3872 4.54747e-13
threshold=1.590682478226479 1.0001267461017174 203.63699697881938 662.50000000000011 2.2725464190981435 25.750000000000004 1.5021206879666138 2.2937169081317501 0.14550264550264552 0.44671201814058964 4.3508771929824563 96.500000000000014 8.4500000000000011 2.8501451708025227 8.954545454545455 3.2873015873015876 0.91711590296495971
decision_type=10 8 10 10 10 10 10 10 8 8 8 10 10 10 8 10 10
left_child=1 -1 3 8 16 6 9 -8 -2 -5 -11 12 13 -10 -9 -6 -3
right_child=2 4 -4 5 15 -7 7 14 11 10 -12 -13 -14 -15 -16 -17 -18
leaf_value=0.0016119734092294787 0.024007008016192287 -0.10000000000000001 0.03853818779275664 0.018917229916604203 0.00039553790253959195 0.035348897301312146 0.029292657996491667 0.015388829932131285 -0.0029612542997469677 -0.020234779958536803 0.0024616788870328045 0.016568907810209109 0.017335623718263381 -0.015497915809452338 -0.00053754230200054188 -0.066302067411657714 -0.10000000000000001
leaf_weight=230.2021586894989 267.17206573486328 731.88124668598175 1225.4164257049561 608.31715297698975 36.509251594543457 423.90181922912598 1129.722186088562 1099.2361927032471 4240.3746643066406 356.4135799407959 3494.2086310386658 371.25603294372559 280.67837715148926 933.66996693611145 793.25352382659912 43.67913094162941 20.146775633096695
leaf_count=26 18 1890 13 27 20 12 31 29 549 30 222 32 20 108 29 39 34
internal_value=0.00229523 -0.0731475 0.00756019 0.00484835 -0.093827 0.00979929 0.00835158 0.0164059 -0.00157484 0.00289247 0.000360895 -0.00274799 -0.00406272 -0.00522353 0.00871315 -0.0359351 -0.1
internal_weight=16286 1062.42 15223.6 13998.2 832.216 7905.05 7481.15 3022.21 6093.15 4458.94 3850.62 5825.98 5454.72 5174.04 1892.49 80.1884 752.028
internal_count=3129 2009 1120 1107 1983 380 368 89 727 279 252 709 677 657 58 59 1924
is_linear=0
shrinkage=0.05


Tree=56
num_leaves=23
num_cat=0
split_feature=0 2 1 8 4 2 8 0 14 4 3 4 4 4 1 0 5 13 14 0 5 14
split_gain=2416.58 644.413 507.36 170.548 122.21 100.544 116.699 126.839 87.2731 63.2464 60.7088 37.6534 60.9166 33.051 23.769 19.2016 17.1348 15.282 5.80704 5.05699 3.11123 1.36405
threshold=1.590682478226479 1.0001267461017174 1436.8579884592857 0.40793360303088683 2.2725464190981435 1.5021206879666138 0.53112890725910622 3.8491580746185559 50.500000000000007 8.5312500000000018 1.8637566137566142 3.977272727272728 2.7537878787878793 3.2873015873015876 32.571503829923998 8.9892280254468293 844.00000000000011 0.20256410256410259 16.500000000000004 5.5649520716088015 213.50000000000003 86.500000000000014
decision_type=10 8 10 10 10 8 10 10 8 10 10 10 10 10 10 10 8 10 8 10 10 10
left_child=1 -1 3 14 -3 9 -7 10 -9 11 -8 12 -5 -6 17 -16 18 19 -17 20 -2 -21
right_child=2 4 -4 5 13 6 7 8 -10 -11 -12 -13 -14 -15 15 16 -18 -19 -20 21 -22 -23
leaf_value=0.0015313946201293998 0.0043267922569798735 -0.10000000000000001 0.038759547342919032 0.0040341029011375651 0.00037576042199764732 0.040548729684886875 0.0019492275714305144 0.006244175503502699 0.017960226864775219 -0.018973236370163325 -0.026084952780813627 0.014105289830231602 -0.016887448768795596 -0.064403231500568633 0.012036071659683805 0.001987533638986847 -0.015165681802044665 -0.022741844302006792 -0.0041905669746282832 -0.0089003658150773809 -0.0069019937892839493 -0.015096900304472992
leaf_weight=230.19924211502075 118.4165563583374 715.35117584466934 1174.616455078125 1682.5311307907104 36.509223610162735 316.37752151489258 487.82029247283936 3300.139986038208 3066.4004335403442 380.94600963592529 319.65933561325073 577.82535839080811 438.62996053695679 42.742899179458618 229.10508251190186 711.67077112197876 261.46186685562134 202.37115287780762 816.99152326583862 888.95369863510132 128.77303242683411 98.669883251190186
leaf_count=26 20 1924 11 137 20 12 63 191 90 29 48 33 38 39 23 71 20 35 79 174 26 20
internal_value=0.00218367 -0.0721326 0.00719372 0.00455036 -0.0934733 0.00770307 0.01083 0.00951942 0.0118871 9.83068e-05 -0.00914875 0.00279014 -0.000292216 -0.0345614 -0.00509119 -0.00159314 -0.00333744 -0.0100059 -0.00131434 -0.00791865 -0.00152283 -0.00951944
internal_weight=16226.2 1024.8 15201.4 14026.7 794.603 10570.3 7490.4 7174.02 6366.54 3079.93 807.48 2698.99 2121.16 79.2521 3456.41 2019.23 1790.12 1437.18 1528.66 1234.81 247.19 987.624
internal_count=3129 2009 1120 1109 1983 641 404 392 281 237 111 208 175 59 468 193 170 275 150 240 46 194
is_linear=0
shrinkage=0.05


Tree=57
num_leaves=17
num_cat=0
split_feature=0 2 1 5 4 13 2 10 13 13 10 2 3 8 12 4
split_gain=2256.12 631.649 464.455 164.144 125.411 101.426 127.581 114.799 65.1739 63.1713 59.2755 55.9466 41.8341 39.0197 36.733 30.8055
threshold=1.590682478226479 1.0001267461017174 1946.4237341431078 662.50000000000011 2.2725464190981435 25.750000000000004 1.5021206879666138 9.029411764705884 0.44671201814058964 0.14550264550264552 4.3508771929824563 2.2937169081317501 8.4500000000000011 10.565789473684212 2.8501451708025227 3.2873015873015876
decision_type=10 8 10 10 10 10 10 10 8 8 8 10 10 10 10 10
left_child=1 -1 3 9 -3 6 8 11 -5 -2 -10 -8 13 14 -11 -6
right_child=2 4 -4 5 15 -7 7 -9 10 12 -12 -13 -14 -15 -16 -17
leaf_value=0.0014548415663624059 0.022299429167063563 -0.10000000000000001 0.041571220084848842 0.017734232174791045 0.00035697386865524627 0.033204711910329664 0.029508696483226307 -0.0020707793418382331 -0.019344110237535614 -0.0024986304346606104 0.0020732741017990696 0.014399362293382546 0.016227598032621884 0.019731978673811504 -0.013584456604140214 -0.062479489667832705
leaf_weight=230.19661116600037 265.40870046615601 680.46308386325836 905.40884780883789 606.3076171875 36.509198307991028 420.14822387695312 1025.051685333252 725.09189701080322 355.79123783111572 4492.7932908535004 3511.5897948741913 1522.8716735839844 279.67130327224731 173.73712158203125 896.3159008026123 41.878468602895737
leaf_count=26 18 1924 8 27 20 12 25 29 30 578 223 38 20 11 101 39
internal_value=0.00207699 -0.0710936 0.00684434 0.00464171 -0.0931011 0.0092785 0.00798084 0.0154826 0.00249245 -0.0015581 0.000102918 0.020478 -0.00264188 -0.00359054 -0.00434242 -0.0332133
internal_weight=16169.2 989.047 15180.2 14274.8 758.851 8166.85 7746.7 3273.02 4473.69 6107.93 3867.38 2547.92 5842.52 5562.85 5389.11 78.3877
internal_count=3129 2009 1120 1112 1983 384 372 92 280 728 253 63 710 690 679 59
is_linear=0
shrinkage=0.05


Tree=58
num_leaves=24
num_cat=0
split_feature=0 12 1 8 9 11 10 8 5 8 8 11 14 1 8 0 5 13 11 8 0 11 1
split_gain=2105.56 600.12 423.934 153.973 103.269 102.744 101.002 95.9976 84.9339 45.511 59.3453 38.4876 22.1904 21.1849 17.4857 17.1566 16.0726 13.9518 11.0798 6.14015 4.47212 2.96327 1.3129
threshold=1.590682478226479 10.843319194061507 1946.4237341431078 0.40793360303088683 32.412955291344751 125.00000000000001 13.267857142857144 0.53112890725910622 527.50000000000011 0.44943165257942291 5.0555555555555562 755.00000000000011 5.5000000000000009 32.571503829923998 0.74691169742260188 8.9892280254468293 866.00000000000011 0.20256410256410259 715.00000000000011 1.0042372881355934 5.5649520716088015 165.00000000000003 22.228741694528548
decision_type=10 8 10 10 10 8 10 10 10 10 8 10 10 10 10 10 10 10 8 10 10 8 10
left_child=1 6 3 13 5 12 9 -7 -9 -1 11 14 -5 17 -11 -15 18 20 -17 -14 21 -2 -22
right_child=2 -3 -4 4 -6 7 -8 8 -10 10 -12 -13 19 15 -16 16 -18 -19 -20 -21 22 -23 -24
leaf_value=0.0034415774108187119 0.004512064580010194 -0.10000000000000001 0.039837135379845047 -0.00027349532577289592 -0.018529614911402374 0.034126650645791796 0.041496876173788076 -0.0024705536827507625 0.010408360334108321 -0.043379633803308837 0.051909243037478819 -0.020061094816855234 -0.029850614953233042 0.011415014438286755 -0.081501258505553786 -0.0033506861111666838 -0.014582505966102081 -0.021603077926935943 0.0071189388767300566 -0.015325558318592433 -0.015237409918671755 -0.0064723693361192899 -0.0084027326301710555
leaf_weight=75.453300833702087 113.91459226608276 607.64935633540154 897.78039932250977 166.40696048736572 372.17247676849365 375.85911321640015 59.823285937309265 1521.1736221313477 8079.6188178062439 50.643617272377014 15.65748471021652 71.752690374851227 157.49194478988647 228.95242404937744 74.081568539142609 1209.029670715332 261.23871183395386 201.86834192276001 319.47779607772827 135.23417568206787 76.137491941452026 133.18036508560181 910.93003177642822
leaf_count=17 19 1817 8 22 29 17 4 166 370 14 5 18 22 23 134 122 20 35 28 18 18 27 176
internal_value=0.00197533 -0.0700312 0.00651151 0.0044138 0.00735095 0.00827393 -0.0176135 0.00933823 0.00836779 -0.0299095 -0.041772 -0.0492375 -0.0148525 -0.00477495 -0.0660223 -0.00147261 -0.00312125 -0.00941722 -0.0011624 -0.0231403 -0.00742402 -0.00140838 -0.00892993
internal_weight=16115.5 955.061 15160.5 14262.7 10808 10435.8 347.412 9976.65 9600.79 287.589 212.135 196.478 459.133 3454.73 124.725 2018.7 1789.75 1436.03 1528.51 292.726 1234.16 247.095 987.068
internal_count=3129 2009 1120 1112 644 615 192 553 536 188 171 166 62 468 148 193 170 275 150 40 240 46 194
is_linear=0
shrinkage=0.05


Tree=59
num_leaves=19
num_cat=0
split_feature=1 2 1 5 4 13 3 2 2 6 3 11 3 1 14 4 6 13
split_gain=1963.55 645.473 389.131 119.82 100.439 96.0162 108.24 111.178 79.7722 74.0371 59.2191 49.5597 37.8597 34.1048 38.7857 26.2776 20.5075 8.23222
threshold=1.0000000180025095e-35 1.0000000180025095e-35 1436.8579884592857 662.50000000000011 2.2725464190981435 25.750000000000004 7.5108695652173916 1.5021206879666138 2.2937169081317501 26.867739477658251 1.2899159663865549 1165.0000000000002 8.4500000000000011 23.614564899551617 96.500000000000014 3.2873015873015876 30.455886584559703 38.125000000000007
decision_type=10 8 10 10 10 10 10 10 10 10 8 10 10 10 10 10 10 8
left_child=1 -1 3 10 -3 6 7 9 -9 -5 -2 16 13 17 -15 -6 -8 -12
right_child=2 4 -4 5 15 -7 11 8 -10 -11 12 -13 -14 14 -16 -17 -18 -19
leaf_value=0.0054429605465720603 0.016153107431487759 -0.10000000000000001 0.034089102941949022 0.013334909422795485 -0.0023662279391405204 0.031250647484519632 -0.0092228742579797251 0.027606457300496906 0.0096983181780122552 -0.0011971641348809069 -0.030748618640810604 0.0049592582755725988 0.015163727169686279 -0.0038509358048244981 0.014969515999214703 -0.064726569708929968 -0.027913487311776564 -0.01355617981607816
leaf_weight=216.32072305679321 444.57634544372559 616.46262419223785 1150.7181816101074 1315.6972210407257 31.35801699757576 417.20566654205322 310.43789100646973 1051.5232000350952 1521.873911857605 2625.3972024917603 115.46857643127441 387.91267156600952 278.90870094299316 4801.3466281890869 290.30014848709106 36.622009664773941 278.34711694717407 175.38521075248718
leaf_count=23 39 1924 11 96 19 12 26 27 43 148 24 17 20 582 24 38 16 40
internal_value=0.00187796 -0.0698446 0.00613808 0.00384302 -0.0936395 0.0079054 0.00660524 0.00893241 0.0170158 0.00365423 -0.00141852 -0.00891679 -0.00279838 -0.00372914 -0.00277789 -0.0359608 -0.0180588 -0.0203816
internal_weight=16065.9 900.763 15165.1 14014.4 684.443 7908.39 7491.19 6514.49 2573.4 3941.09 6105.99 976.698 5661.41 5382.5 5091.65 67.98 588.785 290.854
internal_count=3129 2004 1125 1114 1981 385 373 314 70 244 729 59 690 670 606 57 42 64
is_linear=0
shrinkage=0.05


Tree=60
num_leaves=27
num_cat=0
split_feature=0 7 1 1 13 5 2 4 12 4 8 12 3 3 13 0 3 4 0 8 8 5 5 3 13 5
split_gain=1443.92 582.033 461.869 134.383 123.817 100.877 76.3442 63.5677 59.5383 98.5332 57.335 55.6505 112.582 74.5686 69.7683 39.8389 38.7076 32.282 30.9338 30.0479 19.4614 11.9288 191.937 8.46387 11.6821 1.42109e-14
threshold=2.976972849593404 5.5000000000000009 1946.4237341431078 90.102791333138143 7.0113636363636376 1796.0000000000002 1.0001267461017174 31.750000000000004 9.2864583333333339 7.5500000000000007 0.53112890725910622 6.2960710011966503 46.583333333333336 3.1889880952380958 4.6405622489959848 1.5871990803508988 3.3038461538461541 1.9186385147433567 1.590682478226479 0.94199514291051756 0.6024691358024693 20.500000000000004 19.500000000000004 5.8480769230769232 0.75181159420289867 340.50000000000006
decision_type=10 10 10 10 10 10 8 10 8 8 8 8 8 8 8 10 10 8 10 10 10 8 10 8 10 10
left_child=1 6 3 5 11 7 -1 10 9 20 -2 13 -13 19 -14 25 -15 -12 21 -5 -3 22 -8 24 -22 -10
right_child=2 8 -4 4 -6 -7 18 -9 15 -11 17 12 14 16 -16 -17 -18 -19 -20 -21 23 -23 -24 -25 -26 -27
leaf_value=-0.027587349543085539 0.014683271526992099 -0.0046175324130919024 0.043426732753333926 0.0060107021424358103 0.028154981526646146 0.021440945364468375 -0.10000000000000001 -0.031908670831094881 -0.099999999999999978 0.024950674076650969 -0.016331342240180582 -0.024658096306307099 0.021042854882911265 0.021954537463944754 -0.0025515712868051923 -0.016152598237002658 0.0094519606860527187 -0.0026852286053383229 -0.01705254570161787 -0.011385952477367733 -0.051232267112698564 -0.10000000000000001 0.027194089418410956 -0.059764944104340925 -0.016594594651580637 -0.10000000000000001
leaf_weight=52.269623279571533 452.03099346160889 67.139629542827606 756.63238143920898 465.53623294830322 694.44995498657227 439.32634830474854 259.85788410902023 188.84038782119751 12.562137871980669 172.09766784310341 472.57014560699463 406.40626239776611 466.11194896697998 790.7583475112915 955.76593112945557 28.503896951675415 2851.231240272522 5227.7660009860992 13.925108432769774 531.70041275024414 40.617669880390167 273.35125696659088 33.481085866689682 32.5919329226017 60.749999970197678 15.602671414613722
leaf_count=9 35 13 6 20 20 21 878 24 39 27 67 19 15 25 60 8 78 669 3 24 24 899 32 20 22 25
internal_value=0.00131136 -0.0549703 0.00538054 0.00331585 0.00809211 -0.0017291 -0.0854656 -0.00333435 -0.0100726 -0.00282151 -0.00245729 0.00593786 -0.00145031 0.00884948 0.00518302 -0.0578254 0.0121666 -0.00381652 -0.090676 -0.00326474 -0.0265885 -0.0924851 -0.0854823 -0.0376002 -0.0304738 -0.1
internal_weight=15761.9 1062.75 14699.1 13942.5 7161.96 6780.53 632.885 6341.21 429.866 373.197 6152.37 6467.51 1828.28 4639.23 1421.88 56.6687 3641.99 5700.34 580.615 997.237 201.099 566.69 293.339 133.96 101.368 28.1648
internal_count=3082 1999 1083 1077 261 816 1821 795 178 106 771 241 94 147 75 72 103 736 1812 44 79 1809 910 66 46 64
is_linear=0
shrinkage=0.05


Tree=61
num_leaves=28
num_cat=0
split_feature=9 7 1 1 13 12 4 8 11 11 2 11 12 3 4 3 12 0 2 0 3 11 12 7 8 8 12
split_gain=1354.25 532.574 425.058 150.221 107.498 102.631 84.3766 76.2432 69.9402 63.6633 61.2468 60.6512 63.541 58.4359 56.1536 58.0596 45.9687 43.4217 28.9092 26.3663 17.9415 16.3358 13.6215 1.99632 0.81608 5.68434e-14 1.42109e-14
threshold=102.78731551728221 5.5000000000000009 1946.4237341431078 90.102791333138143 7.0113636363636376 9.2864583333333339 7.5500000000000007 0.95901157912401425 1055.0000000000002 1515.0000000000002 1.0000000180025095e-35 1485.0000000000002 6.2960710011966503 1.5946428571428573 31.750000000000004 3.7613636363636371 5.7604133204839929 60.90306761627464 1.0000000180025095e-35 15.36962171733582 3.1010101010101017 545.00000000000011 2.3845904095904102 1.0000000180025095e-35 0.081813211392216326 2.8355855855855858 2.1539245469180042
decision_type=8 10 10 8 10 8 8 8 8 10 8 8 8 8 10 8 8 10 8 10 10 8 10 8 10 8 10
left_child=2 10 3 7 9 6 18 8 13 11 -2 12 -5 -1 15 21 -17 23 -3 -7 -15 -9 -20 24 -12 -25 -26
right_child=1 5 -4 4 -6 19 -8 14 -10 -11 17 -13 -14 20 -16 16 -18 -19 22 -21 -22 -23 -24 25 26 -27 -28
leaf_value=0.016676381871397021 -0.019220279357200307 -0.0021923622325339259 0.041648394098861619 0.0095006635247590551 0.026853753095585461 -0.10000000000000001 0.031496409701296739 -0.011993075317391107 0.021167355282889266 0.014936875220924387 -0.090554727249828298 -0.011901036138257546 -0.003630965784533504 -0.021516266651396707 -0.031625067574312576 0.0050982928635505374 -0.005344110298744157 -0.007876511163618918 -0.072734777326410732 -0.03858535599228962 -0.001494401418787936 -0.028233856368820268 -0.025800525832413736 -0.10000000000000001 -0.099999999999999978 -0.10000000000000001 -0.10000000000000001
leaf_weight=266.49391889572144 32.488441467285156 74.80754566192627 749.67560958862305 2911.0453758239746 691.76621532440186 26.791195303201675 146.57486453652382 506.00795936584473 601.50316286087036 1545.6997041702271 444.78164446353912 579.11690807342529 1347.6818017959595 257.14508533477783 188.07209825515747 1595.8215551376343 3103.511568069458 15.699686050415037 29.790412187576294 50.263448715209961 198.07808542251587 223.10062289237976 32.134977549314499 14.157972604036329 12.720258265733721 57.516590029001236 11.388124257326124
leaf_count=21 5 9 6 101 20 64 22 74 38 34 1494 27 74 34 25 148 462 1 30 3 20 30 25 42 38 201 34
internal_value=0.00124578 -0.0566479 0.00496733 0.00300523 0.00813192 -0.00877415 0.00514168 -0.0022216 0.00857573 0.00610308 -0.0859503 0.00328067 0.00534514 -0.00191856 -0.0047654 -0.00383483 -0.00179803 -0.0898476 -0.02311 -0.0599387 -0.0128043 -0.0169626 -0.0483792 -0.0922283 -0.0910404 -0.1 -0.1
internal_weight=15713.8 949.115 14764.7 14015 7075.31 360.362 283.308 6939.73 1323.22 6383.54 588.753 4837.84 4258.73 721.717 5616.51 5428.44 4699.33 556.264 136.733 77.0546 455.223 729.109 61.9254 540.565 468.89 71.6746 24.1084
internal_count=3082 1968 1114 1108 256 153 86 852 113 236 1815 202 175 75 739 714 610 1810 64 67 54 104 55 1809 1566 243 72
is_linear=0
shrinkage=0.05


Tree=62
num_leaves=28
num_cat=0
split_feature=9 12 1 1 11 14 11 0 10 0 8 14 8 11 0 2 14 8 10 9 10 14 14 13 13 8 8
split_gain=1255.63 506.608 387.685 135.701 123.492 107.731 113.263 87.7648 77.9387 102.87 68.8906 98.6021 73.9293 53.5096 52.7796 48.6401 69.7233 48.637 47.1779 47.0394 35.0858 26.5911 112.801 25.5574 7.22844 11.0489 2.84217e-14
threshold=102.78731551728221 9.2864583333333339 1946.4237341431078 90.102791333138143 325.00000000000006 16.500000000000004 405.00000000000006 15.36962171733582 4.896405919661734 31.457999464273453 0.95901157912401425 4.5000000000000009 0.50354238387466954 1075.0000000000002 3.4883982983425406 1.0000000180025095e-35 91.500000000000014 1.0042372881355934 7.1125000000000007 32.746563487417696 3.9160839160839163 4.5000000000000009 3.5000000000000004 1.2532051282051284 0.41712422786547704 1.1732036914963746 2.7735042735042739
decision_type=8 8 10 10 10 10 8 10 8 10 8 8 10 10 10 8 10 8 8 10 8 8 10 8 10 10 10
left_child=2 4 3 10 15 18 -7 21 -8 -10 11 -1 -13 -14 24 -2 26 -6 -5 20 -16 22 -3 -20 -12 -26 -17
right_child=1 7 -4 5 17 6 8 -9 9 -11 14 12 13 -15 19 16 -18 -19 23 -21 -22 -23 -24 -25 25 -27 -28
leaf_value=0.03810849041881717 -0.017451454119152849 -0.10000000000000001 0.039912382119767907 -0.022058876279965181 -0.0040015940115624392 0.027178121129174639 0.019188746212592894 -0.029885455722755434 -0.0098986595053796606 0.008976874530738442 -0.0097343293908333101 -0.02413752130410109 -0.0031508102072446923 0.021624245767395144 -0.016064978336993746 -0.10000000000000001 0.0554194565128086 0.044102491694844349 0.010981792485972927 -0.029525434951258502 -0.00087002607055254458 -0.10000000000000001 -0.012065409843299218 -0.0064234079062981432 -0.014699022560553318 -0.031889361866590464 -0.10000000000000001
leaf_weight=227.51957082748413 67.154731273651123 134.86100926995277 743.33580780029297 325.83309078216553 135.18743920326233 871.89853954315186 1129.4997615814209 65.593549728393555 963.00642585754395 2882.0984325408936 127.77407431602478 217.8124794960022 466.88447380065918 408.74603605270386 414.63579607009888 46.912883549928665 8.3460763394832593 85.957383573055267 339.05896091461182 161.97079229354858 4535.2331929206848 322.94790688157082 49.987948298454285 558.03416919708252 182.39569473266602 191.73109602928162 6.3900905549526206
leaf_count=12 10 502 6 20 35 32 29 4 49 72 23 27 51 23 58 129 3 10 17 21 568 1176 82 37 33 36 17
internal_value=0.00118362 -0.0553795 0.00472504 0.0028573 -0.00797186 0.00773209 0.010555 -0.0843131 0.0076415 0.0042495 -0.00211219 0.00816127 0.00192997 0.00841423 -0.00452963 -0.0468908 -0.0789592 0.0146961 -0.00576365 -0.00301049 -0.00214286 -0.0913436 -0.0762202 0.000154938 -0.020002 -0.0235087 -0.1
internal_weight=15670.8 923.339 14747.5 14004.1 349.949 7069.43 5846.5 573.39 4974.6 3845.1 6934.7 1320.96 1093.44 875.631 5613.74 128.804 61.6491 221.145 1222.93 5111.84 4949.87 507.797 184.849 897.093 501.901 374.127 53.303
internal_count=3082 1968 1114 1108 204 256 182 1764 150 121 852 113 101 74 739 159 149 45 74 647 626 1760 584 54 92 69 146
is_linear=0
shrinkage=0.05


Tree=63
num_leaves=27
num_cat=0
split_feature=9 7 1 1 14 11 12 5 4 10 1 2 4 7 7 1 10 1 2 5 14 14 5 9 4 5
split_gain=1166.08 496.19 353.269 122.62 97.3543 102.889 88.3944 76.678 74.0378 70.552 90.0445 61.4187 52.2249 52.0606 73.9507 43.9977 42.7067 27.0119 26.5512 42.5414 25.0234 111.191 78.0796 23.9993 2.84217e-14 1.42109e-14
threshold=102.78731551728221 5.5000000000000009 1946.4237341431078 90.102791333138143 16.500000000000004 405.00000000000006 9.2864583333333339 1796.0000000000002 7.5500000000000007 4.896405919661734 220.20599624991419 1.0000000180025095e-35 31.750000000000004 63.500000000000007 51.500000000000007 244.5834958347678 7.1125000000000007 107.66697719464428 1.0000000180025095e-35 866.00000000000011 4.5000000000000009 3.5000000000000004 19.500000000000004 27.579949283886123 2.4924242424242427 381.50000000000006
decision_type=8 10 10 10 10 8 8 10 8 8 10 8 10 10 10 10 8 10 8 10 8 10 10 10 10 10
left_child=2 11 3 7 16 -6 8 12 18 -7 -11 -2 13 14 -1 20 -5 25 -3 24 21 -13 -23 -18 -20 -8
right_child=1 6 -4 4 5 9 17 -9 -10 10 -12 15 -14 -15 -16 -17 23 -19 19 -21 -22 22 -24 -25 -26 -27
leaf_value=-0.0034366620353041967 -0.017448382858137951 -0.0019424851692365604 0.038221420644608178 -0.021007084677387544 0.025915003113867421 0.01826295972180049 -0.099999999999999978 0.01803811247034217 0.029589724213294605 -0.0085648992479107205 0.0086857373407028277 -0.10000000000000001 -0.028944166477599606 -0.025510671883005209 0.015866469508664976 -0.005997555086396527 -0.0065896042530941895 -0.035633683835811496 -0.099999999999999978 -0.013657106751033182 -0.10000000000000001 -0.10000000000000001 0.030074008602937914 0.010078277592732773 -0.10000000000000001 -0.10000000000000001
leaf_weight=5504.9905321598053 32.379400730133057 74.75267505645752 737.56277465820312 325.06015491485596 868.75879955291748 1127.4722709655762 11.879739135503771 446.30120420455933 144.54720583558083 1035.3719110488892 2808.1407299041748 140.18094253540039 193.93011689186096 238.55387496948242 545.31506776809692 15.679135322570799 534.31696891784668 49.628806114196777 11.391929894685747 37.51584780216217 303.60500773787498 17.463117748498917 33.998089015483856 362.46457195281982 11.627291738986967 12.391166955232618
leaf_count=743 5 9 6 20 32 29 43 23 22 55 66 542 26 23 37 1 34 3 23 13 1180 61 26 20 19 21
internal_value=0.00112431 -0.0542221 0.00449525 0.00271726 0.00735406 0.0100394 -0.00813582 -0.00200819 0.00470858 0.00726494 0.00403873 -0.0842278 -0.00338826 -0.00260019 -0.00169687 -0.0884599 -0.00548065 -0.0567735 -0.0218755 -0.0464901 -0.0910706 -0.0769243 -0.014066 0.000147284 -0.1 -0.1
internal_weight=15625.3 897.04 14728.2 13990.7 7061.59 5839.74 353.735 6929.09 279.835 4970.98 3843.51 543.306 6482.79 6288.86 6050.31 510.926 1221.84 73.8997 135.288 60.5351 495.247 191.642 51.4612 896.782 23.0192 24.2709
internal_count=3082 1968 1114 1108 256 182 153 852 86 150 121 1815 829 803 780 1810 74 67 64 55 1809 629 87 54 42 64
is_linear=0
shrinkage=0.05


Tree=64
num_leaves=29
num_cat=0
split_feature=9 7 1 1 13 12 5 4 14 2 6 1 12 14 0 4 7 0 13 14 14 5 14 2 5 5 3 5
split_gain=1083.57 481.35 321.657 110.79 96.7823 81.5818 69.2968 67.2692 63.2542 61.9209 54.7196 58.3238 48.4354 99.8437 43.9366 42.9731 44.5697 27.3441 25.3938 25.2367 109.135 73.8273 25.2061 24.7355 41.8603 2.27374e-13 1.42109e-14 1.42109e-14
threshold=102.78731551728221 5.5000000000000009 1946.4237341431078 90.102791333138143 7.0113636363636376 9.2864583333333339 1796.0000000000002 7.5500000000000007 16.500000000000004 1.0000000180025095e-35 124.07413874144139 322.86291197439868 1.197401732178548 4.5000000000000009 60.90306761627464 31.750000000000004 62.500000000000007 15.36962171733582 1.2803571428571432 4.5000000000000009 3.5000000000000004 19.500000000000004 7.5000000000000009 1.0000000180025095e-35 866.00000000000011 12.500000000000002 3.1010101010101017 340.50000000000006
decision_type=8 10 10 10 10 8 10 8 10 8 10 10 8 8 10 10 10 10 10 8 10 10 10 8 10 8 8 10
left_child=2 9 3 6 8 7 12 23 18 -2 11 -10 13 -1 19 16 -14 27 22 20 -11 -22 -5 -3 26 -21 -25 -7
right_child=1 5 -4 4 -6 17 -8 -9 10 14 -12 -13 15 -15 -16 -17 -18 -19 -20 25 21 -23 -24 24 -26 -27 -28 -29
leaf_value=0.035929435304765875 -0.016601255945431447 -0.0018453965263562485 0.036577728107177999 -0.0093619847152810222 0.024833453282134828 -0.099999999999999978 0.017164154087686116 0.028233937328758393 0.0059980084900593169 -0.10000000000000001 -0.001492408652774559 0.0188878723180671 -0.0027293924663464703 -0.010885798112525194 -0.0056987033061802004 -0.027612716056002476 -0.024613883947142118 -0.034068461518173776 -0.016167259249417112 -0.10000000000000001 -0.10000000000000001 0.028700202861805149 0.0088970838322682457 -0.10000000000000001 -0.012986373067442476 -0.10000000000000001 -0.099999999999999978 -0.10000000000000001
leaf_weight=227.56494331359863 32.331343650817871 74.751299858093262 732.3096923828125 381.82683277130127 686.29323196411133 10.285008579492571 445.59327459335327 143.93020880222321 2607.800407409668 133.34424065053463 1301.5976409912109 1322.7062950134277 5588.7975678443909 227.99623155593872 15.6763858795166 193.13805747032166 242.75764131546021 49.32158088684082 379.99405765533447 51.83089454472065 16.611430436372757 33.848179340362549 374.2943229675293 9.6803978085517866 37.481735527515411 236.96712806820869 12.216163367033007 12.802191272377966
leaf_count=13 5 9 6 27 20 39 23 22 112 542 29 26 738 28 1 26 24 3 24 214 61 26 18 19 13 966 23 25
internal_value=0.0010674 -0.0531177 0.00427548 0.00258345 0.00699371 -0.00781716 -0.00190875 0.00449314 0.00507115 -0.0836135 0.00739324 0.0103357 -0.00322023 0.0124997 -0.0880507 -0.0044089 -0.00364041 -0.0550904 -0.00562266 -0.0907824 -0.0762994 -0.0136682 -0.000323399 -0.0209823 -0.0450738 -0.1 -0.1 -0.1
internal_weight=15583.7 871.078 14712.7 13980.4 7054.51 350.469 6925.85 278.06 6368.22 520.61 5232.1 3930.51 6480.25 455.561 488.278 6024.69 5831.56 72.4088 1136.12 472.602 183.804 50.4596 756.121 134.13 59.3783 288.798 21.8966 23.0872
internal_count=3082 1968 1114 1108 256 153 852 86 236 1815 167 138 829 41 1810 788 762 67 69 1809 629 87 45 64 55 1180 42 64
is_linear=0
shrinkage=0.05


Tree=65
num_leaves=22
num_cat=0
split_feature=0 11 11 2 13 13 2 2 13 1 11 11 8 12 9 13 14 14 3 11 8
split_gain=1015.11 557.344 171.031 176.337 134.523 109.348 79.5094 75.5455 73.3131 65.0072 47.3464 53.8536 32.8086 28.7193 27.5633 27.4168 26.7191 118.748 24.3319 28.364 17.6519
threshold=1.0000000180025095e-35 235.00000000000003 1355.0000000000002 1.6863863343021233 1.4463601532567052 16.100000000000005 3.9961928180555124 1.0000000180025095e-35 20.625000000000004 30.092842042833656 125.00000000000001 175.00000000000003 1.2408446939321041 1.2697399250234305 26.979366987438389 0.88730158730158737 4.5000000000000009 3.5000000000000004 7.8375000000000012 485.00000000000006 0.93172924378635658
decision_type=10 10 10 10 8 10 10 8 10 10 8 8 10 8 10 10 8 10 10 10 8
left_child=1 7 5 4 -4 6 9 -1 16 18 15 -12 13 -3 -5 -11 17 -9 19 -2 -15
right_child=2 12 3 14 -6 -7 -8 8 -10 10 11 -13 -14 20 -16 -17 -18 -19 -20 -21 -22
leaf_value=-0.018051829815025868 -0.0041164633121022328 0.015002253351691051 0.0090053757865176959 0.016585442532998717 -0.026056408697995578 0.022238916371438135 -0.017100564351981103 -0.10000000000000001 0.069188681715317404 -0.0029727277612346817 0.018938571685200977 0.0035711706098906235 0.034965305924110811 0.00086919362390453425 0.027504599696410132 -0.025885593979522843 -0.10000000000000001 -0.0063734594572771976 0.0098917284628904957 -0.017462448046106162 -0.049114451309825308
leaf_weight=41.047216892242432 2022.2527256011963 87.143821179866791 1033.8366966247559 1127.8603610992432 372.00889205932617 592.08482909202576 627.69162273406982 129.45140410959721 7.2447934150695792 535.06794452667236 630.72715759277344 5931.3920497894287 79.819724589586258 30.950213134288788 1185.3827867507935 172.69330883026123 305.09198488295078 45.865209504961967 240.83069372177124 495.69874930381775 41.145065367221832
leaf_count=7 342 11 39 20 24 32 25 549 1 58 37 391 16 10 20 19 1290 74 22 71 37
internal_value=0.00152178 -0.054551 0.00439803 0.0136933 -0.000272525 0.00132474 0.000162712 -0.0831971 -0.0886806 0.00124322 0.00372306 0.00504823 0.00880268 -0.00431152 0.0221808 -0.00856345 -0.0910614 -0.075506 -0.00529161 -0.00674383 -0.0276567
internal_weight=15735.3 767.759 14967.5 3719.09 1405.85 11248.4 10656.4 528.701 487.653 10028.7 7269.88 6562.12 239.059 159.239 2313.24 707.761 480.409 175.317 2758.78 2517.95 72.0953
internal_count=3095 1995 1100 103 63 997 965 1921 1914 940 505 428 74 58 40 77 1913 623 435 413 47
is_linear=0
shrinkage=0.05


Tree=66
num_leaves=28
num_cat=0
split_feature=0 12 10 1 9 8 7 12 6 7 3 7 3 2 12 8 8 10 14 14 8 7 4 6 10 12 7
split_gain=943.436 531.989 129.826 118.593 138.826 102.942 91.5511 84.8772 78.6485 131.988 102.316 58.8672 52.6213 49.908 65.8557 48.0608 43.5479 40.5122 31.5402 122.982 30.9307 56.6372 34.6081 27.6608 21.5919 16.3627 5.68434e-14
threshold=1.0000000180025095e-35 9.2864583333333339 3.5801282051282057 25.674855914337211 30.561256525602676 23.333333333333339 16.500000000000004 8.8299062049062069 26.278273806959586 51.500000000000007 3.6853260869565223 27.500000000000004 6.775252525252526 1.0000000180025095e-35 9.0860000000000003 0.73551912568306022 1.1807967313585295 6.8990384615384626 4.5000000000000009 3.5000000000000004 1.3377192982456141 6.5000000000000009 2.1441558441558448 26.799005657545973 18.388888888888889 5.0986470621121489 1.0000000180025095e-35
decision_type=10 8 10 10 10 10 10 8 10 10 10 10 8 8 10 8 8 10 8 10 10 10 8 10 8 8 10
left_child=1 6 5 17 7 11 13 8 10 -10 -5 15 -6 -1 -15 -2 24 -4 19 26 22 -22 -17 -13 -8 -25 -3
right_child=2 18 3 4 12 -7 16 -9 9 -11 -12 23 -14 14 -16 20 -18 -19 -20 -21 21 -23 -24 25 -26 -27 -28
leaf_value=-0.0085573335072889559 0.015991939773320113 -0.10000000000000001 -0.0064304445831516281 0.041510778174095084 -0.017409374064870805 0.028938390180241746 -0.016302540841338763 0.032230006006329547 -0.0044856083157672815 0.013642132592988 0.0093920404621095858 -0.025959225983044149 0.0072512609961316787 -0.10000000000000001 0.061724265842169369 -0.01674225984001192 0.045817636980938076 -0.040979723960114026 -0.10000000000000001 -0.00024113658454164846 -0.010693252691247386 0.01337634985372739 -0.0015275579554945734 -0.014318439991109978 0.024882852009628198 -0.001123616967718935 -0.10000000000000001
leaf_weight=53.344461441040039 449.69969415664673 103.20959183573723 231.87111783027649 448.85840702056885 570.94794797897339 283.34532403945923 91.034041970968246 512.49560689926147 1413.1880884170532 3468.9436621665955 553.96047973632812 269.43630361557007 348.26821899414062 44.890918865799904 7.3214648216962805 415.14187431335449 72.598841309547424 133.81713819503784 275.40474733710289 43.183205366134644 348.81639862060547 816.46661615371704 3749.425892829895 474.66680955886841 48.926776468753815 465.25392532348633 5.3536775410175315
leaf_count=8 33 472 30 14 35 7 34 13 90 90 31 34 15 143 2 54 8 22 1229 68 38 59 480 26 7 29 24
internal_value=0.00144576 -0.0534589 0.00418196 0.00871459 0.0101034 -0.000606277 -0.00450781 0.0127141 0.0110145 0.00839485 0.0237683 -0.00180408 -0.00806607 -0.0425711 -0.0773223 0.000295015 0.0143944 -0.0190731 -0.0899148 -0.0716112 -0.00102939 0.00617134 -0.00304422 -0.0118357 -0.00190516 -0.0077871 -0.1
internal_weight=15699.9 745.268 14954.6 7682.35 7316.66 7272.25 318.117 6397.45 5884.95 4882.13 1002.82 6988.91 919.216 105.557 52.2124 5779.55 212.56 365.688 427.151 151.746 5329.85 1165.28 4164.57 1209.36 139.961 939.921 108.563
internal_count=3095 1995 1100 340 288 760 202 238 225 180 45 753 50 153 145 664 49 52 1793 564 631 97 534 89 41 55 496
is_linear=0
shrinkage=0.05


Tree=67
num_leaves=23
num_cat=0
split_feature=0 12 11 2 13 11 13 2 4 14 9 14 2 13 12 14 14 9 10 5 14 5
split_gain=877.233 515.059 143.509 155.851 118.55 96.7404 94.1524 71.7338 71.6466 79.9082 77.6966 47.6764 46.6006 65.6608 42.7235 32.5198 121.243 25.4409 24.9933 16.8888 2.27374e-13 5.68434e-14
threshold=1.0000000180025095e-35 9.2864583333333339 1355.0000000000002 1.6863863343021233 1.4463601532567052 325.00000000000006 16.100000000000005 3.9961928180555124 6.3782467532467537 18.500000000000004 25.533971576253006 1.0000000180025095e-35 1.0000000180025095e-35 20.625000000000004 81.619047619047635 4.5000000000000009 3.5000000000000004 26.979366987438389 18.388888888888889 1268.0000000000002 33.500000000000007 73.500000000000014
decision_type=10 8 10 10 8 10 10 10 10 10 10 8 8 10 10 8 10 10 8 10 8 10
left_child=1 5 6 4 -4 12 7 8 11 19 -11 -2 -1 -14 -13 16 21 -5 -7 -10 -17 -3
right_child=2 15 3 17 -6 18 -8 -9 9 10 -12 14 13 -15 -16 20 -18 -19 -20 -21 -22 -23
leaf_value=-0.012053601304815561 0.01892893373482114 -0.10000000000000001 0.008080482018634599 0.015135016542793645 -0.024884108540435764 0.00069972503197773513 0.020629820557425533 -0.016322055390301467 -0.0083374892971846519 0.026226752280204879 0.002872179471690087 -0.0025085322104078773 -0.10000000000000001 0.065619958267680897 0.022130942433048351 -0.10000000000000001 -0.00022907845630189857 0.025648832760556108 0.035947494042602009 0.007999988782855301 -0.10000000000000001 -0.10000000000000001
leaf_weight=59.210277557373047 284.72742366790771 95.471459046006203 1032.8090124130249 1124.7023334503174 370.60732126235962 116.13768503069878 588.55256509780884 626.87918949127197 569.59171199798584 812.05077171325684 634.28405284881592 7316.5229368209839 43.778731033205986 6.9319791793823233 180.26621627807617 213.62952806055546 43.183190047740936 1178.0380172729492 88.70476096868515 219.00983762741089 48.343571543693542 7.7971153706312171
leaf_count=9 28 459 39 20 24 34 32 25 62 29 37 769 146 1 7 1012 68 20 12 8 217 37
internal_value=0.00137395 -0.0524079 0.00397766 0.0125092 -0.000624646 -0.00434204 0.00116253 8.60352e-05 0.00111293 0.00900354 0.0159847 -0.00115333 -0.0421821 -0.0773603 -0.00191606 -0.0894511 -0.0705813 0.0205137 0.0159634 -0.00380026 -0.1 -0.1
internal_weight=15661.2 723.188 14938 3706.16 1403.42 314.763 11231.9 10643.3 10016.5 2234.94 1446.33 7781.52 109.921 50.7107 7496.79 408.425 146.452 2302.74 204.842 788.602 261.973 103.269
internal_count=3095 1995 1100 103 63 202 997 965 940 136 66 804 156 147 776 1793 564 40 46 70 1229 496
is_linear=0
shrinkage=0.05


Tree=68
num_leaves=25
num_cat=0
split_feature=0 11 11 2 13 13 2 2 13 6 10 3 14 14 5 11 7 7 10 9 6 10 7 5
split_gain=814.971 493.892 129.824 141.079 107.264 85.1654 75.5151 64.8259 62.8969 56.713 54.773 139.689 29.5994 115.563 47.536 25.2813 24.8884 30.7537 24.0712 22.1589 12.3648 8.38096 2.27374e-13 5.68434e-14
threshold=1.0000000180025095e-35 235.00000000000003 1355.0000000000002 1.6863863343021233 1.4463601532567052 16.100000000000005 1.0000000180025095e-35 3.9961928180555124 20.625000000000004 24.117175814902769 3.8366666666666673 1.9078787878787882 4.5000000000000009 3.5000000000000004 21.500000000000004 1555.0000000000002 14.500000000000002 8.5000000000000018 12.612500000000002 23.580244344686832 32.514990230771595 3.4599358974358982 1.0000000180025095e-35 66.500000000000014
decision_type=10 10 10 10 8 10 8 10 10 10 8 8 8 10 10 10 10 10 8 10 10 8 8 10
left_child=1 6 5 4 -4 7 -1 9 12 16 20 -12 13 23 -15 -5 17 -2 21 -18 -11 -3 -14 -8
right_child=2 18 3 15 -6 -7 8 -9 -10 10 11 -13 22 14 -16 -17 19 -19 -20 -21 -22 -23 -24 -25
leaf_value=-0.01617537172112397 -0.010594776627492851 0.0043895564109883529 0.0076789671767500071 0.02483093054922653 -0.023713382881274378 0.01964015882048804 -0.10000000000000001 -0.015526652027120936 0.063711343451332947 -0.013726591162949681 0.034888894893605867 0.0022870336435519508 -0.10000000000000001 0.022070255555544042 -0.10000000000000001 0.014340922848568374 -0.026843689420214041 0.013815969036637754 0.023014784971787813 -0.0058170644049004433 -0.0013237031874449219 -0.022987016206833112 -0.10000000000000001 -0.10000000000000001
leaf_weight=40.911637306213379 396.37773418426514 57.087534219026566 1032.4802708625793 1137.0343704223633 369.48854351043701 587.33145117759705 96.64204178750515 626.06503295898438 6.7864389419555655 578.33729028701782 343.23834943771362 7684.7074007987976 205.01511850953102 35.298691466450691 10.303051114082335 1160.6718378067017 289.44510221481323 191.29393458366394 123.28840650618076 220.94518947601318 307.94578552246094 54.784089773893356 57.598721235990524 14.777814388275145
leaf_count=7 69 12 39 18 24 32 483 25 1 74 16 673 1025 52 22 22 46 23 33 25 14 29 265 66
internal_value=0.00130518 -0.0513247 0.00378231 0.0119052 -0.000594479 0.00110524 -0.0810642 8.19506e-05 -0.0872897 0.00105795 0.00237869 0.00368094 -0.0897318 -0.0725584 -0.00550974 0.019532 -0.00966398 -0.0026488 0.0077765 -0.0177414 -0.00941711 -0.00901689 -0.1 -0.1
internal_weight=15627.9 702.494 14925.4 3699.68 1401.97 11225.7 467.334 10638.4 426.422 10012.3 8914.23 8027.95 419.635 157.022 45.6017 2297.71 1098.06 587.672 235.16 510.39 886.283 111.872 262.614 111.42
internal_count=3095 1995 1100 103 63 997 1921 965 1914 940 777 689 1913 623 74 40 163 92 74 71 88 41 1290 549
is_linear=0
shrinkage=0.05


Tree=69
num_leaves=23
num_cat=0
split_feature=0 12 11 0 4 11 14 2 4 14 9 2 5 5 2 13 14 14 8 8 5 4
split_gain=756.542 486.064 117.66 135.925 87.7159 83.6993 82.678 66.5728 84.3822 82.867 82.6304 56.1223 45.6378 53.6471 45.1818 59.6791 33.9183 116.822 31.2173 24.8203 1.13687e-13 2.84217e-14
threshold=1.0000000180025095e-35 9.2864583333333339 1380.0000000000002 30.737936493413468 62.500000000000007 325.00000000000006 50.500000000000007 3.9961928180555124 6.3782467532467537 18.500000000000004 25.533971576253006 3.0135537057628112 1855.0000000000002 1553.5000000000002 1.0000000180025095e-35 20.625000000000004 4.5000000000000009 3.5000000000000004 1.0246951219512197 1.0042372881355934 333.50000000000006 4.6770833333333348
decision_type=10 8 10 10 10 10 8 10 10 10 10 10 10 10 8 10 8 10 10 8 10 8
left_child=1 5 4 6 7 14 -4 8 12 18 -11 -5 13 -2 -1 21 17 -3 -10 -7 -18 -16
right_child=2 16 3 11 -6 19 -8 -9 9 10 -12 -13 -14 -15 15 -17 20 -19 -20 -21 -22 -23
leaf_value=-0.01097772283766415 -0.0011223796511573099 -0.10000000000000001 0.0061090934381235447 0.0093412760698424 0.031236603802225999 0.00041539026682478055 -0.02604475392916851 -0.015679172250945693 0.0059281824845542758 0.026539324696651642 0.003445340193496892 0.023716692184005003 -0.020131499158760932 0.020267573526196819 -0.10000000000000001 0.06178029986706584 -0.10000000000000001 -0.0001666251122024292 -0.014063217965972742 0.035942847548369218 -0.10000000000000001 -0.10000000000000001
leaf_weight=59.116556644439697 7533.0767953395844 93.45722533762455 535.13091850280762 1282.1011447906494 236.42107391357422 120.85776761174202 319.1614933013916 604.28874492645264 411.35393714904785 877.72361660003662 693.25947141647339 1443.2034568786621 300.93977355957031 305.00266695022583 14.320118218660353 6.6521239280700675 228.17629750072956 42.68744957447052 371.75281858444214 82.869299709796906 9.3506739586591703 25.526531755924225
leaf_count=9 802 496 31 28 7 35 21 26 30 31 39 18 18 10 58 1 1204 68 39 11 25 88
internal_value=0.00123961 -0.0502178 0.00359629 0.0114988 0.00110041 -0.00385947 -0.0059035 0.00045838 0.00138773 0.00972488 0.0163482 0.0169539 -0.00102367 -0.000290034 -0.0399815 -0.0768557 -0.0885952 -0.0686978 -0.00356204 0.0148668 -0.1 -0.1
internal_weight=15596.4 683.014 14913.4 3579.6 11333.8 309.342 854.292 11097.4 10493.1 2354.09 1570.98 2725.3 8139.02 7838.08 105.615 46.4988 373.672 136.145 783.107 203.727 237.527 39.8466
internal_count=3095 1995 1100 98 1002 202 52 995 969 139 70 46 830 812 156 147 1793 564 69 46 1229 146
is_linear=0
shrinkage=0.05


Tree=70
num_leaves=25
num_cat=0
split_feature=0 12 1 7 9 1 2 13 4 2 4 5 13 12 4 13 14 14 5 0 7 5 5 4
split_gain=669.296 498.142 132.34 89.6774 76.0432 89.9139 62.8426 142.757 93.3701 56.507 53.2846 45.7481 43.639 39.5854 38.701 34.6031 31.6968 108.035 71.8771 29.1542 5.68268 1.13687e-13 5.68434e-14 1.42109e-14
threshold=1.0000000180025095e-35 7.077484652397545 1946.4237341431078 12.500000000000002 32.746563487417696 36.835313004498396 1.6863863343021233 0.65571120689655182 8.4772727272727284 1.0000000180025095e-35 7.5500000000000007 1796.0000000000002 0.63564213564213567 2.1366254973474805 7.4450549450549461 0.2959949937421778 4.5000000000000009 3.5000000000000004 19.500000000000004 3.1730281005565262 35.500000000000007 423.50000000000006 171.50000000000003 3.977272727272728
decision_type=10 8 10 10 10 10 8 8 10 8 10 10 8 10 8 8 8 10 10 10 10 10 10 10
left_child=1 3 4 9 5 11 10 -8 -9 -1 12 15 -7 -6 20 -2 17 22 -19 -17 -5 -18 -3 -11
right_child=2 16 -4 14 13 6 7 8 -10 23 -12 -13 -14 -15 -16 19 21 18 -20 -21 -22 -23 -24 -25
leaf_value=-0.014109241019029726 -0.03056208665706002 -0.10000000000000001 0.025148292078422976 -0.017751039508160617 -0.0034565534544549175 -0.011110427840925564 0.028961596398465517 0.0012789319317647442 0.01444508807715386 -0.099999999999999992 -0.019828259594857681 0.017758276542085113 0.0059062311440626902 -0.030728659262790742 0.033757819314578073 0.012354192860784782 -0.10000000000000001 -0.10000000000000001 0.035869149061971528 -0.0061519187411890365 0.0035859208869880271 -0.10000000000000001 -0.10000000000000001 -0.10000000000000001
leaf_weight=47.779018402099609 136.45212125778198 91.164690688252449 617.10140228271484 59.19341978430748 266.98594808578491 537.65692901611328 666.56938505172729 5124.7090573310852 1826.506555557251 26.178097695112232 378.48784637451172 217.49448204040527 1259.0084791183472 265.2483344078064 114.08540081977844 228.6999454498291 214.67771698534489 14.113526850938795 31.368322640657425 3064.8466296195984 65.997524321079254 7.7498786747455588 3.8443045020103446 5.7790129333734503
leaf_count=8 25 509 6 27 22 37 20 295 58 122 26 13 64 21 10 33 1187 54 22 474 16 16 15 16
internal_value=0.000225679 -0.0481904 0.00248866 -0.00261007 0.0014879 0.00222192 0.00471776 0.00685805 0.00473848 -0.048533 -0.0027779 -0.00447903 0.00081395 -0.0170481 0.0126932 -0.00588908 -0.0882563 -0.0696636 -0.00629257 -0.00486688 -0.00650273 -0.1 -0.1 -0.1
internal_weight=15271.7 681.931 14589.8 319.012 13972.7 13440.4 9792.94 7617.78 6951.22 79.7361 2175.15 3647.49 1796.67 532.234 239.276 3430 362.918 140.491 45.4818 3293.55 125.191 222.428 95.009 31.9571
internal_count=3096 2002 1094 199 1088 1045 500 373 353 146 127 545 101 43 53 532 1803 600 76 507 43 1203 524 138
is_linear=0
shrinkage=0.05


Tree=71
num_leaves=27
num_cat=0
split_feature=0 11 1 9 1 9 11 4 11 5 3 5 14 14 5 5 3 5 4 4 3 11 14 5 4 11
split_gain=621.853 479.618 119.876 68.7799 81.1995 53.2978 48.1077 124.779 52.8289 41.3336 42.8962 41.2291 39.4818 72.9445 40.8589 126.95 32.1887 23.1147 21.2877 19.0582 11.0512 8.72114 5.59073 10.9246 1.13687e-13 5.68434e-14
threshold=1.0000000180025095e-35 235.00000000000003 1946.4237341431078 32.746563487417696 36.835313004498396 20.736186800435728 1505.0000000000002 4.7605042016806731 1015.0000000000001 1796.0000000000002 11.266666666666667 1145.5000000000002 4.5000000000000009 3.5000000000000004 21.500000000000004 19.500000000000004 1.6754385964912284 540.50000000000011 1.7978675136116153 2.6333992094861665 2.0556402439024395 185.00000000000003 1.0000000180025095e-35 6.5000000000000009 1.0000000180025095e-35 165.00000000000003
decision_type=10 10 10 10 10 10 10 10 10 10 10 10 8 10 10 10 8 10 10 8 8 10 10 10 10 8
left_child=1 12 3 4 9 -6 8 -8 -7 10 11 -2 13 19 15 -15 -14 -5 20 -1 -3 24 23 -21 -18 -24
right_child=2 18 -4 17 5 6 7 -9 -10 -11 -12 -13 16 14 -16 -17 21 -19 -20 22 -22 -23 25 -25 -26 -27
leaf_value=-0.029945974518322812 -0.0053980087428305307 0.0084022711205948911 0.023966727826168408 -0.006663365315696012 0.019768896609509305 0.0045422638927005137 0.021916824763001684 -0.0040679759246477964 -0.0046993528570011128 0.016897027495150829 0.017837421718210674 -0.027649466426725527 -0.032952912699530316 -0.10000000000000001 -0.069624857778479238 0.093992706770618953 -0.10000000000000001 -0.027604700158734875 0.020687316189742191 -0.10000000000000001 -0.025732390515746158 -0.047434050878913274 -0.10000000000000001 -0.048027766319750517 -0.10000000000000001 -0.10000000000000001
leaf_weight=14.599270448088646 3020.3027541637421 44.86488664150238 615.19875335693359 288.29043102264404 538.97612333297729 5154.8876872062683 1072.5068311691284 811.62011051177979 2209.0598082542419 217.16011047363281 184.75418567657471 223.5847692489624 20.7484150826931 13.843589499592779 21.166924476623535 21.579324722290039 206.85061174631119 242.7072606086731 147.69005256891251 22.248518079519272 50.290174812078476 8.1918112784624082 6.0123065561056128 18.534613564610481 7.6678050011396399 58.942131116986275
leaf_count=17 492 8 6 26 23 340 22 26 89 13 13 27 21 56 26 1 1205 17 32 131 34 14 32 59 27 339
internal_value=0.000212061 -0.0471381 0.00236611 0.00141447 0.00211215 0.0044848 0.00359405 0.0107234 0.00176994 -0.00425715 -0.00559699 -0.00693169 -0.0794547 -0.0614801 -0.0146635 0.0181786 -0.0925173 -0.0162352 0.00880475 -0.0834961 -0.00963816 -0.0980665 -0.0908898 -0.0763803 -0.1 -0.1
internal_weight=15242.3 663.23 14579 13963.9 13432.9 9787.05 9248.07 1884.13 7363.95 3645.8 3428.64 3243.89 420.385 176.927 56.5898 35.4229 243.459 530.998 242.845 120.337 95.1551 222.71 105.738 40.7831 214.518 64.9544
internal_count=3096 2002 1094 1088 1045 500 477 48 429 545 532 519 1928 661 83 57 1267 43 74 578 42 1246 561 190 1232 371
is_linear=0
shrinkage=0.05


Tree=72
num_leaves=24
num_cat=0
split_feature=0 12 10 0 13 11 11 2 10 8 8 4 0 13 8 14 14 5 5 10 5 14 5
split_gain=577.299 474.694 105.383 153.16 135.561 90.1015 83.2203 71.0879 49.865 51.475 67.0109 46.6223 48.0575 48.9618 37.532 30.1883 99.9568 41.4858 118.079 17.4975 1.13687e-13 5.68434e-14 2.84217e-14
threshold=1.0000000180025095e-35 7.077484652397545 6.0976923076923084 203.63699697881938 6.3484848484848486 1545.0000000000002 325.00000000000006 1.0000000180025095e-35 7.4250000000000016 2.0125000000000006 1.3316666666666668 34.250000000000007 203.63699697881938 0.28281378178835115 23.333333333333339 4.5000000000000009 3.5000000000000004 21.500000000000004 19.500000000000004 18.388888888888889 450.50000000000006 1.0000000180025095e-35 302.50000000000006
decision_type=10 8 10 10 10 10 10 8 10 10 10 10 10 8 10 8 10 10 10 8 10 10 8
left_child=1 6 5 4 8 11 7 -1 -4 10 -10 12 13 -2 -15 16 21 18 -18 -8 -17 -3 -9
right_child=2 15 3 -5 -6 -7 19 22 9 -11 -12 -13 -14 14 -16 20 17 -19 -20 -21 -22 -23 -24
leaf_value=-0.010827968453600996 -0.019731545867977159 -0.10000000000000001 0.012137269990492727 0.034305011946828966 0.031315267963241127 0.015535854268173478 0.0040498002538250236 -0.10000000000000001 -0.0040132784068228925 -0.016281874371697754 0.013490180430661417 -0.026460649406177039 -0.023271426051471308 -0.00078408640024535739 0.020369576310207572 -0.10000000000000001 -0.10000000000000001 -0.10000000000000001 0.093420142691026664 0.033395691982862123 -0.10000000000000001 -0.10000000000000001 -0.10000000000000001
leaf_weight=71.327231407165527 334.94125080108643 29.66170734167099 956.50259113311768 506.49636077880859 446.91814851760864 781.87826156616211 125.76624682545662 25.300070852041245 1625.8489046096802 464.42647886276245 823.91303825378418 193.1596417427063 249.17056274414062 7971.5443663597107 215.35112857818604 194.87169903516769 12.770446613430975 9.2772922217845899 20.64958381652832 85.21023428440094 6.7920874506235114 56.576516851782799 7.2490807920694342
leaf_count=11 37 179 38 4 15 20 31 122 96 23 31 20 5 799 6 1189 54 21 1 11 14 345 24
internal_value=0.000199447 -0.0460734 0.00224932 0.00829337 0.00524195 -0.000742374 -0.00213516 -0.0387696 0.00223147 -0.00101983 0.00187355 -0.0021622 -0.00162709 -0.000994231 -0.000227653 -0.0879188 -0.0690229 -0.00645677 0.0195105 0.0159022 -0.1 -0.1 -0.1
internal_weight=15215.6 645.452 14570.2 4824.11 4317.61 9746.05 314.853 103.876 3870.69 2914.19 2449.76 8964.17 8771.01 8521.84 8186.9 330.599 128.936 42.6973 33.42 210.976 201.664 86.2382 32.5492
internal_count=3096 2002 1094 207 203 887 199 157 188 150 127 867 847 842 805 1803 600 76 55 42 1203 524 146
is_linear=0
shrinkage=0.05


Tree=73
num_leaves=22
num_cat=0
split_feature=0 12 10 3 13 11 11 0 2 11 2 8 8 14 14 14 5 5 10 12 5
split_gain=536.741 462.159 95.2894 139.547 132.213 81.4057 76.7477 58.3426 54.8135 44.1763 41.675 38.0051 51.3671 37.072 28.8637 95.3087 39.439 111.878 25.1419 24.3306 1.13687e-13
threshold=1.0000000180025095e-35 7.077484652397545 6.0976923076923084 3.1662087912087915 6.541666666666667 1545.0000000000002 235.00000000000003 54.018957875001895 1.0000000180025095e-35 1445.0000000000002 3.000640871585357 0.50354238387466954 0.73551912568306022 50.500000000000007 4.5000000000000009 3.5000000000000004 21.500000000000004 19.500000000000004 12.612500000000002 2.9665107709750571 389.50000000000006
decision_type=10 8 10 10 8 10 10 10 8 10 10 8 8 8 8 10 10 10 8 10 10
left_child=1 6 5 -4 7 9 8 10 -1 11 19 -2 -13 -14 15 -3 17 -17 -8 -5 -16
right_child=2 14 3 4 -6 -7 18 -9 -10 -11 -12 12 13 -15 20 16 -18 -19 -20 -21 -22
leaf_value=-0.01384174836388187 -0.02105224018993852 -0.10000000000000001 0.025881292323765872 -0.0096395937867821448 0.02989507087446417 0.014776909239327993 -0.0030756771245398704 0.0084584777058911362 -0.10000000000000001 -0.02164133538847007 -0.020717382180606373 0.01585540716614468 -0.0040096296019621952 0.0034077846127510414 -0.10000000000000001 -0.099999999999999978 -0.10000000000000001 0.092799027933408232 0.029925176204171452 0.0027543707246870208 -0.10000000000000001
leaf_weight=53.047072410583496 239.84077024459839 82.032336309552193 880.83988809585571 607.95381832122803 434.04619693756104 780.95827293395996 121.24416249990463 1419.0000095367432 28.31275275349617 278.9202733039856 339.391282081604 435.48675727844238 5597.8330464363098 2409.6736807823181 183.51233825087547 12.147624239325525 8.8248333632945997 19.770708084106445 110.1473086476326 1135.6859402656555 8.3161832839250547
leaf_count=9 26 524 30 51 15 20 37 25 140 12 17 27 634 168 1182 54 21 1 13 69 21
internal_value=0.000187474 -0.0450955 0.00213866 0.00789137 0.00386547 -0.000705554 -0.00205361 0.00063933 -0.0438243 -0.00205475 -0.00468722 -0.00142557 -0.00086803 -0.00177753 -0.0878839 -0.0689533 -0.00644386 0.0194227 0.0126334 -0.00156703 -0.1
internal_weight=15187 627.355 14559.6 4816.92 3936.08 9742.71 312.751 3502.03 81.3598 8961.75 2083.03 8682.83 8442.99 8007.51 314.604 122.776 40.7432 31.9183 231.391 1743.64 191.829
internal_count=3096 2002 1094 207 177 887 199 162 149 867 137 855 829 802 1803 600 76 55 50 120 1203
is_linear=0
shrinkage=0.05


Tree=74
num_leaves=24
num_cat=0
split_feature=0 12 10 0 3 9 11 11 7 5 3 2 4 2 4 4 4 4 5 5 4 4 3
split_gain=498.679 449.831 86.1387 133.861 95.1911 113.188 73.5412 70.4167 60.4561 85.4248 57.9301 53.8633 45.7552 41.641 30.6053 31.4851 27.3184 24.1853 16.8172 174.714 10.9306 0.87954 1.42109e-14
threshold=1.0000000180025095e-35 7.077484652397545 6.0976923076923084 203.63699697881938 2.3414859862506616 20.83880994715383 1545.0000000000002 235.00000000000003 45.500000000000007 1553.5000000000002 3.5741758241758248 1.0000000180025095e-35 31.750000000000004 0.66530449734643693 1.3867521367521369 34.250000000000007 7.4450549450549461 13.41666666666667 20.500000000000004 19.500000000000004 3.6399572649572653 2.0783166109253073 1.8637566137566142
decision_type=10 8 10 10 10 10 10 10 10 10 10 8 8 8 8 10 8 8 8 10 10 10 10
left_child=1 7 6 4 -4 -6 8 11 9 14 -7 -1 -12 -10 -2 -16 21 20 19 -3 -15 -9 -13
right_child=2 18 3 -5 5 10 -8 16 13 -11 12 22 -14 17 15 -17 -18 -19 -20 -21 -22 -23 -24
leaf_value=-0.013162280662765881 -0.019982525963446358 -0.10000000000000001 0.029049486168438738 0.031950149380387614 0.0281329054889724 -0.016129155514992735 0.014053420914331092 -0.0094563762977979207 0.0025363761633854583 0.023621585953336553 0.004326860711862811 -0.099999999999999992 -0.015367430227347545 -0.014823834188764215 -0.00011880430002385579 -0.021588103339454705 0.029725973471120479 -0.004848422114532425 -0.10000000000000001 0.04373837588184578 -0.026414575378204155 -0.00080427432325151443 -0.10000000000000001
leaf_weight=52.997523784637451 211.64521646499634 128.17422312498093 366.10956335067749 501.71131896972656 385.45270347595215 502.22109603881836 780.12693881988525 53.256066709756851 432.52384185791016 362.90111446380615 2724.4151120185852 22.692428171634678 330.71729230880737 424.16601133346558 6600.3023290634155 175.30466604232788 112.1496467590332 361.82789087295532 145.9038223028183 25.316477745771408 390.81954860687256 65.499284476041794 4.2394950836896887
leaf_count=9 30 852 14 4 16 29 20 18 24 13 123 119 21 25 725 18 10 15 918 33 17 22 21
internal_value=0.000176129 -0.0441044 0.00203323 0.00750722 0.00466119 0.00239662 -0.000670503 -0.00197305 -0.00195255 -3.06859e-05 -0.000392008 -0.0424219 0.00219496 -0.0107301 -0.00125913 -0.000674278 0.0120286 -0.015606 -0.0878456 -0.0762921 -0.0203821 -0.00468433 -0.1
internal_weight=15160.5 610.229 14550.2 4810.63 4308.92 3942.81 9739.62 310.834 8959.49 7350.15 3557.35 79.9294 3055.13 1609.34 6987.25 6775.61 230.905 1176.81 299.395 153.491 814.986 118.755 26.9319
internal_count=3096 2002 1094 207 203 189 887 199 867 786 173 149 144 81 773 743 50 57 1803 885 42 40 140
is_linear=0
shrinkage=0.05


Tree=75
num_leaves=29
num_cat=0
split_feature=9 11 1 8 8 8 11 9 7 3 5 12 5 3 5 7 4 1 8 5 5 12 4 13 3 13 5 5
split_gain=536.134 289.644 101.523 69.7233 186.242 73.8531 70.4927 64.0147 54.36 72.3142 49.5302 61.6757 39.5438 39.4612 35.1448 62.0861 46.3666 75.7084 31.4659 31.2512 147.459 29.8983 28.3174 24.1434 20.1584 17.2486 10.9539 5.68434e-14
threshold=33.353520542528592 1695.0000000000002 1946.4237341431078 2.5615763546798038 2.1738692342140622 23.333333333333339 415.00000000000006 54.012135962509277 66.500000000000014 3.5058139534883725 1526.5000000000002 2.9446329229366168 662.50000000000011 1.6201923076923079 875.50000000000011 20.500000000000004 21.833333333333339 33.740389770366804 1.0741758241758244 19.500000000000004 20.500000000000004 3.339835487661575 3.6399572649572653 5.3205128205128212 4.5227272727272743 6.1129032258064528 866.00000000000011 219.50000000000003
decision_type=8 8 10 8 10 10 10 8 10 10 10 10 10 10 10 10 10 10 8 10 10 10 8 10 8 10 10 10
left_child=2 14 3 4 8 6 12 -3 10 -10 13 -12 25 -1 15 16 17 18 -2 -9 -21 26 -22 -23 -11 -5 -8 -24
right_child=1 7 -4 5 -6 -7 21 19 9 24 11 -13 -14 -15 -16 -17 -18 -19 -20 20 22 23 27 -25 -26 -27 -28 -29
leaf_value=0.008400018253355462 -0.044120088068546143 -0.006868645746627983 0.019908504524039236 -0.0015883366325122128 0.02986723046450955 0.024934539595130999 -0.00087044553182005812 -0.10000000000000001 -0.020239674388113887 0.0069994451415968774 0.025123812320419461 0.0033450603237572432 0.01529489172795661 -0.0010210180424666934 -0.037376289768147636 0.0053727036666503004 0.044074577749892561 -0.010213812385903756 -0.10000000000000001 0.045785688994920221 -0.03865630613614017 -0.031332143181237546 -0.10000000000000001 -0.012432353086825249 -0.0051188284770190282 -0.019352439646428871 -0.015431437419228278 -0.10000000000000001
leaf_weight=1745.9264867305756 63.455399766564369 31.321442127227783 837.53380584716797 2493.5568277835846 670.79626941680908 222.56597280502319 358.42844295501709 131.46864894032478 548.31746768951416 721.26275062561035 602.61000680923462 705.84998798370361 351.32645463943481 3058.8990032672882 161.49644911289215 284.81621523201466 20.475153684616089 140.44591331481934 41.77895912528038 24.421001598238945 23.106160566210747 332.81622838973999 98.011301651597023 343.24925422668457 654.66067504882812 144.57213568687439 201.92146420478821 3.2361956238746634
leaf_count=160 61 3 8 364 20 6 40 916 23 14 16 31 16 246 26 37 5 14 256 30 12 27 675 20 26 22 18 16
internal_value=0.000473834 -0.0344494 0.00302934 0.00195485 0.00455633 -0.00313785 -0.00461635 -0.0746613 0.00244393 -0.00488526 0.0047509 0.0133752 -0.000463272 0.0024023 -0.0168646 -0.0108524 -0.0282151 -0.0342398 -0.0663049 -0.0822381 -0.0665424 -0.0146578 -0.0886017 -0.0217364 0.0012336 -0.00256183 -0.00611748 -0.1
internal_weight=15018.3 1024.03 13994.3 13156.8 8708.32 4448.44 4225.87 311.565 8037.53 1924.24 6113.29 1308.46 2989.46 4804.83 712.468 550.972 266.155 245.68 105.234 280.243 148.775 1236.42 124.354 676.065 1375.92 2638.13 560.35 101.247
internal_count=3108 2051 1057 1049 536 513 507 1652 516 63 453 47 402 406 399 373 336 331 317 1649 733 105 703 47 40 386 58 691
is_linear=0
shrinkage=0.05


Tree=76
num_leaves=24
num_cat=0
split_feature=9 11 1 9 14 11 11 11 11 4 11 2 5 5 4 4 0 4 5 7 0 5 5
split_gain=491.735 280.395 91.8405 63.3163 45.8469 76.3769 59.0545 79.2571 101.674 68.4854 41.1465 33.8831 31.5081 139.731 29.4111 27.0087 90.6839 43.583 15.7602 9.02493 4.97935 5.68434e-14 5.68434e-14
threshold=33.353520542528592 1695.0000000000002 1946.4237341431078 54.012135962509277 1.0000000180025095e-35 1185.0000000000002 1595.0000000000002 1515.0000000000002 1485.0000000000002 2.2316046099290783 1695.0000000000002 1.0000000180025095e-35 19.500000000000004 20.500000000000004 3.6399572649572653 9.086206896551726 6.1285914868601745 2.7473404255319154 1972.0000000000002 80.500000000000014 5.4628321899408947 1.0000000180025095e-35 185.50000000000003
decision_type=8 8 10 8 10 8 8 8 10 10 8 8 10 10 8 10 10 10 10 10 10 10 10
left_child=2 11 4 -3 5 -1 7 8 9 -6 -8 -2 21 -14 -15 16 17 20 19 -12 -13 -5 -16
right_child=1 3 -4 12 6 -7 10 -9 -10 -11 18 15 13 14 22 -17 -18 -19 -20 -21 -22 -23 -24
leaf_value=-0.0029172433227510394 -9.795484075161502e-05 -0.0065267545350540333 0.018950667517904779 -0.10000000000000001 -0.0018100103005133546 0.035697430106983882 -0.02222319526479228 0.019713027964145695 -0.02608671709566264 0.0064876912639268902 -0.0082630644521962532 -0.10000000000000001 0.043957463936470195 -0.037000144359412825 -0.10000000000000001 -0.002948414025898021 -0.01595570458002029 -0.01768971378534711 0.0082284494011841906 0.0025571437966744413 -0.056740048378229657 -0.10000000000000001 -0.10000000000000001
leaf_weight=254.36180448532104 225.07669734954834 31.31423807144165 835.91547775268555 18.883826747536659 4839.6903254985809 257.88328695297241 365.98114633560181 638.55844640731812 322.15928745269775 5114.6825623512268 862.80516195297241 58.186421811580658 24.171407356858253 22.937827691435814 92.570564568042755 119.39528730511665 273.07233762741089 25.181806445121765 242.2662181854248 248.13694667816162 7.5104107856750479 106.17301979660988 3.7390325069427481
leaf_count=29 22 3 8 143 521 13 14 17 13 316 113 304 30 12 670 21 24 27 8 5 1 773 21
internal_value=0.000448816 -0.0332753 0.00288052 -0.0738091 0.0018587 0.0165228 0.00126416 0.00262082 0.00155875 0.00245345 -0.00734921 -0.0161223 -0.0816567 -0.0656619 -0.0878817 -0.0235842 -0.0303538 -0.0736173 -0.00332648 -0.00584629 -0.0950546 -0.1 -0.1
internal_weight=14990.7 1008.21 13982.4 299.79 13146.5 512.245 12634.3 10915.1 10276.5 9954.37 1719.19 708.423 268.476 143.419 119.247 483.346 363.951 90.8786 1353.21 1110.94 65.6968 125.057 96.3096
internal_count=3108 2051 1057 1652 1049 42 1007 867 850 837 140 399 1649 733 703 377 356 332 126 118 305 916 691
is_linear=0
shrinkage=0.05


Tree=77
num_leaves=32
num_cat=0
split_feature=9 11 8 8 1 8 11 9 7 5 12 13 0 5 5 7 4 0 8 5 5 4 12 13 10 13 1 5 0 5 5
split_gain=450.604 271.113 83.2529 147.203 76.0494 66.9069 63.796 62.5453 46.9744 43.6232 56.1408 40.1357 38.9025 34.9319 32.0705 54.32 41.3024 70.845 31.8318 31.7837 132.406 30.4655 27.3137 21.2383 19.412 15.5793 12.9942 9.90102 4.56167 5.68434e-14 5.68434e-14
threshold=33.353520542528592 1695.0000000000002 2.5615763546798038 2.1738692342140622 1946.4237341431078 23.333333333333339 415.00000000000006 54.012135962509277 66.500000000000014 1526.5000000000002 2.9446329229366168 1.9377820760799487 3.1730281005565262 662.50000000000011 875.50000000000011 20.500000000000004 21.833333333333339 6.1285914868601745 1.0741758241758244 19.500000000000004 20.500000000000004 3.6399572649572653 3.339835487661575 5.3205128205128212 7.0662393162393169 6.1129032258064528 28.903334190824292 866.00000000000011 16.002087077629461 1.5000000000000002 219.50000000000003
decision_type=8 8 8 10 10 10 10 8 10 10 10 8 10 10 10 10 10 10 8 10 10 8 10 10 8 10 8 10 10 8 10
left_child=2 14 3 4 8 6 13 -3 9 12 -11 24 -1 25 15 16 17 18 -2 29 -21 -22 27 -24 -10 26 -4 28 -8 -9 -23
right_child=1 7 5 -5 -6 -7 22 19 11 10 -12 -13 -14 -15 -16 -17 -18 -19 -20 20 21 30 23 -25 -26 -27 -28 -29 -30 -31 -32
leaf_value=0.021745741177007557 -0.041968597074476116 -0.0062017390174365977 -0.0057596520436540271 0.028030146740448875 0.018035546150842258 0.023861001813492183 -0.0067677649787039138 -0.10000000000000001 -0.0038372833546492058 0.023665015445617915 0.0028629059808374328 0.006125985387811719 0.001085664604772009 0.014452716032166767 -0.035107651878554823 0.005488583504758956 0.042402803834397061 -0.0089173280428851975 -0.10000000000000001 0.042167274089653296 -0.035392583576755982 -0.10000000000000001 -0.029698596500255022 -0.01194443452589968 -0.015972254575879294 -0.018315149491445158 0.0015833854038370407 -0.014585766353562214 0.0045389327237235029 -0.10000000000000001 -0.10000000000000001
leaf_weight=239.82856297492981 62.468784376978874 31.307733535766602 1018.6783220767975 666.75230073928833 834.45198822021484 221.69145107269287 167.23009538650513 25.236569136381149 706.89659881591797 600.19340991973877 705.70132255554199 596.41796112060547 4562.9186959266663 350.82697582244873 159.67162658274174 284.37190590798855 20.293901711702347 140.27023077011108 38.008435554802418 23.943698808550835 22.784733518958092 88.684291705489159 331.01022291183472 342.98314809799194 617.39051532745361 144.28823256492615 1474.5901021957397 201.65861225128174 191.19448518753052 93.721181347966194 2.9282308518886557
leaf_count=27 61 3 200 20 8 6 27 200 26 16 31 15 379 16 26 37 5 14 256 30 12 675 27 20 22 22 164 18 13 716 16
internal_value=0.00042481 -0.0321083 0.00273812 0.00537345 0.00366917 -0.00291337 -0.0043191 -0.0729296 0.00217614 0.0043206 0.0124236 -0.00464415 0.00211734 -0.000369647 -0.0153993 -0.00962956 -0.0260989 -0.0318733 -0.0639207 -0.081049 -0.0647532 -0.087132 -0.0138829 -0.0206638 -0.00949468 -0.0023412 -0.00141677 -0.0057229 -0.000736431 -0.1 -0.1
internal_weight=14968.4 993.691 13974.7 9530.55 8863.8 4444.15 4222.46 288.606 8029.35 6108.64 1305.89 1920.71 4802.75 2988.38 705.085 545.413 261.041 240.747 100.477 257.299 138.341 114.397 1234.08 673.993 1324.29 2637.56 2493.27 560.083 358.425 118.958 91.6125
internal_count=3108 2051 1057 544 524 513 507 1652 516 453 47 63 406 402 399 373 336 331 317 1649 733 703 105 47 48 386 364 58 40 916 691
is_linear=0
shrinkage=0.05


Tree=78
num_leaves=22
num_cat=0
split_feature=0 12 4 6 13 12 5 7 3 4 7 4 12 2 3 12 14 14 5 5 10
split_gain=403.095 370.398 68.5348 102.943 106.272 73.2171 69.9874 56.3936 60.5162 51.3389 50.3353 55.8797 50.3291 42.1235 42.0161 30.3394 27.1134 83.8094 33.0648 92.4332 25.5287
threshold=1.0000000180025095e-35 9.2864583333333339 2.2316046099290783 284.70625006310604 17.750000000000004 9.0860000000000003 1640.0000000000002 66.500000000000014 3.5741758241758248 2.3530950305143858 20.500000000000004 21.833333333333339 116.66666666666667 1.0000000180025095e-35 1.0238095238095239 29.680882352941179 4.5000000000000009 3.5000000000000004 20.500000000000004 19.500000000000004 3.3390804597701154
decision_type=10 8 10 10 8 8 10 10 10 10 10 10 10 8 8 10 8 10 8 10 8
left_child=1 10 6 4 5 7 12 9 -9 -4 11 13 14 -1 -2 20 17 -3 19 -19 -16
right_child=2 16 3 -5 -6 -7 -8 8 -10 -11 -12 -13 -14 -15 15 -17 -18 18 -20 -21 -22
leaf_value=-0.025090692024908559 0.018151445590637305 -0.10000000000000001 0.026677287294600671 0.019112392564291706 0.033119639368611717 -0.023358594647715523 -0.025712218316740667 -0.018778622167451731 0.0022704768276594497 0.0039761728779897062 0.012028871206599798 0.046302720629564767 0.022732718554313747 -0.10000000000000001 -0.014490729569065691 -0.022161172981764857 -0.10000000000000001 -0.099999999999999978 -0.10000000000000001 0.090684889517334125 -0.00086912469630739855
leaf_weight=63.007953643798828 258.50154304504395 64.416000068187714 263.42355918884277 1126.2993850708008 277.15869665145874 283.17194414138794 292.77552461624146 567.07483959197998 858.26956701278687 4565.3465678691864 185.1492483317852 19.338555842638016 221.07611751556396 26.727802760899067 368.68755507469177 188.91702508926392 150.70433005690575 9.9862340092659014 7.0549718141555777 17.479061126708984 5129.2123341560364
leaf_count=11 21 529 13 12 8 23 17 20 29 305 35 4 6 138 39 21 1216 57 22 1 581
internal_value=0.000402284 -0.0418527 0.00199819 0.00510922 0.00279476 0.00150909 -0.00182642 0.00263504 -0.00610393 0.00521459 -0.00384445 -0.0307888 -0.000692343 -0.0474024 -0.0015634 -0.00245957 -0.0866488 -0.0663117 -0.00344823 0.0213529 -0.00178259
internal_weight=14943.8 543.864 14399.9 7940.74 6814.45 6537.29 6459.17 6254.11 1425.34 4828.77 294.224 109.074 6166.39 89.7358 5945.32 5686.82 249.641 98.9363 34.5203 27.4653 5497.9
internal_count=3108 2013 1095 410 398 390 685 367 49 318 188 153 668 149 662 641 1825 609 80 58 620
is_linear=0
shrinkage=0.05


Tree=79
num_leaves=23
num_cat=0
split_feature=9 11 1 9 14 11 11 11 11 6 11 5 5 4 5 7 4 0 3 13 3 5
split_gain=386.696 250.082 68.8005 60.6457 39.9733 65.344 46.4679 68.9452 89.3806 59.2996 34.7148 31.5118 118.253 32.1627 29.1717 45.9211 34.6594 62.3514 29.5115 17.6034 19.3941 5.68434e-14
threshold=33.353520542528592 1695.0000000000002 1946.4237341431078 54.012135962509277 1.0000000180025095e-35 1185.0000000000002 1595.0000000000002 1515.0000000000002 1485.0000000000002 108.66624488732967 1695.0000000000002 19.500000000000004 20.500000000000004 3.6399572649572653 875.50000000000011 20.500000000000004 21.833333333333339 6.1285914868601745 1.6754385964912284 1.0535714285714288 4.1531250000000011 1.0000000180025095e-35
decision_type=8 8 10 8 10 8 8 10 10 10 8 10 10 8 10 10 10 10 8 8 8 10
left_child=2 14 4 -3 5 -1 7 8 9 -6 -8 21 -13 -14 15 16 17 18 -2 -12 -21 -5
right_child=1 3 -4 11 6 -7 10 -9 -10 -11 19 12 13 -15 -16 -17 -18 -19 -20 20 -22 -23
leaf_value=-0.002587877976016421 -0.024665349253003784 -0.0059897389576534414 0.016445071094487132 -0.10000000000000001 0.00074379979694043146 0.033227652134198919 -0.020290094837815933 0.018240687229538231 -0.024720846394768525 0.013012712892261916 -0.013134743583484213 0.040133925218202443 -0.032599291635985954 -0.10000000000000001 -0.033347372643083163 0.004888991438541929 0.039089394484290864 -0.0084316885874271118 -0.082151055207484766 0.0093230232845799704 -0.0049144327436385976 -0.10000000000000001
leaf_weight=254.33223676681519 35.52271494269371 31.307336807250977 831.52629852294922 16.25345990806818 8833.0940673351288 255.07328796386719 364.12358236312866 635.86430072784424 320.35497426986694 1108.4623727798462 320.42328500747681 22.729983404278755 22.504795238375664 82.894440710544586 158.45991766452789 284.06824126839638 19.875951051712036 140.21070289611816 60.097145855426788 376.63135528564453 655.46332669258118 91.383963897824287
leaf_count=29 24 3 8 143 810 13 14 17 13 27 26 30 12 691 26 37 5 14 293 8 92 773
internal_value=0.000380844 -0.0302245 0.00249786 -0.0713739 0.00161416 0.0153459 0.00105963 0.00226407 0.0012741 0.00211176 -0.0065865 -0.0800562 -0.063302 -0.0856086 -0.014485 -0.0089476 -0.0243189 -0.029663 -0.0607952 -0.00289724 0.000281091 -0.1
internal_weight=14920.7 965.309 13955.3 267.074 13123.8 509.406 12614.4 10897.8 10261.9 9941.56 1716.64 235.767 128.129 105.399 698.235 539.775 255.707 235.831 95.6199 1352.52 1032.09 107.637
internal_count=3108 2051 1057 1652 1049 42 1007 867 850 837 140 1649 733 703 399 373 336 331 317 126 100 916
is_linear=0
shrinkage=0.05


Tree=80
num_leaves=20
num_cat=0
split_feature=0 12 5 0 0 12 12 3 2 2 6 14 3 12 3 2 10 5 3
split_gain=411.246 410.246 136.615 92.1219 57.0254 48.3581 45.4364 82.0269 67.7616 56.6227 56.186 39.1075 33.1529 43.6249 26.7811 44.252 20.9521 1.13687e-13 1.42109e-14
threshold=2.4165992809636543 7.077484652397545 2165.5000000000005 98.584490185463082 1.5871990803508988 116.66666666666667 2.7253824606765789 3.3390804597701154 1.9972747264236481 2.9922479677235185 109.31197111101714 14.500000000000002 4.7029411764705893 1.9262027724925253 22.083333333333339 1.0000000180025095e-35 12.645833333333334 455.50000000000006 1.7788888888888892
decision_type=10 8 10 10 10 10 8 8 10 10 10 10 10 10 10 8 8 10 10
left_child=1 11 5 -4 17 6 8 -8 12 10 -9 14 13 -2 15 -1 -13 -3 -17
right_child=2 4 3 -5 -6 -7 7 9 -10 -11 -12 16 -14 -15 -16 18 -18 -19 -20
leaf_value=-0.019686149914018111 -0.002664522534905657 -0.10000000000000001 0.0034966276135108458 0.025815700952030219 -0.0076667613795269492 0.02240574893257543 -0.022778779896129486 -0.00097802427525308408 0.015719000142848168 -0.011596755214943496 0.011483982063491549 -0.0072891508382486384 -0.018160363247240831 0.010979833166981229 0.020827054501506879 -0.099999999999999978 0.025630963141188845 -0.10000000000000001 -0.10000000000000001
leaf_weight=69.395806789398193 1630.0148119926453 203.9621490240097 889.39471912384033 962.83028411865234 18.157963752746582 248.56675434112549 444.27404356002808 6185.8406662940979 1020.9002652168274 1046.7301654815674 1059.359902381897 95.878047898411751 216.08087539672852 914.49386930465698 22.950159072875977 13.820719450712206 97.467434242367744 7.51288017630577 8.9608416929841024
leaf_count=11 155 1776 33 10 5 6 33 676 33 37 22 39 23 68 2 84 33 17 22
internal_value=0.000828677 -0.042099 0.00240884 0.0150986 -0.0926989 0.000567715 0.000134072 -0.00184782 0.00471275 -0.000726357 0.000844113 -0.00443148 0.000642497 0.00223925 -0.0275026 -0.0395357 0.00930622 -0.1 -0.1
internal_weight=15156.6 538.106 14618.5 1852.23 229.633 12766.3 12517.7 8736.2 3781.49 8291.93 7245.2 308.473 2760.59 2544.51 115.128 92.1774 193.345 211.475 22.7816
internal_count=3085 1989 1096 43 1798 1053 1047 768 279 735 698 191 246 223 119 117 72 1793 106
is_linear=0
shrinkage=0.05


Tree=81
num_leaves=24
num_cat=0
split_feature=0 8 6 10 7 3 13 13 8 9 11 3 14 14 0 13 2 3 2 8 8 3 3
split_gain=379.938 397.015 77.3465 183.757 66.351 51.9148 50.7529 46.8955 57.9439 56.8262 49.2719 37.9944 34.5626 33.3168 32.9197 30.9139 28.6501 25.8695 46.7306 21.2976 26.8676 10.9059 1.42109e-14
threshold=2.4165992809636543 9.6923076923076952 108.66624488732967 7.4852941176470598 73.500000000000014 6.6515151515151532 1.3900966183574881 1.5741758241758244 3.4058823529411768 28.524899648804894 1415.0000000000002 8.150793650793652 140.00000000000003 14.500000000000002 1.7201137539204654 2.3363095238095242 2.9922479677235185 22.083333333333339 1.0000000180025095e-35 0.60669522449627167 1.392153413089374 3.4031250000000006 0.36904761904761912
decision_type=10 8 10 10 10 10 10 10 8 10 8 10 10 10 10 10 10 10 8 10 10 8 10
left_child=1 13 4 6 5 7 -4 12 10 -10 -9 -7 16 17 -3 -13 -2 18 -1 -15 21 -21 -20
right_child=2 14 3 -5 -6 11 -8 8 9 -11 -12 15 -14 19 -16 -17 -18 -19 22 20 -22 -23 -24
leaf_value=-0.018738182713124944 -0.00043830600592940027 -0.10000000000000001 0.0068147605959588374 0.024430863563704483 0.018066024135962262 -0.023191895441669483 -0.0086096002266124981 0.01404847825529653 -0.01315868407691239 0.01378406753556476 -0.0067161118456519038 -0.015957175396186497 -0.023975203607518078 0.02904449407649809 -0.0070706554783336473 0.0029349771087349708 -0.019828227138776806 0.019828743196131843 -0.099999999999999978 -0.0083776676216186733 0.01413666189980713 -0.050512540701116986 -0.10000000000000001
leaf_weight=69.26469612121582 6092.2497980594635 194.40170519798994 1242.1652374267578 1220.3071041107178 501.33645868301392 381.31518793106079 934.57369518280029 1714.957145690918 616.29389333724976 286.77165222167969 342.79265165328979 353.85631227493286 168.73926115036011 66.4025539457798 10.021202325820921 557.98956537246704 196.6577091217041 22.901627540588379 12.652726635336878 29.826664566993713 77.922558091580868 31.657737344503403 11.107862316071985
leaf_count=11 680 1772 29 15 16 29 23 107 63 17 25 32 18 8 3 30 12 2 81 19 34 24 35
internal_value=0.000786559 -0.0409565 0.00228988 0.00889947 0.000287457 -0.000544634 0.000192376 0.000745171 0.00595565 -0.00460292 0.0105894 -0.00993866 -0.00164382 -0.00633637 -0.0954444 -0.00439642 -0.00104464 -0.0277748 -0.0394941 0.0057393 -0.00536147 -0.0300725 -0.1
internal_weight=15136.2 526.159 14610 3397.05 11213 10711.6 2176.74 9418.46 2960.82 903.066 2057.75 1293.16 6457.65 321.736 204.423 911.846 6288.91 115.927 93.0253 205.81 139.407 61.4844 23.7606
internal_count=3085 1989 1096 67 1029 1013 52 922 212 80 132 91 710 214 1775 62 692 129 127 85 77 43 116
is_linear=0
shrinkage=0.05


Tree=82
num_leaves=21
num_cat=0
split_feature=0 12 5 0 0 12 12 3 13 10 2 4 14 5 3 3 2 10 4 4
split_gain=350.946 385.234 117.586 79.1153 56.8724 43.3481 39.9788 74.9512 60.0366 85.9237 58.9918 55.962 32.9415 29.429 31.9042 22.5092 42.8844 18.2497 1.13687e-13 1.42109e-14
threshold=2.4165992809636543 7.077484652397545 2165.5000000000005 98.584490185463082 1.5871990803508988 116.66666666666667 2.7253824606765789 3.3390804597701154 5.8259259259259268 10.91666666666667 1.9972747264236481 4.2041666666666675 14.500000000000002 216.50000000000003 4.6559139784946248 22.083333333333339 1.0000000180025095e-35 12.645833333333334 9.9666666666666686 1.7735042735042736
decision_type=10 8 10 10 10 10 8 8 10 10 10 10 10 10 10 10 8 8 10 10
left_child=1 12 5 -4 18 6 10 -8 11 -10 13 -9 15 -2 -15 16 -1 -14 -3 -18
right_child=2 4 3 -5 -6 -7 7 8 9 -11 -12 -13 17 14 -16 -17 19 -19 -20 -21
leaf_value=-0.017832607121697267 -0.014884451273853636 -0.10000000000000001 0.0032265269607698235 0.023944772290568312 -0.0074062803036368851 0.021186311167811087 -0.021830877849359328 7.3647897230500232e-05 0.0016913270367976082 0.030647845281315041 0.014643992162985748 -0.010118463677049105 -0.0068815670142638027 0.0040769085626910628 -0.015675654441003602 0.018874441611230409 -0.099999999999999978 0.023931941727849838 -0.10000000000000001 -0.10000000000000001
leaf_weight=69.146134853363037 277.36771154403687 187.42137333750725 888.38305711746216 957.31558609008789 18.154861211776733 247.61231374740601 443.27479982376099 5062.1742358207703 1050.0456314086914 338.86461782455444 1018.0899887084961 1835.0190515518188 95.441072106361389 2257.2761306762695 224.7857985496521 22.857730865478516 11.695530146360399 96.776722349226475 4.1900034099817267 8.9180788397788984
leaf_count=11 37 1785 33 10 5 6 33 539 69 10 33 117 39 185 24 2 78 33 8 28
internal_value=0.000746609 -0.0398353 0.00217697 0.0139725 -0.0919862 0.000470036 5.98939e-05 -0.00179971 -0.000728124 0.0087561 0.00435722 -0.00263799 -0.00394875 0.00056192 0.00228803 -0.0254223 -0.0367026 0.00863224 -0.1 -0.1
internal_weight=15114.8 514.602 14600.2 1845.7 209.766 12754.5 12506.9 8729.38 8286.1 1388.91 3777.52 6897.19 304.835 2759.43 2482.06 112.617 89.7597 192.218 191.611 20.6136
internal_count=3085 1989 1096 43 1798 1053 1047 768 735 79 279 656 191 246 209 119 117 72 1793 106
is_linear=0
shrinkage=0.05


Tree=83
num_leaves=26
num_cat=0
split_feature=0 8 13 14 12 0 8 3 13 3 13 12 11 13 11 4 0 14 3 12 6 8 4 11 11
split_gain=323.876 372.903 63.7237 214.088 80.5555 110.741 50.9783 48.5813 49.7573 53.2777 61.1178 54.452 40.6191 65.8602 43.847 43.8705 33.2455 27.8405 21.7705 24.9331 19.8779 19.0583 28.4679 11.0916 10.2521
threshold=2.4165992809636543 9.6923076923076952 7.0113636363636376 78.500000000000014 3.339835487661575 259.43837997158431 3.2462121212121215 3.2674796747967485 0.94598958333333349 46.583333333333336 2.2902930402930406 6.78913260219342 1380.0000000000002 0.8829240434037694 1095.0000000000002 1.4744245524296677 1.7201137539204654 14.500000000000002 22.083333333333339 0.81595365418894839 29.450950662496641 0.60669522449627167 9.6485788113695108 335.00000000000006 765.00000000000011
decision_type=10 8 10 10 8 10 10 8 8 8 10 8 10 10 8 10 10 10 10 10 10 10 10 10 8
left_child=1 17 4 6 5 12 -4 -6 -9 11 -11 -10 14 -14 15 -2 -3 18 19 -1 -16 -19 24 -21 -23
right_child=2 16 3 -5 7 -7 -8 8 9 10 -12 -13 13 -15 20 -17 -18 21 -20 23 -22 22 -24 -25 -26
leaf_value=-0.010369080616445717 -0.010658076656986733 -0.10000000000000001 0.0064063201783114629 0.037631367794414214 -0.023694889403281589 0.027114116722889867 -0.018866237215491483 0.013672784637103565 -0.0055434286949219598 -0.0024837495700830857 0.012002264607455959 -0.026492204791580015 0.025118257359219395 0.0012886108739744483 -0.0012306035834167514 0.0063228150672369268 -0.0063500711220945433 0.027312644442097706 0.017962742329177068 -0.10000000000000001 -0.015793840042558835 -0.0084197599895979962 0.020663584836760854 -0.046408333737606909 -0.044630362410210789
leaf_weight=45.136214092373848 447.69340419769287 175.90193875133991 529.38614940643311 519.28032732009888 257.74477100372314 537.67977142333984 320.2481369972229 496.56225204467773 1963.5013642311096 3582.3999335765839 913.88087749481201 368.39603710174561 501.94400882720947 686.54079961776733 461.10841178894043 2528.8606338500977 10.016335964202879 66.027148678898811 22.818033218383789 13.926363617181776 476.39085054397583 42.438523538410664 59.828675985336304 31.475830882787704 36.238107115030289
leaf_count=17 47 1772 38 10 16 4 25 16 87 453 62 23 16 26 44 204 3 8 2 96 25 38 13 14 26
internal_value=0.000708635 -0.0387059 0.00206951 0.0123388 0.00100635 0.00553132 -0.00311953 -0.00235954 -0.00160878 -0.0027201 0.000460571 -0.00885294 0.00325703 0.0113528 0.000798784 0.00376878 -0.0949546 -0.00580868 -0.0256847 -0.036685 -0.00863092 0.00520704 -0.00533097 -0.0628467 -0.0250982
internal_weight=15095.4 503.807 14591.6 1368.91 13222.7 5640.22 849.634 7582.49 7324.74 6828.18 4496.28 2331.9 5102.54 1188.48 3914.05 2976.55 185.918 317.889 113.356 90.5384 937.499 204.532 138.505 45.4022 78.6766
internal_count=3085 1989 1096 73 1023 366 63 657 641 625 515 110 362 42 320 251 1775 214 129 127 69 85 77 110 64
is_linear=0
shrinkage=0.05


Tree=84
num_leaves=29
num_cat=0
split_feature=6 5 5 2 0 9 3 11 5 5 14 4 0 14 4 2 5 3 0 2 12 12 0 3 6 4 14 5
split_gain=300.604 286.546 98.9055 76.9406 64.7986 53.28 50.24 59.6594 56.3403 47.7754 87.1076 34.3689 32.5343 29.8906 27.0838 26.5259 28.243 25.5059 20.6526 17.2468 15.3996 27.5145 10.791 9.31219 8.18977 11.2726 1.13687e-13 1.42109e-14
threshold=14.47052057926998 135.50000000000003 2165.5000000000005 0.99835740821116836 98.584490185463082 17.546947481991591 5.6333333333333337 1145.0000000000002 594.50000000000011 1061.0000000000002 17.500000000000004 12.100000000000001 2.6364744072129072 20.500000000000004 2.1182497589199616 0.40077623982246485 314.50000000000006 2.7320512820512826 11.370955998959182 1.7792273036736628 4.8459259259259264 7.077484652397545 5.4628321899408947 3.4821428571428577 11.127934140107019 7.4450549450549461 16.500000000000004 244.00000000000003
decision_type=10 10 10 8 10 10 10 10 10 10 10 10 10 10 10 8 10 10 8 10 8 8 10 10 8 8 8 8
left_child=1 3 5 -1 -4 -2 8 11 17 13 -11 14 26 -10 -8 -3 18 19 -17 -7 24 -22 -23 -19 -18 -26 -5 -20
right_child=2 15 4 12 -6 6 7 -9 9 10 -12 -13 -14 -15 -16 16 20 23 27 -21 21 22 -24 -25 25 -27 -28 -29
leaf_value=-0.0086720758627868294 0.020136693776664778 0.0052178234719408596 0.0033426457240002929 -0.10000000000000001 0.022125625856821797 -0.0023096546862803658 -0.0087746893068554963 0.0028555510919884611 0.0032198940609491078 0.014571941530218919 -0.0051504514253766084 -0.0028713284119476681 -0.019519761923524774 0.014394439002714197 -0.029166955504581815 -0.013981002147494781 -0.010465812669379092 -0.022694091338861591 -0.099999999999999978 0.0078759752931564352 0.023578958186753277 -0.035997176156003188 -0.0033046709520258757 -0.0066834493419754741 -0.053681127435697078 -0.017479135943064845 -0.10000000000000001 -0.10000000000000001
leaf_weight=31.347754955291748 340.99754428863525 171.78390789031982 887.48582792282104 113.95485096424818 951.43233108520508 4233.4574131965637 257.4758768081665 806.27373790740967 977.66768836975098 785.58578205108643 1948.4206185340881 372.391197681427 13.617599725723265 1542.7569561004639 442.92117691040039 11.537710905075075 48.597594022750854 190.18605709075928 12.77693133056164 460.83770895004272 57.913198731839657 50.489791199564934 50.474295616149902 173.82331132888794 44.376616179943085 41.717864885926247 47.353759244084358 4.8794969394803038
leaf_count=5 13 19 33 1201 10 561 15 37 77 28 79 27 4 77 36 3 9 23 114 28 10 47 8 18 43 10 513 37
internal_value=0.000672925 -0.0313031 0.0022322 -0.0808077 0.0130607 0.000643351 9.81332e-05 -0.00742117 0.00146821 0.00509425 0.000516555 -0.0151448 -0.0937348 0.0100599 -0.0216705 -0.0106549 -0.0191028 -0.00229842 -0.0660047 -0.00130973 -0.0144387 -0.00389457 -0.0196534 -0.0150486 -0.0268761 -0.0361391 -0.1 -0.1
internal_weight=15072.5 700.821 14371.7 206.274 1838.92 12532.8 12191.8 1879.06 10312.7 5254.43 2734.01 1072.79 174.926 2520.42 700.397 494.547 322.763 5058.3 29.1941 4694.3 293.569 158.877 100.964 364.009 134.692 86.0945 161.309 17.6564
internal_count=3085 2023 1062 1723 43 1019 1006 115 891 261 107 78 1718 154 51 300 281 630 154 589 127 65 55 41 62 53 1714 151
is_linear=0
shrinkage=0.05


end of trees

feature_importances:
f_Interval_sum_payment_prev7days=311
f_Interval_sum_login_prev7days=235
f_Interval_max_login_prev1days=228
f_MeanSmoothInterval_payment_prev7days_smooth1days=197
f_TrendFraction_sum_login_prev7days_to2days_interval7days=195
f_TrendFraction_sum_battle_prev7days_to1days_interval7days=180
f_TrendFraction_sum_battle_prev6days_to3days_interval6days=171
f_Interval_sum_finish_quest_prev7days=166
f_TrendFraction_max_login_prev7days_to2days_interval7days=159
f_TrendFraction_sum_finish_quest_prev7days_to2days_interval7days=141
f_TrendFraction_sum_payment_prev6days_to3days_interval6days=140
f_TrendFraction_sum_finish_quest_prev7days_to1days_interval7days=99
f_Interval_count_finish_quest_prev7days=94
f_Interval_min_payment_prev7days=62
f_Interval_max_payment_prev7days=42

parameters:
[boosting: gbdt]
[objective: tweedie]
[metric: rmse]
[tree_learner: serial]
[device_type: cpu]
[data_sample_strategy: bagging]
[data: ]
[valid: ]
[num_iterations: 100]
[learning_rate: 0.05]
[num_leaves: 64]
[num_threads: 64]
[seed: 42]
[deterministic: 0]
[force_col_wise: 0]
[force_row_wise: 0]
[histogram_pool_size: -1]
[max_depth: 7]
[min_data_in_leaf: 20]
[min_sum_hessian_in_leaf: 0.001]
[bagging_fraction: 0.8]
[pos_bagging_fraction: 1]
[neg_bagging_fraction: 1]
[bagging_freq: 5]
[bagging_seed: 400]
[bagging_by_query: 0]
[feature_fraction: 0.8]
[feature_fraction_bynode: 1]
[feature_fraction_seed: 30056]
[extra_trees: 0]
[extra_seed: 12879]
[early_stopping_round: 0]
[early_stopping_min_delta: 0]
[first_metric_only: 0]
[max_delta_step: 0]
[lambda_l1: 0]
[lambda_l2: 0]
[linear_lambda: 0]
[min_gain_to_split: 0]
[drop_rate: 0.1]
[max_drop: 50]
[skip_drop: 0.5]
[xgboost_dart_mode: 0]
[uniform_drop: 0]
[drop_seed: 17869]
[top_rate: 0.2]
[other_rate: 0.1]
[min_data_per_group: 100]
[max_cat_threshold: 32]
[cat_l2: 10]
[cat_smooth: 10]
[max_cat_to_onehot: 4]
[top_k: 20]
[monotone_constraints: ]
[monotone_constraints_method: basic]
[monotone_penalty: 0]
[feature_contri: ]
[forcedsplits_filename: ]
[refit_decay_rate: 0.9]
[cegb_tradeoff: 1]
[cegb_penalty_split: 0]
[cegb_penalty_feature_lazy: ]
[cegb_penalty_feature_coupled: ]
[path_smooth: 0]
[interaction_constraints: ]
[verbosity: -1]
[saved_feature_importance_type: 0]
[use_quantized_grad: 0]
[num_grad_quant_bins: 4]
[quant_train_renew_leaf: 0]
[stochastic_rounding: 1]
[linear_tree: 0]
[max_bin: 255]
[max_bin_by_feature: ]
[min_data_in_bin: 3]
[bin_construct_sample_cnt: 200000]
[data_random_seed: 175]
[is_enable_sparse: 1]
[enable_bundle: 1]
[use_missing: 1]
[zero_as_missing: 0]
[feature_pre_filter: 1]
[pre_partition: 0]
[two_round: 0]
[header: 0]
[label_column: ]
[weight_column: ]
[group_column: ]
[ignore_column: ]
[categorical_feature: ]
[forcedbins_filename: ]
[precise_float_parser: 0]
[parser_config_file: ]
[objective_seed: 16083]
[num_class: 1]
[is_unbalance: 0]
[scale_pos_weight: 1]
[sigmoid: 1]
[boost_from_average: 1]
[reg_sqrt: 0]
[alpha: 0.9]
[fair_c: 1]
[poisson_max_delta_step: 0.7]
[tweedie_variance_power: 1.5]
[lambdarank_truncation_level: 30]
[lambdarank_norm: 1]
[label_gain: ]
[lambdarank_position_bias_regularization: 0]
[eval_at: ]
[multi_error_top_k: 1]
[auc_mu_weights: ]
[num_machines: 1]
[local_listen_port: 12400]
[time_out: 120]
[machine_list_filename: ]
[machines: ]
[gpu_platform_id: -1]
[gpu_device_id: -1]
[gpu_use_dp: 0]
[num_gpu: 1]

end of parameters

pandas_categorical:[]
