tree
version=v4
num_class=1
num_tree_per_iteration=1
label_index=0
max_feature_idx=14
objective=tweedie
feature_names=f_MeanSmoothInterval_payment_prev7days_smooth1days f_Interval_sum_payment_prev7days f_TrendFraction_sum_payment_prev6days_to3days_interval6days f_TrendFraction_sum_finish_quest_prev7days_to2days_interval7days f_TrendFraction_sum_battle_prev7days_to1days_interval7days f_Interval_sum_login_prev7days f_Interval_max_payment_prev7days f_Interval_count_finish_quest_prev7days f_TrendFraction_max_login_prev7days_to2days_interval7days f_Interval_min_payment_prev7days f_TrendFraction_sum_finish_quest_prev7days_to1days_interval7days f_Interval_sum_finish_quest_prev7days f_TrendFraction_sum_login_prev7days_to2days_interval7days f_TrendFraction_sum_battle_prev6days_to3days_interval6days f_Interval_max_login_prev1days
feature_infos=[1.5818076376250971:714.49985869914076] [11.07265346337568:5001.4990108939855] [0:43.052104208416829] [0:76] [1:173] [0:5555] [11.07265346337568:1385.680438062536] [0:90] [0.021739130434782608:101.5] [11.041637609102908:489.90199165701864] [1:76] [10:2100] [0.024691358024691357:657] [0:172] [0:1569]
tree_sizes=3914 4229 4322 4550 4451 3615 3289 4123 3604 4219 4337 4437 4748 4441 4342 3709 4348 3510 3927 3722 3186 3612 3714 3603 3187 3182 3190 3091 3389 3928 2975 3315 3201 3087 2899 2988 3183 3289 3308 3296 3406 3721 3410 3312 3927 2682 2252 2150 2677 3407 2681 3192 2985 3724 3195 3406 3304 3718 3612 2987 2564 2463 2889 3100 2790 2996 2782 3202 3302 3099 2366 2566 2376 2671 2671 3088 3610 3081 3736 3741 3104 3427 2265 3847 1826 3002 3091 3416 3410 3725 2466 3315 2876 2471 2775 2034 2365 2269 3423 2680

Tree=0
num_leaves=38
num_cat=0
split_feature=1 1 1 12 5 1 12 14 12 2 3 3 14 12 5 5 11 1 5 13 10 2 6 13 3 14 0 1 0 1 1 5 6 11 6 14 3
split_gain=87605.6 5794.76 4195.06 1419.91 824.186 734.862 579.165 572.09 334.315 326.03 253.734 199.668 193.191 152.368 146.536 97.9679 131.928 96.5185 95.0769 84.1449 77.4115 73.9316 73.1263 49.7437 42.1231 36.3428 29.323 26.114 18.3778 18.3658 17.9354 16.4383 10.539 4.6018 1.00405 0.1651 0.11683
threshold=48.583168071608107 121.46716965636368 19.391648701111993 1.1516129032258067 909.50000000000011 322.86291197439868 1.3990950226244345 20.500000000000004 48.687500000000007 1.0000000180025095e-35 7.9062500000000009 2.8130296610169494 49.500000000000007 60.523809523809526 1002.0000000000001 476.50000000000006 485.00000000000006 1145.7767760826366 1418.5000000000002 2.5566893424036286 4.9275184275184278 3.0178159068383068 26.785635693911996 1.9031250000000002 1.1144200626959251 47.500000000000007 1.0000000180025095e-35 49.350999194894527 13.460853400296807 71.822859776335392 27.748985890794057 675.50000000000011 28.810296729334834 675.00000000000011 23.711240556322856 77.500000000000014 1.5801713586291311
decision_type=10 10 10 10 10 10 10 10 8 8 10 8 10 8 10 10 8 10 10 10 8 8 10 10 8 10 10 10 10 10 10 10 10 8 10 10 8
left_child=2 3 9 27 10 6 -3 11 18 -1 13 -5 23 15 -8 24 -17 19 22 25 -16 33 -9 -6 -4 -7 31 -2 -29 -30 34 35 -32 -13 -15 36 -11
right_child=1 5 4 7 12 17 14 8 -10 26 -12 21 -14 30 20 16 -18 -19 -20 -21 -22 -23 -24 -25 -26 -27 -28 28 29 -31 32 -33 -34 -35 -36 -37 -38
leaf_value=4.8989288286244363 4.8969432192678175 4.9581869084542758 4.9068041007057746 4.9797835948516225 4.9018194683906531 5.01012674938245 4.9962420038665307 4.9847088286287686 5.0299087166533134 4.8377604279478152 4.9397762511847318 4.9061568027879936 4.9649197928120872 4.8640788740819065 5.0262898925758543 4.9248351866179725 4.8808794970340736 5.0321616947993055 4.9949936702737272 5.0289498361228251 5.0096975366390186 4.945630046178362 4.9612298177859229 4.9365443677619201 4.8777963375414899 5.0223832169639682 4.8550890317026045 4.9231980863125608 4.8953368493293841 4.9149306718777659 4.8890142944094874 4.8514955094266767 4.8734912722318793 4.9170402376187283 4.8681345732546575 4.8380282946753281 4.8361850860007856
leaf_weight=214.92494630813599 313.55292177200317 590.00966262817383 145.92459678649902 230.13415241241455 245.89451885223389 1222.6328258514404 1152.1313705444336 573.07571887969971 376.0108642578125 118.93599653244019 195.83130502700806 190.57258987426758 397.38561248779297 178.2607684135437 1311.7390508651733 402.69175434112549 296.31694936752319 6452.2223052978516 601.57745361328125 2772.5175247192383 1514.6634464263916 273.64381504058838 787.13063812255859 177.6369800567627 879.09670543670654 1196.9310665130615 215.02250957489014 323.75180053710938 184.31056785583496 340.60377502441406 168.37462377548218 178.89351940155029 311.87200212478638 198.07683944702148 1060.2690291404724 125.05161190032959 11251.221070289612
leaf_count=25 37 39 16 11 28 27 39 25 2 20 16 21 24 26 11 38 39 22 21 17 34 21 50 15 118 14 33 31 22 35 21 28 43 20 151 21 1907
internal_value=4.93879 5.00761 4.85317 4.95667 4.89462 5.02141 5.00442 4.97372 4.98672 4.8379 4.88442 4.93966 4.93988 4.88127 5.01127 4.89177 4.9062 5.02808 4.97844 5.023 5.0174 4.92572 4.97112 4.91638 4.88193 5.01619 4.83679 4.90927 4.91383 4.90805 4.87073 4.83646 4.87893 4.9117 4.86755 4.83622 4.8362
internal_weight=37168.9 20605.3 16563.6 4392.44 4459.55 16212.8 4568.54 3230.22 2337.79 12104 3638.64 892.427 820.917 3442.81 3978.53 1724.03 699.009 11644.3 1961.78 5192.08 2826.4 662.293 1360.21 423.531 1025.02 2419.56 11889.1 1162.22 848.666 524.914 1718.78 11674.1 480.247 388.649 1238.53 11495.2 11370.2
internal_count=3068 499 2569 296 535 203 123 171 98 2034 468 73 67 452 84 211 77 80 96 58 45 62 75 43 134 41 2009 125 88 57 241 1976 64 41 177 1948 1927
is_linear=0
shrinkage=1


Tree=1
num_leaves=39
num_cat=0
split_feature=1 1 1 12 1 12 8 12 2 3 2 4 4 7 10 11 10 1 0 13 2 0 7 13 0 2 1 4 3 1 0 1 11 6 6 11 8 7
split_gain=82095.6 5655.79 4303.49 1297 773.894 637.168 606.473 563.328 339.996 260.356 200.414 182.215 167.937 355.935 166.906 146.781 133.836 107.01 102.415 91.506 81.0951 77.8764 67.0873 60.0115 32.8243 31.9772 24.0782 23.339 19.2473 18.0878 16.8005 16.9758 16.3748 3.77358 1.03555 0.443035 0.13187 0.000457659
threshold=48.583168071608107 121.46716965636368 19.391648701111993 1.1516129032258067 322.86291197439868 1.428839259584431 4.6885521885521895 1.3990950226244345 1.0000000180025095e-35 8.7207792207792227 1.9932736703044636 3.4226190476190479 1.4828571428571431 20.500000000000004 8.4500000000000011 1075.0000000000002 5.1188235294117659 1145.7767760826366 23.916579212257471 2.5566893424036286 2.0004715070892405 10.495601615155477 62.500000000000007 21.250000000000004 1.0000000180025095e-35 0.99976819449316989 49.350999194894527 4.9494949494949507 1.8637566137566142 30.181829881378743 13.460853400296807 71.822859776335392 455.00000000000006 30.497426595557545 23.711240556322856 305.00000000000006 0.83281573498964823 1.0000000180025095e-35
decision_type=10 10 10 10 10 10 10 10 8 10 8 10 10 10 10 10 8 10 10 10 8 10 10 8 10 10 10 10 8 10 10 10 10 10 10 10 8 8
left_child=2 3 8 26 7 20 10 -3 -1 12 15 -12 13 23 -13 21 -9 19 -18 22 28 -5 -6 -7 32 27 -2 -14 -4 34 -28 -32 36 -31 -22 -36 -10 -38
right_child=1 4 5 6 17 9 -8 16 24 -11 11 14 25 -15 -16 -17 18 -19 -20 -21 29 -23 -24 -25 -26 -27 30 -29 -30 33 31 -33 -34 -35 35 -37 37 -39
leaf_value=-0.035640984096443472 -0.037569256496228803 0.020952487042421728 -0.027720430290825063 -0.023588552355554963 0.069832190364478228 -0.061253490844583362 0.078423684360490298 0.083270411392086893 -0.098262845757344119 0.019140998489536321 0.05286863298482844 -0.0037421488831572503 -0.037566171653619876 0.035713152368439291 0.038981931639376376 0.037120428008416993 0.047342298087120628 0.095580273624644052 0.071908425533041026 0.092089272772858499 -0.070275904572095912 0.013633725963994238 0.086758092241425597 -0.020977029797171046 -0.07966153678185256 -0.025338830832014037 -0.01234807157378718 -0.053704673203548839 -0.049564592122051061 -0.048323203216755407 -0.039132541763376119 -0.020237442613578155 -0.085337238259529102 -0.05861191083058355 -0.066693094159081256 -0.064282663354370551 -0.099972856933871757 -0.10000000000000001
leaf_weight=213.470543384552 311.19889116287231 588.61727809906006 190.16304540634155 353.42892074584961 1138.6931304931641 171.52166604995728 669.23857688903809 1830.1676378250122 113.29803276062012 336.5702075958252 763.46726989746094 413.7442889213562 588.96085023880005 271.96247291564941 510.83213138580322 247.56498432159424 602.56978988647461 6162.3655471801758 1433.686487197876 2656.1658973693848 180.77934789657593 233.26513671875 1204.9072723388672 200.70734834671021 208.12680387496948 315.72509670257568 323.48560047149658 361.54828691482544 214.68873310089111 155.30520486831665 182.8112211227417 339.85365962982178 194.87500190734863 209.1182427406311 965.80685377120972 237.50740146636963 8919.0659699440002 1880.3832211494446
leaf_count=25 37 39 21 37 28 24 12 25 20 23 30 36 70 15 26 13 26 22 33 17 27 17 13 21 33 34 31 48 28 20 22 35 32 29 141 34 1589 335
internal_value=0.00255526 0.0700959 -0.0820998 0.0196666 0.0841388 -0.0400336 0.0361097 0.0665208 -0.0981553 -0.0214079 0.0248826 0.0347908 -0.0285517 -0.00776773 0.0198631 0.00483437 0.0734581 0.0911706 0.0646388 0.0857355 -0.059469 -0.00878925 0.0785342 -0.0395363 -0.0993346 -0.0391254 -0.0256773 -0.0437048 -0.0393042 -0.064138 -0.0213036 -0.0268463 -0.0997032 -0.0542272 -0.0667474 -0.0662173 -0.0999598 -0.0999776
internal_weight=35895.6 19966.1 15929.6 4348.89 15617.2 4400.36 3191.54 4455.04 11529.2 2247 2522.3 1688.04 1910.43 644.191 924.576 834.259 3866.42 11162.1 2036.26 4999.77 2153.37 586.694 2343.6 372.229 11315.7 1266.23 1157.35 950.509 404.852 1748.52 846.15 522.665 11107.6 364.423 1384.09 1203.31 10912.7 10799.4
internal_count=3068 499 2569 296 203 535 171 123 2034 235 159 92 212 60 62 67 84 80 59 58 300 54 41 45 2009 152 125 118 49 251 88 57 1976 49 202 175 1944 1924
is_linear=0
shrinkage=0.05


Tree=2
num_leaves=40
num_cat=0
split_feature=1 1 1 12 1 5 8 12 2 8 5 2 4 4 10 8 1 3 13 11 4 1 5 0 0 5 1 1 5 6 0 1 8 6 1 0 1 3 5
split_gain=76878 5508.08 4407 1184.29 811.875 728.797 580.614 559.091 353.727 220.814 216.619 158.663 189.151 158.456 136.007 131.996 118.069 115.293 98.8632 65.591 61.4909 55.9676 40.5699 36.6445 35.5032 26.2239 22.1598 21.0724 20.9281 16.0236 15.3811 13.782 11.2816 5.9293 2.2952 1.25498 0.398697 0.152742 0.0127288
threshold=48.583168071608107 121.46716965636368 19.391648701111993 1.1516129032258067 322.86291197439868 909.50000000000011 4.6885521885521895 2.0628040973111399 1.0000000180025095e-35 2.6076923076923082 425.50000000000006 1.9932736703044636 3.4226190476190479 46.500000000000007 5.0787878787878791 1.5372194228126432 1145.7767760826366 1.8900966183574881 2.5566893424036286 1035.0000000000002 2.6974576271186446 32.354472019831555 1418.5000000000002 1.0000000180025095e-35 30.737936493413468 467.50000000000006 49.350999194894527 27.748985890794057 675.50000000000011 29.221713688526819 12.106982794702338 86.396770658718125 3.5313725490196082 53.890753529622032 64.893644189391594 5.9406419477600805 32.048149800656006 1.5400641025641029 83.500000000000014
decision_type=10 10 10 10 10 10 10 10 8 8 10 8 10 8 8 10 10 10 10 10 8 10 10 10 10 10 10 10 10 10 10 10 10 10 10 10 10 8 10
left_child=2 3 8 26 7 9 10 17 -1 13 -5 19 -13 21 -9 20 18 33 22 -12 -7 25 -6 28 -16 -4 -2 32 37 -29 -28 34 35 -3 -32 -11 -31 -10 -39
right_child=1 4 5 6 16 15 -8 14 23 27 11 12 -14 -15 24 -17 -18 -19 -20 -21 -22 -23 -24 -25 -26 -27 30 29 -30 36 31 -33 -34 -35 -36 -37 -38 38 -40
leaf_value=-0.034075528778801288 -0.035944655198055057 0.012027634525658871 -0.05225269845794267 -0.013679525617706828 0.070808280433066584 0.0044942901731379976 0.076867065378870739 0.084546340914995535 -0.09808437460571115 -0.062467761586544261 -0.0024031098219272884 0.058755586149495567 0.022854282957242539 -0.0020739039439122086 0.05751319728991855 0.027694570928187157 0.095147743321008268 0.052762814843028673 0.09135915084177576 0.029543043913408059 -0.031707022280008691 -0.016182326445328063 0.084206899955731079 -0.07815923033455778 0.071804175181425622 -0.036736065608011084 -0.010814574117157779 -0.041261846391948777 -0.082085100076333267 -0.060850299323464675 -0.035247564383152026 -0.014644258886752229 -0.049986095574476808 0.022108093761104189 -0.027228598055143001 -0.06587473652718788 -0.057234643766890317 -0.10000000000000001 -0.099850240982193056
leaf_weight=212.14853096008301 309.05746030807495 288.69001770019531 709.51893138885498 334.00250005722046 1220.1627464294434 241.5629243850708 649.16786766052246 1655.3590002059937 107.91648149490356 402.16145801544189 426.08742475509644 658.06116199493408 829.15810298919678 300.74913549423218 885.99452495574951 343.65182733535767 5887.8125991821289 371.23954010009766 2546.3151206970215 257.94334411621094 228.03159427642822 178.14563989639282 1052.1349201202393 201.68635559082031 853.00452995300293 441.87902116775513 283.88628959655762 223.00722885131836 166.45171165466309 138.33398485183716 167.88541793823242 201.62612915039062 144.48625659942627 294.87807273864746 190.46879577636719 824.34060955047607 169.87134981155396 8595.1442823410034 1699.3943328857422
leaf_count=25 37 21 96 32 28 20 12 20 20 59 37 22 53 27 30 21 22 14 17 15 26 18 13 33 19 53 27 28 28 20 20 20 19 19 21 124 24 1610 318
internal_value=0.00250813 0.0687335 -0.0811477 0.0188762 0.0829974 -0.0385275 0.0347264 0.0647801 -0.098012 -0.048352 0.0238068 0.0295733 0.0387398 -0.0348488 0.074288 0.00414726 0.0903977 0.0309791 0.0845936 0.00964357 -0.0130848 -0.0422626 0.0770122 -0.0992713 0.0645231 -0.0462978 -0.0244903 -0.0599251 -0.0996742 -0.0514707 -0.0202953 -0.0251016 -0.0632009 0.0171213 -0.0309854 -0.0647576 -0.0588575 -0.0999557 -0.0999753
internal_weight=34691.4 19362.9 15328.5 4307.34 15055.6 4345.74 3154.42 4349.17 10982.7 3532.49 2505.25 2171.25 1487.22 1630.29 3394.36 813.246 10706.4 954.808 4818.61 684.031 469.595 1329.54 2272.3 10770.6 1739 1151.4 1152.92 1902.2 10568.9 531.213 843.867 559.98 1370.99 583.568 358.354 1226.5 308.205 10402.5 10294.5
internal_count=3068 499 2569 296 203 535 171 123 2034 468 159 127 75 194 69 67 80 54 58 52 46 167 41 2009 49 149 125 274 1976 72 88 61 202 40 41 183 44 1948 1928
is_linear=0
shrinkage=0.05


Tree=3
num_leaves=42
num_cat=0
split_feature=0 8 0 0 0 5 14 0 10 0 5 8 0 3 14 13 13 11 5 5 12 11 11 11 11 3 5 13 11 14 4 14 13 0 9 4 5 12 14 5 4
split_gain=65778.9 8759.71 4580.32 2930.88 1284.96 529.883 503.608 312.259 267.241 262.776 238.608 230.86 223.049 177.836 165.842 154.301 153.116 99.979 98.1708 95.4644 92.8104 90.3673 115.698 67.8045 54.2777 50.7272 48.4048 33.755 26.6202 26.2794 21.4834 18.4634 12.9645 11.9536 5.97628 4.62105 4.53625 2.91038 0.48691 0.518517 0.450825
threshold=6.9613647941821304 0.41324174555529908 2.9229584035491745 23.916579212257471 30.737936493413468 909.50000000000011 15.500000000000002 10.468499821722508 5.3266666666666671 76.714862470950365 924.50000000000011 0.62072816618271176 87.70281180084514 7.9062500000000009 49.500000000000007 5.8259259259259268 0.36691819119483204 1515.0000000000002 1002.0000000000001 476.50000000000006 2.9607508912655978 485.00000000000006 385.00000000000006 275.00000000000006 455.00000000000006 1.1144200626959251 413.00000000000006 1.8619047619047622 185.00000000000003 3.5000000000000004 2.3776002204160358 46.500000000000007 4.7715517241379315 12.66845030748555 24.426499584019187 1.2362369337979098 1796.0000000000002 1.7867135527631637 74.500000000000014 341.50000000000006 3.9388111888111892
decision_type=10 10 10 10 10 10 10 10 10 10 10 8 10 10 10 10 10 8 10 10 8 8 10 10 10 8 10 10 10 8 10 10 10 10 10 10 10 10 10 10 10
left_child=2 4 11 6 16 13 10 20 -9 15 23 -1 28 19 27 17 26 18 -5 25 -8 22 -21 -3 35 -4 29 -7 -6 -2 -26 -28 -27 -31 -23 38 -11 -37 39 -13 -39
right_child=1 3 5 9 12 14 7 8 -10 36 -12 24 -14 -15 -16 -17 -18 -19 -20 21 -22 34 -24 -25 30 32 31 -29 -30 33 -32 -33 -34 -35 -36 37 -38 40 -40 -41 -42
leaf_value=-0.051407754013374635 -0.033615624048345623 -0.026156826068917921 -0.024497434192058836 0.049864350708799632 -0.0022210602297833395 -0.029868991966269604 0.00084292039181123497 0.070185424041241354 0.033890958875508227 0.09174281955388261 0.047182069319349942 -0.099977193271832784 0.055954138033918535 0.0042318281070666975 0.028765825880066754 0.091693385779091988 -0.0087827432200356641 0.082455106818519253 0.073261274710143418 -0.039513694367454638 0.035197074364230745 -0.044984576921597706 0.0097609286323254787 0.0053362388196650408 -0.090496413126117531 -0.057316657629819294 -0.039874700422091958 -0.00062715686841807847 0.019358550541515206 -0.059246156540598116 -0.060589932304939809 -0.019098267247431029 -0.041217260191639821 -0.04871436489967923 -0.05834840169754079 -0.087335235742274892 0.094170314279532069 -0.094807556849663702 -0.096567959158326999 -0.09685412767535713 -0.09916831375193913
leaf_weight=260.04197311401367 189.42621612548828 261.15211582183838 143.51707744598389 703.15164947509766 286.33059644699097 227.43515634536743 289.8892068862915 1611.4218635559082 740.12887191772461 3755.9707851409912 299.61261081695557 9314.9462542533875 438.47821426391602 194.87552976608276 384.21034288406372 1438.2763271331787 333.59898233413696 1362.081859588623 1237.1716232299805 270.87436628341675 610.89582967758179 167.94793796539307 212.65466785430908 494.60062456130981 120.83288335800171 1256.6932935714722 270.55878829956055 174.33805561065674 285.31232357025146 521.76349639892578 119.37513780593872 176.8150839805603 138.86629056930542 557.08234262466431 166.69039964675903 110.64555215835571 3946.8014183044434 110.44305896759033 108.76074600219727 134.82849550247192 127.91114568710327
leaf_count=37 23 28 16 27 25 26 24 38 39 23 13 1834 15 16 23 9 31 18 25 34 32 22 17 39 22 182 34 15 19 77 18 19 18 76 24 20 17 21 21 26 25
internal_value=0.00245927 0.0607721 -0.0815809 0.074981 -0.0170268 -0.0306172 0.0394347 0.0491733 0.0587621 0.0872864 0.00942303 -0.0979266 0.0291271 -0.0416724 0.00527941 0.0780246 -0.0397772 0.0720716 0.0647825 -0.0454674 0.0241413 -0.0316668 -0.0178429 -0.00554626 -0.0991186 -0.0528037 -0.045804 -0.0171803 0.00854953 -0.050792 -0.0756339 -0.0316633 -0.0557147 -0.0538079 -0.0516414 -0.099688 0.0929866 -0.0940368 -0.0998943 -0.0999326 -0.0971477
internal_weight=33556.4 19810.5 13745.9 16751.2 3059.37 3338.1 4307.7 3252.34 2351.55 12443.5 1055.37 10407.8 1010.12 2552.12 785.984 4740.68 2049.24 3302.41 1940.32 2357.24 900.785 818.167 483.529 755.753 10147.7 1539.08 1715.65 401.773 571.643 1268.27 240.208 447.374 1395.56 1078.85 334.638 9907.54 7702.77 349 9558.54 9449.77 238.354
internal_count=3068 651 2417 332 319 393 213 133 77 119 80 2024 59 329 64 79 260 70 52 313 56 97 51 67 1987 216 229 41 44 176 40 53 200 153 46 1947 40 66 1881 1860 46
is_linear=0
shrinkage=0.05


Tree=4
num_leaves=41
num_cat=0
split_feature=1 1 1 12 12 2 1 2 12 14 4 0 11 11 14 3 4 10 0 10 2 11 14 3 0 0 1 0 14 11 3 1 1 11 4 6 6 14 14 11
split_gain=67318.4 5297.78 4583.19 1369.03 532.947 509.489 469.786 391.632 362.878 319.792 312.106 216.234 181.963 138.115 132.583 121.988 120.955 119.479 108.646 83.6433 79.1907 77.3744 90.2401 52.029 47.1926 39.8743 34.6747 30.0959 33.6986 22.8101 20.73 18.1191 13.1423 9.60983 7.97457 3.26137 1.19387 0.669836 0.283014 0.200075
threshold=48.583168071608107 167.22928650420781 19.391648701111993 1.1516129032258067 1.428839259584431 4.2113939797806941 489.79236112166018 0.99835740821116836 2.0628040973111399 49.500000000000007 2.3397435897435903 13.515543894200146 1075.0000000000002 235.00000000000003 9.5000000000000018 2.6742424242424243 1.0000000180025095e-35 4.1770833333333348 13.957999762296678 6.8397435897435903 2.0004715070892405 1515.0000000000002 67.500000000000014 7.9062500000000009 203.63699697881938 1.0000000180025095e-35 83.390612667694967 12.106982794702338 13.500000000000002 455.00000000000006 0.96153846153846168 30.181829881378743 64.122847560173511 185.00000000000003 2.5811688311688319 30.497426595557545 23.711240556322856 11.500000000000002 77.500000000000014 295.00000000000006
decision_type=10 10 10 10 10 8 10 8 10 10 10 10 8 8 8 8 10 10 10 10 8 8 10 10 10 10 10 10 10 10 10 10 10 10 10 10 10 8 10 10
left_child=2 3 7 26 20 12 8 -1 17 14 -7 19 15 -10 33 -5 -16 -3 -17 -12 30 22 -15 -18 -8 29 27 28 -2 38 -4 36 -29 -6 -35 -33 -22 -38 39 -9
right_child=1 6 4 5 9 10 24 25 13 -11 11 -13 -14 21 16 18 23 -19 -20 -21 31 -23 -24 -25 -26 -27 -28 32 -30 -31 -32 35 -34 34 -36 -37 37 -39 -40 -41
leaf_value=-0.03189146313860837 -0.027239605974185583 0.028029141271011498 -0.022184260729041498 0.031715253383160995 -0.058585493709685237 0.073110024995484663 0.086752478870738281 -0.10000000000000001 0.093561476715288486 0.016467306995383135 0.0030735163417668077 0.059530062549204912 0.037215033852478048 0.053737687263340675 0.0065562154935612004 -0.021310962208306344 -0.035790375250913775 0.063366272594957654 0.01962378401764794 0.036389131823899523 -0.065422460927118772 0.081741255132647322 0.07740877108775672 -0.0045676419659523172 0.094638071713285643 -0.075714005205156934 -0.0068250738204168968 -0.039601215785783343 0.0014770492734378245 -0.081762991735755033 -0.045115667941035213 -0.043151971561261965 -0.023536057636730123 -0.052358534555776264 -0.037550330653595379 -0.052898640259140886 -0.059127058090541744 -0.061747035554663723 -0.097402877037132199 -0.097730724364775506
leaf_weight=221.16545724868774 229.47516775131226 525.7515869140625 193.22039461135864 288.21852445602417 182.46151542663574 1118.0318269729614 3271.1501750946045 9190.4544816017151 1078.9593276977539 501.97464752197266 380.89946746826172 613.60856342315674 723.67566967010498 824.02158260345459 324.27677202224731 459.08564758300781 659.59263896942139 438.88590049743652 250.56455421447754 372.77835273742676 170.04956483840942 1288.3059501647949 787.32391929626465 167.26182556152344 4517.7129821777344 177.77785491943359 394.8912181854248 290.07993125915527 184.1374716758728 175.69589805603027 201.15860557556152 150.54168939590454 226.86624526977539 172.00667142868042 192.84972715377808 199.65722465515137 354.37850856781006 782.93910932540894 108.10512971878052 98.168666839599609
leaf_count=27 26 30 22 16 27 23 31 1902 5 36 30 19 36 28 27 47 82 12 16 19 27 17 13 15 17 31 36 37 16 32 27 20 25 24 24 29 54 121 22 20
internal_value=0.00240888 0.0659242 -0.0791498 0.0250724 -0.0356879 0.0390337 0.0836749 -0.0976845 0.071619 -0.0185946 0.0535156 0.0374932 0.0181268 0.0782895 -0.0289571 0.00428352 -0.0193245 0.0441067 -0.00685765 0.0195518 -0.0540181 0.0726068 0.0653037 -0.0294744 0.0913263 -0.0991769 -0.0192395 -0.0245077 -0.0144552 -0.0996127 -0.0338808 -0.0588093 -0.0325509 -0.0492167 -0.0445315 -0.0487088 -0.0615149 -0.0609307 -0.0999464 -0.099976
internal_weight=32488.2 18264.4 14223.7 5532.31 4252.37 4206.86 12732.1 9971.37 4943.25 2200.42 2485.32 1367.29 1721.54 3978.61 1698.45 997.869 1151.13 964.637 709.65 753.678 2051.95 2899.65 1611.35 826.854 7788.86 9750.2 1325.45 930.559 413.613 9572.42 394.379 1657.57 516.946 547.318 364.856 350.199 1307.37 1137.32 9396.73 9288.62
internal_count=3068 499 2569 346 535 206 153 2034 105 235 91 68 115 63 199 79 124 42 63 49 300 58 41 97 48 2007 140 104 42 1976 49 251 62 75 48 49 202 175 1944 1922
is_linear=0
shrinkage=0.05


Tree=5
num_leaves=33
num_cat=0
split_feature=1 1 1 5 12 2 1 1 2 0 13 7 12 13 5 13 14 1 13 12 10 0 4 1 10 0 7 1 14 0 10 4
split_gain=60358.9 8730.26 1932.99 1102.06 628.805 564.781 407.133 342.557 260.854 229.007 193.714 220.139 171.563 159.887 137.099 111.912 107.76 89.7272 79.2127 62.1149 56.8836 48.7119 48.4284 47.7202 42.8649 36.0157 28.3537 21.3814 16.2418 13.8541 6.46102 0.310687
threshold=79.424351450256907 14.243015323688331 210.95556179670317 924.50000000000011 2.0966342594877365 1.0000000180025095e-35 48.852999168038373 489.79236112166018 4.2113939797806941 3.1810286841386577 10.200000000000001 50.500000000000007 3.3211020822752673 0.61081871345029259 1796.0000000000002 0.62593283582089565 54.500000000000007 109.42847353664176 1.9377820760799487 1.4566079582517941 7.9705882352941186 203.63699697881938 9.086206896551726 32.514990230771595 5.162280701754387 1.0000000180025095e-35 13.500000000000002 128.90706333193353 6.5000000000000009 9.2861471763083454 4.5391260162601634 1.3390804597701151
decision_type=10 10 10 10 10 8 10 10 8 10 10 10 10 8 10 10 10 10 10 10 10 10 10 10 10 10 10 10 10 10 10 8
left_child=1 5 4 6 19 -1 9 10 17 -3 11 -4 26 -5 18 23 -10 -6 24 27 -17 -9 25 -11 -15 30 28 -2 -8 -28 31 -7
right_child=2 3 7 13 8 22 12 21 16 15 -12 -13 -14 14 -16 20 -18 -19 -20 -21 -22 -23 -24 -25 -26 -27 29 -29 -30 -31 -32 -33
leaf_value=-0.017515313463397044 -0.012783547024380049 0.0027005748421881108 0.045313035906904046 0.044619659177572844 0.012225438095671752 -0.097039127486944002 -0.016146672117233019 0.08609499066314058 0.051907090094046905 -0.056520960278636338 0.090397988377749483 0.07506299197761801 0.017466321065061099 -0.0044068051322081556 0.032876949765234705 -0.038841903363057206 0.077068793085044995 0.044815813538910038 0.010434397232033044 0.023778855214095312 -0.0090581709530788215 0.094298756564902775 -0.062860541859963148 -0.035816713928809717 -0.035984743851176136 -0.072000227450044904 -0.0025643799527573915 0.0064948080895628566 -0.033152199557483282 -0.02062400563345515 -0.088894988123249308 -0.099932950699318901
leaf_weight=217.56829404830933 337.92357158660889 260.50245428085327 927.48592948913574 342.62840890884399 355.84419727325439 93.738191604614258 201.93107223510742 3357.1015949249268 809.10742664337158 1747.2175588607788 1052.9919548034668 1886.7984180450439 381.37882375717163 219.29650497436523 338.1050763130188 1176.9064788818359 897.54692840576172 519.5549955368042 431.85286521911621 287.47139930725098 185.5937237739563 3925.0286178588867 91.697848320007324 331.03560972213745 210.74055051803589 118.56670475006104 216.43779850006104 250.40030956268311 460.85254335403442 208.48720645904541 135.33755302429199 8807.0362825393677
leaf_count=24 33 24 38 16 25 20 21 32 29 267 7 33 25 20 19 153 15 21 32 17 18 15 16 42 25 21 19 19 55 22 27 1915
internal_value=0.000322279 -0.0662071 0.0740007 -0.0225942 0.0413402 -0.0971426 -0.0336601 0.08413 0.0537579 -0.0424996 0.0721035 0.0652585 -0.0113896 0.0144949 0.00589348 -0.0459218 0.0651399 0.031568 -0.00469169 0.00472962 -0.0347849 0.0905168 -0.0990162 -0.0532231 -0.0198816 -0.0993784 -0.0215073 -0.00457836 -0.0279711 -0.0114252 -0.0997376 -0.0999025
internal_weight=30784.2 16176.9 14607.3 6712.97 3457.85 9463.94 5170.34 11149.4 2582.05 3701.26 3867.28 2814.28 1469.09 1542.62 1199.99 3440.75 1706.65 875.399 861.89 875.795 1362.5 7282.13 9246.38 2078.25 430.037 9154.68 1087.71 588.324 662.784 424.925 9036.11 8900.77
internal_count=3065 2781 284 758 159 2023 646 125 90 504 78 71 142 112 96 480 44 46 77 69 171 47 1999 309 45 1983 117 52 76 41 1962 1935
is_linear=0
shrinkage=0.05


Tree=6
num_leaves=30
num_cat=0
split_feature=1 1 1 5 12 2 1 1 11 0 14 4 11 12 3 14 3 14 12 1 0 4 0 4 11 6 1 10 4
split_gain=56283.8 8697.22 1930.14 1003.9 585.771 573.883 375.746 362.455 256.549 232.092 219.843 189.887 197.05 155.277 132.647 273.848 112.495 100.483 62.2617 58.6942 54.0036 52.4968 39.6694 33.8759 32.45 25.7576 20.0536 7.34148 0.358742
threshold=79.424351450256907 14.243015323688331 210.95556179670317 924.50000000000011 2.0966342594877365 1.0000000180025095e-35 48.852999168038373 489.79236112166018 1035.0000000000002 3.1707113196683152 48.500000000000007 18.500000000000004 1365.0000000000002 3.3211020822752673 2.6352549889135259 49.500000000000007 7.9062500000000009 44.500000000000007 60.523809523809526 122.05899792134764 203.63699697881938 9.086206896551726 1.0000000180025095e-35 4.0241935483870979 285.00000000000006 27.258895652793161 64.122847560173511 4.5391260162601634 1.3390804597701151
decision_type=10 10 10 10 10 8 10 10 8 10 10 10 10 10 8 10 10 10 8 10 10 10 10 8 8 10 10 10 8
left_child=1 5 4 6 19 -1 9 11 10 -3 -6 12 17 24 -5 23 18 -4 -11 -2 -9 22 27 -16 26 -26 -8 28 -7
right_child=2 3 7 14 8 21 13 20 -10 16 -12 -13 -14 -15 15 -17 -18 -19 -20 -21 -22 -23 -24 -25 25 -27 -28 -29 -30
leaf_value=-0.016665132035817414 -0.010300424187663739 0.0059775911202023316 0.037140121905687093 0.045103260786248857 0.041362295213235062 -0.096742318763646279 -0.037524066407027941 0.084938940061297333 0.026247033061465332 -0.038952550458630421 0.07642718297754289 0.089306316974710698 0.077215593917036418 0.016618375782195383 -0.032193484296705238 0.028661650007302766 -0.0051324913595106889 0.063870331551113657 -0.052836274776085268 0.015834564092338025 0.093752586641548868 -0.060921800055225551 -0.070221128704454794 -0.0078239584987172435 -0.0034163593373077537 -0.025392075789229342 -0.017679905762829719 -0.08792493190182811 -0.099925906644302315
leaf_weight=217.24289798736572 379.36660671234131 247.20033502578735 698.65205383300781 277.79348802566528 768.0969877243042 89.433346271514893 310.89614534378052 3235.7541370391846 702.71346759796143 1525.7806034088135 1069.2720632553101 983.90192604064941 1373.8929862976074 380.81161403656006 246.74748373031616 673.51354265213013 174.89523410797119 707.74281883239746 1715.354811668396 495.3155345916748 3754.8156967163086 89.931149482727051 115.56961154937744 337.88111257553101 337.71316528320312 220.33504486083984 215.59900379180908 130.12209558486938 8378.0880155563354
leaf_count=24 36 22 32 13 34 20 39 32 38 202 18 7 21 25 29 39 16 18 264 33 15 16 21 31 31 24 23 27 1915
internal_value=0.000308485 -0.0649435 0.072539 -0.0216276 0.0397894 -0.0969466 -0.0322475 0.0829374 0.0519416 -0.0408071 0.0617686 0.0704285 0.063748 -0.0108492 0.0138327 0.0069283 -0.0441927 0.0505916 -0.0463004 0.00449931 0.089673 -0.0989277 -0.09932 -0.0181093 -0.0204938 -0.0120931 -0.0293979 -0.0997112 -0.0998923
internal_weight=29854.4 15684.9 14169.5 6664.52 3414.76 9020.39 5128.59 10754.8 2540.08 3663.23 1837.37 3764.19 2780.29 1465.35 1535.94 1258.14 3416.03 1406.39 3241.14 874.682 6990.57 8803.14 8713.21 584.629 1084.54 558.048 526.495 8597.64 8467.52
internal_count=3065 2781 284 758 159 2023 646 125 90 504 52 78 71 142 112 99 482 50 466 69 47 1999 1983 60 117 55 62 1962 1935
is_linear=0
shrinkage=0.05


Tree=7
num_leaves=38
num_cat=0
split_feature=1 1 1 1 5 8 12 10 11 12 10 8 3 11 8 5 12 0 1 1 14 13 3 5 8 13 10 0 1 6 13 6 13 11 5 14 5
split_gain=52455.7 5193.14 5039.8 993.454 556.373 527.885 480.669 400.935 342.9 220.277 209.96 177.316 175.635 153.976 111.947 105.709 95.7614 91.5382 77.4277 59.7926 48.508 45.9372 44.5022 42.185 40.948 40.6111 29.9678 25.7387 20.5762 8.96448 8.66148 2.40025 2.37714 2.07297 0.159608 0.587942 0.0594676
threshold=48.583168071608107 121.46716965636368 14.243015323688331 322.86291197439868 794.50000000000011 1.9869297369297372 2.3086578693273254 4.0500000000000007 235.00000000000003 1.2351585795608568 5.0787878787878791 1.8467741935483872 7.9062500000000009 1285.0000000000002 1.0216290842153708 1592.0000000000002 60.523809523809526 9.7921913921393333 175.26874518638056 49.350999194894527 32.500000000000007 2.633399701343953 1.2763636363636366 467.50000000000006 0.64984917777561557 3.3914095583787058 5.4691666666666672 9.7921913921393333 27.748985890794057 28.810296729334834 1.2469512195121955 23.711240556322856 1.9648345153664304 125.00000000000001 136.50000000000003 43.500000000000007 19.500000000000004
decision_type=10 10 10 10 10 10 10 10 10 8 8 10 10 8 10 10 8 10 10 10 10 10 8 10 8 8 8 10 10 10 8 10 10 10 10 10 10
left_child=2 5 8 6 12 7 18 19 24 -10 -8 15 16 -5 17 26 22 -9 -3 33 27 30 -4 -24 -1 -12 -6 -21 31 -30 -11 -18 34 -2 36 -36 -26
right_child=1 3 4 13 11 -7 10 14 9 21 25 -13 -14 -15 -16 -17 28 -19 -20 20 -22 -23 23 -25 32 -27 -28 -29 29 -31 -32 -33 -34 -35 35 -37 -38
leaf_value=-0.071350740948519425 -0.0305871708877485 0.013810332554296541 -0.015586049205309361 0.075074624855739014 -0.015071781647423805 0.044971041064637229 0.081953450107865963 0.044556956675705597 0.0015896053829859539 -0.077630788879981802 0.046990703438752071 0.027196138978551044 0.0051551430222803053 0.090006423381173817 -0.00086112120669787633 0.014688399171291267 -0.061305816099230685 0.0097913976821498647 0.039560294184756886 -0.032874826115192074 0.0011533329672822577 -0.048514274376424547 -0.046298457847546763 -0.026969219589563699 -0.10000000000000001 0.064182618499572006 -0.039289050428555683 -0.013709571966973911 -0.03436159993309721 -0.048759731404425639 -0.095421757813016622 -0.05513486617215442 -0.091946055074360433 -0.037998307544866536 -0.099761848482352561 -0.095882454213555901 -0.09971299621346727
leaf_weight=129.49345111846924 162.69241905212402 490.54086017608643 250.75464677810669 2410.6454086303711 256.90275287628174 770.1990704536438 1259.0731964111328 489.52702903747559 122.24285268783569 137.54871892929077 850.0340404510498 386.12545680999756 192.41999626159668 6083.5940990447998 416.72675704956055 214.81077575683594 189.33708095550537 308.76613903045654 721.04425144195557 250.94650936126709 432.35887622833252 112.40471458435059 724.55987405776978 462.42196226119995 3663.2250299453735 576.46271514892578 254.0930347442627 580.26859712600708 164.92033576965332 313.81628465652466 136.10740900039673 939.38373613357544 97.75409460067749 224.63105058670044 522.00221395492554 120.14610385894775 3557.7761344909668
leaf_count=24 20 33 28 39 27 32 15 22 12 27 31 24 16 38 33 16 32 22 32 29 37 19 105 56 881 14 32 58 22 48 31 152 22 29 125 28 854
internal_value=0.000294548 0.0607619 -0.0745528 0.0761793 -0.0306931 0.00822157 0.0552781 -0.00165464 -0.0967387 -0.0569041 0.0670725 -0.000178705 -0.041173 0.0857688 0.0201447 -0.014742 -0.0441004 0.0311102 0.0291348 -0.0176984 -0.0124301 -0.0754256 -0.034725 -0.0387682 -0.0992414 0.0539381 -0.0271138 -0.0194956 -0.0524859 -0.0437997 -0.0864794 -0.05617 -0.0996951 -0.0348853 -0.0997914 -0.099036 -0.0998586
internal_weight=28975.8 16027.5 12948.2 12391.4 4349.55 3636.12 3897.16 2865.92 8598.7 508.304 2685.57 1111.93 3237.61 8494.24 1215.02 725.807 3045.19 798.293 1211.59 1650.9 1263.57 386.061 1437.74 1186.98 8090.4 1426.5 510.996 831.215 1607.46 478.737 273.656 1128.72 7960.9 387.323 7863.15 642.148 7221
internal_count=3065 484 2581 202 558 282 125 250 2023 89 60 99 459 77 77 75 443 44 65 173 124 77 189 161 1934 45 59 87 254 70 58 184 1910 49 1888 153 1735
is_linear=0
shrinkage=0.05


Tree=8
num_leaves=33
num_cat=0
split_feature=1 1 1 5 12 2 1 10 0 1 1 12 14 13 13 9 13 5 2 13 11 9 1 5 0 13 12 9 1 12 10 14
split_gain=48887.1 8563.9 1921.95 840.024 662.419 598.363 310.915 260.558 232.573 175.852 168.845 160.656 152.075 141.196 133.036 122.431 100.25 91.1068 78.9768 76.152 58.6163 46.0299 33.3458 30.5188 26.4244 24.1276 23.5411 18.0424 14.5933 12.7809 3.43493 0.0506687
threshold=79.424351450256907 14.243015323688331 322.86291197439868 924.50000000000011 2.3086578693273254 0.99835740821116836 32.354472019831555 5.2991071428571432 3.1707113196683152 175.26874518638056 719.95542248557842 3.240780500126295 26.500000000000004 0.61081871345029259 3.1151315789473686 27.02090644177137 2.5566893424036286 622.00000000000011 1.4963332354239454 0.63373983739837414 395.00000000000006 24.426499584019187 49.350999194894527 430.50000000000006 11.412000527021572 1.2419017763845352 1.8547149122807021 27.252781966391641 128.90706333193353 60.523809523809526 1.9285714285714288 4.5000000000000009
decision_type=10 10 10 10 10 8 10 8 10 10 10 10 10 8 10 10 10 10 10 10 10 10 10 10 8 10 8 10 10 8 10 8
left_child=1 5 4 6 9 -1 8 -6 -3 18 16 22 -9 -5 -14 21 -4 -13 28 29 24 -15 26 -21 -7 -22 -8 -24 -2 -10 31 -26
right_child=2 3 10 13 7 20 11 12 19 -11 -12 17 14 15 -16 -17 -18 -19 -20 23 25 -23 27 -25 30 -27 -28 -29 -30 -31 -32 -33
leaf_value=-0.016395977324548058 -0.01101411183048436 0.0063835231936927306 0.066918907633890398 0.041446212337561378 0.073922839691468081 -0.07100196713021327 -0.013575298977726344 0.025028001264137345 -0.043876900096742721 0.03787890361290705 0.090295751089474421 0.025767158879317006 0.039436244911160018 -0.026453592060836851 0.069291939840073827 0.021501357552667116 0.084759724805345771 -0.01566238644738787 0.027601952506121238 -0.042821866820790047 -0.088183490807768286 0.00099475062010128171 -0.0098988589507219889 -0.025799848668980059 -0.099724879865661822 -0.053793089661908856 -0.035210709403325748 -0.025257460185951403 0.0042375282108352693 -0.053798926198112454 -0.090665180327144226 -0.10000000000000001
leaf_weight=226.60819482803345 377.89774227142334 245.76393270492554 1629.3629951477051 332.72288799285889 1471.1776247024536 80.563662052154541 158.96251821517944 593.12022304534912 444.138587474823 715.54272174835205 5034.501916885376 315.6951732635498 718.05861568450928 264.91877603530884 776.74129104614258 563.59763526916504 1523.780481338501 228.92753934860229 267.98631954193115 504.03746747970581 111.34012222290039 360.69684410095215 477.57349586486816 551.37040328979492 2493.1754319667816 94.109542369842529 601.39394426345825 318.91003036499023 268.12253093719482 1205.5508351325989 101.83462619781494 5090.5454773902893
leaf_count=26 36 22 34 16 26 16 17 32 64 32 29 19 30 29 16 37 14 22 15 73 25 30 47 67 629 17 80 36 20 199 24 1286
internal_value=0.000279545 -0.0624222 0.0695258 -0.0199099 0.0457176 -0.0965136 -0.0297193 0.0578061 -0.0401866 0.0193151 0.0846134 -0.0150213 0.0464501 0.0126543 0.0549501 0.00459872 0.0755406 0.0083526 0.00478215 -0.0444176 -0.0987911 -0.0106283 -0.0231981 -0.0339292 -0.0994885 -0.0724304 -0.0306875 -0.0160484 -0.00468411 -0.0511277 -0.0997871 -0.0999096
internal_weight=28148.7 14772.4 13376.3 6574.26 5188.65 8198.18 5052.32 3559.1 2950.86 1629.55 8187.65 2101.46 2087.92 1521.94 1494.8 1189.21 3153.14 544.623 914.007 2705.1 7971.57 625.616 1556.84 1055.41 7766.12 205.45 760.356 796.484 646.02 1649.69 7685.56 7583.72
internal_count=3065 2781 284 758 207 2023 646 104 425 103 77 221 78 112 46 96 48 41 71 403 1997 59 180 140 1955 42 97 83 56 263 1939 1915
is_linear=0
shrinkage=0.05


Tree=9
num_leaves=39
num_cat=0
split_feature=1 1 1 12 2 0 5 1 2 2 4 7 8 3 10 0 5 12 0 7 4 11 0 3 1 5 12 0 2 1 1 11 0 10 9 0 1 4
split_gain=45542.3 5126.26 4867.45 853.299 606.858 500.822 463.215 419.057 241.779 224.772 218.863 206.772 159.087 154.617 134.663 139.4 94.3785 84.4131 79.1006 66.4185 66.3106 55.1014 44.7845 40.3271 38.1692 37.3784 37.0549 31.4169 25.8691 21.1168 19.6225 15.9312 27.9754 10.3215 8.29807 7.84354 2.50085 0.56099
threshold=48.583168071608107 14.243015323688331 210.95556179670317 1.1516129032258067 0.99835740821116836 13.515543894200146 794.50000000000011 489.79236112166018 4.2113939797806941 1.9932736703044636 18.500000000000004 51.500000000000007 1.8467741935483872 7.9062500000000009 8.9375000000000018 10.187260983206592 1592.0000000000002 60.523809523809526 189.82250091937314 43.500000000000007 9.086206896551726 945.00000000000011 1.5848538115532504 1.2763636363636366 49.350999194894527 467.50000000000006 2.6254237288135598 45.433499226272112 1.999259664464901 124.82670212129325 27.748985890794057 295.00000000000006 13.887014910337976 4.5391260162601634 28.810296729334834 9.2070741004242809 23.559157286075862 1.2622826908541198
decision_type=10 10 10 10 8 10 10 10 8 8 10 10 10 10 8 10 10 8 10 10 10 10 10 8 10 10 10 10 8 10 10 10 10 10 10 10 10 8
left_child=1 4 3 24 -1 9 13 10 26 19 11 27 16 17 -11 -16 28 23 -9 35 22 -10 33 -3 -2 -25 -7 -4 -8 31 36 32 -26 37 -32 -5 -19 -6
right_child=2 6 7 5 20 8 12 18 21 14 -12 -13 -14 -15 15 -17 -18 30 -20 -21 -22 -23 -24 25 29 -27 -28 -29 -30 -31 34 -33 -34 -35 -36 -37 -38 -39
leaf_value=-0.015597160875944194 -0.03029945688128759 -0.013627288899221763 0.049087310480541359 -0.033068391418823034 -0.095529457578235055 0.033810040599174938 -0.014923435242849692 0.080162553154054364 0.049630845493664942 0.043403022282525697 0.086693334515111187 0.068824692945368623 0.025690175823076505 0.0056135453902401988 -0.008928681740351203 0.037018592350123905 0.013683798406148907 -0.058286067261334909 0.091592937716378664 0.0076421344510733957 -0.054566054723893136 0.068985354326817142 -0.065199458174114225 -0.042955455683766491 0.0052618351253739017 -0.024655627564711555 0.012553926120115647 0.031197445387490159 -0.037502247528923983 0.0035552978650284354 -0.03104877863791683 -0.024013613111954546 -0.017266228134397259 -0.084883880805618289 -0.045011612046346128 -0.018604015883888738 -0.051416854665074264 -0.099900135295575121
leaf_weight=226.31121349334717 285.58875131607056 249.33645153045654 472.25858592987061 187.24561166763306 74.171404123306274 569.39912223815918 260.90875720977783 2602.9214324951172 745.84584712982178 527.46309947967529 883.03816032409668 1629.8017177581787 383.3738112449646 191.65965795516968 405.4242262840271 278.45262718200684 214.03297662734985 154.18478012084961 3616.4703826904297 245.13625240325928 84.220510244369507 725.39043712615967 95.724226474761963 711.07638359069824 218.29534006118774 459.26418781280518 320.40084838867188 510.89116287231445 246.91121816635132 233.85189628601074 162.91402864456177 249.9450855255127 373.74334144592285 116.9621148109436 306.77893400192261 187.65234661102295 942.08707904815674 7219.6839084625244
leaf_count=26 37 28 16 22 19 27 28 30 25 23 7 31 24 16 35 13 16 27 17 18 16 15 19 105 19 56 20 24 31 18 22 28 40 27 48 19 157 1916
internal_value=0.000264308 -0.0721913 0.0576794 0.0203419 -0.09628 0.0315102 -0.0282213 0.0790236 0.0467303 0.0118883 0.0651731 0.0579004 -0.00033989 -0.0379199 0.0244205 0.00977957 -0.0141644 -0.0407144 0.0868091 -0.0125955 -0.0986855 0.0591736 -0.0991805 -0.0318846 -0.0140503 -0.0357743 0.0261561 0.0397909 -0.0259017 -0.00973678 -0.0487194 -0.0134285 -0.00895972 -0.0996194 -0.0401686 -0.0258284 -0.052383 -0.0998557
internal_weight=27368.8 12099.6 15269.2 5553.83 7817.07 4192.41 4282.53 9715.38 2361.04 1831.37 3495.99 2612.95 1105.23 3177.3 1211.34 683.877 721.853 2985.64 6219.39 620.034 7590.76 1471.24 7506.54 1419.68 1361.42 1170.34 889.8 983.15 507.82 1075.84 1565.96 841.984 592.039 7410.82 469.693 374.898 1096.27 7293.86
internal_count=3065 2581 484 359 2023 217 558 125 87 130 78 71 99 459 71 48 75 443 47 59 1997 40 1981 189 142 161 47 40 59 105 254 87 59 1962 70 41 184 1935
is_linear=0
shrinkage=0.05


Tree=10
num_leaves=40
num_cat=0
split_feature=1 1 1 2 12 8 1 1 12 10 14 1 8 12 13 8 4 3 13 11 3 8 8 1 7 4 4 1 14 1 1 9 8 1 11 11 8 14 1
split_gain=44659.4 4854.85 4215.66 1361.17 1060.79 414.125 403.16 287.133 247.853 320.861 215.999 177.56 165.281 153.107 184.441 148.495 127.798 97.5839 74.9554 53.4195 49.7483 43.4302 57.2366 42.6097 42.2452 34.9972 27.4852 26.3874 11.5441 10.7551 6.54422 5.82545 5.53515 2.98439 2.35767 2.32451 1.88675 1.28001 0.267565
threshold=48.583168071608107 11.118783647394945 285.16299238057411 1.0000000180025095e-35 1.1516129032258067 3.8679883945841396 90.655910406969909 719.95542248557842 18.846866096866101 4.7361111111111116 32.500000000000007 175.26874518638056 1.1064777327935225 2.3784090909090914 0.74264069264069277 1.7564432989690724 2.9142903965912823 8.7207792207792227 7.0113636363636376 395.00000000000006 1.8411949685534592 0.9517907935217973 1.0042372881355934 32.514990230771595 14.500000000000002 1.1370120120120122 2.7312834224598936 53.863415504128277 35.500000000000007 28.940609336196548 22.21981141274005 29.221693357367688 4.5688854489164088 26.892792739600683 225.00000000000003 185.00000000000003 0.72179089026915122 73.500000000000014 31.945286029700473
decision_type=10 10 10 8 10 8 10 10 10 10 10 10 10 10 10 10 8 10 8 10 8 8 8 10 10 10 10 10 10 10 10 10 10 10 10 8 8 10 10
left_child=1 3 4 -1 11 10 8 12 9 24 17 25 -4 -8 -15 21 -11 20 -16 34 -3 -12 -23 -22 -6 27 -21 35 -29 30 -7 -31 33 -32 36 -2 -5 -38 -33
right_child=2 5 7 19 6 29 13 -9 -10 16 15 -13 -14 14 18 -17 -18 -19 -20 26 23 22 -24 -25 -26 -27 -28 28 -30 31 32 38 -34 -35 -36 -37 37 -39 -40
leaf_value=0.013771753326605539 -0.025793734656912461 -0.013557715590297864 0.054943720334924021 -0.091550633068278556 -0.030104202444916968 -0.059625374419083756 0.032047294984196173 0.089097145934295838 0.064147140207647488 0.049381136769713507 -0.034162366919359338 0.028228527335577187 0.077971239369734491 0.081604097466967895 0.042069530802061279 0.029943297888939749 0.016291518592516416 0.0087838318194670712 0.0643104379406816 -0.091180775057116525 -0.039286216325281592 0.015130323791204589 -0.022041169943098571 -0.010093081327734628 -0.0027801298164999975 0.0054520879754924763 -0.053494396302639184 -0.017286609803946456 -0.0049616307598939003 -0.032425028955269192 -0.050565290666900999 -0.046110563146688391 -0.038015352120804077 -0.04466827571770602 -0.093159270524293167 -0.034473788236269211 -0.099828376417879103 -0.093404893966324135 -0.042982343496701908
leaf_weight=278.60926961898804 158.72428607940674 331.79829216003418 1145.8412570953369 70.790704727172852 259.34203004837036 130.68750715255737 767.23739910125732 5070.4208450317383 309.57382202148438 508.31368350982666 155.6970362663269 302.91447830200195 2435.5255813598633 602.81919479370117 1143.2700166702271 344.1808819770813 685.04616165161133 176.50292348861694 566.55276203155518 99.899072885513306 985.09403324127197 210.14302825927734 204.18467044830322 143.15803050994873 311.20219278335571 193.76323795318604 93.814146041870117 531.7781720161438 295.59634399414062 161.28160858154297 808.78564119338989 123.72803544998169 127.99481534957886 292.01584672927856 141.8010721206665 150.04228830337524 6812.1770911216736 78.448280811309814 152.73863840103149
leaf_count=24 20 38 31 18 29 24 36 30 8 20 20 16 31 7 44 20 45 14 13 25 141 16 24 15 26 16 18 57 28 22 137 20 18 47 37 20 1900 21 24
internal_value=0.00216274 -0.070523 0.0583017 -0.0946939 0.0287999 -0.0284098 0.0399273 0.0814419 0.022883 0.0156409 -0.0154572 -0.00631954 0.0706037 0.0514022 0.0578233 0.00401003 0.0303861 -0.0263319 0.0494391 -0.0988353 -0.030577 -0.0116485 -0.00318815 -0.0355821 -0.0152003 -0.0141886 -0.0729295 -0.0175382 -0.0128833 -0.0467932 -0.048988 -0.0399768 -0.0478567 -0.049001 -0.0995418 -0.0300117 -0.0996718 -0.0997552 -0.0443823
internal_weight=27361.5 11923.5 15438 7575.54 6786.18 4347.99 5153.36 8651.79 2073.48 1763.9 2550.76 1632.82 3581.37 3079.88 2312.64 914.206 1193.36 1636.55 1709.82 7296.93 1460.05 570.025 414.328 1128.25 570.544 1329.9 193.713 1136.14 827.375 1797.23 1359.48 437.748 1228.8 1100.8 7103.22 308.767 6961.42 6890.63 276.467
internal_count=3100 2623 477 2043 385 580 228 92 128 120 288 157 62 100 64 80 65 208 57 2019 194 60 40 156 55 141 43 125 85 292 226 66 202 184 1976 40 1939 1921 44
is_linear=0
shrinkage=0.05


Tree=11
num_leaves=41
num_cat=0
split_feature=1 1 1 2 8 2 8 1 0 8 10 14 1 8 11 8 4 3 11 0 3 8 8 1 4 4 0 1 1 0 14 6 11 11 14 8 14 1 1 1
split_gain=41526.1 4887.33 4102.76 1338.71 888.592 446.313 381.65 303.452 254.954 379.615 204.693 196.046 185.558 167.318 141.124 134.6 97.9201 88.7625 58.2156 45.7596 45.2436 39.5069 51.763 30.6746 28.5086 28.378 21.93 12.8847 10.2117 6.5365 7.85851 5.46105 2.84184 2.69971 2.32431 2.15413 1.46692 1.44389 0.609719 0.253829
threshold=48.583168071608107 11.118783647394945 285.16299238057411 1.0000000180025095e-35 0.41324174555529908 1.0056062516715489 3.8679883945841396 719.95542248557842 17.352452808051954 3.8679883945841396 9.162280701754387 32.500000000000007 146.73049750119449 1.1064777327935225 1035.0000000000002 1.7564432989690724 2.8867521367521372 8.7207792207792227 395.00000000000006 4.6581115863441775 1.8411949685534592 0.9517907935217973 1.0042372881355934 53.863415504128277 2.3495887191539371 2.7312834224598936 13.979785216063357 82.140643970466485 28.940609336196548 5.3988841720070413 32.500000000000007 29.221713688526819 195.00000000000003 225.00000000000003 11.500000000000002 0.72179089026915122 73.500000000000014 23.382173573261209 25.776319929278859 31.945286029700473
decision_type=10 10 10 8 10 8 8 10 10 10 8 10 10 10 10 10 8 10 10 10 8 8 8 10 10 10 10 10 10 10 10 10 8 10 10 8 10 10 10 10
left_child=1 3 4 -1 12 14 11 13 9 10 -7 17 23 -4 24 21 -10 19 33 20 -3 -13 -23 32 -6 -20 -25 -28 29 30 34 -30 -2 35 -8 -5 -37 -31 -39 -33
right_child=2 6 7 18 5 8 28 -9 16 -11 -12 15 -14 -15 -16 -17 -18 -19 25 -21 -22 22 -24 26 -26 -27 27 -29 31 37 -32 39 -34 -35 -36 36 -38 38 -40 -41
leaf_value=0.013095596045610447 -0.024345824675459975 -0.014933126265911071 0.05299696364532918 -0.090777924840665269 0.0053990477966922093 0.033270402555926885 -0.042553681379630157 0.088141385830132243 0.069924697992413298 0.063901430197758513 -0.0055977111936205094 -0.032644889328778119 0.0229948987235849 0.076395720609568854 0.031689151835165345 0.028574333330392609 0.047638488658906603 0.0083478631093129082 -0.09037932994685477 -0.0061162914575234421 -0.037674023186669001 0.014390293306378563 -0.020990139962254458 0.0020547312047618691 -0.015568447474004524 -0.051557841298490795 -0.023786962280670176 -0.0089811283050619927 -0.03096669424263003 -0.055083663655148496 -0.03176247450424588 -0.044276056054436679 -0.033830492023288285 -0.092516357120250192 -0.050847248507677516 -0.099810376236441706 -0.092782494971555496 -0.050112908668596703 -0.047260698801086354 -0.041214210934704593
leaf_weight=278.35166501998901 158.06844186782837 281.21361112594604 1128.976095199585 67.897181272506714 305.34408235549927 892.51387882232666 186.66037225723267 4874.1337451934814 922.35097026824951 677.98335075378418 545.92220115661621 154.8111629486084 421.08057689666748 2363.3238506317139 410.99464893341064 342.67643928527832 1058.5224723815918 176.43653678894043 95.848700761795044 186.91366243362427 984.14223098754883 209.90850019454956 203.70108604431152 237.61634302139282 345.60441398620605 92.505228519439697 277.11116456985474 312.82401561737061 160.45492553710938 107.74934720993042 127.62860107421875 122.44545888900757 157.83545589447021 135.79949569702148 154.32413673400879 6481.0830960273743 75.110504388809204 441.51097345352173 325.52028179168701 151.36289548873901
leaf_count=24 20 33 31 18 25 45 30 30 17 16 45 20 24 31 20 20 35 14 25 19 142 16 24 21 33 18 33 30 22 20 18 20 21 37 26 1900 21 77 55 24
internal_value=0.00210285 -0.0692775 0.056709 -0.0944238 0.027627 0.0376366 -0.0271874 0.0800811 0.0451235 0.033057 0.018519 -0.0147505 -0.00538061 0.0688315 0.00875011 0.00382274 0.0580156 -0.0251404 -0.0987311 -0.0292089 -0.0326201 -0.0110989 -0.00303443 -0.01583 -0.00573311 -0.0713131 -0.0107702 -0.0159359 -0.0449565 -0.0471111 -0.0423459 -0.0382912 -0.0290847 -0.099495 -0.0463072 -0.0996381 -0.0997299 -0.0496638 -0.0489025 -0.0425834
internal_weight=26634.3 11544.1 15090.2 7226.6 6723.77 5159.24 4317.46 8366.43 4097.29 2116.42 1438.44 2539.8 1564.54 3492.3 1061.94 911.097 1980.87 1628.71 6948.24 1452.27 1265.36 568.421 413.61 1143.46 650.948 188.354 827.552 589.935 1777.66 1343.39 468.613 434.263 315.904 6759.89 340.985 6624.09 6556.19 874.781 767.031 273.808
internal_count=3100 2623 477 2043 385 236 580 92 158 106 90 288 149 62 78 80 52 208 2019 194 175 60 40 125 58 43 84 63 292 226 74 66 41 1976 56 1939 1921 152 132 44
is_linear=0
shrinkage=0.05


Tree=12
num_leaves=44
num_cat=0
split_feature=1 1 1 2 5 5 1 8 1 1 10 0 7 13 4 3 3 4 8 5 10 4 0 2 1 5 10 5 1 5 8 1 2 1 1 0 1 6 3 5 5 5 5
split_gain=38580.4 4910.49 3992.04 1317.05 1146.09 397.794 354.002 377.115 241.521 236.684 221.294 167.997 156.177 154.475 138.519 125.578 112.927 93.6128 89.3834 64.5549 54.4608 46.2328 39.5325 37.8732 36.8701 29.5817 23.7905 19.7093 18.701 23.9246 28.6321 15.4459 8.91964 8.2215 8.19681 5.30435 4.41065 2.90383 2.43439 0.864976 0.524948 0.403917 0.0939456
threshold=48.583168071608107 11.118783647394945 317.96099458515647 1.0000000180025095e-35 522.50000000000011 794.50000000000011 121.46716965636368 3.8679883945841396 719.95542248557842 83.390612667694967 4.4514106583072106 9.2861471763083454 27.500000000000004 0.54348739495798326 5.5590277777777786 11.388888888888891 5.014705882352942 8.1666666666666696 1.087595907928389 522.50000000000011 3.5058139534883725 2.2456896551724141 24.422999584078791 4.9857016825085774 175.26874518638056 462.00000000000006 5.3500000000000005 413.00000000000006 24.024800599950485 413.00000000000006 13.904761904761907 58.546218654464276 1.0002021127045682 32.354472019831555 64.122847560173511 3.8487275124408797 21.255874085575257 32.514990230771595 1.9791666666666667 307.50000000000006 83.500000000000014 95.500000000000014 19.500000000000004
decision_type=10 10 10 8 10 10 10 10 10 10 10 10 10 8 10 8 10 8 10 10 8 10 10 8 10 10 8 10 10 10 8 10 8 10 10 10 10 10 10 10 10 10 10
left_child=1 3 4 -1 9 15 7 10 14 27 31 -12 -7 -8 -4 17 26 20 24 38 25 -21 -15 -24 37 -3 -14 32 36 33 -31 -6 -2 -30 -34 -22 -17 -11 40 -38 42 -42 -5
right_child=2 5 8 19 6 12 13 -9 -10 18 11 -13 16 22 -16 28 -18 -19 -20 21 35 -23 23 -25 -26 -27 -28 -29 29 30 -32 -33 34 -35 -36 -37 39 -39 -40 -41 41 -43 -44
leaf_value=0.012451501930505954 -0.015156534659759753 -0.028867755136613049 0.057748131204951314 -0.10000000000000001 -0.0013103797499481097 0.025054249702039028 0.073045476823751024 0.064207376699978821 0.087119076279662006 -0.0098125490977488822 0.041941495911784282 0.0065988554117591795 -0.019780264514579853 0.033745456858786833 0.079241057913618296 -0.058373292005060577 0.0066242376017388443 0.0032173518860032025 0.034824559480214616 -0.093161853990273977 -0.053877714229683404 -0.044976081238579026 0.058479166941180633 0.041702386715130352 0.017699905350953973 -0.0028578409239943961 -0.046360969217852183 -0.0071093544073891381 -0.044463576815901351 -0.018195689626182926 -0.042244197312518543 -0.018492113004828111 -0.031977517128425337 -0.031278056702369314 -0.019830971293782869 -0.040194348844796633 -0.04434396589231103 -0.0017919331005371065 -0.091833357269001381 -0.050335549064069486 -0.095367351204469542 -0.098882491504089787 -0.099575943560853683
leaf_weight=278.11895370483398 189.21679639816284 307.026451587677 1437.0207614898682 2968.4445850849152 239.05785608291626 401.79552412033081 741.01817512512207 538.31202983856201 4689.4732112884521 210.189453125 813.17644357681274 573.27325534820557 151.68570756912231 484.71199893951416 1567.2223243713379 148.43819999694824 326.18927335739136 295.93167924880981 323.5777702331543 106.51485371589661 146.79462957382202 93.456599473953247 698.220046043396 649.16173362731934 274.78767585754395 169.75895929336548 189.15420532226562 201.4169545173645 1147.864830493927 248.74997854232788 246.34359979629517 288.85312747955322 385.44783353805542 131.7954158782959 217.13543319702148 136.85343360900879 117.40400457382202 243.67497444152832 102.15638041496277 123.70736503601074 89.649780988693237 924.33819818496704 2332.2284126281738
leaf_count=24 20 42 34 916 21 26 12 12 30 20 36 40 17 21 17 28 27 29 14 30 24 18 17 24 16 18 26 20 193 30 40 29 50 19 24 20 20 20 29 21 27 281 718
internal_value=0.00204206 -0.0680066 0.0551037 -0.0941381 0.0279848 -0.0260029 0.0408265 0.0272346 0.0800285 -0.00356815 0.016838 0.0273279 0.000428213 0.0537823 0.0689603 -0.0347745 -0.0144057 -0.0206424 0.0129563 -0.0986183 -0.0299277 -0.0706422 0.045991 0.0503962 0.00324513 -0.019607 -0.0345316 -0.0210744 -0.0416721 -0.0394946 -0.0301615 -0.0107116 -0.0246269 -0.0431056 -0.0276006 -0.0472758 -0.0515926 -0.00550637 -0.0994902 -0.0474181 -0.099614 -0.0985717 -0.0998134
internal_weight=25949.3 11184.4 14764.9 6894.91 7071.23 4289.49 5025.78 2452.67 7693.72 2045.45 1914.36 1386.45 1068.82 2573.11 3004.24 3220.67 667.029 1056.37 1052.23 6616.79 760.433 199.971 1832.09 1347.38 728.652 476.785 340.84 993.217 2164.3 1774.75 495.094 527.911 791.8 1279.66 602.583 283.648 389.55 453.864 6416.82 241.111 6314.66 1013.99 5300.67
internal_count=3100 2623 477 2043 396 580 212 138 81 184 126 76 96 74 51 484 70 133 70 2019 104 48 62 41 56 60 43 114 351 282 70 50 94 212 74 44 69 40 1971 41 1942 308 1634
is_linear=0
shrinkage=0.05


Tree=13
num_leaves=41
num_cat=0
split_feature=6 6 5 5 0 9 2 0 0 6 13 2 3 14 9 0 5 0 0 0 3 5 5 5 6 5 13 8 4 8 0 8 0 2 5 6 14 4 13 14
split_gain=32817.1 7648.47 2118.69 1830.53 648.577 627.726 383.343 570.45 357.274 253.454 192.408 195.219 186.893 153.093 149.984 148.277 138.581 129.432 123.063 94.3144 92.6622 68.4588 71.3291 66.0134 65.364 63.2294 96.9469 47.6132 41.9053 35.4747 26.421 21.8184 15.3209 13.1027 11.2619 8.10608 1.09717 0.854891 0.405459 0.108158
threshold=24.083885115224724 54.368206354849619 183.50000000000003 522.50000000000011 76.714862470950365 26.114163673460457 2.0051525185377757 1.0000000180025095e-35 10.468499821722508 32.354472019831555 4.5178571428571432 1.0668240963183988 8.6833333333333353 65.500000000000014 32.396306839399905 1.5848538115532504 2126.5000000000005 1.0000000180025095e-35 7.6520635911979769 233.57675641939409 4.514705882352942 413.00000000000006 434.50000000000006 1144.5000000000002 30.677956270359626 794.50000000000011 1.2532051282051284 0.75176056338028185 5.2000000000000011 0.42688413948256471 4.020117783435234 1.2071078431372551 4.721998857080453 0.99066653837808538 774.50000000000011 26.799005657545973 69.500000000000014 2.2309453272286563 0.48039591315453389 4.5000000000000009
decision_type=10 10 10 8 10 10 8 10 10 10 10 10 8 10 10 10 10 10 10 10 8 10 10 10 10 10 8 8 10 8 10 8 10 10 10 10 10 8 8 8
left_child=2 3 15 9 10 8 17 28 12 21 11 -3 -5 18 -11 29 19 -4 31 -6 -13 27 -23 -10 -20 26 -9 -2 34 -1 -29 -7 -28 -19 37 -24 38 -8 -31 -40
right_child=1 4 6 5 16 13 7 25 23 14 -12 20 -14 -15 -16 -17 -18 33 24 -21 -22 22 35 -25 -26 -27 32 30 -30 36 -32 -33 -34 -35 -36 -37 -38 -39 39 -41
leaf_value=-0.065393838919721531 -0.010193910840845215 0.024497221328281665 0.026373280156067682 0.035745317033155352 0.065998048269112403 -0.0095954780635329404 -0.093691907753352746 0.0061584902162089474 0.047580544772202103 0.019828795103057704 0.075616448302814332 0.04430896885202959 -0.013507971621840757 0.029572923721054981 -0.027313878008957144 -0.049208760577720299 0.090030110080237813 -0.032793144887396916 0.00028039918419773754 0.083436232532724558 0.066558302539547448 0.0081011013248218251 -0.01951626784958399 0.068623864738886639 0.024836407887279643 -0.0015922748100823806 -0.053013094997900884 -0.047384381419579576 -0.058225853068690631 -0.095788453262983603 -0.032305729946059708 -0.02848453727246213 -0.035852395156695881 -0.013066161157656171 -0.078178297125371249 -0.034326851225209988 -0.093226077545986621 -0.10000000000000001 -0.099532963150005038 -0.10000000000000001
leaf_weight=76.288067579269409 214.81163549423218 679.02102088928223 222.09191465377808 538.06370735168457 1579.0269889831543 366.17688179016113 63.237707853317261 124.29551839828491 694.14954566955566 504.79345035552979 796.37315559387207 906.89620971679688 299.98250770568848 596.0044846534729 253.41312313079834 151.90345048904419 2714.6471366882324 166.13450860977173 676.01550674438477 1523.4926719665527 966.86190986633301 233.12662601470947 177.88771343231201 804.75773334503174 452.31779861450195 200.25359106063843 219.09197998046875 352.75006532669067 87.061183214187622 62.446768522262573 1646.5439395904541 262.44796514511108 320.07490539550781 170.62366342544556 76.39692211151123 192.21074485778809 64.305356740951538 356.48386716842651 1884.7153060436249 3621.900119304657
leaf_count=16 24 34 16 29 28 39 19 12 25 31 11 29 32 33 32 28 13 22 52 12 18 21 22 16 25 19 39 57 20 19 242 33 49 18 20 26 20 114 610 1175
internal_value=0.00198109 0.040238 -0.0827857 0.0053601 0.0716882 0.0259055 -0.038429 -0.0520139 0.0442605 -0.0215886 0.0541598 0.0474661 0.0181149 0.00767532 0.00407244 -0.097964 0.0817799 -0.003257 0.000247105 0.0745611 0.0557897 -0.0284945 -0.0135623 0.0588786 0.0101242 -0.0262165 -0.0336488 -0.0325628 -0.090221 -0.0992611 -0.0349662 -0.0174816 -0.0428257 -0.0227982 -0.0958356 -0.0272081 -0.0997197 -0.0990496 -0.0997947 -0.0998402
internal_weight=25299.1 17431.8 7867.3 8265.45 9166.32 4689.92 2005.75 1446.9 2336.95 3575.54 3349.15 2552.78 838.046 2352.96 758.207 5861.56 5817.17 558.85 1756.96 3102.52 1873.76 2817.33 603.225 1498.91 1128.33 863.716 663.462 2214.11 583.18 5709.66 1999.29 628.625 539.167 336.758 496.118 370.098 5633.37 419.722 5569.06 5506.62
internal_count=3100 884 2216 739 145 284 348 292 102 455 92 81 61 182 63 1868 53 56 149 40 47 392 69 41 77 119 100 323 173 1840 299 72 88 40 153 48 1824 133 1804 1785
is_linear=0
shrinkage=0.05


Tree=14
num_leaves=40
num_cat=0
split_feature=1 1 1 2 12 0 8 8 1 7 13 13 4 14 4 0 12 7 1 1 12 8 14 1 1 8 1 0 14 6 0 8 11 14 14 11 1 1 1
split_gain=33305.2 4905.11 3743.13 1275.88 832.573 321.144 397.297 306.944 265.315 215.159 165.93 165.608 144.779 138.697 128.654 106.638 93.001 75.0038 72.3715 59.2552 50.0131 39.4816 36.0666 25.3476 25.3444 24.3487 9.06581 6.47905 7.25238 4.77803 3.79603 3.08993 3.04393 2.24049 2.04708 1.1562 1.10289 0.512776 0.228456
threshold=48.583168071608107 11.118783647394945 317.96099458515647 1.0000000180025095e-35 2.0485191637630664 17.352452808051954 3.8679883945841396 3.8679883945841396 719.95542248557842 13.500000000000002 12.158536585365855 0.56550198627663428 5.5590277777777786 43.500000000000007 10.690476190476192 9.2861471763083454 1.8281159560100331 16.500000000000004 144.32668607382507 134.68969598890718 3.4984716157205242 1.1449579831932775 40.500000000000007 57.61941057924205 32.354472019831555 1.2071078431372551 28.940609336196548 5.3988841720070413 32.500000000000007 29.221713688526819 19.29785547181633 0.62491189777868728 65.000000000000014 11.500000000000002 73.500000000000014 225.00000000000003 23.382173573261209 25.223289732559639 32.048149800656006
decision_type=10 10 10 8 10 10 10 8 10 10 10 10 10 8 10 10 8 10 10 10 10 10 10 10 10 10 10 10 10 10 10 8 10 10 10 10 10 10 10
left_child=1 3 4 -1 9 6 14 10 12 19 13 -7 -4 24 15 -6 -11 31 -18 23 -15 -19 -13 32 25 -3 27 28 33 -28 -25 -5 -2 -9 35 -33 -29 -38 -31
right_child=2 7 8 17 5 11 -8 26 -10 16 -12 22 -14 20 -16 -17 18 21 -20 -21 -22 -23 -24 30 -26 -27 29 36 -30 38 -32 34 -34 -35 -36 -37 37 -39 -40
leaf_value=0.011504392798814947 -0.021557550572227659 -0.022782324474246291 0.053757532524857349 -0.08819153431545218 0.031919126496343646 0.074022876789734016 0.058124607691800605 -0.037545162459640569 0.084932322025729826 0.029861583772998301 0.028539178673227306 0.034650041062226251 0.076247986141547749 -0.0098863634464462329 -0.019253813291799211 0.0032510752588078202 -0.012386882734544217 -0.085664444257957204 0.022424956826372699 0.0086315685134410146 0.01912080570340691 -0.040879839673128242 0.049989046035773532 -0.0065889276372988947 -0.010217604309375993 -0.037546331418612362 -0.026910791588179928 -0.04961152172064312 -0.027152383784546954 -0.039420144766562831 -0.015213588686658225 -0.099746794037059966 -0.030013055527923577 -0.045803850113013328 -0.090997504579154051 -0.093536794443953852 -0.045250400608934538 -0.042603974562420856 -0.036493200695668207
leaf_weight=276.36225843429565 175.34034824371338 1033.1517238616943 1389.2639427185059 60.409042119979858 686.24813508987427 627.50691795349121 655.12081623077393 182.26869201660156 4356.0062561035156 675.13416433334351 221.68218898773193 652.00005054473877 1475.593900680542 310.70663785934448 275.30937099456787 615.15791130065918 340.36458110809326 133.08601522445679 265.95794296264648 267.73779964447021 284.81151151657104 78.08819580078125 929.61756801605225 287.0680046081543 276.28762102127075 382.70206069946289 158.40098285675049 103.55754518508911 125.43581008911133 125.62436008453369 229.63817501068115 5586.3599104881287 270.85848569869995 149.46449279785156 68.976095199584961 75.972436189651489 422.87614965438843 322.73655605316162 142.05338287353516
leaf_count=24 22 136 34 18 36 9 17 30 30 36 14 25 17 33 26 44 34 38 14 18 19 16 26 28 30 56 22 20 18 21 25 1901 36 26 22 24 76 56 23
internal_value=0.00191897 -0.0654777 0.0519461 -0.0935375 0.0257613 0.0387742 0.0253971 -0.0239396 0.0771598 0.00275679 -0.0127639 0.0522888 0.0653416 -0.0167663 0.011799 0.0183681 0.0170966 -0.0983734 0.00288302 -0.0121752 0.00398656 -0.069104 0.0436658 -0.0179605 -0.0240699 -0.026773 -0.0401271 -0.0421928 -0.0373937 -0.0337938 -0.010422 -0.0994406 -0.0266903 -0.0412662 -0.0995592 -0.0996635 -0.0447764 -0.0441049 -0.0378669
internal_weight=24694.9 10521 14173.9 6279.25 6953.06 4440.96 2231.84 4241.76 7220.86 2512.1 2509.34 2209.12 2864.86 2287.66 1576.72 1301.41 1281.46 6002.89 606.323 1230.64 595.518 211.174 1581.62 962.905 1692.14 1415.85 1732.42 1306.34 457.169 426.079 516.706 5791.72 446.199 331.733 5731.31 5662.33 849.17 745.613 267.678
internal_count=3100 2623 477 2043 396 183 123 580 81 213 288 60 51 274 106 80 84 2019 48 129 52 54 51 111 222 192 292 226 74 66 53 1965 58 56 1947 1925 152 132 44
is_linear=0
shrinkage=0.05


Tree=15
num_leaves=34
num_cat=0
split_feature=0 6 5 2 0 0 13 12 8 0 6 11 14 12 4 12 8 7 4 0 2 4 0 12 11 4 0 5 13 14 8 5 5
split_gain=27433.9 7679.28 1413.96 924.863 715.121 652.104 471.891 332.433 328.375 206.565 137.215 130.289 118.076 78.8897 80.236 76.236 71.5684 55.3593 54.5334 37.1379 46.6347 34.9889 31.8237 17.7671 17.3369 15.4125 6.05173 4.85417 5.68142 2.72314 2.29836 0.36548 0.108989
threshold=2.2919514626546955 95.602643204931923 455.50000000000006 0.99835740821116836 189.82250091937314 6.9613647941821304 32.500000000000007 3.488033921231986 2.191391941391942 27.668820668472875 32.354472019831555 395.00000000000006 12.500000000000002 1.9760623580819356 7.4142857142857155 1.6916228104626503 0.67031730996921635 21.500000000000004 2.8021739130434784 9.2070741004242809 0.50052993767868947 2.7312834224598936 29.895767245139698 2.503211045599826 305.00000000000006 2.4570024570024578 18.377386650819776 318.50000000000006 1.2981481481481485 77.500000000000014 0.90338888888888902 379.50000000000006 19.500000000000004
decision_type=10 10 10 8 10 10 8 10 10 10 10 10 8 10 10 8 8 10 10 10 10 10 10 8 10 10 10 10 10 10 8 10 10
left_child=3 2 10 -1 7 12 8 18 9 -7 16 27 23 15 -15 -14 -2 26 -3 25 -21 -13 24 -4 -8 -18 -12 29 31 30 -5 -29 -32
right_child=1 4 5 11 -6 6 22 -9 -10 -11 17 21 13 14 -16 -17 19 -19 -20 20 -22 -23 -24 -25 -26 -27 -28 28 -30 -31 32 -33 -34
leaf_value=-0.0023027985196156643 -0.0034878283001154014 0.02802973485210038 -0.021302618022591355 -0.089683615192145794 0.08683310272643191 0.015539039391194324 -0.010468404372502287 0.067111846061444658 0.055148910329268323 0.049604911252415257 -0.019554246660764458 -0.076581736805283518 0.00080266721702559754 0.012821575145668574 -0.021468666990595287 -0.048321548751570589 -0.038870987563038771 0.017464971972317358 0.046386348038211449 -0.02778186632471101 0.0029266505637595723 -0.03243784059980663 0.0023888242473349228 -0.041506075085389726 -0.030604082957800916 -0.027623747576608099 -0.0079014431253848563 -0.094649255968206378 -0.078928449072289492 -0.088725334395781147 -0.10000000000000001 -0.10000000000000001 -0.09954651678056356
leaf_weight=264.41273832321167 262.6801552772522 766.78612995147705 192.40357875823975 57.216921806335449 3214.5616693496704 2040.9594221115112 194.92237854003906 2359.8071317672729 1138.3352584838867 569.07665538787842 207.10794258117676 96.767258882522583 154.61714887619019 711.63315963745117 224.38660097122192 161.44432401657104 1134.3686933517456 217.32123374938965 856.54482841491699 979.12307929992676 141.49892902374268 83.726242303848267 205.63097858428955 250.49151849746704 236.72773122787476 416.40257835388184 241.15342473983765 61.887565851211548 61.659403324127197 57.639167308807373 2487.5511453151703 65.892087459564209 2834.9252519607544
leaf_count=27 27 32 24 18 19 127 22 39 31 16 24 27 16 58 24 26 186 13 24 144 12 16 15 38 29 58 22 21 18 19 892 23 1012
internal_value=-0.00261132 0.030177 0.00109514 -0.093756 0.0692897 0.015798 0.0259773 0.0551314 0.03274 0.0229666 -0.0237413 -0.09792 -0.0105404 -0.00269164 0.00460137 -0.02429 -0.0283908 -0.00324496 0.0377155 -0.0308395 -0.0239044 -0.0561045 -0.0137995 -0.0327292 -0.0215113 -0.035851 -0.0132853 -0.0992614 -0.0913935 -0.0995355 -0.0996513 -0.0974085 -0.0997585
internal_weight=22949.7 16878 9680.28 6071.68 7197.7 6080.63 4385.65 3983.14 3748.37 2610.04 3599.66 5807.27 1694.98 1252.08 936.02 316.061 2934.07 665.583 1623.33 2671.39 1120.62 180.494 637.281 442.895 431.65 1550.77 448.261 5626.77 189.439 5437.33 5379.69 127.78 5322.48
internal_count=3099 1026 912 2073 114 426 240 95 174 143 486 2046 186 124 82 42 427 59 56 400 156 43 66 62 51 244 46 2003 62 1941 1922 44 1904
is_linear=0
shrinkage=0.05


Tree=16
num_leaves=40
num_cat=0
split_feature=1 1 1 1 7 5 13 4 14 1 12 13 12 5 1 14 3 13 4 7 10 10 11 11 10 3 11 7 10 11 7 1 13 11 4 14 1 14 10
split_gain=26707.2 4786.16 3193.96 757.887 672.486 631.255 318.481 285.401 217.75 198.841 185.783 173.92 152.626 134.233 107.573 94.1057 79.0007 78.4574 74.1902 67.7051 50.5606 47.2293 46.7848 45.8715 33.9455 30.2298 24.8327 24.7728 21.9733 19.8246 18.7881 12.1907 13.5109 7.95626 6.14954 2.34682 1.53694 1.52031 1.4487
threshold=27.623202624659783 235.8650199892945 1.0000000180025095e-35 1328.7575064356117 22.500000000000004 455.50000000000006 0.49348739495798327 6.4468599033816441 14.500000000000002 61.087520162636118 1.9988151658767774 5.3589743589743604 0.98136033229491193 980.50000000000011 71.822859776335392 41.500000000000007 2.7834821428571432 1.4187683284457482 8.5277777777777803 58.500000000000007 5.7823529411764714 3.0513157894736849 485.00000000000006 335.00000000000006 3.804761904761905 1.6609195402298853 285.00000000000006 1.5000000000000002 2.7687165775401072 255.00000000000003 15.500000000000002 23.822660568889635 5.9411764705882364 145.00000000000003 15.022727272727275 49.500000000000007 20.564063078783693 82.500000000000014 2.0833333333333339
decision_type=10 10 10 10 10 10 10 10 10 10 8 10 8 10 10 10 8 8 10 10 10 10 8 10 10 8 10 10 10 10 10 10 10 8 8 8 10 10 8
left_child=2 5 4 7 12 14 28 15 10 18 -8 -11 -1 17 24 19 -6 22 -10 -3 -15 -12 23 25 27 -4 33 -2 29 -7 37 36 35 -16 -29 -33 -19 38 -14
right_child=1 3 13 -5 16 6 8 -9 9 11 21 -13 30 20 26 -17 -18 31 -20 -21 -22 -23 -24 -25 -26 -27 -28 34 -30 -31 -32 32 -34 -35 -36 -37 -38 -39 -40
leaf_value=-0.048623539951558561 -0.013293774961551883 0.021153244659351547 -0.0062963694724265003 0.087219973161311012 0.0094542662511804144 -0.0028413856986137256 0.03555921559543531 0.068869231507989723 0.019684523368729868 0.029103245561887009 0.0021003972840093407 0.057908305507627225 -0.091482645000889096 0.011292687367201189 0.0023913570499644638 0.052880505540717486 -0.046101140080610226 -0.052627951161451553 -0.014539015508773043 0.045274937041559583 -0.022930014794997063 -0.025899817552028571 -0.038875156875774169 0.0069835114081405582 5.2519857787825033e-05 -0.03648517156562265 0.01401404878397655 -0.038825510692904179 0.0033856122402305348 -0.022854520575325131 -0.070997973091021641 -0.040572317038872888 -0.021967400564608313 -0.0096481128436504138 -0.027947694805824926 -0.035005509859978294 -0.045603640199552188 -0.091627082986710129 -0.099742127919696444
leaf_weight=153.1762216091156 298.7357382774353 613.94222640991211 147.04499483108521 3040.7351303100586 143.30369877815247 194.99660205841064 307.71995687484741 1866.6468410491943 546.27395439147949 1508.287353515625 295.07659149169922 803.01995182037354 53.646264314651489 255.01433706283569 225.18636703491211 1118.3421325683594 115.62000417709351 130.82838034629822 223.00191450119019 552.86078643798828 187.11487007141113 307.58782339096069 234.60177421569824 198.30806159973145 146.39619064331055 190.1675112247467 246.58185577392578 163.27065324783325 215.18300819396973 338.62797880172729 58.196330547332764 837.18096351623535 125.2580246925354 351.306077003479 636.20140743255615 244.65180492401123 192.3898663520813 59.632180690765381 5120.6870810985565
leaf_count=30 37 27 17 16 16 19 16 27 37 68 25 20 19 20 19 27 26 28 21 15 21 32 37 19 14 30 15 23 16 39 17 146 17 32 90 41 35 21 1924
internal_value=-0.00255011 0.0398132 -0.0727642 0.0682547 -0.0940832 0.00976297 0.0198194 0.0543646 0.0254335 0.0317825 0.00394953 0.039111 -0.0978267 -0.0284228 -0.0132895 0.0425164 -0.0153535 -0.0332722 0.00976362 0.0325827 -0.00319081 -0.0121904 -0.0202558 -0.012099 -0.0225639 -0.023321 0.000734649 -0.0255787 -0.0101023 -0.0155413 -0.0992509 -0.0398227 -0.0375134 -0.00494532 -0.0301692 -0.0393134 -0.0484469 -0.099565 -0.0996565
internal_weight=22446.8 14000 8446.82 7192.53 5704.26 6807.45 4739.78 4151.79 3990.97 3080.58 910.384 2311.31 5445.34 2742.56 2067.68 2285.15 258.924 2300.43 769.276 1166.8 442.129 602.664 770.122 535.521 1244.6 337.213 823.074 1098.21 748.808 533.625 5292.16 1530.31 1207.09 576.492 799.472 1081.83 323.218 5233.97 5174.33
internal_count=3099 635 2464 112 2053 523 293 96 219 146 73 88 2011 411 230 69 42 370 58 42 41 57 103 66 164 47 66 150 74 58 1981 267 204 51 113 187 63 1964 1943
is_linear=0
shrinkage=0.05


Tree=17
num_leaves=32
num_cat=0
split_feature=0 6 5 0 7 0 8 10 12 8 4 0 6 14 5 12 12 4 12 3 6 7 7 0 8 3 12 0 14 5 11
split_gain=24265.3 6728.68 1162.64 737.479 687.438 542.963 354.659 365.811 319.15 188.608 147.543 138.681 114.256 103.223 75.9217 70.1673 69.4912 68.8877 64.7726 63.8008 61.2622 45.7914 30.4607 28.7518 54.701 33.8695 15.5105 4.92052 2.95282 2.3659 0.671085
threshold=2.2919514626546955 95.602643204931923 455.50000000000006 189.82250091937314 22.500000000000004 6.9613647941821304 1.9869297369297372 3.431677018633541 3.488033921231986 0.76781058282208603 7.5500000000000007 19.405376492785916 32.354472019831555 12.500000000000002 740.00000000000011 1.9760623580819356 1.6916228104626503 7.4142857142857155 0.90037205456800351 3.7089371980676336 32.514990230771595 21.500000000000004 16.500000000000004 9.2070741004242809 0.37200184501845024 4.4222222222222234 2.503211045599826 18.377386650819776 82.500000000000014 341.50000000000006 185.00000000000003
decision_type=10 10 10 10 10 10 10 10 10 8 8 10 10 8 10 10 8 10 8 8 10 10 10 10 10 10 8 10 10 10 10
left_child=4 2 12 8 9 13 7 20 19 -1 -6 -9 18 26 -8 16 -15 -17 -2 -3 -7 27 28 25 -25 -20 -4 -14 29 30 -11
right_child=1 3 5 -5 10 6 14 11 -10 22 -12 -13 21 15 -16 17 -18 -19 23 -21 -22 -23 -24 24 -26 -27 -28 -29 -30 -31 -32
leaf_value=-0.044985361912002045 0.0029347396536486235 0.042562821366313869 -0.019856391354449165 0.084568155704613734 -0.053645467894743365 -0.017433101301470071 0.058323046928105506 0.01614632060665671 0.063550678219003204 -0.099705360751872585 0.016226203982369909 0.043118839149021065 -0.017707123742668283 0.0010954049474131966 0.034136879965511131 0.012177912333640463 -0.045988079376387207 -0.019659714065548176 -0.034363803459686627 0.022189018465047308 0.0088393483195195344 0.015967101548058818 -0.061689606899402408 -0.026059162967802675 0.0061697342212524205 -0.0085189203607622162 -0.038815128419097455 -0.0071859408802496362 -0.088421729219187783 -0.092184149777520999 -0.09401786565009955
leaf_weight=167.30440282821655 182.66977262496948 954.21607780456543 191.43167495727539 2983.4953136444092 155.47927665710449 731.24438190460205 617.14857959747314 1178.3805322647095 2261.8924894332886 4793.1102733612061 146.97433471679688 800.14655208587646 206.26531457901001 154.43050241470337 684.17552185058594 708.75453233718872 159.10665035247803 223.47377681732178 1462.1776156425476 643.31672859191895 318.54536724090576 216.67781496047974 54.286475419998169 970.46386194229126 152.32182502746582 138.79825496673584 247.18011045455933 240.93221855163574 61.110008478164673 108.67506909370422 52.432456493377686
leaf_count=33 18 27 24 19 34 80 16 72 39 1894 17 25 24 16 26 58 26 24 236 29 21 13 15 145 12 16 38 22 22 39 19
internal_value=-0.00248855 0.0280276 0.00098847 0.0658991 -0.0929855 0.0144063 0.0237769 0.014396 0.0514671 -0.0972184 -0.019692 0.0270544 -0.0216133 -0.00968049 0.0456071 -0.00233601 -0.0227974 0.0045458 -0.0258881 0.0343584 -0.00946106 -0.00289809 -0.0989422 -0.0278211 -0.0216869 -0.0321232 -0.0305406 -0.0120387 -0.0993454 -0.0994802 -0.0996438
internal_weight=21966.6 16427.2 9584.32 6842.92 5539.37 6014.02 4329.64 3028.32 3859.43 5236.92 302.454 1978.53 3570.31 1684.38 1301.32 1245.77 313.537 932.228 2906.43 1597.53 1049.79 663.875 5069.61 2723.76 1122.79 1600.98 438.612 447.198 5015.33 4954.22 4845.54
internal_count=3099 1026 912 114 2073 426 240 198 95 2022 51 97 486 186 42 124 42 82 427 56 101 59 1989 409 157 252 62 46 1974 1952 1913
is_linear=0
shrinkage=0.05


Tree=18
num_leaves=36
num_cat=0
split_feature=1 1 0 2 1 8 7 4 8 14 1 14 5 11 14 4 12 7 2 10 3 10 11 4 5 1 0 1 4 10 3 5 7 14 14
split_gain=23082.1 4259.84 3221.26 987.131 780.924 552.296 435.72 278.885 157.468 159.955 127.31 122.408 114.533 111.044 87.7556 72.0358 69.7357 61.9766 57.2599 44.8422 41.3492 40.2964 61.8403 36.6119 21.5668 20.4597 16.1839 11.3254 11.36 11.0889 5.74823 3.80921 3.63084 2.14838 0.212971
threshold=27.623202624659783 235.8650199892945 1.0000000180025095e-35 1.0000000180025095e-35 1328.7575064356117 1.9869297369297372 25.500000000000004 6.4468599033816441 0.97048611111111127 25.500000000000004 57.61941057924205 20.500000000000004 980.50000000000011 395.00000000000006 41.500000000000007 5.7408536585365857 2.0485191637630664 58.500000000000007 0.99835740821116836 5.7823529411764714 2.8597222222222229 3.6348484848484852 335.00000000000006 3.2015625000000005 208.50000000000003 147.65447624314879 10.378200944824274 23.559157286075862 8.4772727272727284 3.1547619047619051 1.9791666666666667 655.00000000000011 10.500000000000002 82.500000000000014 4.5000000000000009
decision_type=10 10 10 8 10 10 10 10 8 10 10 10 10 10 10 10 8 10 10 10 8 10 10 8 10 10 10 10 10 8 10 10 10 10 8
left_child=2 5 3 -1 7 6 10 14 20 18 24 -7 16 30 17 -11 21 -3 -10 -14 -8 22 -4 -12 26 -25 -2 32 31 -26 33 -29 -18 34 -5
right_child=1 4 12 13 -6 11 8 -9 9 15 23 -13 19 -15 -16 -17 27 -19 -20 -21 -22 -23 -24 25 29 -27 -28 28 -30 -31 -32 -33 -34 -35 -36
leaf_value=0.005416558490152143 -0.0047502437134711029 0.018416394385920781 -0.022959483401387988 -0.099288046585891659 0.085004259064514739 0.013087160364310161 0.04054173881443035 0.065441095783637993 -0.027868771803491284 0.027317333642720789 0.013112028341370124 0.045253322107732093 0.010847285812601248 -0.054362527902680438 0.049139279971813526 -0.0017213726698754386 -0.039716298785863052 0.041651490162287627 0.0020387569329850148 -0.021452808145849725 0.019967559471780753 -0.035932009429708991 0.017034865906553353 -0.010666395501918557 -0.040674298732870852 0.0061501446974738154 -0.025365861567580847 -0.036329440393387868 -0.020055646932295425 -0.025426105652915549 -0.085325284092290232 -0.027362590466821508 -0.051348207384743785 -0.089583842073386877 -0.10000000000000001
leaf_weight=241.23082208633423 220.18388366699219 610.27578258514404 241.79397773742676 1586.1494240760803 2823.8766670227051 412.60363054275513 554.80549907684326 1787.7723922729492 328.09535884857178 712.60434579849243 315.39567279815674 1044.5053019523621 254.03572416305542 140.63368916511536 1089.0520858764648 304.96434307098389 143.09370589256287 541.78825378417969 312.44842958450317 186.22228908538818 436.22073459625244 171.16534805297852 161.01586437225342 729.67427015304565 139.144211769104 240.47940540313721 167.70944356918335 1166.0214414596558 132.62372541427612 833.16360330581665 71.110103130340576 131.82965564727783 126.30459213256836 52.450183868408203 3109.9042532444
leaf_count=23 26 27 35 656 16 29 23 27 36 35 22 35 20 36 27 22 28 15 24 21 25 27 14 71 20 16 24 204 18 115 26 19 25 20 1292
internal_value=-0.00242687 0.0370715 -0.0703139 -0.0933544 0.0648433 0.00888519 0.00138354 0.0507123 0.0157175 0.00629323 -0.0129688 0.036145 -0.0261578 -0.0981579 0.038963 0.0186145 -0.0306773 0.0293433 -0.0132803 -0.00281515 0.0314856 -0.0156085 -0.00697247 -0.00168685 -0.0236316 -0.00649795 -0.0136636 -0.0357654 -0.0339943 -0.0276082 -0.0994358 -0.0354186 -0.0451698 -0.0996471 -0.0997595
internal_weight=21520.3 13604.8 7915.58 5201.48 6852.77 6752 5294.89 4028.89 2649.14 1658.11 2645.75 1457.11 2714.11 4960.25 2241.12 1017.57 2273.85 1152.06 640.544 440.258 991.026 573.975 402.81 1285.55 1360.2 970.154 387.893 1699.87 1430.47 972.308 4819.61 1297.85 269.398 4748.5 4696.05
internal_count=3099 635 2464 2053 112 523 459 96 165 117 294 64 411 2030 69 57 370 42 60 41 48 76 49 109 185 87 50 294 241 135 1994 223 53 1968 1948
is_linear=0
shrinkage=0.05


Tree=19
num_leaves=34
num_cat=0
split_feature=1 1 1 2 1 4 8 10 8 10 8 11 13 14 11 7 14 11 0 14 10 4 1 14 1 8 11 8 4 3 14 14 14
split_gain=21510 6387.93 1200.3 939.07 511.279 388.529 297.599 196.709 175.858 175.187 164.14 156.614 114.44 102.629 100.483 123.403 68.012 69.764 63.8119 50.3592 42.4833 41.7271 40.5293 40.6748 29.7747 28.293 25.2594 10.4197 9.93906 6.48327 4.31661 2.44345 0.247021
threshold=14.243015323688331 134.68969598890718 1328.7575064356117 0.99835740821116836 48.583168071608107 6.4468599033816441 1.9869297369297372 4.7361111111111116 3.2575757575757582 7.6237373737373746 0.45227272727272733 395.00000000000006 5.1702898550724647 10.500000000000002 315.00000000000006 28.500000000000004 40.500000000000007 1285.0000000000002 1.0000000180025095e-35 39.500000000000007 2.018518518518519 3.1726190476190479 80.747074081525753 30.500000000000004 40.064634562982292 0.66410256410256419 1065.0000000000002 4.885579937304076 2.4815546772068515 1.9791666666666667 63.500000000000007 82.500000000000014 4.5000000000000009
decision_type=10 10 10 8 10 10 10 10 8 10 10 10 8 10 10 10 10 10 10 8 8 10 10 10 10 8 8 10 10 10 8 10 8
left_child=3 4 5 -1 8 10 7 22 13 -9 -3 18 -7 25 20 -16 17 -12 29 -11 -15 -13 26 -24 27 -2 -6 30 -27 31 -10 32 -5
right_child=1 2 -4 11 6 12 -8 9 24 19 16 21 -14 14 15 -17 -18 -19 -20 -21 -22 -23 23 -25 -26 28 -28 -29 -30 -31 -32 -33 -34
leaf_value=0.00032172051933284789 -0.0050751978573767304 0.010866378541302108 0.083781700085110544 -0.099214021822660106 -0.020302549651069153 0.048851466251768887 0.032132510410999245 0.034398233442775358 -0.033625246824730913 -0.018723924593538752 0.020239591426666474 -0.071323561515156786 0.071791288049662116 -0.0011762896988613792 0.025134385620097611 -0.009042245605601738 0.045983063134547864 0.043590557316827032 -0.04953258638226294 0.011324519540719176 -0.035678742269244064 -0.021469129053872864 -0.013184290378059816 0.011665416491781768 -0.0089097255020791147 -0.037968404149861593 -0.0027885117351197641 -0.019689429296815178 -0.024578571089630151 -0.084121959133612131 -0.040763331397486474 -0.088662985364518249 -0.10000000000000001
leaf_weight=261.56711912155151 128.2262749671936 688.52706336975098 2724.3741111755371 1509.8899986743927 958.63386058807373 1147.2216958999634 859.9083890914917 581.23481369018555 1153.9855771064758 300.41804218292236 759.2141809463501 98.28075385093689 1033.4023008346558 133.66118383407593 449.20428419113159 641.04938125610352 1378.0353746414185 552.72878646850586 65.116368532180786 260.20963573455811 268.33029413223267 73.254979610443115 340.2463207244873 319.12312507629395 131.19348764419556 271.60172128677368 262.17102861404419 121.72089958190918 282.99651479721069 68.585490226745605 259.4074535369873 50.397470951080322 2958.2324516773224
leaf_count=27 15 39 16 656 115 27 37 27 202 27 33 29 13 15 33 68 36 15 16 16 41 14 32 23 16 43 26 17 40 26 47 20 1292
internal_value=-0.00236595 0.0260941 0.0565936 -0.0919483 -0.00661753 0.0432695 0.00617969 -0.00120508 -0.0195499 0.015164 0.0326499 -0.0969517 0.0597227 -0.0101862 -0.00283932 0.00503915 0.0382257 0.0300775 -0.0986816 -0.00477724 -0.0242068 -0.050033 -0.0111463 -0.00115747 -0.0317726 -0.026242 -0.0165414 -0.0337265 -0.0311359 -0.0993793 -0.0349353 -0.0996109 -0.0997344
internal_weight=21092.2 16006.8 8283.5 5085.32 7723.32 5559.13 3881.95 3022.04 3841.38 1141.86 3378.51 4823.76 2180.62 2175.07 1492.25 1090.25 2689.98 1311.94 4652.22 560.628 401.991 171.536 1880.17 659.369 1666.31 682.825 1220.8 1535.11 554.598 4587.11 1413.39 4518.52 4468.12
internal_count=3099 1019 179 2080 840 163 303 266 537 70 123 2053 40 255 157 101 84 48 2010 43 56 43 196 55 282 98 141 266 83 1994 249 1968 1948
is_linear=0
shrinkage=0.05


Tree=20
num_leaves=29
num_cat=0
split_feature=1 1 1 7 1 5 12 5 8 8 4 10 12 14 3 12 1 8 10 1 8 10 14 7 1 14 14 13
split_gain=21600.5 6899.63 800.797 745.789 705.422 320.948 312.178 284.594 209.239 193.318 134.824 128.468 113.506 133.655 78.8149 69.0999 60.18 57.2443 52.4218 32.2979 39.7608 33.7735 22.2507 14.4115 13.2361 12.755 3.01761 0.945197
threshold=14.243015323688331 210.95556179670317 719.95542248557842 22.500000000000004 48.583168071608107 655.00000000000011 36.791176470588248 883.50000000000011 0.91399564902102981 6.5858585858585874 5.1237373737373746 4.0500000000000007 3.240780500126295 22.500000000000004 7.075396825396826 4.1487645214825752 1.0000000180025095e-35 0.67669683257918567 6.412878787878789 27.748985890794057 1.449137931034483 2.3166666666666669 42.500000000000007 16.500000000000004 49.350999194894527 46.500000000000007 82.500000000000014 4.354166666666667
decision_type=10 10 10 10 10 10 10 10 8 8 8 8 10 8 10 10 10 8 8 10 10 8 10 10 10 10 10 10
left_child=3 4 7 8 5 17 9 22 -1 11 -5 -6 18 -14 -13 -9 23 -2 -7 21 -21 -19 -3 26 -11 -26 27 -10
right_child=1 2 -4 10 6 12 -8 15 16 24 -12 14 13 -15 -16 -17 -18 19 -20 20 -22 -23 -24 -25 25 -27 -28 -29
leaf_value=-0.043201188182921277 -0.0025025047732928339 0.017683703921553211 0.078625333408420539 -0.053095786534916173 -0.010717091215646223 0.00022897986496824265 0.062001163687175356 0.045286882454619551 -0.10000000000000001 -0.018816584857055244 0.013793672513999234 0.021757314787261943 -0.012446533313895912 0.030712035470669426 0.001965379305436196 0.062205619388772261 -0.050631122586386038 -0.0084588270530359822 -0.029136723201062992 -0.024963713802744064 0.0044854557463174542 -0.033711566602497876 0.032405796104155588 -0.071501421831513465 -0.010358744395682882 0.0024442767106371793 -0.087074409276655329 -0.09271362778349812
leaf_weight=176.28702807426453 239.64092588424683 582.42856788635254 4084.7086200714111 135.33910965919495 447.12764453887939 346.61460971832275 291.9986743927002 1020.9945201873779 4156.8753972053528 269.26680994033813 169.91285133361816 2576.980405330658 272.92899322509766 523.40605449676514 624.99863433837891 1475.9102306365967 63.983064889907837 143.9722900390625 270.63587379455566 584.18254566192627 142.59387159347534 1647.7399864196777 458.84650802612305 45.529678583145142 591.8829607963562 289.7739372253418 46.207232236862183 44.989856243133545
leaf_count=37 27 26 32 31 39 35 6 26 1910 36 20 141 31 31 42 24 16 18 36 90 15 288 15 15 62 25 19 18
internal_value=0.00162133 0.02831 0.0635426 -0.0915114 -0.000682025 -0.0159257 0.0118066 0.04613 -0.0966046 0.00875308 -0.015863 0.0143884 0.00344639 0.0159202 0.0178941 0.0552875 -0.0987651 -0.0258542 -0.0126465 -0.0280762 -0.0191858 -0.0316824 0.0241711 -0.0994823 -0.00911403 -0.00615078 -0.0997822 -0.099922
internal_weight=21725.8 16886.6 7622.89 4839.12 9263.74 4171.72 5092.03 3538.18 4533.87 4800.03 305.252 3649.11 1413.59 796.335 3201.98 2496.9 4357.59 2758.13 617.25 2518.49 726.776 1791.71 1041.28 4293.6 1150.92 881.657 4248.07 4201.87
internal_count=3111 1045 123 2066 922 571 351 91 2015 345 51 222 133 62 183 50 1978 438 71 411 105 306 41 1962 123 87 1947 1928
is_linear=0
shrinkage=0.05


Tree=21
num_leaves=33
num_cat=0
split_feature=1 1 1 7 1 8 11 8 8 7 3 3 3 12 4 4 14 14 0 1 0 3 3 11 0 11 1 14 8 14 14 13
split_gain=20265.2 6424.05 795.393 746.812 639.579 294.246 253.637 245.426 219.639 165.573 180.737 161.522 137.065 115.252 114.195 103.256 87.9548 79.0965 67.1821 65.7491 64.0001 51.1149 50.3773 31.3823 43.8654 16.8947 14.2138 13.9174 7.32071 4.63508 3.4175 1.08232
threshold=14.243015323688331 210.95556179670317 719.95542248557842 22.500000000000004 61.087520162636118 3.2575757575757582 1375.0000000000002 2.1440019746585492 0.91399564902102981 21.500000000000004 1.7416666666666669 3.6510869565217394 8.4500000000000011 5.4389592123769352 7.0277777777777786 3.8685714285714288 33.500000000000007 20.500000000000004 17.447458117422268 40.064634562982292 1.0000000180025095e-35 3.1837500000000003 2.0944940476190479 295.00000000000006 11.761682116341138 335.00000000000006 98.759498541355143 2.5000000000000004 7.6625000000000005 31.500000000000004 82.500000000000014 4.354166666666667
decision_type=10 10 10 10 10 8 8 10 8 10 10 8 10 8 8 8 10 10 10 10 10 8 10 10 10 10 10 8 8 8 10 10
left_child=3 4 6 8 5 9 11 13 -1 12 -11 -3 22 17 -5 -12 -13 18 -6 27 25 -19 -2 24 -21 30 29 -7 -29 -15 31 -10
right_child=1 2 -4 14 7 19 -8 -9 20 10 15 16 -14 26 -16 -17 -18 21 -20 23 -22 -23 -24 -25 -26 -27 -28 28 -30 -31 -32 -33
leaf_value=-0.041427998842573088 -0.013890709065898763 0.051293267368050212 0.077077302760575173 -0.044628845911747705 -0.011683346717836418 -0.01710675877902899 0.058594979359172565 0.039065982890261447 -0.10000000000000001 0.035092408273187999 -0.015541989336506579 0.0064973399244747697 0.030045404363428493 -0.01008149818136006 0.016789820525809251 0.011506142647833341 0.033817408149770238 0.0077096576585692737 0.020002491811613281 0.0079200799813759232 -0.048724502145265802 0.028777973510810656 -0.036675179069266921 -0.028564243970052101 -0.020171824241988316 -0.06779077144448635 -0.0010295952484147158 -0.044448144804939096 -0.030979909359631498 -0.021060484705854917 -0.085980894381923356 -0.092033968273577002
leaf_weight=174.68296813964844 943.94660758972168 666.6118335723877 3961.5757503509521 157.83125805854797 418.99575901031494 175.84467363357544 1651.1238555908203 870.42594051361084 3956.7861838340759 470.56326961517334 640.58219718933105 574.77740859985352 155.08373260498047 191.13012742996216 145.40285801887512 785.51534175872803 604.37463474273682 429.5006742477417 278.4677848815918 274.87101125717163 63.183375597000122 873.17044162750244 326.5231499671936 220.77199602127075 281.05098962783813 41.750703096389771 296.13139152526855 109.37657499313354 1301.2026405334473 193.4159779548645 44.498773574829102 43.103890180587769
leaf_count=37 118 15 32 34 39 28 29 29 1911 28 74 28 10 21 17 61 19 26 14 26 16 40 50 28 39 14 22 17 232 20 19 18
internal_value=0.00155904 0.0272214 0.0617367 -0.0910305 -0.000649447 -0.011048 0.0443575 0.0159981 -0.0963499 -0.00145454 0.00822262 0.0316214 -0.0143298 0.00850822 -0.0151782 -0.000643483 0.0205002 0.0145561 0.000967473 -0.0245351 -0.098662 0.0218316 -0.0197465 -0.0126156 -0.00628202 -0.0994342 -0.00926314 -0.0303707 -0.0320242 -0.0156036 -0.0997609 -0.0999142
internal_weight=21322.3 16695 7458.46 4627.24 9236.57 5685.33 3496.89 3551.24 4324.01 3322.21 1896.66 1845.76 1425.55 2680.81 303.234 1426.1 1179.15 2000.13 697.464 2363.12 4149.32 1302.67 1270.47 776.694 555.922 4086.14 680.677 1586.42 1410.58 384.546 4044.39 3999.89
internal_count=3111 1045 123 2066 922 711 91 211 2015 341 163 62 178 182 51 135 47 119 53 370 1978 66 168 93 65 1962 63 277 249 41 1948 1929
is_linear=0
shrinkage=0.05


Tree=22
num_leaves=34
num_cat=0
split_feature=1 1 2 1 1 11 12 12 11 3 10 1 14 14 7 7 0 3 0 12 11 4 10 12 4 14 12 3 0 13 14 13 3
split_gain=19010 5972.76 1005.22 784.841 582.21 239.934 213.852 184.321 166.52 151.401 144.54 140.419 115.85 110.794 90.3557 216.033 84.146 78.2571 73.1613 71.0781 64.6953 37.0638 36.2773 35.8723 34.1022 28.5337 25.0289 16.9193 11.7399 4.8793 3.83783 2.94521 1.81899e-12
threshold=14.243015323688331 210.95556179670317 0.99835740821116836 719.95542248557842 48.583168071608107 1375.0000000000002 33.483957219251344 1.9760623580819356 395.00000000000006 3.5058139534883725 4.0500000000000007 79.424351450256907 9.5000000000000018 49.500000000000007 21.500000000000004 27.500000000000004 13.979785216063357 5.014705882352942 1.0000000180025095e-35 5.8669797943991506 795.00000000000011 6.4105263157894745 4.666996047430831 1.7125308094252196 1.4828571428571431 2.5000000000000004 10.878532608695654 2.3071428571428574 4.3837299104192731 1.0404411764705885 82.500000000000014 1.0000000180025095e-35 1.692105263157895
decision_type=10 10 8 10 10 8 10 10 10 8 10 10 10 10 10 10 10 10 10 10 10 8 10 8 10 10 8 8 10 10 10 8 10
left_child=2 4 -1 5 7 9 10 23 18 -3 11 26 29 -11 21 -16 -13 20 30 -19 -12 -14 -10 24 -2 -25 -6 -26 -27 -9 31 -4 -33
right_child=1 3 8 -5 6 -7 -8 12 22 13 17 16 14 -15 15 -17 -18 19 -20 -21 -22 -23 -24 25 27 28 -28 -29 -30 -31 -32 32 -34
leaf_value=0.00064115685215022911 0.0021305596148642422 0.051047375828240926 -0.086600525655131544 0.075465917725687143 -0.020320044617394787 0.056638089204185317 0.051599516590700403 -0.020340199495709477 -0.029933731387663955 0.008745427662020305 0.039676642276870809 0.029890502914845674 0.0058785731419741822 0.039593340148473349 0.047234499916337436 -0.0034814542703340947 0.0025029058850605038 0.015287878093032468 -0.046658551822805698 -0.015173097100885997 0.016699580158683402 -0.022453342651356969 -0.078031984344010305 -0.010800403077212492 -0.012773195241136301 -0.041514623189284727 -0.0060327114960786058 -0.034663595416099674 -0.028665893949153622 -0.031746910744128005 -0.084817733036703022 -0.10000000000000001 -0.10000000000000001
leaf_weight=283.04098415374756 216.97273111343384 592.20081901550293 41.453585386276245 3846.8120288848877 491.70953464508057 1623.4838390350342 301.38566780090332 153.75171613693237 104.87424349784851 775.58277606964111 490.87866973876953 432.40933990478516 169.09407711029053 465.94137763977051 302.98407125473022 684.02870893478394 798.09012985229492 649.31053638458252 66.132925748825073 271.62073230743408 814.97477340698242 363.76643323898315 62.60483717918396 210.37027263641357 188.24060440063477 207.51023864746094 813.96694469451904 166.2096471786499 1240.8849697113037 240.2372579574585 42.894561052322388 3768.3303334712982 56.688085198402405
leaf_count=30 24 13 18 32 53 29 8 22 24 36 20 21 17 13 14 68 57 37 17 20 44 51 20 31 24 35 91 27 221 37 19 1911 27
internal_value=0.00149776 0.0261633 -0.0905235 0.059928 -0.000618586 0.0426391 0.0107543 -0.0145171 -0.0967517 0.0302451 0.00816969 8.07897e-06 -0.00313397 0.0203226 0.0031293 0.0120869 0.0121272 0.0174653 -0.0988091 0.00630368 0.0253368 -0.0134627 -0.0479132 -0.0242856 -0.0134814 -0.0280075 -0.0114132 -0.0230381 -0.0305067 -0.0272955 -0.0996913 -0.0998563 -0.1
internal_weight=20938.4 16512.4 4426.02 7304.02 9208.4 3457.21 5064.35 4144.05 4142.98 1833.72 4762.96 2536.18 1913.86 1241.52 1519.87 987.013 1230.5 2226.78 3975.5 920.931 1305.85 532.861 167.479 2230.19 571.423 1658.77 1305.68 354.45 1448.4 393.989 3909.37 3866.47 3825.02
internal_count=3111 1045 2066 123 922 91 351 571 2036 62 343 222 209 49 150 82 78 121 1992 57 64 68 44 362 75 287 144 51 256 59 1975 1956 1938
is_linear=0
shrinkage=0.05


Tree=23
num_leaves=33
num_cat=0
split_feature=1 1 1 7 1 8 11 8 8 3 10 1 12 14 8 8 14 4 0 8 1 4 13 13 6 13 12 11 1 7 14 13
split_gain=17834.5 5544.36 770.582 755.618 527.16 233.121 226.072 220.585 178.121 140.733 138.723 129.884 128.21 167.989 106.91 103.778 93.1008 89.733 71.677 71.2808 63.2754 51.7301 51.384 51.1799 29.5946 21.7913 21.6863 19.523 9.3835 4.81912 4.35787 1.29062
threshold=14.243015323688331 210.95556179670317 719.95542248557842 22.500000000000004 48.583168071608107 0.91399564902102981 1375.0000000000002 10.565789473684212 3.2575757575757582 3.5058139534883725 4.0500000000000007 79.424351450256907 3.595959546941272 25.500000000000004 1.0525229357798167 1.087595907928389 49.500000000000007 9.3578431372549051 1.0000000180025095e-35 1.6470705064548166 64.893644189391594 4.0241935483870979 1.3179631114675223 0.40238095238095245 26.985410267955732 6.8819444444444455 10.878532608695654 335.00000000000006 38.262657993614987 18.500000000000004 82.500000000000014 4.354166666666667
decision_type=10 10 10 10 10 8 8 10 8 8 10 10 10 10 10 10 8 8 10 8 10 8 10 10 10 10 8 10 10 10 10 10
left_child=3 4 6 5 8 -1 9 10 12 -3 11 26 21 24 20 -13 -11 -5 27 -16 -12 23 -23 -2 -14 28 -6 30 29 -10 31 -7
right_child=1 2 -4 17 7 18 -8 -9 25 16 14 15 13 -15 19 -17 -18 -19 -20 -21 -22 22 -24 -25 -26 -27 -28 -29 -30 -31 -32 -33
leaf_value=-0.0387712543658396 -0.002935056001788229 0.049135618975255417 0.073794758654334644 -0.038431588113524623 -0.019344012090795771 -0.10000000000000001 0.054683800602805012 0.053341801376468406 -0.027925108989937993 0.0084770067358006136 0.039080260537886435 -0.00079181742913902943 -0.027928143734049428 0.03102905189317709 -0.014531892776563957 0.028664232606190915 0.036634264883869054 0.016544234098470598 -0.045044632482942444 0.014578197275691599 0.016777208565306751 0.013417473301213465 -0.016705843423060421 -0.02797197309540235 -0.00059800335161491747 -0.0073142237819220461 -0.0061309795728524382 -0.064495557668182033 -0.015327997327497629 -0.036925739414435728 -0.08358412620687572 -0.090923639706071285
leaf_weight=171.10076355934143 289.53115177154541 584.677001953125 3739.9849052429199 163.34273910522461 490.71974802017212 3580.3755532503128 1598.091739654541 280.42326831817627 1276.4495067596436 758.88874053955078 542.07247257232666 714.24588966369629 185.44936943054199 460.12467527389526 338.04196739196777 514.3457555770874 478.78517723083496 136.04516577720642 61.804828643798828 556.46702003479004 769.38269805908203 283.81418657302856 282.45776700973511 691.89337158203125 212.61868810653687 141.65387058258057 845.77302074432373 39.772421479225159 138.01698064804077 168.32942628860474 41.38974940776825 39.599751353263855
leaf_count=37 34 13 32 35 53 1911 29 7 231 35 23 56 27 28 26 22 14 16 16 30 41 27 37 99 23 17 93 14 19 29 19 18
internal_value=0.00143714 0.0251298 0.0581086 -0.0900233 -0.000588667 -0.0958506 0.0409571 0.0102446 -0.013838 0.0289195 0.00771155 -0.000194977 -0.00504729 0.0104532 0.0169052 0.0115399 0.0193694 -0.01345 -0.098446 0.00357727 0.0259959 -0.0136422 -0.00160811 -0.0205858 -0.0133304 -0.0261024 -0.0109824 -0.0993378 -0.0277839 -0.0289738 -0.0997163 -0.0999007
internal_weight=20575.7 16342.2 7160.43 4233.43 9181.81 3934.04 3420.44 5051.47 4130.34 1822.35 4771.05 2565.08 2405.89 858.193 2205.96 1228.59 1237.67 299.388 3762.94 894.509 1311.46 1547.7 566.272 981.425 398.068 1724.45 1336.49 3701.14 1582.8 1444.78 3661.37 3619.98
internal_count=3111 1045 123 2066 922 2015 91 351 571 62 344 224 275 78 120 78 49 51 1978 56 64 197 64 133 50 296 146 1962 279 260 1948 1929
is_linear=0
shrinkage=0.05


Tree=24
num_leaves=29
num_cat=0
split_feature=1 1 2 1 5 5 1 8 6 5 4 3 12 0 4 8 1 8 14 2 1 7 14 3 14 14 4 3
split_gain=16724.1 5138.18 1009.42 753.235 501.487 231.163 220.154 193.116 190.071 181.078 175.708 88.0723 81.6559 74.7161 66.382 57.0662 48.4986 47.6334 36.9115 29.8095 26.0678 16.9431 19.2092 15.9316 5.25918 4.67787 3.52899 1.81899e-12
threshold=14.243015323688331 210.95556179670317 0.99835740821116836 719.95542248557842 512.50000000000011 883.50000000000011 83.390612667694967 14.500000000000002 24.375889508982507 522.50000000000011 1.5730277185501069 2.6352549889135259 4.1487645214825752 1.0000000180025095e-35 6.3484848484848486 1.2315462315462318 32.354472019831555 0.5333387083770057 25.500000000000004 7.6410477219008666 57.545260879284797 13.500000000000002 3.5000000000000004 1.6609195402298853 29.500000000000004 77.500000000000014 1.3390804597701151 2.1324041811846697
decision_type=10 10 8 10 10 10 10 8 10 10 10 8 10 10 10 10 10 8 10 8 10 10 8 8 10 10 8 10
left_child=2 4 -1 5 6 19 16 8 14 13 -10 -12 -7 25 -6 -11 17 -2 -8 -3 24 22 -18 -19 -9 26 -4 -28
right_child=1 3 9 -5 7 12 18 20 10 15 11 -13 -14 -15 -16 -17 21 23 -20 -21 -22 -23 -24 -25 -26 -27 27 -29
leaf_value=0.0017884014537106056 0.0053234171317012901 0.028541154441950951 -0.084912639491218161 0.072068099235996205 -0.029889414421702173 0.036853960865072588 0.0005661179534999643 -0.022989150659876011 0.038144770556221924 -0.070541523841894022 0.030681452595414445 0.0081963036755968392 0.055728374943721903 -0.044032382998428418 0.0060712067621868275 -0.012021961869971884 0.00026983617659309233 -0.0097757096562742854 0.023214884164018311 0.01145569197269472 -0.0066597446357504024 -0.000806624421295806 -0.017746339367760159 -0.026810738866543372 -0.036798941018277985 -0.082959486036238927 -0.10000000000000001 -0.10000000000000001
leaf_weight=281.94650316238403 133.61093235015869 481.30765247344971 39.197712898254395 3640.6743488311768 306.75412464141846 977.9990291595459 371.02739524841309 168.70019435882568 793.95707082748413 99.537724256515503 520.28982019424438 2672.3158001899719 1383.891357421875 61.473122596740723 220.63702058792114 71.645949482917786 181.69466829299927 148.43848466873169 349.20271396636963 543.66429901123047 256.19211053848267 299.33612632751465 796.71659183502197 1821.0145268440247 116.58712148666382 41.574225425720215 3409.0889165401459 47.313450574874878
leaf_count=30 14 17 19 32 38 26 27 26 35 35 26 187 24 16 19 14 20 19 19 24 23 30 101 318 20 20 1909 23
internal_value=0.00137748 0.0241212 -0.0894677 0.0562796 -0.000560181 0.0393079 -0.0135519 0.00997892 0.0133636 -0.0962927 0.0170953 0.0118606 0.047913 -0.0986827 -0.0148451 -0.0460492 -0.018899 -0.0235668 0.0115473 0.0194787 -0.0182366 -0.011216 -0.0144007 -0.0255268 -0.0286327 -0.0996325 -0.0998308 -0.1
internal_weight=20235.8 16184 4051.78 7027.54 9156.47 3386.86 4101.04 5055.43 4513.95 3769.83 3986.56 3192.61 2361.89 3598.65 527.391 171.184 3380.81 2103.06 720.23 1024.97 541.479 1277.75 978.411 1969.45 285.287 3537.17 3495.6 3456.4
internal_count=3111 1045 2066 123 922 91 548 374 305 2036 248 213 50 1987 57 49 502 351 46 41 69 151 121 337 46 1971 1951 1932
is_linear=0
shrinkage=0.05


Tree=25
num_leaves=29
num_cat=0
split_feature=1 1 2 1 8 5 8 5 7 5 9 4 14 10 3 0 1 0 4 8 8 3 3 3 1 14 4 14
split_gain=15267.9 4130.96 1317.42 971.192 457.967 416.131 341.542 194.508 192.72 382.292 109.495 122.135 100.652 140.716 85.401 67.5113 67.1125 66.1748 65.8408 63.7382 59.1571 40.779 30.9641 22.6296 11.5914 5.19641 4.16004 0.647229
threshold=14.243015323688331 121.46716965636368 0.99835740821116836 1145.7767760826366 13.904761904761907 645.50000000000011 0.57294832826747732 430.50000000000006 13.500000000000002 1331.5000000000002 24.370394988544962 6.5250000000000012 43.500000000000007 4.8416666666666677 6.5358851674641159 40.589844184515435 32.514990230771595 1.5899491651651918 3.1846590909090913 1.799441340782123 1.2315462315462318 3.2879310344827588 1.8411949685534592 4.5554435483870979 220.20599624991419 82.500000000000014 1.0380747126436785 4.5000000000000009
decision_type=10 10 8 10 10 10 10 10 10 10 10 10 10 8 10 10 10 10 8 10 10 10 8 8 10 10 8 8
left_child=2 4 -1 6 5 14 24 17 -8 15 11 -7 13 -12 16 -10 22 25 -11 -14 23 -18 -2 -9 -3 26 -4 -28
right_child=1 3 7 -5 -6 10 8 20 9 18 12 -13 19 -15 -16 -17 21 -19 -20 -21 -22 -23 -24 -25 -26 -27 27 -29
leaf_value=0.014912455461679059 -0.0066502684261228106 0.00090640630838178084 -0.081996105896451218 0.073186121630672674 0.065268051618671691 -0.036054708676651226 0.061736978938443932 -0.048359752580893645 0.0074525602373778218 0.059180769928679433 -0.031881814455240312 0.01544036405942604 0.014930414531370624 0.010747743591852012 0.015413871352323772 0.027509010491857989 -0.0065682074007138314 -0.036561205503032761 0.042568188096516212 0.038232419196188958 -0.018442597492015083 -0.031204629901203013 -0.023420159128313738 -0.090728342006463403 0.012517777327849056 -0.080874692825324335 -0.098497089987128028 -0.10000000000000001
leaf_weight=292.99771690368652 316.76652431488037 366.09464073181152 34.27252471446991 2553.0143814086914 242.62041664123535 258.90112113952637 944.11410045623779 57.861416697502136 769.18697643280029 992.73619937896729 227.93343734741211 207.37563610076904 804.61041402816772 1284.3939905166626 233.46870088577271 923.10662269592285 1817.3058409690857 42.829686641693115 1494.0500020980835 461.94806814193726 89.925849676132202 185.07116508483887 2100.5432353019714 69.216496467590332 520.55595302581787 38.611160278320312 1065.4681922197342 2186.3158180713654
leaf_count=27 39 27 17 20 7 34 18 17 36 18 28 15 53 95 18 27 196 11 34 18 21 19 360 30 23 19 621 1288
internal_value=0.00235715 0.0231059 -0.087026 0.0473505 -0.00239528 -0.00447376 0.0363755 -0.0953584 0.0413341 0.0367248 0.00926897 -0.0131524 0.0130311 0.00432274 -0.0140581 0.0183929 -0.0156149 -0.0983151 0.0492 0.0234293 -0.0494762 -0.00884525 -0.0212226 -0.071437 0.00772349 -0.0991107 -0.0993249 -0.0995076
internal_weight=20581.3 16703.8 3877.5 8562.86 8140.94 7898.32 6009.84 3584.5 5123.19 4179.08 3245.16 466.277 2778.89 1512.33 4653.16 1692.29 4419.69 3367.5 2486.79 1266.56 217.004 2002.38 2417.31 127.078 886.651 3324.67 3286.06 3251.78
internal_count=3136 1085 2051 203 882 875 183 2024 133 115 243 49 194 123 632 63 614 1956 52 71 68 215 399 47 50 1945 1926 1909
is_linear=0
shrinkage=0.05


Tree=26
num_leaves=29
num_cat=0
split_feature=1 1 2 1 8 12 5 7 5 5 13 9 6 13 3 0 1 0 7 8 4 3 12 1 3 4 5 5
split_gain=14304.5 3801.98 1286.38 938.577 421.736 409.137 376.253 215.046 293.513 202.886 113.286 108.849 117.492 81.6766 77.2015 68.9095 60.9292 59.0111 56.9869 56.8188 43.1188 37.0954 32.5639 28.2463 23.1653 4.54442 0.639235 15.7858
threshold=14.243015323688331 121.46716965636368 0.99835740821116836 1145.7767760826366 13.904761904761907 2.2169191484478112 645.50000000000011 13.500000000000002 1331.5000000000002 430.50000000000006 7.7619047619047628 24.370394988544962 31.455031777731829 1.1440092165898619 6.5358851674641159 1.5899491651651918 32.514990230771595 40.589844184515435 56.500000000000007 1.2315462315462318 5.1237373737373746 3.2879310344827588 1.0228144296392592 220.20599624991419 4.5554435483870979 1.0380747126436785 19.500000000000004 20.500000000000004
decision_type=10 10 8 10 10 10 10 10 10 10 10 10 10 10 10 10 10 10 10 10 10 10 8 10 8 8 10 10
left_child=2 4 -1 5 6 18 14 -7 17 15 11 20 -13 -10 16 25 22 -9 23 24 -8 -18 -2 -3 -11 -4 -27 -28
right_child=1 3 9 -5 -6 7 10 8 13 19 -12 12 -14 -15 -16 -17 21 -19 -20 -21 -22 -23 -24 -25 -26 26 27 -29
leaf_value=0.0141826156130456 -3.8945114093103584e-05 -0.0014320923286562275 -0.080606823250983756 0.071440853642759858 0.063354751662035816 0.065129069027592412 -0.034399543714835362 0.0060821597149922279 0.059233601255016081 -0.046485703243651907 0.032048704008817368 0.013829453738125297 -0.016857237081584237 0.039873616805353507 0.014660609356266223 -0.034967028609420067 -0.0062411443823218726 0.027616584287750497 0.027546431931406282 -0.017550340852494527 -0.0013372900112391028 -0.029789548387268133 -0.02188390882014123 0.014556869183012284 -0.089892299626479322 -0.10000000000000001 -0.074662802200924749 -0.099531771992418056
leaf_weight=292.68007040023804 184.75135946273804 532.85274124145508 33.148876547813416 2486.3362426757812 237.5810022354126 861.83146953582764 214.28967523574829 556.6337423324585 966.88206005096436 57.201674699783325 451.90593576431274 2019.4751110076904 368.90530347824097 1247.9343328475952 233.19828271865845 42.550570487976074 1816.9236335754395 742.4799919128418 475.9837532043457 89.776738524436951 182.68563842773438 184.19260883331299 2226.8732147216797 573.53658199310303 66.437929153442383 1423.5347666740417 66.390091180801392 1642.1982933282852
leaf_count=27 22 38 17 20 7 13 29 26 16 17 21 141 36 29 18 11 196 21 15 21 16 19 377 25 30 882 36 1010
internal_value=0.00226239 0.0221461 -0.0864254 0.0456364 -0.00228046 0.0348682 -0.00425855 0.0427473 0.037258 -0.0950323 0.00882744 0.00505994 0.00908964 0.0483253 -0.0133768 -0.0981729 -0.0148585 0.0183897 0.01308 -0.0478264 -0.0191845 -0.00840866 -0.0202104 0.00685636 -0.0698103 -0.0990225 -0.0992174 -0.0985654
internal_weight=20279.2 16565.3 3713.92 8444.47 8120.78 5958.13 7883.2 4375.76 3513.93 3421.24 3237.26 2785.36 2388.38 2214.82 4645.94 3207.82 4412.74 1299.11 1582.37 213.416 396.975 2001.12 2411.62 1106.39 123.64 3165.27 3132.12 1708.59
internal_count=3136 1085 2051 203 882 183 875 105 92 2024 243 222 177 45 632 1956 614 47 78 68 45 215 399 63 47 1945 1928 1046
is_linear=0
shrinkage=0.05


Tree=27
num_leaves=28
num_cat=0
split_feature=1 1 2 1 12 12 5 7 5 5 13 9 6 3 10 13 10 1 1 12 11 13 3 3 1 14 14
split_gain=13401.1 3520.38 1273.71 902.833 387.191 379.243 344.431 205.731 273.186 204.777 102.986 98.4603 106.155 70.2919 68.1497 65.1914 59.8855 56.7097 45.7352 36.6179 36.1142 29.7626 27.336 13.358 9.43186 7.16755 0.840124
threshold=11.132272709884976 121.46716965636368 0.99835740821116836 1145.7767760826366 60.523809523809526 2.2169191484478112 645.50000000000011 13.500000000000002 1331.5000000000002 522.50000000000011 7.7619047619047628 24.370394988544962 31.455031777731829 6.5358851674641159 5.0787878787878791 1.3867521367521369 9.3035714285714306 32.514990230771595 1.0000000180025095e-35 3.4364583333333338 635.00000000000011 1.5041666666666669 1.8411949685534592 1.9791666666666667 202.78183685877141 82.500000000000014 4.5000000000000009
decision_type=10 10 8 10 10 10 10 10 10 10 10 10 10 10 10 8 8 10 10 10 10 10 8 10 10 10 8
left_child=2 4 -1 5 6 14 13 -7 16 18 11 21 -13 17 24 -10 -9 22 23 -11 -19 -8 -2 25 -3 26 -4
right_child=1 3 9 -5 -6 7 10 8 15 19 -12 12 -14 -15 -16 -17 -18 20 -20 -21 -22 -23 -24 -25 -26 -27 -28
leaf_value=0.014691215045859846 -0.0056396309393395294 -0.0011768974963034455 -0.09820695675318819 0.069646891464923019 0.061520507701675109 0.063213996093288233 -0.032305135703098391 0.0040897621194060357 0.05604886105597804 -0.061131694206003596 0.030603560564623586 0.013150567390323881 -0.016037180767634822 0.013942574923596095 0.026219509162117793 0.038696773732188328 0.026116301638687518 -0.0058947933570912686 -0.03918959257805886 -0.012603970688260073 -0.02950720004186283 -0.0048742989514008062 -0.021394288378456253 -0.074798983380024373 0.0086566824590049492 -0.076405153295235798 -0.10000000000000001
leaf_weight=286.94593286514282 316.35896253585815 413.86700248718262 973.83167731761932 2424.4603996276855 231.01781511306763 844.00667190551758 193.4724702835083 506.46205806732178 981.00847244262695 87.644312381744385 449.6430516242981 2017.5922169685364 368.3942494392395 232.95393848419189 572.58064460754395 1207.5942735671997 789.79064273834229 1822.2466254234314 32.643726348876953 69.85809314250946 177.72773218154907 202.26501035690308 2123.0979368686676 57.414971947669983 593.56681632995605 34.251444697380066 1984.6908646821976
leaf_count=26 39 30 626 20 7 13 27 22 17 32 21 141 36 18 20 28 25 196 9 15 19 18 367 28 28 18 1290
internal_value=0.00216963 0.0211137 -0.086276 0.0439542 -0.00228438 0.0334123 -0.00414933 0.0410651 0.0357008 -0.0952171 0.00840174 0.00481299 0.008644 -0.0128295 0.0124455 0.0464746 0.0175103 -0.0142343 -0.0980582 -0.0396079 -0.00799311 -0.018285 -0.0193512 -0.0986882 0.00461692 -0.0991465 -0.0994098
internal_weight=19995.4 16468.1 3527.28 8333.34 8134.77 5908.88 7903.75 4328.86 3484.86 3240.34 3231.37 2781.72 2385.99 4672.39 1580.01 2188.6 1296.25 4439.43 3082.83 157.502 1999.97 395.737 2439.46 3050.19 1007.43 2992.77 2958.52
internal_count=3136 1092 2044 203 889 183 882 105 92 2018 243 222 177 639 78 45 47 621 1971 47 215 45 406 1962 58 1934 1916
is_linear=0
shrinkage=0.05


Tree=28
num_leaves=31
num_cat=0
split_feature=1 1 2 1 8 5 8 11 5 5 2 14 5 0 9 14 2 8 1 0 11 2 0 7 10 8 9 10 14 14
split_gain=12554.3 3233.12 1243.19 865.202 359.105 312.182 273.233 221.99 323.243 212.035 98.0055 105.843 66.5526 65.893 63.3933 66.6328 64.9685 52.503 49.3977 47.7603 46.6712 43.0785 38.0998 37.7405 18.5395 12.9935 12.7733 12.6696 7.94689 0.975808
threshold=11.132272709884976 121.46716965636368 0.99835740821116836 1145.7767760826366 13.904761904761907 645.50000000000011 0.49181153943058709 235.00000000000003 1331.5000000000002 522.50000000000011 1.9860895032456756 43.500000000000007 1702.0000000000002 40.589844184515435 25.963654191055529 54.500000000000007 3.9877981716186826 1.2315462315462318 32.354472019831555 1.5848538115532504 635.00000000000011 1.0002021127045682 3.8295080806152675 8.5000000000000018 5.1463675213675222 1.5042372881355934 29.450950662496641 1.9285714285714288 82.500000000000014 4.5000000000000009
decision_type=10 10 8 10 10 10 10 8 10 10 8 8 10 10 10 10 8 10 10 10 10 8 10 10 10 10 10 10 10 8
left_child=2 4 -1 6 5 18 26 -8 13 19 11 24 -10 -9 16 -16 -12 -11 22 27 21 -20 23 -2 -7 -24 -3 28 29 -4
right_child=1 3 9 -5 -6 10 7 8 12 17 14 -13 -14 -15 15 -17 -18 -19 20 -21 -22 -23 25 -25 -26 -27 -28 -29 -30 -31
leaf_value=0.013971745554394578 -0.02019557378005217 0.00094424749774338422 -0.098016610573623153 0.067809914556025294 0.059604105536293694 -0.029005318104054819 0.060478234513372857 0.0056132596843837274 0.054481339425888842 -0.062045707179810519 0.024733553409877065 0.015562282139067012 0.037339867189583806 0.024691361171583607 0.0105003170272744 0.031970088340846629 -0.0061976337613339995 -0.0029559027119138476 0.010093243735474246 -0.037518434512862284 -0.030048144724472283 -0.0081609269214463799 -0.022573743049990918 0.0011232883613943891 -0.010759451075393778 -0.0054703163462593626 0.013928132349165326 -0.07659212718994407 -0.074768078837004801 -0.10000000000000001
leaf_weight=286.64401292800903 372.38081645965576 542.31446075439453 924.68122863769531 2367.1171455383301 228.60853290557861 265.76628446578979 803.5951042175293 837.19555377960205 912.74589729309082 92.540753483772278 236.12447881698608 352.06534004211426 1491.62890625 985.20200729370117 843.35967350006104 632.35935831069946 604.07439279556274 63.310570359230042 408.63889694213867 32.39930272102356 194.14559030532837 1545.8973097801208 1554.6856000423431 469.12618684768677 292.393723487854 119.58653974533081 291.10222911834717 64.168760776519775 33.276441693305969 1882.9209192991257
leaf_count=26 58 31 624 20 7 32 14 40 17 35 13 22 35 29 64 28 57 12 36 9 21 171 280 58 27 15 17 33 18 1287
internal_value=0.00207871 0.0202128 -0.0856431 0.0422956 -0.00217374 -0.00396359 0.0319959 0.036389 0.0318092 -0.094874 0.00799493 -0.00590589 0.0438471 0.015927 0.0134584 0.0197003 0.00249508 -0.038042 -0.0122346 -0.0978893 -0.00666696 -0.00434449 -0.0169899 -0.00831066 -0.0194472 -0.0213521 0.00547936 -0.0985626 -0.0990589 -0.0993468
internal_weight=19730.1 16350.1 3379.94 8230.9 8119.21 7890.6 5863.78 5030.37 4226.77 3093.3 3226.14 910.225 2404.37 1822.4 2315.92 1475.72 840.199 155.851 4664.46 2937.45 2148.68 1954.54 2515.78 841.507 558.16 1674.27 833.417 2905.05 2840.88 2807.6
internal_count=3136 1092 2044 203 889 882 183 135 121 2018 243 81 52 69 162 92 70 47 639 1971 228 207 411 116 59 295 48 1962 1929 1911
is_linear=0
shrinkage=0.05


Tree=29
num_leaves=36
num_cat=0
split_feature=0 1 3 1 1 12 8 10 5 13 5 13 4 4 10 13 8 8 4 10 12 13 14 13 4 0 1 8 3 0 14 14 13 1 14
split_gain=11762.5 3019.31 944.372 826.183 333.299 330.249 309.862 251.033 181.229 153.594 219.334 139.351 128.412 106.538 70.1395 69.3034 68.0459 66.7668 61.0406 58.7952 57.9467 51.0638 49.8226 46.023 36.099 33.9867 28.095 25.3099 17.476 9.73977 7.67894 3.4624 1.55795 1.44541 1.16239
threshold=1.0000000180025095e-35 121.46716965636368 27.166666666666668 1145.7767760826366 73.279498752057563 2.2169191484478112 2.191391941391942 13.226190476190478 909.50000000000011 7.0113636363636376 1313.0000000000002 16.541666666666668 9.6055555555555561 3.2371439141694416 9.3035714285714306 0.61081871345029259 0.920144927536232 0.9319074333800843 3.9083333333333337 5.0787878787878791 3.3941307247665633 2.8701033405431393 29.500000000000004 1.7432410489567267 2.6076923076923082 4.6385192314410739 27.554769777395929 0.90338888888888902 2.7611285266457686 59.500744724427896 82.500000000000014 15.500000000000002 3.9615384615384621 175.26874518638056 4.5000000000000009
decision_type=10 10 8 10 10 10 10 10 10 10 10 10 10 10 8 8 10 8 10 10 10 10 10 8 10 10 10 8 10 10 10 10 10 10 8
left_child=2 4 7 5 8 19 22 16 11 10 14 17 27 -12 -7 -10 -1 25 24 29 31 -20 28 -24 -17 -2 -19 -4 -6 33 32 -18 34 -3 -29
right_child=1 3 12 -5 6 9 -8 -9 15 -11 13 -13 -14 -15 -16 18 20 26 21 -21 -22 -23 23 -25 -26 -27 -28 30 -30 -31 -32 -33 -34 -35 -36
leaf_value=-0.019544340625399011 -0.0086900500880476156 -0.0026978332896910647 -0.052348206923136881 0.065936067681477001 -0.0017334910140530851 0.0022033722640240586 0.046158690469618208 0.049621412614189404 0.030305493802450768 0.056552887870077888 0.054720252471445713 0.031703577800625937 -0.012717680446670552 0.032172813002276528 0.026180905214070273 0.00064139163489272796 -0.10000000000000001 -0.020950647764258878 0.023527909947573575 0.023922650114857291 -0.020775385597284781 -0.0049104860942440348 0.024332171134477137 -0.00071770264196622364 -0.02688681953019588 0.013390425260156873 -0.012574265717198302 -0.097751762574713491 -0.021079274769105816 0.0099705710798529967 -0.075963729418110151 -0.079254170120787309 -0.087775557186037217 0.0021590717331811558 -0.10000000000000001
leaf_weight=183.58103394508362 440.54149961471558 288.22277927398682 29.629398822784424 2314.0451889038086 253.56020069122314 505.57600975036621 594.46760272979736 107.39053976535797 278.67446279525757 873.81051254272461 1004.7921466827393 173.7598705291748 44.547576189041138 1094.6555013656616 768.76139450073242 284.70983266830444 49.632646441459656 1841.9566700458527 403.67138051986694 568.32933330535889 44.178041815757751 259.20910978317261 323.68210601806641 422.95657348632812 204.72607612609863 288.33754634857178 2192.7382769584656 856.72590267658234 216.33814430236816 391.67379856109619 36.262338519096375 33.814043402671814 29.866793870925903 326.94885063171387 1747.8283658027649
leaf_count=32 57 22 10 20 24 22 16 8 15 15 17 13 12 27 24 25 31 324 24 20 11 22 16 32 23 23 274 608 20 18 20 19 16 18 1258
internal_value=0.00198993 0.019098 -0.0862484 0.0406629 -0.00235474 0.030619 0.0165722 -0.0162927 -0.00773713 0.0378704 0.0330316 -0.012278 -0.0969168 0.042964 0.0166681 0.00793034 -0.0390383 -0.0138824 0.00251917 0.0110651 -0.0670794 0.0124075 0.00211464 0.0101419 -0.0108734 4.47738e-05 -0.0163983 -0.0983059 -0.0106402 0.00380748 -0.0988157 -0.0915934 -0.0991303 -0.000116506 -0.0992605
internal_weight=19479.6 16316.1 3163.46 8136.82 8179.33 5822.77 1811 418.596 6368.32 4247.6 3373.79 4937.33 2744.86 2099.45 1274.34 1430.99 311.206 4763.57 1152.32 1575.17 127.625 662.88 1216.54 746.639 489.436 728.879 4034.69 2700.31 469.898 1006.85 2670.68 83.4467 2634.42 615.172 2604.55
internal_count=3136 1111 2025 203 908 183 108 101 800 105 90 691 1924 44 46 109 93 678 94 78 61 46 92 48 48 80 598 1912 44 58 1902 50 1882 40 1866
is_linear=0
shrinkage=0.05


Tree=30
num_leaves=27
num_cat=0
split_feature=0 1 2 1 13 1 8 7 3 5 3 13 5 12 5 7 14 7 12 14 3 3 14 14 14 4
split_gain=11529.4 3535.71 677.574 461.804 434.199 310.681 211.375 162.409 151.74 142.135 135.357 87.9753 78.1565 66.5195 142.282 67.3895 64.7631 64.3026 41.2569 34.282 22.7594 13.17 10.8149 1.23823 11.8227 9.09495e-13
threshold=1.0000000180025095e-35 210.95556179670317 1.0000000180025095e-35 1145.7767760826366 7.3000000000000016 61.087520162636118 4.9345114345114354 51.500000000000007 4.6043478260869568 764.50000000000011 8.4500000000000011 16.541666666666668 1796.0000000000002 4.1487645214825752 1893.5000000000002 37.500000000000007 36.500000000000007 24.500000000000004 0.88668271159245904 42.500000000000007 11.388888888888891 1.9791666666666667 82.500000000000014 4.5000000000000009 3.5000000000000004 4.0241935483870979
decision_type=10 10 8 10 10 10 10 10 8 10 10 10 10 8 10 10 10 10 8 10 10 10 10 8 10 8
left_child=2 5 -1 4 7 10 13 19 -9 21 11 12 18 14 16 17 -7 -15 -2 -3 -12 22 23 24 -4 -25
right_child=1 3 9 -5 -6 6 -8 8 -10 -11 20 -13 -14 15 -16 -17 -18 -19 -20 -21 -22 -23 -24 25 -26 -27
leaf_value=8.70305578181098e-06 0.0073865295732735738 0.0072222961229453419 -0.10000000000000001 0.063706172208916126 0.06803482544803878 -0.0040367482153932802 0.042162147309131037 0.022348560435146061 0.048603805103290515 -0.02245993483377658 0.022519565093170643 0.018934373990947398 0.019272032045171764 -0.0055793882546380661 0.038236021044597793 -0.02509274730530027 0.017318598071648726 0.02263330217536845 -0.017142092603448358 0.024146794708070931 0.0024524364468505814 -0.07641122419219519 -0.068273026055655203 -0.10000000000000001 -0.083078916326065816 -0.10000000000000001
leaf_weight=194.29667854309082 178.76599645614624 780.65391254425049 756.85286140441895 2256.5043258666992 840.62668228149414 1010.5043716430664 408.24401473999023 1045.0417079925537 1162.4463310241699 63.176718950271606 281.95571041107178 201.04000234603882 161.63255596160889 800.5051965713501 362.73642635345459 305.27773666381836 547.30686664581299 270.11671447753906 4178.1947057247162 485.1612434387207 283.23246908187866 66.834338188171387 28.535767316818237 34.762379884719849 119.53151392936707 1690.6053985357285
leaf_count=20 18 34 568 20 9 75 11 29 21 17 18 17 11 69 11 23 27 13 623 15 23 34 16 25 82 1276
internal_value=0.00030568 0.0174991 -0.0902408 0.045378 0.0357909 -0.00287761 0.00822431 0.0279871 0.0361744 -0.0965934 -0.0106601 -0.0134292 -0.0148691 0.00402132 0.0100331 -0.0043702 0.00346604 0.00153864 -0.0161357 0.0137091 0.0124633 -0.0983299 -0.0988868 -0.0992226 -0.0976921 -0.1
internal_weight=18514.5 15559.9 2954.6 6570.43 4313.93 8989.51 3704.69 3473.3 2207.49 2760.3 5284.82 4719.63 4518.59 3296.45 1920.55 1375.9 1557.81 1070.62 4356.96 1265.82 565.188 2697.12 2630.29 2601.75 876.384 1725.37
internal_count=3105 1067 2038 128 108 939 229 99 50 2018 710 669 652 218 113 105 102 82 641 49 41 2001 1967 1951 650 1301
is_linear=0
shrinkage=0.05


Tree=31
num_leaves=30
num_cat=0
split_feature=1 1 2 1 13 13 11 12 5 14 1 13 2 12 14 3 2 3 9 12 7 11 1 3 14 12 14 14 5
split_gain=10833.3 3243.86 671.861 442.162 320.281 284.723 203.763 177.316 145.075 107.352 98.9663 74.8687 68.5423 51.0187 44.8122 40.6306 32.4332 31.1933 27.562 25.0489 23.5444 31.1829 17.1642 14.594 11.8245 7.46462 1.41039 13.2655 9.09495e-13
threshold=1.0000000180025095e-35 210.95556179670317 1.0000000180025095e-35 1518.6744638998996 5.8259259259259268 0.71868658919018646 1375.0000000000002 36.791176470588248 764.50000000000011 10.500000000000002 32.514990230771595 0.80322580645161301 0.99937948874277738 1.0228144296392592 62.500000000000007 5.6287878787878798 2.0047709162224945 2.6742424242424243 26.971315990810773 2.2666038131154416 30.500000000000004 475.00000000000006 49.350999194894527 1.9791666666666667 82.500000000000014 2.292838874680307 4.5000000000000009 3.5000000000000004 315.50000000000006
decision_type=10 10 8 10 10 10 8 10 10 10 10 10 8 8 10 8 8 8 10 10 10 10 10 10 10 10 8 10 10
left_child=2 5 -1 4 6 10 14 9 23 16 13 -11 -13 -2 15 -3 25 -12 -18 22 21 -15 -19 24 26 -7 27 -4 -28
right_child=1 3 8 -5 -6 7 -8 -9 -10 11 17 12 -14 20 -16 -17 18 19 -20 -21 -22 -23 -24 -25 -26 -27 28 -29 -30
leaf_value=8.2679314705202977e-06 0.0059348699383874439 0.020341553146785402 -0.10000000000000001 0.063963428110858145 0.060873090071145587 -0.015535168525577531 0.040231437181571086 0.044984603968407609 -0.021390935627329331 0.035032006835269518 0.0061114115785182626 -0.019249766368349269 0.0068842762792978842 -0.023781625632283306 0.029214596742422307 0.0026504580362852674 0.0038220681536430541 -0.014825184222902021 -0.017197236747380506 -0.024002082165689574 -0.043404234533661122 0.0047190288150924927 -0.0021870514089510009 -0.074774375426771789 -0.0664078011729025 -0.029969072414604711 -0.10000000000000001 -0.081746864759774163 -0.10000000000000001
leaf_weight=194.29667615890503 158.94758605957031 658.40406799316406 719.94073116779327 1898.3816032409668 965.03839111328125 159.59394264221191 1825.6120872497559 263.08846211433411 63.021353244781494 219.01526308059692 468.13611125946045 271.19724035263062 3350.768399477005 1485.8647212982178 501.80030250549316 640.06180381774902 373.85851573944092 382.88369750976562 267.58945226669312 226.22473812103271 138.94601154327393 102.59949660301208 900.51887273788452 64.931527376174927 27.887210130691528 204.16055536270142 1594.3332295417786 115.50837278366089 46.88740599155426
leaf_count=20 18 21 568 16 13 21 36 9 17 12 36 28 248 278 14 28 38 54 32 17 23 12 86 34 16 27 1268 82 33
internal_value=0.000283526 0.0167369 -0.0897169 0.043667 0.0352743 -0.00273814 0.0284611 0.00500735 -0.0963392 0.00283707 -0.0129795 0.00664405 0.00492747 -0.0211729 0.016525 0.011621 -0.0117098 -0.00516477 -0.00494644 -0.00866152 -0.0236672 -0.0219408 -0.00595745 -0.0981774 -0.0987841 -0.0236363 -0.0991487 -0.0974763 -0.1
internal_weight=18289.5 15462.7 2826.81 6489.3 4590.92 8973.39 3625.88 5109.27 2632.51 4846.18 3864.12 3840.98 3621.97 1886.36 1800.27 1298.47 1005.2 1977.76 641.448 1509.63 1727.41 1588.46 1283.4 2569.49 2504.56 363.754 2476.67 835.449 1641.22
internal_count=3105 1067 2038 128 112 939 99 415 2018 406 524 288 276 331 63 49 118 193 70 157 313 290 140 2001 1967 48 1951 650 1301
is_linear=0
shrinkage=0.05


Tree=32
num_leaves=29
num_cat=0
split_feature=0 1 2 1 13 1 8 11 11 3 13 12 14 0 14 1 8 3 14 1 3 3 13 14 8 14 14 4
split_gain=10177.5 2971.95 665.872 422.027 397.518 261.896 183.546 175.579 126.943 117.887 75.0254 60.3945 91.4506 109.975 56.225 47.0577 47.0517 48.5577 41.56 30.9243 30.2377 20.6741 13.4635 12.8868 11.2082 1.60468 14.8455 9.09495e-13
threshold=1.0000000180025095e-35 210.95556179670317 1.0000000180025095e-35 1145.7767760826366 7.3000000000000016 61.087520162636118 4.9345114345114354 1375.0000000000002 725.00000000000011 8.4500000000000011 16.541666666666668 7.6411844561343978 36.500000000000007 20.396071523844004 41.500000000000007 97.828498333990595 1.5540336940145187 2.3071428571428574 48.500000000000007 40.064634562982292 1.9791666666666667 11.388888888888891 32.500000000000007 82.500000000000014 1.2796951394880647 4.5000000000000009 3.5000000000000004 1.5427272727272729
decision_type=10 10 8 10 10 10 10 8 10 10 10 8 10 10 10 10 8 10 10 10 10 10 8 10 8 8 10 10
left_child=2 5 -1 4 7 9 11 14 20 10 16 12 13 -7 24 -14 17 -2 22 -18 23 -11 -13 25 -3 26 -4 -27
right_child=1 3 8 -5 -6 6 -8 -9 -10 21 -12 18 15 -15 -16 -17 19 -19 -20 -21 -22 -23 -24 -25 -26 27 -28 -29
leaf_value=7.8550324984924651e-06 -0.0011471080686511694 0.01184371096886112 -0.10000000000000001 0.059902963033720884 0.06441929208416039 -0.011356547857588838 0.039529001257039252 0.037290471352217414 -0.019422321828616088 0.021467014639299245 0.017574089083741775 0.0099640821050455148 0.030819455545605657 0.020243426125912463 0.023885203589722584 0.0095834935665806628 -0.022104839262516954 -0.016700285790368034 -0.022198629939508049 -0.0100665395441663 -0.065578925004997665 0.0023149466611526448 -0.0048953943993346252 -0.064510565157314834 0.00094423964567771652 -0.10000000000000001 -0.080344844764322521 -0.10000000000000001
leaf_weight=194.29667949676514 1131.5893878936768 458.24066829681396 684.82878494262695 2171.2493171691895 805.48545455932617 842.04781246185303 401.39463901519775 1631.3281497955322 52.884170770645142 280.62848472595215 200.57943105697632 230.8020715713501 466.54041004180908 409.10216617584229 863.80466461181641 591.7614803314209 1693.4447183609009 901.73094725608826 299.76158142089844 778.81127452850342 71.071908593177795 283.01334953308105 448.95779466629028 27.287559151649475 486.04023838043213 1535.9671838283539 111.74434673786163 27.296106100082397
leaf_count=20 133 17 568 20 9 71 11 34 14 18 17 15 20 17 25 28 311 115 25 93 36 23 42 16 23 1281 82 21
internal_value=0.000261435 0.0159961 -0.0891684 0.0419729 0.0328018 -0.00260522 0.00760978 0.0253972 -0.0960685 -0.00975864 -0.0123467 0.00371427 0.00812684 -0.00102396 0.0146665 0.0189451 -0.0136787 -0.00804459 -0.00668938 -0.0183125 -0.0977174 0.0118505 0.000149914 -0.0986742 0.00623354 -0.0990693 -0.0972427 -0.1
internal_weight=18081.7 15376.3 2705.38 6416.15 4244.9 8960.17 3690.37 3439.41 2511.08 5269.8 4706.16 3288.97 2309.45 1251.15 1808.09 1058.3 4505.58 2033.32 979.521 2472.26 2458.2 563.642 679.76 2387.12 944.281 2359.84 796.573 1563.26
internal_count=3105 1067 2038 128 108 939 229 99 2018 710 669 218 136 88 65 48 652 248 82 404 2004 41 57 1968 40 1952 650 1302
is_linear=0
shrinkage=0.05


Tree=33
num_leaves=28
num_cat=0
split_feature=0 1 3 1 13 1 8 11 5 3 4 11 3 11 10 13 12 14 1 13 8 12 0 14 14 14 5
split_gain=9560.03 2720.21 552.964 403.887 324.683 237.732 194.639 181.942 173.979 105.971 104.78 79.1534 76.4588 71.7652 66.5339 48.9406 42.196 39.5887 37.1171 31.073 24.54 16.4326 15.8983 13.9847 1.87623 16.9234 1.81899e-12
threshold=1.0000000180025095e-35 210.95556179670317 4.6043478260869568 1518.6744638998996 6.8819444444444455 73.279498752057563 4.9345114345114354 1375.0000000000002 1796.0000000000002 7.9062500000000009 5.2000000000000011 325.00000000000006 5.2565789473684221 655.00000000000011 10.816666666666668 16.541666666666668 0.88668271159245904 41.500000000000007 152.16649899693687 0.99732620320855625 0.73841767640769784 0.77350601538360408 58.038322872591806 82.500000000000014 4.5000000000000009 3.5000000000000004 560.00000000000011
decision_type=10 10 8 10 10 10 10 8 10 10 10 8 10 10 8 10 8 10 10 8 10 8 10 10 8 10 10
left_child=2 5 11 4 7 8 12 17 9 15 21 20 13 18 -11 16 -2 22 -7 -15 -1 -4 -3 24 25 -23 -26
right_child=1 3 10 -5 -6 6 -8 -9 -10 14 -12 -13 -14 19 -16 -17 -18 -19 -20 -21 -22 23 -24 -25 26 -27 -28
leaf_value=-0.031895594645164942 0.0076464411519575259 0.0016218891283372066 -0.057072702325990411 0.060158110699770999 0.060964297366967228 -0.0060557655268169133 0.043043311614244045 0.037067154697349565 0.026502146425798387 0.028657136302667974 -0.024281691414813379 -2.5230852922998194e-05 -0.013258950650680435 0.0068168789839380146 -0.0044886707438273089 0.012801340993147607 -0.014929585596885012 0.022755908495884977 0.014356469586675746 0.024465537900790417 -0.080158732373865116 -0.10000000000000001 0.014316550969347442 -0.0625880402294237 -0.10000000000000001 -0.078412460961095443 -0.10000000000000001
leaf_weight=54.324271321296692 216.88247680664062 484.2989616394043 24.154105424880981 1826.7719116210938 810.77349472045898 820.01025104522705 366.16042900085449 1862.2716941833496 337.6406192779541 253.39401292800903 49.121975541114807 167.95728158950806 509.16725444793701 406.28064632415771 376.13875246047974 178.0713107585907 4530.4757220745087 861.40219497680664 305.74307632446289 645.89503383636475 51.125022768974304 635.70109593868256 502.56650257110596 26.733855843544006 1450.5118527412415 105.91209709644318 24.535714268684387
leaf_count=11 21 23 9 16 10 68 9 37 18 15 16 29 34 21 33 16 659 25 16 29 32 556 17 16 1275 80 14
internal_value=0.000240548 0.0152846 -0.0885917 0.0403169 0.0323003 -0.00247866 0.00884468 0.0260371 -0.00834586 -0.010464 -0.0965283 -0.0213421 0.00418456 0.00826259 0.00885289 -0.0129329 -0.0138982 0.0149234 -0.000512011 0.0176508 -0.055295 -0.0980934 0.00808671 -0.098535 -0.0989685 -0.096917 -0.1
internal_weight=17884 15293.9 2590.08 6348.08 4521.31 8945.86 3053.26 3710.54 5892.6 5554.96 2316.67 273.407 2687.1 2177.93 629.533 4925.43 4747.36 1848.27 1125.75 1052.18 105.449 2267.55 986.865 2243.39 2216.66 741.613 1475.05
internal_count=3105 1067 2038 128 112 939 177 102 762 744 1966 72 168 134 48 696 680 65 84 50 43 1950 40 1941 1925 636 1289
is_linear=0
shrinkage=0.05


Tree=34
num_leaves=26
num_cat=0
split_feature=0 1 2 1 13 13 8 11 5 1 5 4 4 12 14 12 10 12 11 11 10 14 4 14 14
split_gain=8976.92 2486.97 664.051 382.444 305.955 219.145 167.448 167.01 154.746 79.3657 73.6538 56.4923 92.4243 41.9383 36.0016 31.043 22.2757 24.5848 21.1476 22.418 18.2033 15.1534 13.9337 2.06768 18.7168
threshold=1.0000000180025095e-35 210.95556179670317 1.0000000180025095e-35 1518.6744638998996 6.8819444444444455 0.71868658919018646 4.9345114345114354 1375.0000000000002 764.50000000000011 32.514990230771595 1796.0000000000002 31.750000000000004 19.583333333333339 1.0228144296392592 62.500000000000007 3.0998795035546456 3.431677018633541 2.8130946836116846 1375.0000000000002 695.00000000000011 1.9285714285714288 82.500000000000014 1.8181216931216932 4.5000000000000009 3.5000000000000004
decision_type=10 10 8 10 10 10 10 8 10 10 10 10 10 8 10 8 10 10 8 10 10 10 8 8 10
left_child=2 5 -1 4 7 9 10 14 20 13 11 12 -7 -2 15 -3 17 -15 19 22 21 23 -11 24 -4
right_child=1 3 8 -5 -6 6 -8 -9 -10 18 -12 -13 -14 16 -16 -17 -18 -19 -20 -21 -22 -23 -24 -25 -26
leaf_value=0.00089954428332702878 0.0058609323027510162 0.018405674835193436 -0.10000000000000001 0.058203994727793897 0.059013344851849094 -0.0018911349098465766 0.034514829005909603 0.035457570324388211 -0.017497192588690424 0.009482473743677184 0.016529223945752847 -0.024735651156204158 0.026021368017244147 -0.021166067128259778 0.025708353332125775 0.0031484933944005396 -0.038317742390547645 0.00029818672390900287 0.0069710827052861767 -0.018659588880766916 -0.070674072880924574 -0.06064712453508958 -0.0058329628060319336 -0.10000000000000001 -0.077035480957511115
leaf_weight=193.78551626205444 158.80717277526855 602.3891487121582 620.09964692592621 1794.5379638671875 796.08106803894043 3385.1837024688721 424.71721482276917 1849.7972412109375 61.864994168281555 170.57678890228271 711.27316761016846 234.79258990287781 325.04798030853271 1401.4561033248901 496.59975624084473 746.59577178955078 167.49156522750854 147.44068431854248 340.70107793807983 317.04699897766113 60.752078056335449 26.223244071006775 1147.8156137466431 1414.7847776412964 103.54244160652161
leaf_count=20 18 19 568 16 10 319 17 37 17 14 34 26 19 267 14 32 28 18 28 27 34 16 124 1302 81
internal_value=0.000220638 0.0145983 -0.0879695 0.0386928 0.0308972 -0.00235779 0.00446061 0.0248402 -0.0954988 -0.0113532 0.00171926 -0.000950918 0.000554239 -0.0187215 0.0141986 0.00996159 -0.020996 -0.0191229 -0.00436132 -0.00672213 -0.0976672 -0.0984248 -0.00385141 -0.0988881 -0.0967141
internal_weight=17699.4 15218.4 2481.05 6286 4491.46 8932.35 5081.01 3695.38 2287.27 3851.34 4656.3 3945.02 3710.23 1875.2 1845.58 1348.98 1716.39 1548.9 1976.14 1635.44 2225.4 2164.65 1318.39 2138.43 723.642
internal_count=3105 1067 2038 128 112 939 415 102 2018 524 398 364 338 331 65 51 313 285 193 165 2001 1967 138 1951 649
is_linear=0
shrinkage=0.05


Tree=35
num_leaves=27
num_cat=0
split_feature=9 5 2 13 14 5 13 4 8 2 13 12 7 9 8 14 8 4 3 12 10 9 13 5 14 14
split_gain=8326.44 1644.49 802.309 480.01 360.36 306.505 303.414 220.829 185.547 155.778 104.669 77.8661 77.2152 74.4631 58.4838 51.2818 116.561 104.934 50.2768 47.8818 37.1738 27.3575 11.1775 5.69382 2.40244 22.7366
threshold=1.0000000180025095e-35 1002.0000000000001 1.0000000180025095e-35 5.8259259259259268 31.500000000000004 2126.5000000000005 0.54348739495798326 5.2000000000000011 2.2781546811397564 1.1920710195267885 2.8210526315789477 2.6815779131105755 56.500000000000007 26.911253481667014 0.57294832826747732 19.500000000000004 2.3094017094017096 3.0735815602836882 2.3535714285714291 4.8389560439560446 3.9321266968325799 28.946230977784648 0.62202380952380965 958.50000000000011 4.5000000000000009 3.5000000000000004
decision_type=10 10 8 10 10 10 8 10 10 10 8 8 10 10 8 8 8 10 10 10 10 10 8 10 8 10
left_child=2 3 -1 9 19 6 -3 14 10 15 12 -11 -8 -13 -4 18 17 -17 20 -5 -2 -18 -20 24 25 -16
right_child=1 5 7 4 -6 -7 8 -9 -10 11 -12 13 -14 -15 23 16 21 -19 22 -21 -22 -23 -24 -25 -26 -27
leaf_value=0.011199666384083914 -0.010308037827308682 0.053614406168208686 -0.044566810194599404 0.013486965070429513 0.050774547483197721 0.049374954116424279 0.029499499303072069 -0.0093377019522165004 0.03876364180351325 0.025606546151607804 -0.0067129212979914745 -0.013654770427009442 0.010493724028921 0.01822207260068695 -0.10000000000000001 0.016822402380672563 -0.015354481200552198 -0.01479694236043021 -0.013058505610801727 -0.015244673549827831 0.01480538774834661 -0.00081368114192932389 -0.027948048976483515 -0.072796476149163444 -0.10000000000000001 -0.073352037281970206
leaf_weight=196.81729650497437 2289.8270111083984 836.52098608016968 51.496807098388672 279.14840984344482 766.51864576339722 2131.2066173553467 905.38880014419556 74.036818742752075 995.56911087036133 560.43332815170288 516.84627962112427 401.53983449935913 1304.2258033752441 336.92306470870972 585.00289511680603 965.81902718544006 1247.9013805389404 360.27043533325195 168.7549877166748 301.76070046424866 157.48976564407349 436.66449689865112 498.01556873321533 21.297701954841614 1354.8856838941574 92.73417055606842
leaf_count=18 314 16 23 22 23 37 34 23 24 22 38 27 53 15 564 69 181 41 19 28 12 45 67 9 1301 74
internal_value=0.00165772 0.0150505 -0.08548 0.000809212 0.0282644 0.0337224 0.0264046 -0.0942107 0.0202892 -0.00417404 0.0135433 0.0115539 0.0182813 0.000889012 -0.0971952 -0.00750952 -0.00285642 0.0082321 -0.0120081 -0.00143805 -0.00869194 -0.0115853 -0.0241796 -0.0985148 -0.0987842 -0.0963538
internal_weight=17837.1 15460.8 2376.27 8771.07 1347.43 6689.76 4558.55 2179.45 3722.03 7423.64 2726.46 1298.9 2209.61 738.463 2105.42 6124.74 3010.66 1326.09 3114.09 580.909 2447.32 1684.57 666.771 2053.92 2032.62 677.737
internal_count=3099 1087 2012 885 73 202 165 1994 149 812 125 64 87 42 1971 748 336 110 412 50 326 226 86 1948 1939 638
is_linear=0
shrinkage=0.05


Tree=36
num_leaves=29
num_cat=0
split_feature=0 1 7 5 1 12 9 13 5 4 12 4 12 12 14 4 10 7 11 7 1 1 1 12 9 14 14 5
split_gain=7807.99 1866.46 719.605 390.702 319.757 220.592 212.195 205.774 184.925 134.349 87.1725 78.445 83.2691 71.6413 122.682 64.8612 54.4043 51.4587 42.2412 52.1513 47.4712 42.155 55.3961 34.6273 7.86295 2.74292 24.9413 37.9525
threshold=1.0000000180025095e-35 121.46716965636368 12.500000000000002 1002.0000000000001 719.95542248557842 60.523809523809526 26.896492576094293 5.1702898550724647 740.00000000000011 1.0161290322580647 2.6254237288135598 5.2000000000000011 1.2351585795608568 1.8281159560100331 49.500000000000007 4.0962962962962974 6.3518518518518521 35.500000000000007 625.00000000000011 25.500000000000004 64.122847560173511 175.26874518638056 335.08249776128451 0.98136033229491193 26.060965838079174 4.5000000000000009 3.5000000000000004 19.500000000000004
decision_type=10 10 10 10 10 10 10 10 10 8 8 10 8 8 10 10 10 10 10 10 10 10 10 8 10 8 10 10
left_child=2 5 9 7 6 8 -5 21 18 -1 -8 12 -4 -10 15 -15 -16 -14 19 20 -2 -3 -23 -11 -20 26 -25 -28
right_child=1 3 11 4 -6 -7 10 -9 13 23 -12 -13 17 14 16 -17 -18 -19 24 -21 -22 22 -24 25 -26 -27 27 -29
leaf_value=0.0046243975256744724 -0.012769398755062781 -0.0041571969447484428 0.0031047208474510868 0.04058498404805741 0.054639660987388761 0.046801218498492669 0.028224929973238319 0.041013583591472655 0.030481862742322605 -0.059925236495864759 0.0018353269873592577 0.023017206835024 -0.10000000000000001 -0.020110443757821391 0.030092394377665962 0.0026412438945696104 0.0057204994449723727 -0.029494508886166074 -0.01711923505163165 0.012507234086868373 0.00082496343309039824 0.021004604578610739 0.0018178981421400895 -0.10000000000000001 -0.030769243920666236 -0.10000000000000001 -0.10000000000000001 -0.034629328575862588
leaf_weight=32.776333808898926 3413.1974301338196 506.87028980255127 94.149900555610657 1734.0558633804321 2106.8190536499023 214.29608869552612 566.86629962921143 631.47348499298096 275.10033869743347 59.580899596214294 698.58266544342041 101.74389064311981 47.717427432537079 519.5658323764801 441.65303945541382 788.88972043991089 475.51013278961182 56.547733068466187 179.20511484146118 268.7445912361145 790.9944429397583 847.54573440551758 676.4599494934082 544.98644036054611 256.52126741409302 1250.1285043954849 51.18226957321167 39.214714288711548
leaf_count=11 534 34 13 36 21 8 16 16 18 22 25 15 36 59 21 61 30 15 24 25 71 33 23 554 32 1272 49 25
internal_value=0.00157978 0.014366 -0.0848154 0.0316139 0.0397104 -0.00320988 0.0292243 0.016085 -0.00465632 -0.0957629 0.0136567 -0.012678 -0.0309819 0.00641059 0.00343523 -0.00639307 0.0174566 -0.0617617 -0.0102944 -0.00884669 -0.0102117 0.00833381 0.0124882 -0.0974545 -0.0251553 -0.0986404 -0.0959654 -0.0716418
internal_weight=17670.4 15392.4 2278.03 7768.67 5106.32 7623.68 2999.5 2662.35 7409.38 1977.87 1265.45 300.159 198.415 2500.72 2225.62 1308.46 917.163 104.265 4908.66 4472.94 4204.19 2030.88 1524.01 1945.09 435.726 1885.51 635.383 90.397
internal_count=3099 1087 2012 204 98 883 77 106 875 1933 41 79 64 189 171 120 51 51 686 630 605 90 56 1922 56 1900 628 74
is_linear=0
shrinkage=0.05


Tree=37
num_leaves=30
num_cat=0
split_feature=0 1 11 1 12 12 12 5 4 13 4 12 13 14 13 13 13 13 1 4 11 4 11 12 14 14 5 5 5
split_gain=7323.2 1700.05 702.14 362.778 223.455 201.044 174.385 168.995 134.662 118.725 85.4502 83.1271 73.8128 80.3117 48.2881 46.8028 45.4499 42.5672 36.3928 56.7416 35.1193 31.5975 29.9844 23.6413 2.985 26.534 38.7621 9.09495e-13 4.54747e-13
threshold=1.0000000180025095e-35 121.46716965636368 235.00000000000003 719.95542248557842 2.3086578693273254 60.523809523809526 3.5283687943262416 832.00000000000011 1.2532051282051284 2.5566893424036286 9.086206896551726 1.2351585795608568 0.75128865979381454 50.500000000000007 16.100000000000005 1.3360215053763442 0.65058139534883741 1.9377820760799487 61.807495462895375 2.7537878787878793 545.00000000000011 6.4105263157894745 725.00000000000011 0.98136033229491193 4.5000000000000009 3.5000000000000004 19.500000000000004 41.500000000000007 63.500000000000007
decision_type=10 10 10 10 10 10 10 10 8 10 10 8 8 10 10 8 10 10 10 8 10 8 10 8 8 10 10 10 10
left_child=2 5 8 4 15 7 -6 14 -1 -8 11 -4 -9 17 18 -3 -13 -14 22 -20 -17 -15 -2 -10 25 28 -27 -26 -25
right_child=1 3 10 -5 6 -7 9 12 23 -11 -12 16 13 21 -16 20 -18 -19 19 -21 -22 -23 -24 24 27 26 -28 -29 -30
leaf_value=-0.012561454267039621 -0.011110051847271998 0.016460582422209009 0.0034223393645831687 0.046377343392452364 0.046044087347058414 0.044953821956407514 0.010906346261248893 0.025364192524652142 -0.061712871605739128 0.033114361535985327 0.032263840856655734 -0.10000000000000001 -0.018783735946478249 0.0041234398886148427 0.01964362598862909 0.0080268529655399684 -0.034986415622081143 0.0025909955708052152 0.01647905187598623 -0.008766534713512018 -0.01262004206050682 0.025089481782640428 -0.028506754691190874 -0.10000000000000001 -0.10000000000000001 -0.10000000000000001 -0.03309646333456967 -0.10000000000000001 -0.10000000000000001
leaf_weight=47.711053848266602 3721.6024911403656 871.85976314544678 105.5959358215332 2401.8055114746094 1160.6698570251465 212.0076277256012 1157.2423534393311 454.46232509613037 44.657661318778992 1253.8921689987183 76.820537328720093 41.196648776531219 422.08471775054932 340.61412334442139 141.11403465270996 534.13118648529053 77.366466760635376 519.73416662216187 300.98202705383301 854.35906457901001 335.21202945709229 380.39954948425293 265.34562587738037 463.02222537994385 765.50798261165619 48.686079263687134 38.98545229434967 420.94416528940201 53.378789961338043
leaf_count=15 572 33 14 29 24 8 39 28 19 28 10 31 46 21 12 32 28 38 20 82 19 19 37 496 824 49 25 445 56
internal_value=0.00150485 0.0137099 -0.084156 0.0302513 0.0229613 -0.00305342 0.0301207 -0.00442868 -0.0954911 0.0224555 -0.0132452 -0.0288414 0.0075067 0.00262614 -0.00921172 0.00827492 -0.0575764 -0.00698829 -0.0100036 -0.00218972 6.55697e-05 0.0151849 -0.0122679 -0.0976471 -0.0985433 -0.0956822 -0.0702496 -0.1 -0.1
internal_weight=17511.4 15327.5 2183.87 7714.81 5313.01 7612.71 3571.8 7400.7 1882.89 2411.13 300.98 224.159 2117.29 1662.83 5283.4 1741.2 118.563 941.819 5142.29 1155.34 869.343 721.014 3986.95 1835.18 1790.52 604.073 87.6715 1186.45 516.401
internal_count=3099 1087 2012 204 175 883 91 875 1929 67 83 73 152 124 723 84 59 84 711 102 51 40 609 1914 1895 626 74 1269 552
is_linear=0
shrinkage=0.05


Tree=38
num_leaves=30
num_cat=0
split_feature=0 1 2 5 12 2 12 5 5 12 2 13 8 1 1 10 13 8 13 8 3 13 6 13 5 14 14 5 5
split_gain=6866.65 1546.46 778.142 352.651 233.747 309.594 183.09 178.064 152.679 150.069 111.533 112.331 92.8344 70.9441 59.5686 51.7333 43.6346 50.6547 79.9435 33.7826 31.3869 20.9369 11.3769 11.001 5.50877 3.14535 27.8424 37.8234 2.27374e-13
threshold=1.0000000180025095e-35 121.46716965636368 1.0000000180025095e-35 2126.5000000000005 2.0628040973111399 1.0000000180025095e-35 60.523809523809526 430.50000000000006 832.00000000000011 2.6753199376885615 1.9998968223523457 0.99732620320855625 1.2315462315462318 79.424351450256907 384.63462501231743 5.014705882352942 16.100000000000005 1.5540336940145187 0.63373983739837414 0.55310150375939859 12.857142857142859 0.72888459058671839 117.04228841641839 0.54348739495798326 498.50000000000006 4.5000000000000009 3.5000000000000004 19.500000000000004 136.50000000000003
decision_type=10 10 8 10 10 10 10 10 10 10 8 8 10 10 10 10 10 10 10 8 8 8 10 10 10 8 10 10 10
left_child=2 6 -1 4 15 -6 8 19 16 -7 21 -12 23 -13 -11 22 17 18 -2 -4 -19 -10 24 -9 -3 26 28 -28 -21
right_child=1 3 7 -5 5 9 -8 12 10 14 11 13 -14 -15 -16 -17 -18 20 -20 25 -22 -23 -24 -25 -26 -27 27 -29 -30
leaf_value=0.011506255657756079 -0.012727458045369445 0.0006469590801814986 -0.044189199128128298 0.047768279660880791 0.047525894090141935 0.034161876885790941 0.043142356056067005 -0.10000000000000001 0.001103104903440679 -0.0016855358855071675 0.037645183732111238 -0.0033909144579980012 0.00085311285019945267 0.021512918536533379 0.017507169442970504 0.019603178142597211 0.018697549065007851 -0.037659468543319141 0.0011139195138214538 -0.10000000000000001 -0.014679928758954235 -0.019694894121734734 0.0063136678042819408 -0.059951359456334334 -0.0087820491919504799 -0.10000000000000001 -0.10000000000000001 -0.033594329800299853 -0.10000000000000001
leaf_weight=195.54495429992676 2811.5192623138428 314.9886360168457 29.150686860084534 1874.6226491928101 1470.916802406311 1021.3335590362549 209.91882920265198 35.299561321735382 184.34372186660767 670.82828712463379 377.12817454338074 730.20184516906738 71.525306820869446 470.06680870056152 1017.4759654998779 521.83822917938232 140.84857749938965 223.06955671310425 1658.6061699390411 472.38958823680878 445.08501005172729 352.19034099578857 471.87606430053711 33.34523993730545 304.79548931121826 1140.1546962857246 46.311632394790649 39.933125257492065 30.853718400001526
leaf_count=18 439 22 16 27 27 26 8 25 16 27 17 62 18 20 23 17 12 29 189 531 54 37 15 16 20 1280 49 26 33
internal_value=0.00143178 0.0130754 -0.0834652 0.0289181 0.0228192 0.0290583 -0.00290413 -0.0932449 -0.00421157 0.0190332 0.00714333 0.0138415 -0.03901 0.00636229 0.00988117 0.00665387 -0.00875844 -0.00951105 -0.00759172 -0.0975672 -0.0223519 -0.0125491 0.000463811 -0.0805458 -0.00399001 -0.0984669 -0.0955015 -0.0692528 -0.1
internal_weight=17366.2 15271.7 2094.51 7668.68 5794.05 4180.55 7602.98 1898.96 7393.06 2709.64 2113.93 1577.4 140.17 1200.27 1688.3 1613.5 5279.13 5138.28 4470.13 1758.79 668.155 536.534 1091.66 68.6448 619.784 1729.64 589.488 86.2448 503.243
internal_count=3099 1087 2012 204 177 103 883 1994 875 76 152 99 59 82 50 74 723 711 628 1935 83 53 57 41 42 1919 639 75 564
is_linear=0
shrinkage=0.05


Tree=39
num_leaves=30
num_cat=0
split_feature=1 1 2 5 1 4 7 4 12 5 3 2 13 13 12 7 4 11 7 1 11 14 13 4 9 14 14 5 5
split_gain=6439.09 1406.65 760.298 331.294 284.413 230.417 208.589 174.653 166.627 138.179 124.077 64.9254 94.419 92.7253 54.4808 60.0318 43.7198 36.9349 46.655 40.4935 36.6326 31.1014 16.5414 16.0216 7.34946 3.43436 29.724 39.1519 2.27374e-13
threshold=1.0000000180025095e-35 121.46716965636368 1.0000000180025095e-35 1002.0000000000001 719.95542248557842 2.2456896551724141 48.500000000000007 14.133333333333335 60.523809523809526 740.00000000000011 3.3390804597701154 1.9998968223523457 1.2729166666666669 7.7619047619047628 5.8669797943991506 20.500000000000004 2.7537878787878793 625.00000000000011 25.500000000000004 64.122847560173511 1325.0000000000002 44.500000000000007 0.90238095238095251 1.0161290322580647 26.060965838079174 4.5000000000000009 3.5000000000000004 19.500000000000004 115.50000000000001
decision_type=10 10 8 10 10 10 10 10 10 10 8 8 8 10 10 10 8 10 10 10 8 10 10 8 10 8 10 10 10
left_child=2 8 -1 7 6 23 -5 20 9 17 -8 16 -13 -14 15 -7 -11 18 19 -2 21 22 -3 -4 -19 26 28 -28 -25
right_child=1 3 5 4 -6 14 10 -9 -10 11 -12 12 13 -15 -16 -17 -18 24 -20 -21 -22 -23 -24 25 -26 -27 27 -29 -30
leaf_value=0.010938189787431843 -0.011187139618941761 0.0035907726175733409 -0.051688414453651535 0.048759433536379106 0.049642150856900491 -0.10000000000000001 -0.00055391183965522732 0.040684317262143839 0.041370517757421316 0.0066599934438007248 0.025358695655534592 0.029042258330814998 -0.0037660776330397739 0.027920029679563026 0.014361390718900927 -0.015858745684944244 -0.018879631806272269 -0.015047044794447975 0.012674584220739632 0.0013760801835895704 0.019340673848592057 0.013080794068055858 -0.0091015448888690509 -0.10000000000000001 -0.02828223132437151 -0.10000000000000001 -0.10000000000000001 -0.031342434566800643 -0.10000000000000001
leaf_weight=195.41874504089355 3405.5535111427307 677.76639366149902 18.579214870929718 718.73377323150635 2029.2592067718506 37.860348045825958 652.44759845733643 477.73353290557861 208.01395225524902 300.41137027740479 1582.3501005172729 499.31826019287109 1008.908814907074 299.40641117095947 46.337909460067749 48.168425798416138 378.93384122848511 178.48839950561523 268.58796977996826 790.21888637542725 487.60866069793701 583.99462032318115 413.20356369018555 447.94176691770554 254.3775200843811 1101.6504155397415 44.052985489368439 39.277604103088379 29.883357465267181
leaf_count=18 534 33 13 15 21 36 24 10 8 25 38 28 83 14 10 14 39 24 25 71 18 22 23 527 32 1287 49 25 33
internal_value=0.00136208 0.0124711 -0.0827661 0.0276431 0.0352306 -0.092862 0.025329 0.0133238 -0.00276249 -0.00400573 0.0177935 0.00559222 0.0105448 0.00348525 -0.0293461 -0.0528884 -0.00758582 -0.00887989 -0.00752779 -0.00882102 0.00727962 0.00376845 -0.00121643 -0.0978623 -0.0228248 -0.0983782 -0.0951944 -0.0676385 -0.1
internal_weight=17224.5 15215.3 2009.17 7623.1 4982.79 1813.75 2953.53 2640.31 7592.22 7384.2 2234.8 2486.98 1807.63 1308.32 132.367 86.0288 679.345 4897.23 4464.36 4195.77 2162.57 1674.96 1090.97 1681.39 432.866 1662.81 561.156 83.3306 477.825
internal_count=3099 1087 2012 204 98 1994 77 106 883 875 62 189 125 97 60 50 64 686 630 605 96 78 56 1934 56 1921 634 74 560
is_linear=0
shrinkage=0.05


Tree=40
num_leaves=31
num_cat=0
split_feature=0 1 7 1 8 11 10 5 10 7 8 13 5 10 3 13 11 7 1 3 3 0 10 14 13 8 11 14 14 0
split_gain=6014.3 1446.13 904.11 293.721 259.291 240.267 176.137 213.72 140.458 129.836 116.949 104.696 59.2925 77.4558 132.56 53.6676 47.6483 45.9661 38.2184 32.3574 30.763 29.2064 25.5311 24.6795 22.7323 20.5762 14.2464 3.87793 29.073 0.792494
threshold=1.7201137539204654 322.86291197439868 16.500000000000004 73.279498752057563 0.91399564902102981 1215.0000000000002 5.6733333333333347 1002.0000000000001 13.226190476190478 61.500000000000007 3.2575757575757582 5.1702898550724647 522.50000000000011 4.7361111111111116 2.6598639455782318 2.4330357142857149 1025.0000000000002 18.500000000000004 46.794630242913804 3.0239316239316243 6.5358851674641159 11.761682116341138 2.8819444444444451 82.500000000000014 6.3095238095238102 11.926136363636365 85.000000000000014 4.5000000000000009 3.5000000000000004 7.8796376369867023
decision_type=10 10 10 10 8 10 8 10 10 10 8 10 10 8 10 10 10 10 10 8 10 10 8 10 10 8 8 8 10 10
left_child=2 3 4 10 -1 -3 7 -5 15 11 12 16 20 -14 -15 19 -8 18 26 -4 22 -20 -2 24 27 -19 -12 28 -6 -27
right_child=1 5 8 6 23 -7 9 -9 -10 -11 17 -13 13 14 -16 -17 -18 25 21 -21 -22 -23 -24 -25 -26 29 -28 -29 -30 -31
leaf_value=-0.022257841001669693 0.0027304013357661934 0.020419375603741144 -0.020472330705991228 0.0036022452112340177 -0.10000000000000001 0.04543412121260601 -0.00072147257235817346 0.039987531799893367 0.043938114329515887 -0.017669136353661335 -0.0044854069363222315 0.024870877791564577 -0.015947697257024322 0.027957571656484066 0.00095946155294215723 0.009153186395753219 0.019546098918253176 -0.039668799374782439 0.011923838793935257 -0.066483776304471512 0.014013260911173773 -0.0081771177754560564 -0.013848205659475277 -0.049141706656725764 -0.053048625804287514 -0.014959477739809155 -0.016608981247558885 -0.10000000000000001 -0.068194051343897652 -0.020297942995535039
leaf_weight=126.06812030076981 321.70923280715942 1412.3235359191895 82.581725120544434 662.95806789398193 433.399862408638 2996.8337554931641 1431.1080942153931 1031.5533056259155 110.269322514534 498.24715805053711 316.34754943847656 828.83471012115479 318.86576461791992 707.40890836715698 1272.5281448364258 78.033067762851715 363.68541812896729 176.27286720275879 314.29294204711914 71.115293145179749 162.22483825683594 425.17825555801392 834.91966199874878 26.856170237064362 28.29247909784317 127.66695094108582 1035.4811470508575 1060.6619138121605 86.125340342521667 152.63244390487671
leaf_count=32 38 35 16 38 536 39 102 24 10 25 55 29 38 44 106 16 16 22 29 32 14 57 122 20 15 20 199 1320 80 22
internal_value=0.0023957 0.0132334 -0.0769065 0.00352212 -0.091351 0.0374215 0.0127738 0.0257522 -0.0025128 0.00572937 -0.00370514 0.0101729 0.00207393 0.00692239 0.0106056 -0.0246166 0.00338542 -0.0119107 -0.00877272 -0.0417617 -0.00637709 0.000366269 -0.00923697 -0.0966774 -0.0974711 -0.0262839 -0.0137719 -0.0982665 -0.0947273 -0.0178665
internal_weight=17494.5 15391.1 2103.4 10981.9 1761.4 4409.16 4816.39 1694.51 341.999 3121.88 6165.53 2623.63 3617.66 2298.8 1979.94 231.73 1794.79 2547.87 2091.3 153.697 1318.85 739.471 1156.63 1635.34 1608.48 456.572 1351.83 1580.19 519.525 280.299
internal_count=3151 1074 2077 1000 2003 74 234 62 74 172 766 147 362 188 150 64 118 404 340 48 174 86 160 1971 1951 64 254 1936 616 42
is_linear=0
shrinkage=0.05


Tree=41
num_leaves=34
num_cat=0
split_feature=0 1 7 1 8 11 10 7 10 14 8 13 0 12 12 13 7 3 3 11 7 1 14 9 8 11 1 14 14 11 0 3 8
split_gain=5619.76 1340.13 878.91 278.176 255.572 223.349 160.317 117.347 111.754 107.311 98.8226 94.9475 81.7936 77.2152 62.244 56.5224 50.9059 97.5877 57.3229 43.0975 41.8839 35.9104 27.4649 19.0099 18.6318 7.30275 4.28779 3.85027 30.7361 2.02734 0.720895 4.54747e-13 2.27374e-13
threshold=1.0000000180025095e-35 322.86291197439868 16.500000000000004 73.279498752057563 0.57294832826747732 1215.0000000000002 5.6733333333333347 61.500000000000007 13.226190476190478 44.500000000000007 3.2575757575757582 5.1702898550724647 26.984380330494254 4.9583723836301159 1.093358737071312 9.1000000000000014 23.500000000000004 2.6352549889135259 4.9466571834992896 1025.0000000000002 18.500000000000004 26.892792739600683 58.500000000000007 26.979366987438389 11.926136363636365 235.00000000000003 21.255874085575257 4.5000000000000009 3.5000000000000004 265.00000000000006 7.8796376369867023 3.3390804597701154 1.0042372881355934
decision_type=10 10 10 10 8 10 8 10 10 10 8 10 10 10 8 10 10 10 10 10 10 10 10 10 8 8 10 8 10 10 10 8 8
left_child=2 3 4 10 -1 -3 9 11 13 12 15 19 -5 14 -4 16 18 -18 -2 -8 21 26 27 -23 -22 -24 -12 28 32 31 -26 -29 -6
right_child=1 5 8 6 22 -7 7 -9 -10 -11 20 -13 -14 -15 -16 -17 17 -19 -20 -21 24 23 25 -25 30 -27 -28 29 -30 -31 -32 -33 -34
leaf_value=-0.010480279840149738 -0.011761340805010484 0.019438967003088028 -0.0052963126517537595 -0.0028217342964389574 -0.10000000000000001 0.043612869853841503 -0.00068540067134004569 -0.016811944550722144 0.042148345774247996 0.038047630227408508 -0.025991698262307912 0.023700695345500705 0.027374174660381091 0.023187028514156091 -0.077171693744442105 0.0268730615979988 0.022439606386414387 -0.0020118313210795145 0.012979405459840701 0.018604363169794372 -0.037629302411862735 0.003513645465977325 -0.085130155395727755 -0.0086787890069454834 -0.014227437181660607 -0.052864669835836653 -0.015289219100326032 -0.10000000000000001 -0.067216526449498201 -0.082434631123333435 -0.01932288528546856 -0.10000000000000001 -0.10000000000000001
leaf_weight=91.478844165802002 1219.1511859893799 1409.452730178833 54.650066494941711 434.36213397979736 27.178876936435699 2966.673225402832 1431.1044759750366 497.48883724212646 109.23143911361694 788.4082612991333 108.26306700706482 826.33530616760254 463.65738964080811 63.24773645401001 67.111436128616333 205.6419620513916 578.95523071289062 1382.4404585361481 289.76868391036987 363.0080451965332 179.78345489501953 575.61850070953369 30.083513736724854 719.06806564331055 127.52766990661621 42.048266530036926 690.24744462966919 16.497559070587158 86.455473303794861 16.706857204437256 152.32587099075317 963.22745794057846 386.00124132633209
leaf_count=21 169 35 7 30 33 39 102 25 10 19 26 29 13 11 36 13 42 128 24 16 23 70 30 111 20 34 134 19 82 12 22 1262 504
internal_value=0.0022848 0.012414 -0.0775977 0.00312763 -0.0917175 0.035827 0.0121675 0.00545028 0.00204562 0.0245867 -0.00384498 0.00967673 0.0127687 -0.0216315 -0.044912 0.00140336 -0.000105909 0.00520563 -0.0070102 0.00321755 -0.0114023 -0.00840122 -0.0964564 -0.00325802 -0.0250696 -0.0663214 -0.0167403 -0.0979093 -0.0943272 -0.0997055 -0.0170009 -0.1 -0.1
internal_weight=17363.2 15409.3 1953.92 11033.2 1659.68 4376.13 4804.36 3117.94 294.241 1686.43 6228.79 2620.45 898.02 185.009 121.762 3675.96 3470.32 1961.4 1508.92 1794.11 2552.83 2093.2 1568.2 1294.69 459.637 72.1318 798.511 1496.07 499.636 996.432 279.854 979.725 413.18
internal_count=3151 1090 2061 1016 1997 74 234 172 64 62 782 147 43 54 43 376 363 170 193 118 406 341 1976 181 65 64 160 1912 619 1293 42 1281 537
is_linear=0
shrinkage=0.05


Tree=42
num_leaves=31
num_cat=0
split_feature=0 1 2 1 11 4 10 5 7 8 8 2 5 3 13 2 7 7 1 3 11 10 9 8 8 5 5 1 5 0
split_gain=5255.86 1221.45 1060.57 251.666 207.114 174.933 145.793 193.124 106.045 89.3167 86.8567 60.3628 76.8906 74.6585 49.1213 48.0729 41.8573 38.0791 32.4925 23.8611 29.7606 17.3842 17.1629 17.1321 16.7563 4.05534 70.9445 3.90893 2.04302 0.655276
threshold=1.0000000180025095e-35 322.86291197439868 1.0000000180025095e-35 73.279498752057563 1215.0000000000002 2.2456896551724141 5.6733333333333347 1002.0000000000001 61.500000000000007 3.2575757575757582 2.2353266888150611 1.999259664464901 430.50000000000006 2.9718750000000003 2.633399701343953 3.9498897123879444 20.500000000000004 18.500000000000004 26.892792739600683 0.76363636363636378 685.00000000000011 2.018518518518519 26.979366987438389 11.926136363636365 0.66410256410256419 19.500000000000004 20.500000000000004 21.255874085575257 83.500000000000014 7.8796376369867023
decision_type=10 10 8 10 10 10 8 10 10 8 10 8 10 10 10 8 10 10 10 10 10 8 10 8 8 10 10 10 10 10
left_child=2 3 -1 9 -3 21 7 -5 10 11 15 19 24 -14 16 -8 -7 18 27 -2 -21 -4 -20 -19 -13 -23 -27 -11 -28 -25
right_child=1 4 5 6 -6 14 8 -9 -10 17 -12 12 13 -15 -16 -17 -18 23 22 20 -22 25 -24 29 -26 26 28 -29 -30 -31
leaf_value=0.016929279091008075 -0.021259460708071602 0.018502004954257766 -0.047293487641297004 0.0024336441175935057 0.041830332738689566 -0.10000000000000001 0.013283597131798273 0.037135672245736072 -0.015993969093764895 -0.024775870644709472 0.022466996901310165 0.0036910528479182133 0.023081591821884045 0.00249829467943376 0.0045324723947562044 -0.0035886716437451764 -0.022522254161211289 -0.036002923258913931 0.0033381692021146104 0.0037681499159202877 -0.012808065786721754 -0.10000000000000001 -0.0082479586043457381 -0.013529770799671033 -0.01619984102796216 -0.032535421422641424 -0.10000000000000001 -0.014541769044012311 -0.09461686570522912 -0.018391103628076357
leaf_weight=260.21157217025757 244.91696929931641 1406.8562984466553 17.764270067214966 661.61831665039062 2939.162073135376 34.266286134719849 689.2539644241333 1017.5345325469971 496.80334568023682 107.9065043926239 838.79881381988525 146.83772683143616 753.94387531280518 1059.8130311965942 49.524890303611755 1089.5163507461548 35.484527468681335 178.54236793518066 575.58385610580444 578.92321991920471 508.71327209472656 652.49522006511688 718.80402708053589 127.4018223285675 379.57684135437012 43.447773396968842 518.57386082410812 689.46084642410278 267.00601655244827 152.04860353469849
leaf_count=23 37 35 15 38 39 38 39 24 25 26 26 16 56 89 13 82 12 23 70 64 56 891 111 20 58 39 708 134 322 22
internal_value=0.00217769 0.0118321 -0.0767628 0.00297652 0.0342787 -0.0918254 0.0115869 0.0234624 0.00518412 -0.00365658 0.00920363 0.00133467 0.00617171 0.0110544 -0.0335471 0.00294915 -0.0605845 -0.0108461 -0.00798694 -0.00715991 -0.00398494 -0.0964618 -0.00309588 -0.0239045 -0.0106515 -0.0970513 -0.0947306 -0.0159267 -0.0981704 -0.0161748
internal_weight=17240.8 15362 1878.77 11016 4346.02 1618.56 4793.53 1679.15 3114.37 6222.47 2617.57 3672.72 2340.17 1813.76 119.276 1778.77 69.7508 2549.75 2091.76 1332.55 1087.64 1499.29 1294.39 457.993 526.415 1481.52 829.028 797.367 785.58 279.45
internal_count=3151 1090 2061 1016 74 2038 234 62 172 782 147 376 219 145 63 121 50 406 341 157 120 1975 181 65 74 1960 1069 160 1030 42
is_linear=0
shrinkage=0.05


Tree=43
num_leaves=30
num_cat=0
split_feature=1 1 2 1 11 4 6 11 10 11 10 10 13 12 12 13 12 4 10 3 1 14 9 3 14 10 14 14 3
split_gain=4914.37 1112.32 1027.58 227.657 191.621 176.848 149.262 216.903 78.5723 99.8815 66.3876 117.554 54.7966 54.0626 53.6894 49.1611 48.6545 44.0759 42.2104 143.896 72.5436 38.8764 38.2036 34.3394 32.2303 19.0676 5.21649 35.0336 4.54747e-13
threshold=1.0000000180025095e-35 322.86291197439868 1.0000000180025095e-35 73.279498752057563 1215.0000000000002 2.2456896551724141 25.024309711866778 895.00000000000011 5.7379862700228843 435.00000000000006 9.3035714285714306 8.3693181818181834 16.541666666666668 5.8669797943991506 3.5283687943262416 5.1702898550724647 12.237356321839082 3.3100961538461542 4.7361111111111116 2.6598639455782318 26.767612730048825 39.500000000000007 24.474185795250719 3.3704850361197116 82.500000000000014 2.018518518518519 4.5000000000000009 3.5000000000000004 0.96153846153846168
decision_type=10 10 8 10 10 10 10 8 8 10 8 10 10 10 8 10 10 10 10 10 10 8 10 8 10 8 8 10 10
left_child=2 3 -1 10 -3 24 7 -5 14 15 11 18 16 17 23 -10 22 -7 20 -20 -2 -11 -12 -8 25 -4 27 -27 -28
right_child=1 4 5 6 -6 13 8 -9 9 21 12 -13 -14 -15 -16 -17 -18 -19 19 -21 -22 -23 -24 -25 -26 26 28 -29 -30
leaf_value=0.016105914904242381 0.0087524050007758633 0.017607066396293173 -0.045437301452740234 0.0067960702241293544 0.04008981130857206 -0.020672874467457403 5.5128668787168377e-05 0.055244973861413152 0.0055999629049519129 0.00043039085247277066 -0.012651520059184851 0.037874616975557024 0.017039261717576693 0.0088109426122618458 0.029436892156156625 0.028584979101386805 -0.031014297635738448 -0.10000000000000001 0.035951978739684559 -0.0058904482425174952 -0.021398091471779804 -0.016904295475454318 -0.002501020006113951 0.019674060395522476 -0.040098809123437718 -0.10000000000000001 -0.10000000000000001 -0.064077324682823789 -0.10000000000000001
leaf_weight=259.84800434112549 344.68491411209106 1404.5084552764893 17.57055401802063 503.95116233825684 2914.0886993408203 35.04975038766861 493.93798446655273 426.54443454742432 844.11050128936768 646.12487411499023 1684.1945073604584 226.89075374603271 223.22204637527466 47.469860255718231 493.19982147216797 321.13714027404785 224.78926610946655 34.992196500301361 293.86042213439941 683.13412141799927 473.65339088439941 647.63901138305664 2061.7751412391663 406.67512321472168 25.157449007034302 373.67357409000397 904.96776002645493 82.935342907905579 25.793577134609222
leaf_count=23 40 35 15 32 39 19 27 10 57 34 273 10 17 12 11 11 30 32 16 70 64 37 262 15 19 532 1302 83 24
internal_value=0.0020744 0.0112749 -0.0758996 0.0028325 0.0327779 -0.0913476 0.0110326 0.0290053 0.00669206 0.00131634 -0.00347744 0.00396387 -0.00706544 -0.0323844 0.0161761 0.0119345 -0.00842052 -0.0603038 -0.0003217 0.00669492 -0.00869867 -0.0082471 -0.0070647 0.00891413 -0.0961926 -0.0971971 -0.0978526 -0.0934752 -0.1
internal_weight=17125.6 15318.1 1807.46 10999.5 4318.6 1547.61 4783.32 930.496 3852.82 2459.01 6216.2 2022.22 4193.98 117.512 1393.81 1165.25 3970.76 70.0419 1795.33 976.995 818.338 1293.76 3745.97 900.613 1430.1 1404.94 1387.37 456.609 930.761
internal_count=3151 1090 2061 1016 74 2038 234 42 192 139 782 200 582 63 53 68 565 51 190 86 104 71 535 42 1975 1956 1941 615 1326
is_linear=0
shrinkage=0.05


Tree=44
num_leaves=36
num_cat=0
split_feature=1 1 12 10 1 14 6 7 10 5 8 10 5 7 12 8 13 10 10 6 8 14 7 14 1 5 5 8 13 14 14 5 12 14 5
split_gain=4594.1 1011.95 833.751 231.156 206.013 191.182 136.371 236.999 97.2601 93.3579 75.0725 71.1108 86.2693 81.994 58.7885 93.6354 48.1748 47.0046 114.736 51.885 44.4685 35.0727 34.3163 32.1138 29.1222 16.4152 15.8366 15.3448 8.82785 6.42155 42.319 48.5313 6.38546 0.54458 4.54747e-13
threshold=1.0000000180025095e-35 322.86291197439868 8.1860198624904523 13.226190476190478 73.279498752057563 27.500000000000004 25.024309711866778 43.500000000000007 7.021739130434784 183.50000000000003 3.2575757575757582 5.7379862700228843 1002.0000000000001 61.500000000000007 5.4389592123769352 0.62491189777868728 7.0113636363636376 9.3035714285714306 8.3693181818181834 27.094226881979388 0.21527777777777782 12.500000000000002 18.500000000000004 82.500000000000014 46.794630242913804 384.50000000000006 1014.0000000000001 11.926136363636365 7.0113636363636376 4.5000000000000009 3.5000000000000004 19.500000000000004 0.81608893557422979 24.500000000000004 379.50000000000006
decision_type=10 10 8 10 10 8 10 10 10 10 8 8 10 10 10 10 10 10 10 10 8 10 10 10 10 10 10 8 8 8 10 10 8 10 10
left_child=2 4 3 9 10 -3 7 -6 -7 20 16 12 -8 21 15 -11 17 18 -2 -19 -1 -13 24 29 28 -26 -17 -24 -12 30 -4 -32 -22 -29 -31
right_child=1 5 23 -5 6 8 11 -9 -10 14 22 13 -14 -15 -16 26 -18 19 -20 -21 32 -23 27 -25 25 -27 -28 33 -30 34 31 -33 -34 -35 -36
leaf_value=-0.021603505511456841 -0.00091892618294395028 0.015218362295279909 -0.10000000000000001 0.0482663917348118 0.0056787711818821396 0.030244184295727856 -0.00056025543870789321 0.056799337907233419 0.048362226426986885 0.0011849937954325487 0.0012883289918552891 -0.0069707188759223181 0.025115031269176476 -0.01772461476315176 0.025002173575946363 -0.078611696494477412 0.020596526035994257 -0.03101267939237734 0.036241016955741771 0.0019052871268616064 -0.066039914670998207 0.0091324078397484795 -0.033849707695157265 -0.041787284265531237 -0.0044761671195556107 0.011338504292043344 -0.036087259302728963 -0.012929405253136581 -0.012829230175200997 -0.10000000000000001 -0.10000000000000001 -0.01845747736849436 -0.10000000000000001 -0.017354454398754791 -0.10000000000000001
leaf_weight=29.365220904350281 2662.5420892238617 1289.1236171722412 325.89642077684402 101.2028716802597 524.95224380493164 1679.1361656188965 526.30372333526611 399.08270835876465 1325.3810997009277 102.75437968969345 121.69769930839539 431.47321605682373 864.65828609466553 462.14803218841553 55.977322340011597 73.69518905878067 296.51387882232666 245.02460622787476 225.30398273468018 234.0503044128418 17.429823040962219 1563.0791921615601 176.95531606674194 26.411407113075256 492.7541127204895 246.00054979324341 31.1474449634552 146.76958870887756 1228.9889795780182 815.46950715780258 35.340511322021484 37.725794672966003 67.241919696331024 132.11624002456665 20.02162504196167
leaf_count=8 294 29 493 8 34 29 29 8 16 16 19 33 24 24 11 60 22 31 10 19 8 82 23 19 62 24 9 23 236 1241 48 26 95 19 19
internal_value=0.00197595 0.0107445 -0.0750102 -0.0188402 0.00269673 0.0313256 0.0105089 0.0277573 0.0382366 -0.0368253 -0.0033073 0.00636663 0.0154002 0.00125192 -0.0204724 -0.0327344 0.00127552 -0.000426019 0.00198022 -0.0149307 -0.0746218 0.00564889 -0.00990338 -0.0963408 -0.00719167 0.000790017 -0.0659782 -0.0223331 -0.0115572 -0.097508 -0.0922894 -0.0578977 -0.0930093 -0.0150257 -0.1
internal_weight=17013.7 15274.1 1739.68 478.814 10980.4 4293.64 4771.7 924.035 3004.52 377.611 6208.72 3847.66 1390.96 2456.7 263.574 207.597 3663.43 3366.92 2887.85 479.075 114.037 1994.55 2545.28 1260.87 2089.44 738.755 104.843 455.841 1350.69 1234.45 398.963 73.0663 84.6717 278.886 835.491
internal_count=3151 1090 2061 215 1016 74 234 42 45 207 782 192 53 139 96 85 376 354 304 50 111 115 406 1846 341 86 69 65 255 1827 567 74 103 42 1260
is_linear=0
shrinkage=0.05


Tree=45
num_leaves=24
num_cat=0
split_feature=0 2 1 1 7 5 3 13 14 13 13 1 4 6 11 3 10 10 0 14 14 5 4
split_gain=4190.2 825.668 743.614 374.814 215.988 173.006 195.372 159.866 103.028 98.8165 87.4453 75.2954 63.0327 45.7451 54.5686 43.2316 25.8418 21.6789 18.3796 5.9933 39.724 44.6695 4.54747e-13
threshold=1.0000000180025095e-35 1.0000000180025095e-35 1946.4237341431078 73.279498752057563 16.500000000000004 1331.5000000000002 3.1837500000000003 1.1440092165898619 94.500000000000014 5.1702898550724647 16.541666666666668 26.015946813521879 7.4142857142857155 33.053991999563166 1375.0000000000002 3.9600000000000004 3.5058139534883725 2.018518518518519 3.4332581516778671 4.5000000000000009 3.5000000000000004 19.500000000000004 2.4815546772068515
decision_type=10 8 10 10 10 10 10 10 10 10 10 10 10 10 10 10 8 8 10 8 10 10 10
left_child=1 -1 3 10 17 8 -7 -8 9 15 11 16 -6 14 -13 -5 -2 -3 -18 20 -19 -22 -21
right_child=2 4 -4 5 12 6 7 -9 -10 -11 -12 13 -14 -15 -16 -17 18 19 -20 22 21 -23 -24
leaf_value=0.012459328238309735 -0.0003639550432668711 -0.039216465135993278 0.049035060357664258 0.0024500538017372202 -0.056773225935772026 -0.0005192201812770727 0.045403396454334111 0.018393921801620177 0.026854029190933132 0.018999649331304679 0.027970440664872722 -0.0023399934702420717 0.019967551910309949 -0.025063722443642918 0.021456028634000653 -0.011253980094576619 -0.026973632179857168 -0.10000000000000001 -0.013910427440785109 -0.10000000000000001 -0.10000000000000001 -0.024777093583615243 -0.10000000000000001
leaf_weight=223.22152328491211 272.26576948165894 16.125181794166565 1025.145393371582 2334.1438913345337 61.737562000751495 773.47718715667725 873.44943714141846 1469.6832103729248 516.06558418273926 778.33039951324463 199.28150177001953 3519.7065949440002 47.226851463317871 203.21076822280884 258.62333631515503 763.82585525512695 358.44732427597046 348.06770396232605 1082.2180128097534 828.84612661600113 37.819041013717651 41.274366557598114 15.124084353446959
leaf_count=21 35 15 9 131 37 26 15 37 17 27 13 417 8 25 14 41 62 547 190 1314 54 30 19
internal_value=-0.000568524 -0.0768299 0.00799136 0.00485201 -0.091105 0.0122598 0.0212697 0.0284622 0.0058668 0.0030727 -0.00458589 -0.00572522 -0.0235126 -0.00195409 -0.000711177 -0.00092877 -0.0144909 -0.0968266 -0.0171606 -0.0975575 -0.0927316 -0.0607454 -0.1
internal_weight=16047.3 1619.44 14427.9 13402.7 1396.22 7508.98 3116.61 2343.13 4392.37 3876.3 5893.75 5694.47 108.964 3981.54 3778.33 3097.97 1712.93 1287.26 1440.67 1271.13 427.161 79.0934 843.97
internal_count=3104 2045 1059 1050 2024 294 78 52 216 199 756 743 45 456 431 172 287 1979 252 1964 631 84 1333
is_linear=0
shrinkage=0.05


Tree=46
num_leaves=20
num_cat=0
split_feature=0 2 0 5 7 8 5 0 13 8 14 5 4 8 10 14 14 5 4
split_gain=3927.87 802.915 607.71 233.499 217.564 143.704 128.605 154.958 88.4758 82.3498 70.9411 77.9755 57.8706 54.0507 22.6393 6.41872 41.5663 44.8024 4.54747e-13
threshold=1.0000000180025095e-35 1.0000000180025095e-35 165.21903515265777 1331.5000000000002 16.500000000000004 11.926136363636365 1592.0000000000002 76.714862470950365 27.300000000000004 1.1975051975051978 44.500000000000007 413.00000000000006 7.4142857142857155 3.2575757575757582 2.018518518518519 4.5000000000000009 3.5000000000000004 19.500000000000004 2.326713159490601
decision_type=10 8 10 10 10 10 10 10 10 8 10 10 10 10 8 8 10 10 10
left_child=1 -1 3 5 14 8 -5 9 10 -8 13 -12 -6 -2 -3 16 -16 -18 -17
right_child=2 4 -4 6 12 -7 7 -9 -10 -11 11 -13 -14 -15 15 18 17 -19 -20
leaf_value=0.011845563504334598 -0.0035436128142919197 -0.03754456160682914 0.035812345130242527 0.031271795358227217 -0.054818545114424147 0.029253565127690347 0.010607395065454595 0.029951217809854987 0.028971350116621903 -0.013562551537497209 -0.0095961629800407327 0.011102962070116986 0.019007096260926511 -0.024449283936117505 -0.10000000000000001 -0.10000000000000001 -0.10000000000000001 -0.023610774251545168 -0.10000000000000001
leaf_weight=223.05259466171265 6420.1797304153442 16.00427657365799 1686.408821105957 949.98137331008911 60.767342388629913 405.15193176269531 801.28524875640869 617.25988388061523 237.32749652862549 629.09286975860596 620.66611075401306 1704.4019629955292 47.135057926177979 324.82425785064697 331.09223836660385 787.80456852912903 35.974583983421326 41.150838375091553 15.004729747772215
leaf_count=21 687 15 20 30 37 15 35 10 6 34 90 100 8 32 547 1313 54 30 20
internal_value=-0.000551114 -0.0759655 0.00761017 0.00386825 -0.0906377 0.000103308 0.016067 0.00901289 -0.00116561 -2.27599e-05 -0.00195417 0.00557743 -0.0225693 -0.00455038 -0.0966235 -0.0974043 -0.0922995 -0.059242 -0.1
internal_weight=15954.6 1557.99 14396.6 12710.2 1334.93 9712.55 2997.62 2047.64 9307.4 1430.38 9070.07 2325.07 107.902 6745 1227.03 1211.03 408.218 77.1254 802.809
internal_count=3104 2045 1059 1039 2024 930 109 79 915 69 909 190 45 719 1979 1964 631 84 1333
is_linear=0
shrinkage=0.05


Tree=47
num_leaves=19
num_cat=0
split_feature=0 2 0 7 5 8 5 0 8 13 6 5 4 12 4 5 5 5
split_gain=3680.56 780.62 553.125 219.049 211.476 130.246 117.044 141.057 118.076 80.1633 64.7659 54.8957 53.0706 35.798 21.6321 3.93414 107.954 2.27374e-13
threshold=1.0000000180025095e-35 1.0000000180025095e-35 165.21903515265777 16.500000000000004 1331.5000000000002 11.926136363636365 1592.0000000000002 69.807583903067822 1.1975051975051978 27.300000000000004 24.426499584019187 384.50000000000006 7.4142857142857155 0.90037205456800351 1.0161290322580647 20.500000000000004 19.500000000000004 15.500000000000002
decision_type=10 8 10 10 10 10 10 10 8 10 10 10 10 8 8 8 10 10
left_child=1 -1 4 14 5 9 -6 8 -8 10 13 -12 -5 -2 -3 16 17 -16
right_child=2 3 -4 12 6 -7 7 -9 -10 -11 11 -13 -14 -15 15 -17 -18 -19
leaf_value=0.011261193905419478 0.014402646105398657 -0.040719168646549314 0.034241473296418974 -0.052872534430848467 0.029854298137806975 0.027910407999587657 0.011797964128006488 0.02675594902512661 -0.018207953785879739 0.0276388679836236 -0.006267727169357775 0.0033226738206743617 0.018089445367542322 -0.011587919410821388 -0.10000000000000001 -0.10000000000000001 -0.0093004336504861167 -0.10000000000000001
leaf_weight=222.90001249313354 142.55052089691162 17.180853009223938 1675.8643255233765 59.877003490924835 945.45224809646606 403.4616231918335 773.96078968048096 701.15806579589844 568.81597900390625 236.35636901855469 2144.7145600318909 4903.8122391700745 47.05204176902771 1876.3521771430969 433.53810346126556 609.01544284820557 35.069744765758514 74.949747204780579
leaf_count=21 13 16 20 37 30 15 34 12 33 6 275 347 8 274 758 1041 32 132
internal_value=-0.000534377 -0.0750747 0.00724293 -0.0901483 0.00367932 9.83565e-05 0.0153075 0.00857872 -0.000912894 -0.00110772 -0.00185705 0.000404522 -0.0216471 -0.00975278 -0.0964101 -0.0972403 -0.0941482 -0.1
internal_weight=15872.1 1499.58 14372.5 1276.68 12696.6 9707.25 2989.39 2043.93 1342.78 9303.79 9067.43 7048.53 106.929 2018.9 1169.75 1152.57 543.558 508.488
internal_count=3104 2045 1059 2024 1039 930 109 79 67 915 909 622 45 287 1979 1963 922 890
is_linear=0
shrinkage=0.05


Tree=48
num_leaves=24
num_cat=0
split_feature=0 2 1 1 7 5 3 13 14 13 13 1 4 6 11 3 4 7 13 14 14 5 5
split_gain=3448.03 758.937 602.36 286.139 220.516 125.603 170.6 148.155 88.1166 82.0148 76.6917 65.2026 48.6154 41.7247 49.8033 38.4081 22.6458 20.4856 21.3928 7.3589 46.5916 49.0406 2.27374e-13
threshold=1.0000000180025095e-35 1.0000000180025095e-35 1946.4237341431078 73.279498752057563 16.500000000000004 1331.5000000000002 3.1837500000000003 1.1440092165898619 94.500000000000014 5.1702898550724647 16.541666666666668 26.015946813521879 7.4142857142857155 33.053991999563166 1375.0000000000002 3.7089371980676336 1.0161290322580647 57.500000000000007 1.4621428571428574 4.5000000000000009 3.5000000000000004 19.500000000000004 5.5000000000000009
decision_type=10 8 10 10 10 10 10 10 10 10 10 10 10 10 10 10 8 10 10 8 10 10 10
left_child=1 -1 3 10 16 8 -7 -8 9 15 11 17 -6 14 -13 -5 -3 18 -2 20 22 -22 -18
right_child=2 4 -4 5 12 6 7 -9 -10 -11 -12 13 -14 -15 -16 -17 19 -19 -20 -21 21 -23 -24
leaf_value=0.010704928097358547 -0.00877510374027155 -0.039006823033356348 0.044381963816423904 0.0022123816483157074 -0.050941391843217956 -0.0020114782228905551 0.041655250025065135 0.015430408450685114 0.024634312215989624 0.017142228356671781 0.026414558306888325 -0.0020761825441317707 0.017213160537170865 -0.023813970314271071 0.020678539152941711 -0.01052453403359313 -0.10000000000000001 -0.032528019335406048 -0.022939308262804714 -0.10000000000000001 -0.10000000000000001 -0.016518103425198643 -0.10000000000000001
leaf_weight=222.76221132278442 1241.0310127735138 17.041970491409302 997.01376342773438 2300.1648740768433 59.06089848279953 773.12256717681885 854.18359661102295 1457.4895725250244 512.46201324462891 772.83691501617432 198.31453895568848 3517.5468182563782 46.976981520652771 202.56579542160034 258.11176681518555 796.954514503479 182.19355410337448 129.15941524505615 339.50301551818848 729.35462009906769 32.551150619983673 38.279394626617432 115.6782301068306
leaf_count=21 211 16 9 129 37 26 15 37 17 27 13 417 8 25 14 43 336 19 57 1337 54 28 208
internal_value=-0.000518037 -0.0741674 0.00689233 0.00409323 -0.0896499 0.0105915 0.0183208 0.0251207 0.00515094 0.00257094 -0.00415047 -0.00521615 -0.0207475 -0.00170669 -0.000520623 -0.0010651 -0.0962021 -0.0133822 -0.0118176 -0.0970897 -0.0913327 -0.0548834 -0.1
internal_weight=15794.4 1443.9 14350.5 13353.4 1221.14 7467.21 3084.8 2311.67 4382.42 3869.96 5886.23 5687.92 106.038 3978.22 3775.66 3097.12 1115.1 1709.69 1580.53 1098.06 368.702 70.8305 297.872
internal_count=3104 2045 1059 1050 2024 294 78 52 216 199 756 743 45 456 431 172 1979 287 268 1963 626 82 544
is_linear=0
shrinkage=0.05


Tree=49
num_leaves=31
num_cat=0
split_feature=0 12 1 1 10 12 4 5 5 9 2 13 13 2 1 12 12 11 10 3 12 13 2 10 11 10 5 5 5 5
split_gain=3228.86 738.7 550.453 258.708 198.476 117.317 150.148 114.189 77.9937 74.7734 85.8049 69.4034 68.2234 60.6512 58.9521 50.7047 103.078 45.3041 37.0446 54.1796 36.8478 54.7544 24.568 23.2336 20.2627 17.0708 4.41287 114.472 4.54747e-13 2.27374e-13
threshold=1.0000000180025095e-35 7.1872946330777667 1946.4237341431078 73.279498752057563 13.226190476190478 2.3784090909090914 2.9715045592705169 1364.5000000000002 183.50000000000003 28.68064830214059 12.996635807538174 16.541666666666668 1.6826797385620917 1.0000000180025095e-35 26.015946813521879 5.5461647727272743 3.187513028976444 1065.0000000000002 5.0787878787878791 3.6339712918660294 5.4806046013911187 1.0000000180025095e-35 6.3589094587099657 6.9807692307692317 325.00000000000006 3.5058139534883725 20.500000000000004 19.500000000000004 17.500000000000004 708.50000000000011
decision_type=10 8 10 10 10 10 10 10 10 10 8 10 10 8 10 10 10 8 10 8 8 10 8 10 10 8 8 10 10 10
left_child=1 4 3 11 8 18 7 12 13 10 -8 14 -7 -1 23 16 -16 -17 19 -5 21 -10 -21 25 -23 -2 27 28 -3 -28
right_child=2 26 -4 5 -6 6 9 -9 20 -11 -12 -13 -14 -15 15 17 -18 -19 -20 22 -22 24 -24 -25 -26 -27 29 -29 -30 -31
leaf_value=-0.027627118243162541 0.0005291934347327838 -0.10000000000000001 0.042582546934088666 -0.018663141887669901 0.050537717918393205 0.0030769752504433675 0.0035547647536953286 0.038088862259774162 0.026162796043492309 -0.0088512370128193529 0.023427323770793484 0.025181751731144848 0.026739423637780143 -0.10000000000000001 -0.0038800652820928754 -0.027178392841080846 0.017309344296574655 0.0031408805828579537 0.010304177315271569 0.011815126290789069 0.035779111266047603 -0.066123266967807653 -0.0028671879865536749 -0.030726744263567175 -0.025720827302848887 -0.013268045346968453 -0.10000000000000001 -0.0044803319948963603 -0.10000000000000001 -0.10000000000000001
leaf_weight=52.716676235198975 272.09300231933594 413.12599784135818 987.43905258178711 416.84480285644531 86.472051382064819 625.34913063049316 1427.6206426620483 899.30245208740234 40.502191066741943 588.64667797088623 876.77667140960693 197.63997030258179 593.92898750305176 64.206943154335022 2719.8030061721802 334.86696863174438 727.45327425003052 194.92912292480469 754.93957710266113 430.95160388946533 29.234747409820557 48.182250440120697 840.81207466125488 162.27096080780029 87.188840985298157 1273.326425075531 489.89733880758286 33.732725977897644 33.836138486862183 12.000272274017332
leaf_count=8 35 803 9 23 5 26 49 15 7 25 24 13 16 107 350 40 51 15 31 22 5 39 63 23 32 229 935 31 66 7
internal_value=-0.000501701 -0.0732279 0.00656072 0.00389386 -0.0167193 0.0100795 0.0144592 0.0245725 -0.0347792 0.00705317 0.0111159 -0.00394566 0.0146033 -0.0673697 -0.00495832 -0.00162185 0.000591405 -0.016023 0.00109692 -0.00301944 -0.0162007 -0.0248411 0.00210808 -0.0127287 -0.0401012 -0.0108388 -0.0967208 -0.0932969 -0.1 -0.1
internal_weight=15716.1 1391.1 14325 13337.6 408.504 7455.17 5011.62 2118.58 322.032 2893.04 2304.4 5882.38 1219.28 116.924 5684.74 3977.05 3447.26 529.796 2443.55 1688.61 205.108 175.873 1271.76 1707.69 135.371 1545.42 982.592 480.695 446.962 501.898
internal_count=3104 2045 1059 1050 203 294 155 57 198 98 73 756 42 115 743 456 401 55 139 108 83 78 85 287 71 264 1842 900 869 942
is_linear=0
shrinkage=0.05


Tree=50
num_leaves=24
num_cat=0
split_feature=0 2 1 12 2 12 11 14 12 8 11 8 5 8 8 13 1 8 5 14 14 5 5
split_gain=2955.5 905.532 520.027 295.704 209.422 262.031 154.035 114.259 112.094 71.5764 51.7012 47.0369 49.4635 39.6115 35.2677 26.3054 20.7386 15.3867 15.0946 8.59561 54.767 53.6485 2.27374e-13
threshold=1.0000000180025095e-35 1.0000000180025095e-35 118.25143109837965 2.0628040973111399 1.7064257610891533 3.4984716157205242 255.00000000000003 96.500000000000014 60.523809523809526 1.4360062893081762 545.00000000000011 0.42688413948256471 2238.5000000000005 0.64313399778516078 2.8038277511961724 1.0000000180025095e-35 317.96099458515647 1.2315462315462318 522.50000000000011 4.5000000000000009 3.5000000000000004 19.500000000000004 32.500000000000007
decision_type=10 8 10 10 8 10 10 10 10 10 10 8 10 8 8 8 10 10 10 8 10 10 10
left_child=1 -1 8 16 -5 -6 15 9 11 -7 17 -2 13 -13 -15 -3 18 -8 -4 20 22 -22 -17
right_child=2 6 3 4 5 7 10 -9 -10 -11 -12 12 -14 14 -16 19 -18 -19 -20 -21 21 -23 -24
leaf_value=0.011332779028430441 0.016684558194324 -0.029691589890855116 -0.003948460498463458 -2.5230037689693324e-07 0.040378473892457259 -0.0020799652740559785 -0.032569051325697658 0.032508293487056479 0.036388070020746462 0.017367048508634169 -0.080220896069830072 -0.027724643076746387 0.021219523390047124 -0.00023899075111192232 -0.0075038679513587479 -0.10000000000000001 -0.0092219093830334543 0.014005830854745251 0.0089444348031648309 -0.10000000000000001 -0.10000000000000001 -0.0060960385728307739 -0.10000000000000001
leaf_weight=279.79128551483154 307.53545522689819 14.879311263561249 450.68929576873779 889.50881195068359 1985.0629081726074 728.15785121917725 33.527093082666397 829.18221664428711 190.37898540496826 1351.0941133499146 37.913756310939789 171.43931102752686 200.19721078872681 3851.963695526123 2949.8940224647522 211.60740798711777 637.0265998840332 37.642696857452393 457.43240928649902 648.86041623353958 27.271765470504761 34.390082359313965 50.49190628528595
leaf_count=26 25 13 32 31 32 22 28 13 7 35 24 25 10 382 437 431 21 12 24 1315 50 24 100
internal_value=0.00116535 -0.0689564 0.0075998 0.0171252 0.0223169 0.0263736 -0.0894421 0.016815 -0.00149941 0.0105567 -0.0330591 -0.00246358 -0.00328448 -0.00398797 -0.00338969 -0.0956704 -0.0023057 -0.00793495 0.00254585 -0.0966797 -0.0900255 -0.0476278 -0.1
internal_weight=16375.9 1376.38 14999.6 7328.15 5783.01 4893.5 1096.58 2908.43 7671.41 2079.25 109.084 7481.03 7173.49 6973.3 6801.86 987.501 1545.15 71.1698 908.122 972.622 323.761 61.6618 262.099
internal_count=3119 2023 1096 210 133 102 1997 70 886 57 64 879 854 844 819 1933 77 40 56 1920 605 74 531
is_linear=0
shrinkage=0.05


Tree=51
num_leaves=29
num_cat=0
split_feature=0 12 6 8 11 1 1 4 10 8 9 12 13 13 10 12 8 8 3 7 13 11 12 3 1 13 7 3
split_gain=2758.73 838.575 481.604 176.435 158.39 118.008 115.379 97.552 141.187 95.7141 82.1381 62.8676 75.0677 70.0329 62.0134 51.4981 35.4002 90.6121 41.9531 40.9029 29.2492 27.4847 28.6911 24.8492 22.1177 6.43903 0.963035 2.84217e-14
threshold=1.0000000180025095e-35 8.1860198624904523 106.89189547148921 1.1064777327935225 235.00000000000003 48.583168071608107 1145.7767760826366 2.9142903965912823 7.6237373737373746 0.69855081071449787 25.509811638181205 4.5276874568923056 11.273809523809526 6.0400000000000009 12.612500000000002 3.488033921231986 1.3401360544217689 2.3094017094017096 12.366666666666669 57.500000000000007 6.7750000000000012 1075.0000000000002 2.8329669496664649 1.5342723004694838 108.27718824197287 2.9726027397260277 1.0000000180025095e-35 1.8637566137566142
decision_type=10 8 10 10 10 10 10 8 8 10 10 10 8 8 8 10 10 10 8 10 8 10 10 10 10 10 8 8
left_child=1 4 5 6 9 16 -4 8 10 -1 -7 15 13 -13 23 24 19 18 -18 21 -19 22 -2 -6 -9 27 -3 -11
right_child=2 26 3 -5 14 7 -8 11 -10 25 -12 12 -14 -15 -16 -17 17 20 -20 -21 -22 -23 -24 -25 -26 -27 -28 -29
leaf_value=-0.017080962780526277 -0.0057144372767468166 -0.095574542742799432 -0.0012263741853538233 0.031041596325885053 0.016369189241034067 0.039690288072147833 0.022603946170520521 -0.0036896515788562888 -0.0067134140389872926 -0.10000000000000001 0.012894559397800662 0.0081251372507775126 -0.0079689221201340987 0.032674974690127263 0.035386857977159 -0.020685354418267739 0.00036709307566752528 -0.032206135564604901 0.026568856579163289 -0.031977868687615436 -0.0044237193645893036 0.016710426646914502 -0.022157127385895748 -0.026212219733525312 0.0053371105030114172 -0.059949769926164388 -0.10000000000000001 -0.10000000000000001
leaf_weight=91.796169400215149 2461.2841792106628 731.95220422744751 1013.342981338501 2251.2493658065796 52.365421772003174 552.61129665374756 1018.4111366271973 1621.709418296814 470.34903907775879 11.535486549139021 592.76362085342407 1021.7589635848999 468.0590295791626 405.90237140655518 132.05125039815903 334.10239362716675 275.98041200637817 161.26215744018555 342.19985604286194 166.05553388595581 229.64301943778992 122.56871223449707 297.35412287712097 99.105402112007141 1166.8864974975586 11.974642157554625 147.74644106626511 50.446099162101746
leaf_count=23 405 1528 35 39 5 20 13 169 33 20 30 45 23 11 14 24 30 25 26 24 26 10 44 36 64 12 286 99
internal_value=0.00110615 -0.0679339 0.0072338 0.0214008 -0.0123571 0.00155798 0.0107185 0.00566572 0.0163512 -0.0511848 0.0258227 0.00222542 0.00940796 0.015105 0.0103424 -0.00213494 -0.00516022 0.0029568 0.0148713 -0.00784812 -0.0158849 -0.00645743 -0.0074868 -0.0114913 8.75923e-05 -0.0935153 -0.0963178 -0.1
internal_weight=16302.5 1328.97 14973.5 4283 449.274 10690.5 2031.75 6634.14 1615.72 165.752 1145.37 5018.42 1895.72 1427.66 283.522 3122.7 4056.35 1009.09 618.18 3047.26 390.905 2881.21 2758.64 151.471 2788.6 73.9562 879.699 61.9816
internal_count=3119 2023 1096 87 209 1009 48 419 83 154 50 336 79 56 55 257 590 107 56 483 51 459 449 41 233 131 1814 119
is_linear=0
shrinkage=0.05


Tree=52
num_leaves=27
num_cat=0
split_feature=0 2 1 12 2 12 7 12 8 7 4 5 8 4 4 7 9 1 10 4 5 5 11 4 12 5
split_gain=2572.43 852.424 429.114 256.173 184.709 238.52 172.941 96.1571 91.2127 65.051 54.258 44.0255 46.7562 62.4794 34.0187 27.4161 20.2842 20.2502 16.939 16.11 5.96219 122.885 5.0369 2.27374e-13 2.27374e-13 1.42109e-14
threshold=1.0000000180025095e-35 1.0000000180025095e-35 118.25143109837965 2.0628040973111399 1.7064257610891533 3.4984716157205242 16.500000000000004 60.523809523809526 2.1259009009009016 27.500000000000004 44.500000000000007 413.00000000000006 3.9724409448818903 1.5282926829268295 1.0161290322580647 18.500000000000004 27.094226881979388 26.015946813521879 2.018518518518519 8.5277777777777803 20.500000000000004 19.500000000000004 535.00000000000011 5.7749301025163104 2.4350100603621736 178.50000000000003
decision_type=10 8 10 10 8 10 10 10 10 10 10 10 8 10 8 10 8 10 8 8 8 10 10 8 8 10
left_child=1 -1 7 16 -5 -6 14 10 -7 -8 11 17 13 -13 -3 -14 22 18 -2 -19 21 24 -4 25 -16 -22
right_child=2 6 3 4 5 8 9 -9 -10 -11 -12 12 15 -15 20 -17 -18 19 -20 -21 23 -23 -24 -25 -26 -27
leaf_value=0.010552743634496873 0.0065363280894185534 -0.012084178866453629 -0.0046752419410659093 -0.00052205344036163428 0.037741138196644479 0.0054761260729990881 0.0062677658878470517 0.033967514751991799 0.023292616404124843 -0.078185399486187954 -0.029003503173201356 0.018746684787063882 -0.0018992173029483011 0.0011140417367233441 -0.10000000000000001 -0.020545891750979105 0.0032765923329386975 -0.011483555850649939 -0.014204162636684326 -0.00079229810222067429 -0.099999999999999978 -0.001405964022876833 -0.012789113588410218 -0.10000000000000001 -0.10000000000000001 -0.10000000000000001
leaf_weight=278.57623243331909 110.38262462615967 12.180906355381012 442.45921421051025 888.93872737884521 1959.3076000213623 1322.9274930953979 61.44591236114502 187.70043182373047 1572.000617980957 36.254990875720978 185.04811191558838 610.08402466773987 522.78089046478271 2846.0766887664795 10.574197232723234 316.44888353347778 765.42491912841797 459.43709945678711 910.22077512741089 1511.727011680603 11.621809333562853 34.462278008460999 336.91483020782471 456.03026327490807 370.41912347078323 13.025028914213179
leaf_count=26 13 10 22 31 32 36 26 7 34 24 21 43 68 249 20 43 37 59 181 202 22 34 18 1001 835 25
internal_value=0.00104985 -0.0668481 0.00688486 0.01557 0.0204317 0.0242689 -0.0882812 -0.00137852 0.0151508 -0.0250712 -0.00226641 -0.00158745 0.00165598 0.00422657 -0.0950803 -0.00893033 -0.00250483 -0.00624418 -0.011961 -0.00328421 -0.0962084 -0.0918216 -0.00818278 -0.1 -0.1 -0.1
internal_weight=16232.5 1284.59 14947.9 7287.97 5743.17 4854.24 1006.01 7659.91 2894.93 97.7009 7472.21 7287.16 4295.39 3456.16 908.314 839.23 1544.8 2991.77 1020.6 1971.16 896.133 415.456 779.374 480.677 380.993 24.6468
internal_count=3119 2023 1096 210 133 102 1997 886 70 50 879 858 403 292 1947 111 77 455 194 261 1937 889 40 1048 855 47
is_linear=0
shrinkage=0.05


Tree=53
num_leaves=34
num_cat=0
split_feature=0 2 1 12 4 9 5 4 1 4 2 13 4 4 13 11 11 10 10 10 12 5 4 3 4 11 8 1 13 13 5 5 3
split_gain=2400.07 825.736 394.148 214.285 164.94 111.035 157.533 113.002 65.646 84.8106 140.213 41.4511 40.1033 51.4044 67.2247 38.6274 42.7697 56.9344 34.055 30.428 28.4882 34.5184 21.1681 27.5611 39.9276 38.2478 25.3615 20.4428 19.0096 12.7483 6.20312 122.538 2.27374e-13
threshold=1.0000000180025095e-35 1.0000000180025095e-35 167.22928650420781 2.0628040973111399 1.7403846153846156 27.043138481463242 2077.0000000000005 12.125000000000002 30.710726357321501 2.9142903965912823 1.9978207976447016 18.500000000000004 3.9083333333333337 7.3575989782886344 17.750000000000004 505.00000000000006 395.00000000000006 4.9736842105263168 16.666666666666668 2.018518518518519 2.0628040973111399 597.50000000000011 14.800000000000002 1.9179600886917962 5.2000000000000011 115.00000000000001 0.5047819601649558 317.96099458515647 7.0113636363636376 6.541666666666667 20.500000000000004 19.500000000000004 4.8284313725490202
decision_type=10 8 10 10 10 10 10 8 10 8 8 10 8 10 8 8 10 10 8 8 10 10 8 10 10 10 10 10 8 8 8 10 8
left_child=1 -1 8 27 19 6 7 -5 11 10 20 22 -11 14 -14 16 17 -6 -15 -3 21 -10 23 25 -25 -2 28 -4 -24 -28 31 -21 -32
right_child=2 4 3 5 15 -7 -8 -9 9 12 -12 -13 13 18 -16 -17 -18 -19 -20 30 -22 -23 26 24 -26 -27 29 -29 -30 -31 32 -33 -34
leaf_value=0.010030696185180765 -0.012966300420130375 -0.020455738299736414 0.0045121599691596778 -0.0050343285699906773 -0.10000000000000001 0.030132029608157571 0.031368815021355662 0.019414284138283392 -0.0054207246491670804 -0.01635978496330107 0.032769129648916519 0.0174330802671805 0.011458210278640272 -0.00063781390849480552 -0.0034012649479995879 -0.073530675196708847 0.034427788802162795 0.026039665156279035 -0.019901147634340741 -0.10000000000000001 -0.015153963509258288 0.019402027111207212 0.010046517064415429 -0.015795729672396171 0.0068919323900630122 0.01435684076065445 -0.029458303146561046 -0.0089510005631045445 -0.0097863403646513743 -0.010861779939182978 -0.10000000000000001 -0.0013356784552128378 -0.10000000000000001
leaf_weight=278.42499780654907 188.67323923110962 13.544463843107222 505.98542404174805 1008.2340593338013 20.177463710308075 1993.3168792724609 949.86775588989258 889.67257118225098 299.86712503433228 355.55481433868408 575.87304544448853 181.79155230522156 1581.4881405830383 521.28495454788208 1467.3284497261047 31.070622682571411 33.311498641967773 16.116333693265915 409.79985666275024 362.41205704212189 216.97309255599976 262.78604316711426 136.13487505912781 594.54006028175354 287.79807329177856 398.82242298126221 237.55026865005493 636.83116722106934 1074.0659184455872 150.5699188709259 16.663987219333649 34.461944907903671 435.13050085306168
leaf_count=26 31 13 27 31 35 34 14 20 31 29 27 13 101 36 162 26 6 7 37 855 18 14 20 85 30 39 39 21 213 24 22 34 999
internal_value=0.000995725 -0.0658068 0.00655177 0.0164839 -0.0877356 0.0210811 0.0147458 0.00642633 -9.55657e-05 0.00314208 0.0140582 -0.00576498 -0.00027091 0.00116643 0.00430667 -0.0271752 -0.00648286 -0.0440318 -0.00911622 -0.0948069 0.000237399 0.00617269 -0.00713949 -0.00280867 -0.00839554 0.00558206 -0.0111222 -0.00299015 -0.00755535 -0.0222438 -0.0959935 -0.0914326 -0.1
internal_weight=16166.1 1241.31 14924.8 5983.91 962.889 4841.09 2847.77 1897.91 8940.9 5690.96 1355.5 3249.95 4335.46 3979.9 3048.82 100.676 69.6053 36.2938 931.085 862.213 779.626 562.653 3068.15 1469.83 882.338 587.496 1598.32 1142.82 1210.2 388.12 848.668 396.874 451.794
internal_count=3119 2023 1096 147 1997 99 65 51 949 455 90 494 365 336 263 74 48 42 73 1923 63 45 481 185 115 70 296 48 233 63 1910 889 1021
is_linear=0
shrinkage=0.05


Tree=54
num_leaves=29
num_cat=0
split_feature=0 2 6 7 8 1 1 5 5 4 0 2 6 6 8 11 4 8 8 14 7 11 2 4 14 14 5 5
split_gain=2239.77 800.653 369.03 172.735 144.664 96.3233 88.0544 86.2659 114.257 63.7947 56.7671 77.9563 54.0221 48.9558 47.9276 35.8471 35.5196 29.698 78.84 69.4326 37.8259 24.6905 26.3601 12.4118 11.2071 67.0227 57.2332 1.13687e-13
threshold=1.0000000180025095e-35 1.0000000180025095e-35 106.89189547148921 16.500000000000004 1.1064777327935225 1145.7767760826366 48.583168071608107 1331.5000000000002 1592.0000000000002 7.2538461538461547 11.501125727892097 1.9998968223523457 47.801151780570173 27.862339900871376 1.2315462315462318 545.00000000000011 1.0161290322580647 1.3401360544217689 2.3094017094017096 25.500000000000004 57.500000000000007 1075.0000000000002 1.0002021127045682 2.429761904761905 4.5000000000000009 3.5000000000000004 19.500000000000004 174.50000000000003
decision_type=10 8 10 10 10 10 10 10 10 10 10 8 10 10 10 10 8 10 10 10 10 10 8 10 8 10 10 10
left_child=1 -1 6 16 5 -4 17 9 -9 10 11 -8 -11 -12 15 -5 -3 20 19 -19 21 22 -2 -20 25 27 -27 -18
right_child=2 3 4 14 -6 -7 7 8 -10 12 13 -13 -14 -15 -16 -17 24 18 23 -21 -22 -23 -24 -25 -26 26 -28 -29
leaf_value=0.0095339614497143704 0.001622748072451136 -0.0090568856467827027 -0.0018675025264022216 -0.016328267827115217 0.027515387226698142 0.019966134079030251 -0.0023098731896332536 0.032133573264091546 0.0037689753118893029 -0.022576272695436279 -0.0099192299297065634 0.020555647685919141 0.005309468338710638 0.0042483910998610428 0.015578364605654961 -0.10000000000000001 -0.10000000000000001 -0.0044165900612864704 -0.0080060591880127766 0.029327469063481205 -0.030275548819449938 0.016312329821836467 -0.0095355061151715711 -0.026611800713532377 -0.10000000000000001 -0.10000000000000001 0.0037107968206359257 -0.10000000000000001
leaf_weight=278.28843355178833 714.75768804550171 11.968583464622498 1012.3348340988159 27.08075749874115 2221.1927585601807 1008.2673149108887 609.02450275421143 607.04896831512451 855.1991662979126 452.14547252655029 885.06488370895386 960.87103605270386 282.00196933746338 1960.1663513183594 43.208021461963654 24.275616586208344 208.88756892085075 278.45260334014893 249.39232969284058 336.86669754981995 165.07279205322266 122.37367010116577 2039.8010523319244 139.92874956130981 540.43565306067467 22.37571519613266 32.80695915222168 10.063776224851607
leaf_count=26 92 10 35 19 39 13 55 17 36 38 85 62 13 113 10 21 515 35 33 21 24 10 357 18 1326 50 24 22
internal_value=0.000944182 -0.0647882 0.00623539 -0.0872428 0.0187085 0.00902734 0.00127127 0.00482678 0.0155445 0.00178326 0.00405265 0.0116852 -0.0118648 -0.000158725 -0.023229 -0.055879 -0.0945666 -0.00453781 0.0029157 0.0140572 -0.00699937 -0.00566383 -0.00664014 -0.0146933 -0.095823 -0.0875884 -0.0383423 -0.1
internal_weight=16099.4 1199.39 14900 921.103 4241.79 2020.6 10658.2 6611.52 1462.25 5149.27 4415.13 1569.9 734.147 2845.23 94.5644 51.3564 826.538 4046.65 1004.64 615.319 3042.01 2876.93 2754.56 389.321 814.57 274.134 55.1827 218.951
internal_count=3119 2023 1096 1997 87 48 1009 419 53 366 315 117 51 198 50 40 1947 590 107 56 483 459 449 51 1937 611 74 537
is_linear=0
shrinkage=0.05


Tree=55
num_leaves=31
num_cat=0
split_feature=0 12 6 10 14 14 3 3 3 5 14 5 6 10 7 2 4 5 12 13 2 12 14 14 14 5 3 10 5 5
split_gain=1949.39 783.138 426.941 143.77 136.35 214.28 107.394 204.663 97.5414 144.697 96.2321 79.6438 69.7284 60.0595 92.851 53.5365 49.9414 39.1663 34.2044 39.0666 23.9231 23.1536 12.5109 12.007 66.0048 57.3453 10.5015 8.03653 2.27374e-13 1.13687e-13
threshold=1.0000000180025095e-35 8.1860198624904523 391.95574121898261 13.226190476190478 40.500000000000007 41.500000000000007 3.1837500000000003 3.6510869565217394 1.5801713586291311 597.50000000000011 82.500000000000014 183.50000000000003 24.426499584019187 4.8805704099821758 61.500000000000007 1.0000000180025095e-35 31.750000000000004 1796.0000000000002 5.4806046013911187 0.62593283582089565 0.76720473427448754 3.3941307247665633 10.500000000000002 4.5000000000000009 3.5000000000000004 19.500000000000004 2.6456575682382137 4.4701754385964927 337.50000000000006 133.50000000000003
decision_type=10 8 10 10 8 10 8 8 8 10 10 10 10 8 10 8 10 10 8 10 10 10 10 8 10 10 8 8 10 10
left_child=1 3 4 11 8 -6 26 -8 9 22 23 15 -9 17 16 -1 -15 20 19 27 -10 -21 -2 24 29 -26 -7 -13 -25 -3
right_child=2 10 -4 -5 5 6 7 12 13 -11 -12 18 -14 14 -16 -17 -18 -19 -20 21 -22 -23 -24 28 25 -27 -28 -29 -30 -31
leaf_value=-0.024454884646798188 -0.011608749925689596 -0.10000000000000001 0.031054587266957503 0.046714971278561328 0.042112025990348911 -0.018818644939016815 0.035577701493554152 -0.018201551824974231 -0.010842118178045977 0.047957170881612561 0.0054052671673250376 -0.01232534620429533 0.0063228215620450764 -0.0024498809073098351 0.014817581605503114 -0.10000000000000001 -0.023135696724475921 0.0036383921965562997 0.03573096689944693 -0.083207452058260592 -0.027380784013408335 -0.022912292358533586 0.0076780643501295018 -0.10000000000000001 -0.10000000000000001 0.004303767209058668 -0.0064601596009168623 0.01140541956247524 -0.10000000000000001 -0.10000000000000001
leaf_weight=46.975961208343506 185.61479711532593 188.54575371742249 1460.0516757965088 94.627180099487305 439.68162298202515 344.22945928573608 605.56570529937744 317.04485511779785 451.96505928039551 238.37280511856079 24.502327799797058 77.141564577817917 3377.4148030281067 5011.7853212356567 780.03431129455566 46.83175128698349 309.8170793056488 248.77666473388672 37.785784512758255 27.213050872087479 423.5688943862915 38.373635053634644 153.71648120880127 463.51854321360588 22.136826783418655 32.559982597827911 343.34610223770142 66.373276859521866 13.255672365427015 8.2888934612274152
leaf_count=7 24 494 18 7 15 23 16 49 54 7 18 21 189 546 33 102 25 7 9 27 40 17 16 1213 52 24 17 19 22 19
internal_value=0.000413484 -0.0611891 0.00539558 -0.00780727 0.00256408 0.00865048 0.00570068 0.00863453 -0.00166889 0.0181013 -0.092058 -0.0229507 0.00421823 -0.00324949 -0.00129275 -0.0621694 -0.00365418 -0.0138687 -0.00804908 -0.0159604 -0.0188433 -0.0479298 -0.00287186 -0.0953369 -0.0864982 -0.0379099 -0.0126473 -0.00135025 -0.1 -0.1
internal_weight=15879.1 1188.13 14691 435.322 13230.9 5427.28 4987.6 4300.03 7803.65 577.704 752.808 340.695 3694.46 7225.95 6101.64 93.8077 5321.6 1124.31 246.887 209.102 875.534 65.5867 339.331 728.306 251.531 54.6968 687.576 143.515 476.774 196.835
internal_count=3130 2051 1079 209 1061 309 294 254 752 47 1842 202 238 705 604 109 571 101 93 84 94 44 40 1824 589 76 40 40 1235 513
is_linear=0
shrinkage=0.05


Tree=56
num_leaves=30
num_cat=0
split_feature=0 8 6 1 5 13 14 10 5 8 10 3 10 2 13 13 8 8 13 14 8 4 8 4 14 10 14 14 5
split_gain=1818.16 773.237 387.601 127.135 123.078 113.828 103.675 88.0852 88.9055 67.1551 64.2034 54.759 53.1571 51.879 47.2063 59.1185 45.043 106.612 44.2876 34.6124 33.6346 28.6184 23.0682 47.0583 19.594 18.8536 12.371 66.7374 55.4159
threshold=1.0000000180025095e-35 2.8263888888888897 391.95574121898261 90.655910406969909 183.50000000000003 7.0113636363636376 82.500000000000014 7.0611888111888126 1364.5000000000002 0.97048611111111127 13.226190476190478 7.075396825396826 5.8397435897435903 1.0000000180025095e-35 0.5986111111111112 1.4031250000000002 2.3094017094017096 1.8147007042253522 1.2893719806763289 49.500000000000007 2.1440019746585492 4.3452380952380958 0.45227272727272733 5.2000000000000011 21.500000000000004 4.5606617647058831 4.5000000000000009 3.5000000000000004 19.500000000000004
decision_type=10 8 10 10 10 10 10 8 10 8 10 10 8 8 8 8 8 10 10 10 10 10 10 10 10 8 8 10 10
left_child=1 4 3 9 13 7 26 8 18 14 22 20 19 -1 -2 -16 17 -14 -5 24 -9 -18 -6 25 -11 -24 27 -3 -29
right_child=2 6 -4 5 10 -7 -8 11 -10 12 -12 -13 16 -15 15 -17 21 -19 -20 -21 -22 -23 23 -25 -26 -27 -28 28 -30
leaf_value=-0.023301874956001827 -0.0066033101824778707 -0.10000000000000001 0.02964491698875292 -0.0099992090224970825 0.023085180031106274 0.023483458706478225 0.013386544651561022 -0.0014925024554539746 0.018710784367732838 -0.014978138917674058 0.04146292572818696 -0.016923245618162403 -0.0029900091371960393 -0.10000000000000001 0.025108023290472566 -0.0050154449848176224 -0.0050263240870742415 0.025765505158732334 0.011238706473057065 0.0058789425009929093 0.011984417008237979 -0.025575271181653977 -0.015504458743036574 0.016154601435527969 -0.032856968942149241 -0.055640409938279956 -0.10000000000000001 -0.10000000000000001 0.0040889606429285897
leaf_weight=46.839001178741455 340.88335990905762 188.89162105321884 1453.1871147155762 539.93849277496338 50.901530742645264 941.38397693634033 22.71613284945488 1925.259801864624 1603.8695459365845 591.5047287940979 95.874622225761414 464.66178798675537 1365.5949814319611 41.655220806598663 526.07116079330444 235.91560888290405 2650.7834346294403 421.92041158676147 450.09487628936768 159.85707712173462 609.53555488586426 181.00588035583496 61.687379539012909 75.049712806940079 206.82819962501526 55.660081416368484 456.52315539121628 21.057201087474823 32.557043790817261
leaf_count=7 39 517 18 25 7 24 18 100 33 80 8 21 140 94 39 26 407 25 18 13 18 22 23 18 31 41 1242 52 24
internal_value=0.00038942 -0.0601678 0.0051347 0.00243946 -0.00689233 0.007398 -0.091736 0.00469075 0.011438 -0.00241099 0.00680871 -0.00114424 -0.0046402 -0.0594045 0.00886272 0.0157816 -0.00241706 0.00379737 -0.000343901 -0.0153577 0.00174826 -0.0063398 -0.00684718 -0.0147662 -0.0196101 -0.0345417 -0.0951521 -0.0860258 -0.0367924
internal_weight=15817.7 1149.41 14668.3 13215.1 427.668 6534.74 721.745 5593.36 2593.9 6680.36 339.173 2999.46 5577.49 88.4942 1102.87 761.987 4619.3 1787.52 990.033 958.19 2534.8 2831.79 243.299 192.397 798.333 117.347 699.029 242.506 53.6142
internal_count=3130 2051 1079 1061 198 239 1853 215 76 822 97 139 718 101 104 65 594 165 43 124 118 429 89 82 111 64 1835 593 76
is_linear=0
shrinkage=0.05


Tree=57
num_leaves=34
num_cat=0
split_feature=0 8 6 1 11 5 3 5 8 10 13 12 5 2 10 6 6 13 13 11 11 12 8 13 13 13 5 5 5 5 4 5 5
split_gain=1694.69 753.84 351.721 114.87 125.665 114.064 83.1579 99.8874 60.6857 58.4668 55.1247 52.8589 60.4968 51.9108 48.1078 46.1027 43.677 42.7099 53.7323 42.5166 39.8122 32.2702 35.3844 29.6073 56.0224 17.4893 16.1689 104.424 14.449 144.504 5.06626 1.13687e-13 1.13687e-13
threshold=1.0000000180025095e-35 2.8263888888888897 391.95574121898261 90.655910406969909 235.00000000000003 183.50000000000003 7.046536796536798 1331.5000000000002 0.97048611111111127 13.226190476190478 0.9470175438596492 23.230000000000004 1218.5000000000002 1.0000000180025095e-35 5.8397435897435903 99.394071105557245 106.89189547148921 0.5986111111111112 1.2981481481481485 1065.0000000000002 845.00000000000011 5.4806046013911187 0.45227272727272733 1.1056211568808838 0.88816964285714295 0.57417582417582425 19.500000000000004 20.500000000000004 83.500000000000014 85.500000000000014 5.0102040816326534 58.500000000000007 552.50000000000011
decision_type=10 8 10 10 8 10 8 10 8 10 10 8 10 8 8 10 10 8 8 10 10 8 10 10 10 10 10 10 10 10 10 10 10
left_child=1 5 3 8 -5 13 7 15 17 21 -9 12 -8 -1 23 -6 -13 -2 -19 20 -16 22 -7 24 -10 -24 -3 -28 31 -30 -25 -29 -31
right_child=2 26 -4 4 6 9 11 10 14 -11 -12 16 -14 -15 19 -17 -18 18 -20 -21 -22 -23 25 30 -26 -27 27 28 29 32 -32 -33 -34
leaf_value=-0.022197095065826525 -0.0062745140035650867 -0.10000000000000001 0.028287067148864583 0.024361070507619983 0.0050678742786444807 0.0219895638415184 -0.00029796670051526769 0.024646092665033752 -0.016450075282009768 0.039731555248543618 0.0087182539276176984 -0.0047950940087356517 -0.025572209410949842 -0.10000000000000001 -0.0029325703260699321 -0.013670915560121392 0.016367499520776995 0.024241354194766734 -0.0041458170277949491 0.010450936281799786 -0.0251280094806904 0.036756624510675739 -0.011932532078071085 -0.034757943366452597 0.018704541009501155 -0.046025828274075406 -0.0012308707788394053 -0.10000000000000001 0.062608867443031901 -0.10000000000000001 -0.021506433799796179 -0.10000000000000001 -0.10000000000000001
leaf_weight=46.715013980865479 340.81090068817139 304.06902566552162 1446.961067199707 902.02262687683105 916.62210941314697 50.769284307956696 488.5859956741333 923.3609790802002 523.13698267936707 95.071038484573364 1319.454044342041 593.06858062744141 459.37160873413086 39.623671472072601 3830.8103823661804 511.33948993682861 414.0134916305542 513.5196738243103 246.8213677406311 572.88104677200317 213.284592628479 36.54199156165123 90.449260383844376 141.41764068603516 144.66736316680908 64.397999823093414 34.240531325340271 195.33431598544121 15.734206855297087 92.946182638406754 147.20558094978333 36.071495592594147 10.822683751583098
leaf_count=7 39 880 18 35 44 7 22 21 71 8 32 36 19 94 534 20 10 38 27 37 23 8 29 21 12 45 39 559 8 249 20 104 14
internal_value=0.000366195 -0.0591192 0.0048848 0.00231995 0.00703594 -0.00662394 0.00425809 0.00869446 -0.00229238 0.00650481 0.0152757 -0.00407162 -0.0125456 -0.0579034 -0.00441155 -0.00164231 0.00390489 0.00843363 0.0150263 -0.00229726 -0.00410315 -0.00653995 -0.0142346 -0.0146179 -0.00883448 -0.0261113 -0.0913809 -0.0845763 -0.0927089 -0.0785903 -0.0279993 -0.1 -0.1
internal_weight=15762.1 1112.79 14649.4 13202.4 6527.84 423.568 5625.82 3670.78 6674.56 337.23 2242.82 1955.04 947.958 86.3387 5573.4 1427.96 1007.08 1101.15 760.341 4616.98 4044.09 242.159 205.617 956.428 667.804 154.847 689.218 385.149 350.909 119.503 288.623 231.406 103.769
internal_count=3130 2051 1079 1061 239 198 204 117 822 97 53 87 41 101 718 64 46 104 65 594 557 89 81 124 83 74 1853 973 934 271 41 663 263
is_linear=0
shrinkage=0.05


Tree=58
num_leaves=33
num_cat=0
split_feature=0 8 1 14 8 12 10 5 3 14 3 5 10 11 10 0 8 3 1 12 8 8 7 1 9 14 14 5 5 13 5 5
split_gain=1579.56 735.645 306.86 117.216 191.873 153.329 134.626 105.644 101.019 98.7962 88.6697 103.815 63.8232 108.558 53.1991 47.1009 34.784 33.7243 32.8589 29.299 32.0821 27.7595 19.5114 18.7205 20.2351 13.431 69.3677 53.8574 10.3251 9.64975 2.27374e-13 1.13687e-13
threshold=1.0000000180025095e-35 2.8263888888888897 1145.7767760826366 40.500000000000007 0.9517907935217973 5.9440886951190448 3.8878787878787882 183.50000000000003 21.350000000000005 82.500000000000014 1.5801713586291311 569.50000000000011 4.8805704099821758 1335.0000000000002 13.226190476190478 56.593120888777342 0.73086419753086429 3.3094017094017096 242.91550088994416 5.4806046013911187 0.45227272727272733 0.98212005108556844 22.500000000000004 32.813220278032354 26.956327192013664 4.5000000000000009 3.5000000000000004 19.500000000000004 482.50000000000006 0.58477011494252884 419.50000000000006 15.500000000000002
decision_type=10 8 10 8 10 10 10 10 8 10 8 10 8 10 10 10 10 8 10 8 10 10 10 10 10 8 10 10 10 10 10 10
left_child=1 7 3 10 17 6 -6 16 -7 25 11 -2 21 18 19 -8 -1 -5 -14 20 -9 -12 -22 28 -25 26 31 -28 -19 -23 -27 -3
right_child=2 9 -4 4 5 8 15 14 -10 -11 12 -13 13 -15 -16 -17 -18 23 -20 -21 22 29 -24 24 -26 30 27 -29 -30 -31 -32 -33
leaf_value=-0.032739327545505639 -0.0012248051936928656 -0.10000000000000001 0.024730754708170596 -0.022560466128135132 0.039310970188932905 -0.016380066458877861 0.0079942848089615322 0.020940755898111924 0.012715890817697055 0.01342452151484108 -0.00085149079757287005 0.041860165848015107 -0.0024169040294436893 0.016184694430253724 0.038045491570613765 0.025827796691559636 -0.10000000000000001 -0.0074209716824557119 -0.014151592447156532 0.035156462978541733 -0.046486541551530917 -0.011884815396629774 -0.010247161704839839 -0.0069060609295306637 0.0085324037164581958 -0.10000000000000001 -0.10000000000000001 0.0062796452258614965 -0.025304863055650929 -0.023341065008186401 -0.10000000000000001 -0.10000000000000001
leaf_weight=54.640055179595947 329.11199522018433 121.7121430337429 1683.1087532043457 279.61563348770142 729.746994972229 545.74589824676514 1166.2358541488647 50.649606704711914 657.98579597473145 21.861843109130859 274.04593849182129 243.07775926589966 4642.6342058181763 767.8598370552063 94.339357137680054 542.47120094299316 29.653950721025467 324.40934491157532 684.50905418395996 36.301298588514328 62.434886544942856 284.73202753067017 91.684486925601959 418.89379596710205 430.23510122299194 404.87533402442932 19.053342878818512 31.840427458286285 107.43448686599731 518.59071636199951 9.018997371196745 49.379079759120941
leaf_count=21 39 372 19 21 26 29 54 7 27 18 22 8 546 30 8 9 80 64 29 8 49 23 25 31 28 1227 52 24 18 56 15 145
internal_value=0.000344198 -0.0580824 0.00464697 0.00203614 0.0078405 0.0141258 0.0213336 -0.00636189 -0.000475586 -0.0910852 -0.00186321 0.0170786 -0.00337432 -0.00139132 0.00621379 0.013656 -0.0564011 -0.00682837 -0.00392475 -0.00624308 -0.0135824 -0.0145928 -0.024928 -0.00339431 0.000916273 -0.0946783 -0.0847558 -0.0335088 -0.0118701 -0.0192805 -0.1 -0.1
internal_weight=15707.9 1077.44 14630.4 12947.3 5202.77 3642.19 2438.45 419.704 1203.73 657.741 7744.56 572.19 7172.37 6095 335.41 1708.71 84.294 1560.59 5327.14 241.07 204.769 1077.37 154.119 1280.97 849.129 635.879 221.985 50.8938 431.844 803.323 413.894 171.091
internal_count=3130 2051 1079 1060 307 145 89 198 56 1853 753 47 706 605 97 63 101 162 575 89 81 101 74 141 59 1835 593 76 82 79 1242 517
is_linear=0
shrinkage=0.05


Tree=59
num_leaves=27
num_cat=0
split_feature=1 13 6 14 14 3 3 14 2 7 3 5 6 14 11 4 4 2 13 14 14 14 5 3 5 4
split_gain=1470.67 658.024 297.817 99.1566 180.916 101.965 169.607 95.8898 89.7401 79.5125 78.2756 94.8401 56.8349 56.8033 54.791 58.2735 71.644 44.3478 15.4632 19.6888 13.5937 68.4402 54.0505 8.2616 2.27374e-13 2.84217e-14
threshold=1.0000000180025095e-35 6.3484848484848486 391.95574121898261 40.500000000000007 41.500000000000007 3.1837500000000003 3.6510869565217394 82.500000000000014 1.0000000180025095e-35 20.500000000000004 1.5801713586291311 569.50000000000011 24.426499584019187 12.500000000000002 1335.0000000000002 31.750000000000004 6.4468599033816441 1.0000000180025095e-35 0.24149502429993061 15.500000000000002 4.5000000000000009 3.5000000000000004 19.500000000000004 2.6456575682382137 260.50000000000006 1.6043478260869568
decision_type=10 8 10 8 10 8 8 10 8 10 8 10 10 10 10 10 10 8 10 10 8 10 10 8 10 10
left_child=1 9 3 10 -5 23 -7 8 -3 13 11 -2 -8 17 15 16 -12 -1 -15 -20 21 -10 -23 -6 -22 -19
right_child=2 7 -4 4 5 6 12 -9 20 -11 14 -13 -14 18 -16 -17 -18 25 19 -21 24 22 -24 -25 -26 -27
leaf_value=-0.028288961148836989 -0.0011635739350324434 0.0083516935542397464 0.026040512858318644 0.038451853960362811 -0.018770916882112285 0.032213109922494564 -0.016816953627837538 0.017927072126413909 -0.10000000000000001 0.015631723443556362 -0.0063420427073435787 0.040118909665044195 0.0053562183734848258 0.02565394836447148 0.0077392142248305712 -0.027290571166731972 0.0077365000317481843 -0.10000000000000001 0.016248306292892211 -0.042634349286731377 -0.10000000000000001 -0.10000000000000001 0.00634697849186609 -0.0078058714651923714 -0.10000000000000001 -0.10000000000000001
leaf_weight=51.64053201675415 329.10958909988403 21.965056419372559 1436.397144317627 428.34419679641724 343.90979623794556 595.51288461685181 316.14151954650879 20.886473715305328 165.77716085314751 208.63404852151871 4796.0496654510498 241.00115013122559 3366.351553440094 32.557278633117676 1026.6142234802246 273.6551148891449 1113.4521589279175 24.419959098100662 24.838390350341797 33.135301887989044 378.74607050418854 19.167455017566681 31.720514297485352 343.22807359695435 18.450935035943985 12.591738969087599
leaf_count=8 39 2 18 15 23 16 49 16 527 38 561 8 189 6 39 24 81 56 7 35 1207 55 24 17 42 28
internal_value=0.000323796 -0.0569917 0.00442159 0.0020643 0.00727426 0.00458456 0.00745621 -0.0874886 -0.0909514 -0.00534946 -0.00154755 0.0162876 0.00345265 -0.0297792 -0.00295787 -0.00473395 -0.0036894 -0.0582278 -0.00192086 -0.0174065 -0.0945047 -0.0844304 -0.0337097 -0.0132938 -0.1 -0.1
internal_weight=15654.3 1044.53 14609.8 13173.4 5393.49 4965.14 4278.01 656.714 635.827 387.817 7779.88 570.111 3682.49 179.183 7209.77 6183.16 5909.5 88.6522 90.531 57.9737 613.862 216.665 50.888 687.138 397.197 37.0117
internal_count=3130 2051 1079 1061 309 294 254 1873 1857 178 752 47 238 140 705 666 642 92 48 42 1855 606 79 40 1249 84
is_linear=0
shrinkage=0.05


Tree=60
num_leaves=23
num_cat=0
split_feature=0 12 1 7 12 13 6 8 4 4 13 7 2 0 5 5 4 3 4 13 7 5
split_gain=1461.96 715.465 346.01 124.652 81.7809 151.337 129.629 78.0789 64.7086 83.4677 78.705 30.0394 32.3019 21.2979 19.3284 135.262 16.0289 15.6266 15.4561 12.4176 10.8082 2.27374e-13
threshold=1.0000000180025095e-35 8.1860198624904523 1518.6744638998996 16.500000000000004 2.3657040307562931 0.54348739495798326 24.426499584019187 0.9319074333800843 107.50000000000001 31.750000000000004 22.300000000000004 73.500000000000014 1.4963332354239454 3.3451390895518709 83.500000000000014 85.500000000000014 2.7312834224598936 6.4807692307692317 6.0454545454545459 6.3095238095238102 13.500000000000002 70.500000000000014
decision_type=10 8 10 10 10 8 10 10 8 8 8 10 10 10 10 10 10 8 10 10 10 10
left_child=1 3 4 7 11 -6 17 -1 9 -8 -10 12 13 -2 21 -16 -5 -7 -15 -9 -19 -3
right_child=2 14 -4 16 5 6 8 19 10 -11 -12 -13 -14 18 15 -17 -18 20 -20 -21 -22 -23
leaf_value=-0.016294875424145608 0.013086320962325346 -0.10000000000000001 0.027566928728934945 0.00079726773331749868 0.036448539441464686 -0.0077979680002932253 0.0044533286257552179 -0.10000000000000001 0.02304859435110336 -0.021274219054843099 -6.0176543800703809e-05 -0.022930306978172787 0.007195372553589788 -0.0039070896437528894 0.062602743520373122 -0.10000000000000001 0.028472141896815829 -0.0126621298298299 -0.018574011681835409 -0.032554300737646001 -0.029883780252387689 -0.10000000000000001
leaf_weight=110.92042699456215 179.13824987411499 455.90817585587502 1378.8474578857422 87.01247251033783 361.75012016296387 231.88115048408508 3811.7650985717773 45.409360706806183 968.71471548080444 343.67910146713257 594.63198137283325 183.89237070083618 761.6875581741333 4709.1137571334839 15.012670189142225 86.375354081392288 131.22818452119827 137.65761017799377 186.7463812828064 8.0314795672893506 269.40191698074341 12.777450203895567
leaf_count=32 24 1511 14 24 10 29 194 126 39 28 29 9 39 576 8 245 19 21 21 6 34 43
internal_value=-0.000270749 -0.0602203 0.00377435 -0.00732905 0.0011993 0.00499124 0.00320134 -0.0402153 0.00558777 0.00232551 0.014259 -0.00303283 -0.00240593 -0.00384696 -0.0957179 -0.0759232 0.0174382 -0.0181582 -0.00446654 -0.0898638 -0.0240598 -0.1
internal_weight=15071.6 952.676 14118.9 382.602 12740.1 6719.48 6357.73 164.361 5718.79 4155.44 1563.35 6020.58 5836.69 5075 570.074 101.388 218.241 638.941 4895.86 53.4408 407.06 468.686
internal_count=3081 2014 1067 207 1053 384 374 164 290 222 68 669 660 621 1807 253 43 84 597 132 55 1554
is_linear=0
shrinkage=0.05


Tree=61
num_leaves=22
num_cat=0
split_feature=0 12 1 7 8 12 13 6 4 4 13 11 2 0 4 4 3 13 7 7 4
split_gain=1363.88 701.627 313.674 114.071 76.1507 73.8814 137.717 117.19 58.5557 77.4215 71.339 27.2514 29.2136 22.2574 16.458 14.5645 14.216 12.8069 9.87561 0.833223 2.84217e-14
threshold=1.0000000180025095e-35 8.1860198624904523 1518.6744638998996 16.500000000000004 0.9319074333800843 2.3657040307562931 0.54348739495798326 24.426499584019187 107.50000000000001 15.450000000000001 22.300000000000004 1665.0000000000002 1.4963332354239454 3.3244985278585282 6.0454545454545459 2.7312834224598936 6.4807692307692317 6.3095238095238102 13.500000000000002 1.0000000180025095e-35 1.8513356562137051
decision_type=10 8 10 10 10 10 8 10 8 10 8 10 10 10 10 10 8 10 10 8 10
left_child=1 3 5 4 -1 11 -7 16 9 -9 -10 12 13 -2 -15 -5 -8 20 -18 -3 -6
right_child=2 19 -4 15 17 6 7 8 10 -11 -12 -13 -14 14 -16 -17 18 -19 -20 -21 -22
leaf_value=-0.015500728337656318 0.01364373487726636 -0.094760216970410246 0.026288551799983684 0.00075740719568075999 -0.10000000000000001 0.034857832398988535 -0.0074103249459470865 0.005559318192187997 0.021954528645295991 -0.011699788123103754 -5.716842607176773e-05 -0.022176271909454211 0.0068373751157383743 -0.0037120187542567886 -0.018644863042725075 0.027158706860019879 -0.012038682510850064 -0.031091467468123291 -0.028517027675290185 -0.10000000000000001 -0.10000000000000001
leaf_weight=110.77684578299522 179.19319128990173 451.52156874537468 1373.739086151123 87.012204229831696 29.989344626665115 359.40713167190552 231.81240940093994 3348.0660939216614 966.20589160919189 806.25127553939819 594.63197326660156 177.60809326171875 761.4953145980835 4708.7633004188538 192.04070806503296 130.70955407619476 137.55001735687256 7.9899832606315604 268.22901272773743 91.194564759731293 13.205375880002974
leaf_count=32 24 1525 14 24 90 10 29 168 39 54 29 8 39 576 22 19 21 6 34 282 36
internal_value=-0.000262467 -0.0591663 0.00358956 -0.00703009 -0.0388056 0.00114028 0.0047472 0.00304369 0.00531195 0.00220975 0.0135687 -0.00288196 -0.00229532 -0.00366432 -0.00429717 0.0166075 -0.0172882 -0.0892433 -0.0229312 -0.0956407 -0.1
internal_weight=15027.4 922.399 14105 379.683 161.962 12731.3 6712.15 6352.75 5715.16 4154.32 1560.84 6019.1 5841.49 5080 4900.8 217.722 637.591 51.1847 405.779 542.716 43.1947
internal_count=3081 2014 1067 207 164 1053 384 374 290 222 68 669 661 622 598 43 84 132 55 1807 126
is_linear=0
shrinkage=0.05


Tree=62
num_leaves=26
num_cat=0
split_feature=0 12 1 14 11 12 13 6 14 11 14 8 12 2 8 3 10 14 2 2 14 3 0 11 11
split_gain=1269.01 683.413 284.244 105.609 103.635 66.8018 130.175 105.877 62.0801 86.1908 73.3304 37.9654 53.8932 52.0973 26.1579 23.6907 81.788 29.7695 30.2575 25.4649 18.6151 23.6869 16.7615 2.27374e-13 5.68434e-14
threshold=1.0000000180025095e-35 8.1860198624904523 1518.6744638998996 82.500000000000014 485.00000000000006 2.3784090909090914 0.54348739495798326 24.426499584019187 16.500000000000004 625.00000000000011 32.500000000000007 0.56743762993763003 5.8669797943991506 1.0000000180025095e-35 1.2315462315462318 1.9179600886917962 5.0787878787878791 2.5000000000000004 0.98659073114379903 0.33343368190959805 41.500000000000007 6.4807692307692317 10.104167895026757 45.000000000000007 345.00000000000006
decision_type=10 8 10 10 10 10 8 10 8 8 10 10 10 8 10 8 10 10 8 8 10 8 10 10 8
left_child=1 4 5 23 11 14 -7 20 9 -9 -10 -1 13 -13 15 16 19 22 -19 -2 21 -8 -17 -3 -15
right_child=2 3 -4 -5 -6 6 7 8 10 -11 -12 12 -14 24 -16 17 -18 18 -20 -21 -22 -23 -24 -25 -26
leaf_value=-0.0075672783301038429 0.0045912935269073578 -0.10000000000000001 0.0250607908449299 0.011216346389249836 0.020890965545768678 0.03411675175265385 0.0033820885999579272 0.0058044074328478098 0.016005666553044289 -0.023828460545606736 0.0028776028896554881 -0.021871608643431881 0.022465064874546366 -0.10000000000000001 -0.021490086498571738 0.017171455949975972 0.031229998990750709 -0.016959892673256937 -0.0032603172687316732 -0.01810886976494323 -0.03266041269431965 -0.019706510866405579 -0.0015340098970107923 -0.10000000000000001 -0.10000000000000001
leaf_weight=89.810126751661301 295.72419881820679 452.56920209527016 1369.1107406616211 22.304890692234039 178.57598102092743 352.21134281158447 167.35322260856628 609.6352915763855 1640.1436071395874 410.70267343521118 3026.5944080352783 35.913251399993896 20.067944675683975 25.064755529165268 180.13066387176514 257.94956660270691 226.62360286712646 445.7712140083313 4205.5853459835052 212.19275045394897 138.6322135925293 330.38334536552429 223.55264663696289 43.621557474136353 27.506945073604584
leaf_count=25 31 1652 14 17 29 9 20 47 76 38 128 6 12 64 17 34 10 43 491 24 17 47 21 138 71
internal_value=-0.000253909 -0.0579715 0.00341351 -0.0952156 -0.00674066 0.0010841 0.00453242 0.0028846 0.00504883 -0.00612331 0.00749151 -0.031616 -0.0515124 -0.0682901 -0.00272239 -0.00214621 0.0062524 -0.0033481 -0.00457324 -0.00489217 -0.0164566 -0.0119435 0.00848685 -0.1 -0.1
internal_weight=14987.7 895.435 14092.3 518.496 376.939 12723.2 6675.66 6323.44 5687.08 1020.34 4666.74 198.363 108.553 88.485 6047.53 5867.4 734.541 5132.86 4651.36 507.917 636.369 497.737 481.502 496.191 52.5717
internal_count=3081 2014 1067 1807 207 1053 382 373 289 85 204 178 153 141 671 654 65 589 534 55 84 67 55 1790 135
is_linear=0
shrinkage=0.05


Tree=63
num_leaves=28
num_cat=0
split_feature=1 12 1 14 14 12 14 9 9 4 10 12 12 1 9 10 12 4 4 7 2 14 11 2 3 5 11
split_gain=1182.58 667.383 257.47 104.268 96.9094 60.4131 71.5145 79.1029 82.0326 106.687 97.7409 56.4834 47.5849 51.6858 39.0568 34.1801 45.6576 33.204 29.6161 24.0606 25.7849 25.3519 17.4233 13.8387 12.1337 2.27374e-13 2.84217e-14
threshold=1.0000000180025095e-35 8.1860198624904523 1518.6744638998996 82.500000000000014 11.500000000000002 2.3657040307562931 16.500000000000004 24.050750384589048 26.114163673460457 11.062500000000002 4.9275184275184278 0.81608893557422979 2.6815779131105755 194.46802837961354 26.703049818605891 13.226190476190478 4.9583723836301159 1.7545180722891567 29.250000000000004 73.500000000000014 1.4963332354239454 1.0000000180025095e-35 485.00000000000006 1.0000000180025095e-35 3.0239316239316243 329.50000000000006 165.00000000000003
decision_type=10 8 10 10 10 10 8 10 10 10 8 10 10 10 10 10 10 8 8 10 10 10 8 8 8 10 10
left_child=1 4 5 25 11 19 12 18 10 -10 -9 -1 -7 14 -14 16 17 -6 -8 20 21 -2 -23 -13 -19 -3 -25
right_child=2 3 -4 -5 15 6 7 8 9 -11 -12 23 13 -15 -16 -17 -18 24 -20 -21 -22 22 -24 26 -26 -27 -28
leaf_value=-0.015941926955188059 0.013988393442749361 -0.10000000000000001 0.023882810356092094 0.010662240441773007 0.008417402934382737 0.01350040897392246 -0.019200382923256449 0.036171455433917872 0.0090466686269393796 -0.014699899152596015 0.009795811926073027 -0.037069294452425232 -0.016136471050871511 -0.033126826365631488 0.0042745807359458711 0.036237574721734132 0.034160082219098283 -0.028339667501910956 0.0018821578474020975 -0.020469910941054298 0.0065388656596242949 -0.0017606138190730328 -0.0079539234860200037 -0.10000000000000001 -0.075892668637938143 -0.10000000000000001 -0.10000000000000001
leaf_weight=77.984758049249649 202.76870155334473 459.85057020187378 1364.9188117980957 22.291210979223251 47.528483867645264 261.75358176231384 348.73844528198242 523.60905981063843 2449.0718727111816 586.20044088363647 1067.0156936645508 11.490885734558105 438.14074659347534 201.35091590881348 503.94294452667236 90.109051465988159 55.490952491760254 31.343337267637253 318.91355872154236 182.7776050567627 760.46248340606689 3064.4265122413635 1804.1824848651886 24.695652991533279 23.45149502158165 12.140670418739317 11.742292135953901
leaf_count=22 23 1759 14 17 21 17 29 13 100 38 52 2 60 9 45 7 13 10 21 9 39 399 199 79 36 31 17
internal_value=-0.000246116 -0.0568833 0.00324635 -0.0950093 -0.00647358 0.0010308 0.00429677 0.0069585 0.00928054 0.00446051 0.0184783 -0.0421955 -0.00573036 -0.0101326 -0.00521811 0.0116686 -0.00235983 -0.0221649 -0.00913 -0.00260666 -0.0020468 -0.00333424 -0.0040557 -0.0849124 -0.0486918 -0.1 -0.1
internal_weight=14946.4 868.119 14078.3 494.282 373.837 12713.4 6698.74 5293.55 4625.9 3035.27 1590.62 125.914 1405.19 1143.43 942.084 247.923 157.814 102.323 667.652 6014.62 5831.84 5071.38 4868.61 47.9288 54.7948 471.991 36.4379
internal_count=3081 2014 1067 1807 207 1053 384 253 203 138 65 120 131 114 105 87 80 67 50 669 660 621 598 98 46 1790 96
is_linear=0
shrinkage=0.05


Tree=64
num_leaves=25
num_cat=0
split_feature=0 12 1 14 7 12 13 6 14 7 14 13 12 2 0 14 7 3 6 4 1 14 3 5
split_gain=1102.29 650.55 233.137 102.984 88.8944 54.7624 112.524 88.7825 51.2858 66.7778 65.1766 39.2502 37.926 57.3129 22.7295 25.321 40.6309 32.3452 19.4892 24.7102 22.8026 17.7462 21.696 2.27374e-13
threshold=1.0000000180025095e-35 8.1860198624904523 1518.6744638998996 82.500000000000014 20.500000000000004 2.3784090909090914 0.54348739495798326 24.426499584019187 16.500000000000004 30.500000000000004 32.500000000000007 1.0000000180025095e-35 5.8669797943991506 1.0000000180025095e-35 3.1707113196683152 5.5000000000000009 34.500000000000007 1.752777777777778 28.851398444983612 1.7917130144605118 335.08249776128451 41.500000000000007 6.4807692307692317 462.00000000000006
decision_type=10 8 10 10 10 10 8 10 8 10 10 8 10 8 10 10 10 8 10 10 10 10 8 10
left_child=1 4 5 23 11 14 -7 21 9 -9 -10 -1 13 -13 -2 16 17 -16 19 -17 -20 22 -8 -3
right_child=2 3 -4 -5 -6 6 7 8 10 -11 -12 12 -14 -15 15 18 -18 -19 20 -21 -22 -23 -24 -25
leaf_value=0.010808127690696894 0.016357390018088856 -0.10000000000000001 0.022753615034512974 0.010134897318211392 0.01822706160833382 0.031773539492913748 0.0039051570005623434 0.0037525186465583228 0.014823799085066173 -0.02313372417833796 0.0024348943697618162 -0.028367785727796593 0.020601279769249296 -0.10000000000000001 -0.023377511781521448 -0.0048389888049530667 0.022551201534951958 0.0025372209309983762 0.0013757697263814723 -0.01652144095014221 -0.010552074979508757 -0.031029782057975075 -0.018202880132114865 -0.10000000000000001
leaf_weight=43.409788995981216 156.2217800617218 442.25871078670025 1361.1233558654785 22.27885639667511 185.47687238454819 348.29713153839111 167.3813328742981 663.50539302825928 1635.743124961853 354.25101137161255 3024.6088862419128 78.007242202758789 19.809211999177933 43.492739781737328 138.54377937316895 1735.2214992046356 224.78904676437378 919.84720301628113 1735.1303367614746 612.37232351303101 520.99149513244629 137.84740734100342 329.29837918281555 6.7132501900196067
leaf_count=23 21 1777 14 17 33 9 20 54 76 31 128 13 12 126 21 269 11 120 137 73 19 17 47 13
internal_value=-0.00023841 -0.0558272 0.00308718 -0.0947933 -0.00622426 0.000980099 0.00410692 0.00258043 0.00456265 -0.00560579 0.00678329 -0.0307759 -0.0435504 -0.0540096 -0.00246639 -0.00296592 0.0032453 -0.000855027 -0.00469716 -0.00788637 -0.00137865 -0.0151576 -0.0107525 -0.1
internal_weight=14906.6 841.447 14065.2 471.251 370.196 12704.1 6660.93 6312.64 5678.11 1017.76 4660.35 184.719 141.309 121.5 6043.12 5886.9 1283.18 1058.39 4603.72 2347.59 2256.12 634.527 496.68 448.972
internal_count=3081 2014 1067 1807 207 1053 382 373 289 85 204 174 151 139 671 650 152 141 498 342 156 84 67 1790
is_linear=0
shrinkage=0.05


Tree=65
num_leaves=27
num_cat=0
split_feature=9 12 5 13 13 1 0 14 2 12 12 8 13 13 3 8 13 14 14 5 5 13 2 0 12 5
split_gain=899.028 533.839 268.42 149.31 125.131 108.082 99.348 97.3192 91.4468 84.4733 49.926 46.5276 45.789 47.6623 40.5066 104.09 46.8523 28.2027 107.162 52.0187 130.926 23.5013 17.8828 16.2582 11.6533 5.68434e-14
threshold=11.091227957149913 9.6238095238095251 2126.5000000000005 6.3095238095238102 12.158536585365855 2948.9671668601432 19.29785547181633 82.500000000000014 1.0000000180025095e-35 3.4364583333333338 3.488033921231986 0.97048611111111127 0.56550198627663428 1.4031250000000002 59.333333333333336 2.0441558441558443 2.4330357142857149 4.5000000000000009 3.5000000000000004 21.500000000000004 19.500000000000004 1.0000000180025095e-35 0.33343368190959805 1.0000000180025095e-35 4.9583723836301159 66.500000000000014
decision_type=10 8 10 10 10 10 10 10 8 10 10 8 8 10 8 10 10 8 10 10 10 8 8 10 10 10
left_child=1 8 3 5 6 11 -5 17 -1 21 -4 12 22 -14 15 -13 -16 18 25 20 -20 -10 -2 -23 -11 -3
right_child=2 7 10 4 -6 -7 -8 -9 9 24 -12 14 13 -15 16 -17 -18 -19 19 -21 -22 23 -24 -25 -26 -27
leaf_value=0.011177558776753955 0.00025230512070688386 -0.10000000000000001 0.030514763755109749 0.011358783868932278 -0.0030225165963445591 0.022964335605219714 0.044535630560895045 1.3103421405260343e-05 -0.013795285180789763 -0.024389423882141922 0.013761915071740086 -0.0057416144786239173 0.012446626357224847 -0.0072681571305543164 -0.0039626072111045721 -0.032166550101178908 0.0097126567429501078 -0.10000000000000001 -0.10000000000000001 -0.10000000000000001 0.094314107369230946 -0.10000000000000001 -0.017797248138775961 -0.039119442558749079 0.0070814963551052478 -0.10000000000000001
leaf_weight=251.67084836959839 263.56745290756226 106.0384220033884 722.20895481109619 500.74247694015503 604.92911672592163 412.21891403198242 410.73295211791992 31.807605504989624 13.206235885620117 55.297518566250801 1157.4734616279602 3288.4526844024658 1229.4132347106934 408.41519403457642 3753.1324608325958 420.29727602005005 751.78299188613892 285.67317587137222 14.237891942262648 12.475354343652723 22.162494659423828 51.150178924202919 286.28242015838623 13.958815336227415 62.845442429184914 11.351994663476942
leaf_count=23 15 457 12 38 36 4 7 22 13 23 28 245 69 30 474 29 48 1211 55 26 1 125 30 3 25 46
internal_value=-0.000521851 -0.0480975 0.00259818 -8.4983e-05 0.014608 -0.00214541 0.0263091 -0.0845215 -0.00877835 -0.0343427 0.0201987 -0.00314054 0.00333919 0.00753047 -0.00486639 -0.00873624 -0.00168047 -0.0904711 -0.0740988 -0.0118891 0.0183088 -0.0746121 -0.0091453 -0.0869477 -0.00764866 -0.1
internal_weight=15141.5 931.876 14209.6 12330 1516.4 10813.6 911.475 483.747 448.129 196.458 1879.68 10401.3 2187.68 1637.83 8213.67 3708.75 4504.92 451.939 166.266 48.8757 36.4004 78.3152 549.85 65.109 118.143 117.39
internal_count=3095 2030 1065 1025 81 944 45 1818 212 189 40 940 144 99 796 274 522 1796 585 82 56 141 45 128 48 503
is_linear=0
shrinkage=0.05


Tree=66
num_leaves=25
num_cat=0
split_feature=9 12 1 2 14 4 7 2 12 4 10 10 8 2 3 10 14 14 0 7 4 0 14 3
split_gain=834.87 521.064 204.825 123.005 96.9402 87.359 215.887 83.7879 80.6695 70.4824 60.8677 93.9153 48.3211 45.9049 37.8224 30.5316 26.9524 102.177 22.3073 31.689 18.8599 17.0314 5.68434e-14 2.84217e-14
threshold=11.091227957149913 9.6238095238095251 579.1658808891118 4.4454338565881928 82.500000000000014 19.583333333333339 13.500000000000002 1.0000000180025095e-35 3.4364583333333338 34.250000000000007 4.8805704099821758 5.2991071428571432 0.59508196721311479 0.33343368190959805 1.1144200626959251 2.018518518518519 4.5000000000000009 3.5000000000000004 34.727360989675887 25.500000000000004 9.7638888888888911 1.0000000180025095e-35 2.5000000000000004 0.96153846153846168
decision_type=10 8 8 8 10 10 10 8 10 10 8 8 8 8 8 8 8 10 10 10 8 10 10 10
left_child=1 7 5 -4 16 10 -7 -1 15 -8 14 -12 -13 -14 -2 -9 17 22 19 -16 -10 23 -3 -17
right_child=2 4 3 -5 -6 6 9 8 20 -11 11 12 13 -15 18 21 -18 -19 -20 -21 -22 -23 -24 -25
leaf_value=0.010625324341562587 0.0080269718300843632 -0.10000000000000001 0.0045511108140719996 0.02543796631368524 1.2448020920770447e-05 0.038335688799008553 0.0096552039970545425 0.0031335751818014155 0.011909763197224111 -0.02077034498974379 0.019237383102478998 0.012318206916187166 -0.022057170374106216 -0.0020283225395094913 -0.020492380515230613 -0.10000000000000001 -0.10000000000000001 -0.011864724658361529 -0.025626162085181703 -0.0034501180108146888 -0.02810820234009544 -0.037450238727967204 -0.10000000000000001 -0.10000000000000001
leaf_weight=251.51756191253662 230.07441473007202 93.037523299455643 1476.9205436706543 1348.4493637084961 31.807605147361755 478.2870512008667 409.50908279418945 11.114901065826414 61.404870614409447 355.66441035270691 571.31676483154297 566.0963306427002 298.22475910186768 7024.6209230422974 466.28161835670471 23.255647614598274 271.74072901904583 46.61150760948658 312.47675704956055 657.24948120117188 56.562367156147957 13.854671239852903 18.627692073583603 27.478990137577057
leaf_count=23 25 419 26 18 22 17 19 13 14 31 25 37 30 700 68 82 1211 82 13 56 34 3 84 43
internal_value=-0.000500401 -0.0470079 0.00247124 0.0145197 -0.0842164 -0.000522768 0.0119844 -0.00840899 -0.0331285 -0.00448706 -0.00205858 -0.000338318 -0.00175599 -0.002844 -0.0107939 -0.0734106 -0.0904466 -0.0740447 -0.0138094 -0.0105229 -0.00727786 -0.0865828 -0.1 -0.1
internal_weight=15102.2 907.014 14195.2 2825.37 461.825 11369.8 1243.46 445.189 193.671 765.173 10126.3 8460.26 7888.94 7322.85 1666.08 75.7042 430.017 158.277 1436.01 1123.53 117.967 64.5893 111.665 50.7346
internal_count=3095 2030 1065 44 1818 1021 67 212 189 50 954 792 767 730 162 141 1796 585 137 124 48 128 503 125
is_linear=0
shrinkage=0.05


Tree=67
num_leaves=29
num_cat=0
split_feature=9 12 5 13 6 13 14 0 2 12 12 4 10 12 10 12 10 14 14 5 5 0 14 0 4 5 5 5
split_gain=773.183 503.814 227.52 128.836 129.526 99.5056 95.5821 93.5296 76.8101 77.0472 58.0215 52.7453 42.268 50.2739 58.0528 31.6605 29.6889 28.0979 101.95 49.7395 124.026 23.2304 30.9074 17.6363 17.0833 2.27374e-13 1.13687e-13 2.84217e-14
threshold=11.091227957149913 9.6238095238095251 2126.5000000000005 6.3095238095238102 97.795746882229579 7.3000000000000016 82.500000000000014 504.45377368672115 1.0000000180025095e-35 3.4364583333333338 7.3724594992636243 6.4468599033816441 4.8805704099821758 2.7220887325152323 7.4250000000000016 3.0642580645161295 2.018518518518519 4.5000000000000009 3.5000000000000004 21.500000000000004 19.500000000000004 27.105607204422551 10.500000000000002 1.0000000180025095e-35 9.7638888888888911 75.500000000000014 85.500000000000014 307.50000000000006
decision_type=10 8 10 10 10 10 10 10 8 10 10 10 8 8 8 8 8 8 10 10 10 10 10 10 8 10 10 10
left_child=1 8 3 7 5 -5 17 12 -1 16 -7 -4 21 14 -14 -15 -10 18 26 20 -20 22 -2 27 -11 -19 -3 -18
right_child=2 6 11 4 -6 10 -8 -9 9 24 -12 -13 13 15 -16 -17 23 25 19 -21 -22 -23 -24 -25 -26 -27 -28 -29
leaf_value=0.010099763965122988 -0.015375166883306252 -0.10000000000000001 0.0099842119774785961 0.028590103092715938 0.039356750002666308 -0.024400095991346089 1.1826631742748559e-05 0.021608264670933401 0.0029770415565770576 0.011322311379666843 0.0046762415576453338 0.026780986364927595 0.012999923681583661 -0.021979818071479064 -0.002508133437239525 -0.0031283095090136308 -0.10000000000000001 -0.10000000000000001 -0.10000000000000001 -0.10000000000000001 0.093840492611004911 -0.016647307156104296 0.00074406802299409498 -0.035829174070931724 -0.026808783157660956 -0.10000000000000001 -0.10000000000000001 -0.10000000000000001
leaf_weight=251.37913131713867 480.97973823547363 98.038909509778023 911.54761838912964 325.92258548736572 368.13881778717041 245.78998851776123 31.807605266571045 402.87465667724609 11.114369213581083 61.362411454319954 568.21342945098877 959.1955680847168 1123.8750677108765 231.68572425842285 1303.2165465354919 5757.4970185756683 25.428988486528397 209.18707200884819 13.463394328951834 11.796733707189558 21.319391250610352 724.04828071594238 779.05931973457336 13.759936809539793 56.344503223896027 49.30070336163044 8.1803278774023038 22.831291452050209
leaf_count=23 66 467 23 17 6 26 22 4 13 14 32 17 54 19 112 587 93 994 55 26 1 24 78 3 34 217 36 32
internal_value=-0.000479716 -0.0458126 0.00235019 -0.000118491 0.0135715 0.00524417 -0.083494 -0.00202953 -0.0080567 -0.0319727 -0.00410342 0.0185965 -0.00294518 -0.00139753 0.00467294 -0.00385756 -0.072277 -0.0899521 -0.0729542 -0.0112794 0.0188105 -0.00951013 -0.00540894 -0.0857629 -0.00693046 -0.1 -0.1 -0.1
internal_weight=15067.4 885.315 14182 12311.3 1508.06 1139.93 443.094 10803.2 442.221 190.842 814.003 1870.74 10400.4 8416.27 2427.09 5989.18 73.1346 411.287 152.799 46.5795 34.7828 1984.09 1260.04 62.0202 117.707 258.488 106.219 48.2603
internal_count=3095 2030 1065 1025 81 75 1818 944 212 189 58 40 940 772 166 606 141 1796 585 82 56 168 144 128 48 1211 503 125
is_linear=0
shrinkage=0.05


Tree=68
num_leaves=30
num_cat=0
split_feature=9 13 5 13 6 14 13 1 2 14 2 7 2 10 10 10 3 14 14 5 11 2 3 14 11 5 5 5 11
split_gain=717.348 448.135 205.809 116.639 118.212 99.4643 90.418 86.97 66.9047 61.1982 54.9756 46.4081 39.7539 33.6915 44.8629 30.9491 29.3726 26.2931 97.4546 60.4033 24.2402 21.1728 25.2091 15.9567 12.3928 1.13687e-13 5.68434e-14 1.42109e-14 1.42109e-14
threshold=11.091227957149913 14.500000000000002 2126.5000000000005 6.3095238095238102 97.795746882229579 82.500000000000014 19.250000000000004 2948.9671668601432 1.0000000180025095e-35 31.500000000000004 1.0000000180025095e-35 4.5000000000000009 2.4182475668001149 4.8805704099821758 5.2704678362573114 4.7958333333333343 7.075396825396826 4.5000000000000009 3.5000000000000004 19.500000000000004 395.00000000000006 1.9978207976447016 3.3094017094017096 11.500000000000002 145.00000000000003 107.50000000000001 85.500000000000014 219.50000000000003 85.000000000000014
decision_type=10 8 10 10 10 10 8 10 8 10 8 10 10 8 8 10 10 8 10 10 10 8 10 10 10 10 10 10 8
left_child=1 8 3 7 6 10 9 13 -1 -5 -3 28 -4 21 -15 20 -16 18 26 -20 24 23 -23 -2 -13 -19 -12 -27 -10
right_child=2 5 12 4 -6 -7 -8 -9 11 -11 17 15 -14 14 16 -17 -18 25 19 -21 -22 22 -24 -25 -26 27 -28 -29 -30
leaf_value=0.009495832879110459 -0.011858716310016653 0.01138155866846096 0.010060251230083471 -0.0027772297963454908 0.037680960779078759 0.0089328434972681947 -0.019902028082806979 0.020669477205001414 -0.099999999999999964 0.024246472694865358 -0.10000000000000001 0.0010881793838474559 0.024668352275913685 0.011844949193147452 -0.0013227507691355332 -0.049761964840163146 -0.010661401320923506 -0.10000000000000001 -0.10000000000000001 0.026738425016654119 0.015578145443118009 -0.0077805095757559773 -0.028095741285548564 -0.00055565846565059219 -0.053612733274787286 -0.099999999999999978 -0.10000000000000001 -0.10000000000000001 -0.10000000000000001
leaf_weight=237.41802310943604 525.87003183364868 13.836101531982422 890.07390975952148 359.4836597442627 365.35875988006592 29.202559918165207 276.22178030014038 409.60462951660156 8.7557656019926089 502.14781093597412 97.558832570910454 16.542808338999748 976.87242984771729 589.16636514663696 6920.9089157581329 61.336671471595764 958.63312864303589 215.24377419054508 13.472048833966253 31.112421244382858 60.358629822731018 362.1588716506958 264.03664875030518 768.61984419822693 27.678543299436569 20.148675009608272 5.7915504574775687 11.601729884743689 12.521089285612105
leaf_count=22 59 1 28 34 6 20 20 4 33 21 485 17 12 25 680 33 68 1072 58 26 13 39 19 50 30 99 29 46 46
internal_value=-0.000459896 -0.0447292 0.0022351 -0.000112397 0.0129367 -0.0802147 0.00499148 -0.00192882 -0.00812762 0.0129718 -0.0865834 -0.0304795 0.0177039 -0.00281977 -0.00146378 -0.0215643 -0.0024589 -0.0900156 -0.0733454 -0.011558 -0.00502625 -0.00879859 -0.0163465 -0.00514738 -0.0331496 -0.1 -0.1 -0.1 -0.1
internal_weight=15031.7 862.579 14169.2 12302.2 1503.21 437.968 1137.85 10799 424.612 861.631 408.765 187.194 1866.95 10389.4 8468.71 165.917 7879.54 394.929 147.935 44.5845 104.58 1920.69 626.196 1294.49 44.2214 246.994 103.35 31.7504 21.2769
internal_count=3095 2030 1065 1025 81 1836 75 944 194 55 1816 172 40 940 773 93 748 1815 598 84 60 167 58 109 47 1217 514 145 79
is_linear=0
shrinkage=0.05


Tree=69
num_leaves=28
num_cat=0
split_feature=9 12 5 13 13 14 1 14 2 12 12 8 13 14 4 4 11 4 14 14 5 5 0 4 2 5 11
split_gain=664.062 476.553 186.119 105.575 104.136 93.4529 78.6332 72.8159 63.9985 72.1666 48.5603 35.3525 40.462 41.198 37.9729 51.5866 37.7099 28.7763 27.1067 95.4077 48.5628 113.215 19.2016 15.491 15.4466 1.13687e-13 5.68434e-14
threshold=11.091227957149913 9.6238095238095251 2126.5000000000005 6.3095238095238102 11.273809523809526 82.500000000000014 2948.9671668601432 40.500000000000007 1.0000000180025095e-35 3.4364583333333338 3.488033921231986 0.97048611111111127 0.56550198627663428 46.500000000000007 1.9277003484320561 2.4058823529411768 275.00000000000006 1.0161290322580647 4.5000000000000009 3.5000000000000004 21.500000000000004 19.500000000000004 1.0000000180025095e-35 9.086206896551726 0.33343368190959805 462.00000000000006 255.00000000000003
decision_type=10 8 10 10 10 10 10 10 8 10 10 8 8 10 10 10 8 8 8 10 10 10 10 10 8 10 8
left_child=1 8 3 6 7 18 11 -5 -1 17 -4 12 24 -14 16 -16 -13 -10 19 26 21 -21 -19 -11 -2 -20 -3
right_child=2 5 10 4 -6 -7 -8 -9 9 23 -12 14 13 -15 15 -17 -18 22 25 20 -22 -23 -24 -25 -26 -27 -28
leaf_value=0.0091239096329443874 -3.5041104754482058e-05 -0.10000000000000001 0.027099763249107706 0.0088090659106908869 -0.002474124516092364 -0.00023360741894140879 0.019678072949991677 0.038338338044870031 0.0041936355890886089 -0.023159062444714659 0.010494387503572263 -0.0066486592516271578 0.011724493389581758 -0.006192917526604419 -0.025470762438931857 -0.0060355921911113873 0.0023313767912751158 -0.10000000000000001 -0.10000000000000001 -0.10000000000000001 -0.10000000000000001 0.093078468737662762 -0.032043256300182725 0.013314265299584713 -0.01681946381685134 -0.10000000000000001 -0.10000000000000001
leaf_weight=251.14102268218994 263.46863317489624 5.3103660792112342 713.26710033416748 404.12125301361084 662.70980215072632 31.743568331003189 408.75152587890625 431.86580181121826 10.962290018796921 60.488337516784668 1150.3420209884644 1979.5175330638885 1196.2014529705048 438.40425729751587 385.56601047515869 2982.5938632488251 2855.426656961441 44.51475465297699 228.61591005325317 12.182182788848875 11.319847553968428 20.151254653930664 13.561489343643187 56.122575134038925 285.73753309249878 5.385862559080123 90.865726351737976
leaf_count=23 15 28 12 31 39 22 4 11 10 36 28 265 75 24 40 219 272 128 1199 55 26 1 3 12 30 12 475
internal_value=-0.00044076 -0.0435702 0.00212534 -0.000106635 0.0123289 -0.0825982 -0.00183299 0.0240637 -0.00733142 -0.0295917 0.0168498 -0.0026795 0.00297401 0.00691901 -0.00418457 -0.00826041 -0.00134522 -0.0701066 -0.0895922 -0.0721749 -0.010871 0.0203328 -0.0841313 -0.00560516 -0.00876754 -0.1 -0.1
internal_weight=15000.3 842.365 14158 12294.4 1498.7 405.575 10795.7 835.987 436.79 185.649 1863.61 10386.9 2183.81 1634.61 8203.1 3368.16 4834.94 69.0385 373.831 139.829 43.6533 32.3334 58.0762 116.611 549.206 234.002 96.1761
internal_count=3095 2030 1065 1025 81 1818 944 42 212 189 40 940 144 99 796 259 537 141 1796 585 82 56 131 48 45 1211 503
is_linear=0
shrinkage=0.05


Tree=70
num_leaves=21
num_cat=0
split_feature=5 0 1 5 4 12 12 9 2 6 14 0 12 12 12 9 14 14 1 7
split_gain=639.905 339.395 220.962 148.439 109.479 162.063 93.1035 86.0336 71.6553 57.1308 64.6411 79.7405 59.6913 46.472 34.8388 30.2382 26.3211 114.224 2.8848 1.13687e-13
threshold=83.500000000000014 1.5899491651651918 489.79236112166018 1561.0000000000002 19.583333333333339 4.8389560439560446 33.483957219251344 26.799005657545973 1.0000000180025095e-35 97.947654108036943 18.500000000000004 31.095087335700594 5.7208557951482488 7.2585882984433718 5.1553412843448436 26.358210406713599 4.5000000000000009 3.5000000000000004 27.283505473224974 3.5000000000000004
decision_type=10 10 10 10 10 10 10 8 8 8 8 8 8 10 10 10 8 10 10 8
left_child=1 8 4 -4 6 -6 9 -7 -1 13 12 -12 -11 14 -2 -15 17 -10 -3 -18
right_child=2 18 3 -5 5 7 -8 -9 16 10 11 -13 -14 15 -16 -17 19 -19 -20 -21
leaf_value=0.00093731194653246983 -0.00057074473804730164 -0.01157070678653942 0.00055119638003871285 0.022581315571257154 0.033819240207743316 0.013487379414640953 -0.032585796486142897 -0.023955081721880725 -0.10000000000000001 -0.024299159207816085 -0.032819594683122573 0.0010084309465529457 -0.10000000000000001 0.0021761907853010821 -0.017384734113949932 0.02199228900480657 -0.10000000000000001 0.0061316020912042246 -0.001019098241880719 -0.10000000000000001
leaf_weight=24.080719947814941 7323.7094459533691 151.83479833602905 1244.9587345123291 1981.8833789825439 539.76756501197815 334.58636665344238 249.63459396362305 283.34008038043976 92.013973698019981 269.63146138191223 215.26954174041748 913.2788992524147 28.82430200278759 405.04902410507202 321.60730218887329 366.88866949081421 189.93019922077656 34.992863699793816 112.97417974472046 5.3585201650857917
leaf_count=3 777 31 25 25 21 21 26 26 493 81 12 197 139 29 26 17 1042 64 12 30
internal_value=0.000432133 -0.0496823 0.00254764 0.0140818 -0.000760241 0.0138031 -0.00243055 -0.00368125 -0.0822606 -0.00166586 -0.0109168 -0.00544423 -0.0316102 -9.75188e-05 -0.00127804 0.0115944 -0.0884769 -0.0707587 -0.00706912 -0.1
internal_weight=15089.6 611.185 14478.4 3226.84 11251.6 1157.69 10093.9 617.926 346.376 9844.26 1427 1128.55 298.456 8417.25 7645.32 771.938 322.296 127.007 264.809 195.289
internal_count=3097 1675 1422 50 1372 68 1304 47 1632 1278 429 209 220 849 803 46 1629 557 43 1072
is_linear=0
shrinkage=0.05


Tree=71
num_leaves=23
num_cat=0
split_feature=5 0 1 5 4 11 4 0 10 14 5 5 5 5 5 5 10 10 4 13 14 5
split_gain=593.692 229.702 206.715 134.541 102.293 152.133 119.128 75.7739 94.6897 57.5359 97.8723 74.3642 56.6973 52.4598 44.9906 41.707 33.6221 45.4286 37.3004 4.50839 0.0119432 1.42109e-14
threshold=56.500000000000007 1.5899491651651918 489.79236112166018 1561.0000000000002 19.583333333333339 235.00000000000003 34.250000000000007 69.059431794305041 21.350000000000005 4.5000000000000009 6.5000000000000009 20.500000000000004 83.500000000000014 19.500000000000004 2676.0000000000005 87.500000000000014 7.021739130434784 6.3518518518518521 2.8021739130434784 0.033908045977011504 1.0000000180025095e-35 64.500000000000014
decision_type=10 10 10 10 10 8 10 8 10 8 10 10 10 10 10 10 10 10 8 8 10 10
left_child=1 9 4 -4 7 -6 -7 14 12 10 -1 13 21 20 16 -14 17 -2 -18 -13 -12 -9
right_child=2 -3 3 -5 5 6 -8 8 -10 -11 11 19 15 -15 -16 -17 18 -19 -20 -21 -22 -23
leaf_value=-0.10000000000000001 -0.0018079678176756893 -0.0087203324391423448 0.00052363711878454543 0.021507129972454034 0.036300130723442459 0.01761804181519663 -0.023388022801546379 -0.099999999999999964 0.0383053813938991 -0.10000000000000001 -0.02645243820705602 -0.050642259772476543 0.059508032872298756 0.079593725173830496 -0.021465033531323303 -0.02437122538619587 -0.0097079371195670453 -0.026604570963765218 0.0077837138254438212 -0.099999999999999978 -0.024356816245246118 -0.10000000000000001
leaf_weight=67.756704032421112 6975.0757274627686 177.83720254898071 1244.9568996429443 1976.9566059112549 439.64447012543678 388.27729272842407 325.67312520742416 8.7851102650165576 64.897132098674774 166.5899270772934 11.274619728326799 6.1750910878181458 15.230648860335348 20.615865737199783 271.93129110336304 549.26887990534306 369.54804277420044 189.73222398757935 1739.1123514175415 18.448214620351795 17.126394227147102 15.585917010903357
leaf_count=380 758 29 25 25 15 21 32 49 6 964 18 3 12 7 13 387 26 18 98 90 37 84
internal_value=0.000408923 -0.053965 0.00222139 0.013399 -0.000950824 0.0131615 -0.00108714 -0.00254702 -0.0190147 -0.0800901 -0.0566328 -0.0167305 -0.0253317 0.0188814 -0.00141914 -0.0221081 -0.000831324 -0.00246461 0.00471826 -0.0876219 -0.0251887 -0.1
internal_weight=15060.5 485.824 14574.7 3221.91 11352.8 1153.59 713.95 10199.2 653.768 307.987 141.397 73.6402 588.871 49.0169 9545.4 564.5 9273.47 7164.81 2108.66 24.6233 28.401 24.371
internal_count=3097 1528 1569 50 1519 68 53 1451 538 1499 535 155 532 62 913 399 900 776 124 93 55 133
is_linear=0
shrinkage=0.05


Tree=72
num_leaves=21
num_cat=0
split_feature=5 0 6 10 2 12 2 9 5 14 8 11 8 2 13 2 11 10 14 14
split_gain=551.367 225.448 186.572 153.321 117.431 89.9447 70.4788 60.4736 84.647 75.5506 66.6208 37.7071 36.1612 81.7453 49.5603 47.8347 46.3757 29.7665 26.3779 105.579
threshold=56.500000000000007 1.5899491651651918 108.34761366971394 6.6181818181818191 6.3589094587099657 33.483957219251344 1.0000000180025095e-35 32.917796813665731 183.50000000000003 82.500000000000014 0.49181153943058709 175.00000000000003 1.7752525252525253 4.0276900958263413 7.3000000000000016 1.0000000180025095e-35 255.00000000000003 11.679487179487181 4.5000000000000009 3.5000000000000004
decision_type=10 10 10 8 8 10 8 8 10 10 8 10 10 8 10 10 8 10 8 10
left_child=1 6 5 -4 -5 7 -1 12 9 11 -10 -9 14 -14 15 -2 -15 -12 19 -8
right_child=2 -3 3 4 -6 -7 18 8 10 -11 17 -13 13 16 -16 -17 -18 -19 -20 -21
leaf_value=0.0024455592779980859 -0.0035857465443354594 -0.0082874695971884415 -0.0013024784420033002 0.0082228267237774034 0.030275971516277755 -0.031036714150174356 -0.10000000000000001 -0.090365137403314241 0.028503893212112302 0.046440791230717676 -0.021841602234272714 -0.022322304225675382 -0.013514760689390455 0.025535943438180726 -0.021465749543809833 0.0045909769813649052 0.0063465129431729984 0.0054619408764015375 -0.10000000000000001 0.0058566616559874666
leaf_weight=24.054085731506348 4445.2132303714752 177.77127361297607 1454.6925258636475 1207.6641902923584 1206.9188251495361 248.25999692082405 78.724724113941193 69.397390216588974 108.32322025299072 16.103374600410461 378.5301478356123 28.815288081765175 405.99816942214966 435.01948595046997 287.12837266921997 2992.9321556091309 1139.7970881462097 135.57583324611187 158.46524325013161 33.611739203333855
leaf_count=3 572 29 30 26 18 26 468 318 10 9 199 10 30 25 27 196 59 14 964 64
internal_value=0.000387254 -0.0527617 0.00211246 0.0115206 0.019246 -0.00129249 -0.0795756 -0.000585376 -0.0143958 -0.0539423 -0.00713264 -0.0704016 0.000462911 0.00648996 -0.00108247 -0.000295628 0.0116473 -0.0146413 -0.0868611 -0.0683271
internal_weight=15033 472.627 14560.4 3869.28 2414.58 10691.1 294.856 10442.8 736.745 114.316 622.429 98.2127 9706.09 1980.81 7725.27 7438.15 1574.82 514.106 270.802 112.336
internal_count=3097 1528 1569 74 44 1495 1499 1469 560 337 223 328 909 114 795 768 84 213 1496 532
is_linear=0
shrinkage=0.05


Tree=73
num_leaves=24
num_cat=0
split_feature=5 0 6 14 2 12 2 9 8 9 14 11 8 9 11 0 8 10 8 14 14 8 14
split_gain=510.822 219.658 168.689 140.93 113.629 81.5957 69.1736 55.4465 100.91 33.6341 63.0294 46.1581 58.1821 37.6388 32.2385 31.371 31.1072 28.3688 27.3794 26.9822 103.399 11.3276 9.73628
threshold=56.500000000000007 1.5899491651651918 108.34761366971394 38.500000000000007 5.871931348474706 33.483957219251344 1.0000000180025095e-35 34.168551275899631 1.4099025974025976 24.004190279058303 40.500000000000007 1335.0000000000002 4.8046153846153858 27.043138481463242 305.00000000000006 15.74201106587148 0.46965912430208645 8.6862745098039227 1.6470705064548166 4.5000000000000009 3.5000000000000004 1.0042372881355934 8.5000000000000018
decision_type=10 10 10 8 8 10 8 8 8 10 10 10 10 10 8 10 10 8 10 8 10 8 10
left_child=1 6 5 -4 -5 7 -1 9 14 10 18 12 -11 -13 22 17 -16 -10 -2 20 -8 -12 -9
right_child=2 -3 3 4 -6 -7 19 8 15 11 21 13 -14 -15 16 -17 -18 -19 -20 -21 -22 -23 -24
leaf_value=0.0023233503463263717 -0.0039538787374011246 -0.0078758031637426833 -0.0026654692309115626 0.0071538534627232199 0.028095169291571066 -0.02962768982227855 -0.10000000000000001 -0.054713446351063004 -0.015539208078942421 -0.0008209748840712057 -0.030026623482698342 0.0023781334596950296 0.021156843962303801 0.020559911450376885 0.0303985991856928 -0.0021987850431863239 -0.0032475152055971 -0.062371864406360611 0.014503426478798879 -0.10000000000000001 0.0055647861414740256 -0.014787394143173383 -0.016826597347041252
leaf_weight=24.053384304046631 816.97101163864136 177.71175312995911 1272.3720941543579 1291.9050588607788 1299.1948461532593 247.09412524104118 74.885277360677719 26.960257172584534 42.361124485731125 6736.9723687171936 198.52520418167114 600.36600065231323 315.22431755065918 541.27241277694702 93.57098388671875 39.778273105621338 258.40867342054844 136.63164608180523 266.4521017074585 150.73680001497269 33.606120005249977 316.1044328212738 45.703572958707809
leaf_count=3 114 29 29 26 19 26 468 34 9 674 17 21 12 21 8 5 63 402 23 964 64 37 29
internal_value=0.000366418 -0.0514518 0.00200866 0.0109621 0.017654 -0.0012295 -0.0787884 -0.000557069 -0.0147752 0.000377189 -0.00625833 0.00167132 0.000161406 0.0109985 -0.000562551 -0.0423625 0.00569704 -0.0512883 0.000585426 -0.0863147 -0.0673004 -0.0206661 -0.0308836
internal_weight=15006.9 460.993 14545.9 3863.47 2591.1 10682.4 283.282 10435.3 643.415 9791.89 1598.05 8193.84 7052.2 1141.64 424.643 218.771 351.98 178.993 1083.42 259.228 108.491 514.63 72.6638
internal_count=3097 1528 1569 74 45 1495 1499 1469 550 919 191 728 686 42 134 416 71 411 137 1496 532 54 63
is_linear=0
shrinkage=0.05


Tree=74
num_leaves=24
num_cat=0
split_feature=5 0 6 10 2 12 2 9 8 7 4 9 11 8 9 4 8 0 10 5 5 10 0
split_gain=472.987 213.696 152.497 134.344 97.5261 73.9881 67.8539 50.3673 92.6089 34.6536 35.9876 30.3828 41.709 52.6266 34.0944 30.3744 44.9579 29.154 26.8064 24.0506 149.35 23.7712 21.1394
threshold=56.500000000000007 1.5899491651651918 108.34761366971394 6.6181818181818191 6.3589094587099657 33.483957219251344 1.0000000180025095e-35 34.168551275899631 1.4099025974025976 19.500000000000004 1.0161290322580647 24.004190279058303 1335.0000000000002 4.8046153846153858 27.043138481463242 19.583333333333339 2.6076923076923082 15.74201106587148 8.6862745098039227 19.500000000000004 20.500000000000004 18.388888888888889 20.396071523844004
decision_type=10 10 10 8 8 10 8 8 8 10 8 8 10 10 10 8 8 10 8 10 10 8 10
left_child=1 6 5 -4 -5 7 -1 11 9 10 -9 15 13 -13 -14 22 -17 18 -10 -8 -21 -11 -2
right_child=2 -3 3 4 -6 -7 19 8 17 21 -12 12 14 -15 -16 16 -18 -19 -20 20 -22 -23 -24
leaf_value=0.0022072417985262997 -0.0078374175503047507 -0.0074843363223268877 -0.0015634070003945899 0.0076611086514947347 0.02780532534704229 -0.028270484480491603 -0.10000000000000001 0.028281774772202468 -0.014780108946503365 -0.0039854175462713465 -0.037563602401084917 -0.00077992880120152921 0.0022592910447552252 0.020144123893659643 0.019573319473345598 0.017127360419405432 -0.0080223125546948215 -0.0020888962090970116 -0.060429326836466735 0.036787714867648862 -0.10000000000000001 0.024229179173959645 -0.026004422189472517
leaf_weight=24.052751541137695 616.93070387840271 177.6580126285553 1454.6899318695068 1207.08376121521 1196.3324308395386 246.03669881820679 135.00436379015446 26.579380750656128 42.311259582638741 168.50489076972008 94.635160475969315 6736.9502272605896 600.34944772720337 314.53645372390747 540.15697765350342 281.53917956352234 481.77972602844238 39.777335643768311 134.0400053113699 25.863181546330452 87.351860165596008 134.03264832496643 216.25805950164795
leaf_count=3 77 29 30 26 18 26 889 10 9 32 79 674 21 12 21 24 80 5 402 38 569 13 10
internal_value=0.000346726 -0.0501428 0.00190989 0.0104294 0.0176882 -0.00116936 -0.0779774 -0.000529959 -0.0141207 -0.000536131 -0.0231253 0.000358479 0.00158823 0.000153403 0.0104594 -0.0059516 0.00125378 -0.0407554 -0.0494769 -0.0857474 -0.0687518 0.00851444 -0.0125527
internal_weight=14982.5 449.93 14532.5 3858.11 2403.42 10674.4 272.272 10428.4 639.881 423.752 121.215 9788.5 8191.99 7051.49 1140.51 1596.51 763.319 216.129 176.351 248.219 113.215 302.538 833.189
internal_count=3097 1528 1569 74 44 1495 1499 1469 550 134 89 919 728 686 42 191 104 416 411 1496 607 45 87
is_linear=0
shrinkage=0.05


Tree=75
num_leaves=28
num_cat=0
split_feature=1 12 1 14 13 13 11 4 4 14 1 5 8 11 8 4 4 8 12 14 7 3 10 3 10 13 5
split_gain=601.053 449.591 107.833 104.25 98.2371 210.552 85.8519 90.9057 106.182 132.555 72.484 43.5811 32.028 27.0188 31.2323 24.2557 22.8123 20.1367 30.0766 47.9721 18.7026 23.5552 49.0826 18.6855 17.1949 6.85217 1.42109e-14
threshold=1.0000000180025095e-35 8.1860198624904523 32.298610118386406 82.500000000000014 6.3095238095238102 11.100000000000001 945.00000000000011 10.562500000000002 6.3484848484848486 65.500000000000014 1843.9124879757746 183.50000000000003 0.57294832826747732 875.00000000000011 1.9869297369297372 9.086206896551726 3.1846590909090913 2.7709790209790213 3.595959546941272 20.500000000000004 58.500000000000007 2.7979591836734699 3.7179487179487185 1.8637566137566142 4.4222222222222234 6.7750000000000012 45.500000000000007
decision_type=10 8 10 10 10 10 10 10 8 10 10 10 8 10 10 10 8 10 10 10 10 10 10 10 8 8 10
left_child=1 11 17 -3 6 -6 10 8 9 -8 13 12 -1 14 -4 16 24 18 20 -20 21 23 -23 -2 -13 -19 -14
right_child=2 3 4 -5 5 -7 7 -9 -10 -11 -12 15 26 -15 -16 -17 -18 25 19 -21 -22 22 -24 -25 -26 -27 -28
leaf_value=-0.020642687262164783 -0.0051228081922705141 -0.10000000000000001 0.00031176930048105761 0.014765355051781979 0.036011112241250115 -0.0015902102085166361 0.012851906003732781 -0.0066433593320773601 0.023121510549082722 -0.010685043791719528 -0.025531309455380003 -0.011333378167399939 -0.099999999999999936 -0.013313688024266166 0.012506430283702841 0.031489221468402967 -0.032882294848030423 -0.0262735826256092 -0.0091108140767494315 0.02116893172593249 -0.023798964133200349 0.023184456160691858 -0.0078932929710077756 -0.021899763837778283 0.025006614212447542 -0.010437465901450567 -0.10000000000000001
leaf_weight=49.378459632396698 1689.369042634964 270.77925765514374 3603.143093585968 21.347627520561218 782.31524085998535 710.35153436660767 2173.0515480041504 802.80624103546143 1382.6511154174805 825.39885520935059 271.90291213989258 66.437928646802902 5.5404614508152035 305.33656787872314 614.61820363998413 62.359839230775833 51.337939009070396 113.95359134674072 232.35465812683105 299.29308986663818 127.6485857963562 220.18509650230408 300.35418677330017 184.04709386825562 63.820328608155251 170.5294132232666 11.583042964339255
leaf_count=18 301 1807 306 16 21 30 67 34 33 28 5 22 36 17 30 12 32 19 33 23 18 21 43 32 24 23 57
internal_value=0.00186023 -0.0470902 0.00385201 -0.0916133 0.00615341 0.0181169 0.0043639 0.00882425 0.0116586 0.00637277 -0.00045822 -0.00519599 -0.0410763 0.00104903 0.00208879 0.00458492 -0.00465398 -0.00405778 -0.00287233 0.00793528 -0.00515097 -0.00415664 0.00525241 -0.006771 0.00647148 -0.0167808 -0.1
internal_weight=15411.9 602.585 14809.3 292.127 11471.6 1492.67 9978.91 5183.91 4381.1 2998.45 4795 310.458 66.502 4523.1 4217.76 243.956 181.596 3337.73 3053.25 531.648 2521.6 2393.96 520.539 1873.42 130.258 284.483 17.1235
internal_count=3108 2024 1084 1823 571 51 520 162 128 95 358 201 111 353 336 90 78 513 471 56 415 397 64 333 46 42 93
is_linear=0
shrinkage=0.05


Tree=76
num_leaves=33
num_cat=0
split_feature=0 12 14 14 1 6 9 12 2 4 5 2 3 2 4 6 1 3 6 6 7 2 0 4 4 4 4 14 9 14 5 5
split_gain=557.131 424.583 116.453 97.1103 96.1855 91.2983 78.8002 75.12 63.7682 83.3172 37.9106 37.6206 32.1659 56.1813 60.6906 33.0513 41.5209 29.3792 28.598 26.6138 20.5375 19.949 19.872 17.9475 23.618 18.4954 13.2906 8.35333 8.14465 3.2572 1.13687e-13 7.10543e-15
threshold=1.7201137539204654 168.30000000000004 82.500000000000014 20.500000000000004 242.91550088994416 67.643155451905713 26.892792739600683 1.428839259584431 7.4975248761124567 2.6505813953488375 183.50000000000003 0.99835740821116836 3.1053682342502222 1.5021206879666138 38.500000000000007 99.394071105557245 144.32668607382507 14.047619047619049 108.81364287053783 29.287811848264603 43.500000000000007 2.0051525185377757 4.8811602495942745 9.086206896551726 3.1846590909090913 5.2000000000000011 1.7403846153846156 16.500000000000004 26.944106522329893 24.500000000000004 189.50000000000003 311.50000000000006
decision_type=10 8 10 8 10 10 10 10 8 8 10 8 8 10 8 10 10 8 10 10 10 8 10 10 8 10 10 10 8 10 10 10
left_child=1 10 30 12 5 7 -6 22 19 -10 11 -1 13 14 18 16 17 21 20 -9 -2 -14 -5 24 26 -26 -12 -19 -24 -13 -3 -32
right_child=3 2 -4 4 6 -7 -8 8 9 -11 23 29 15 -15 -16 -17 -18 27 -20 -21 -22 -23 28 -25 25 -27 -28 -29 -30 -31 31 -33
leaf_value=-0.016408961135669278 -0.0052816476651380596 -0.10000000000000001 0.028617809547048401 -0.022792703514006966 0.0039783231543757116 -0.018413438070395232 0.01859227196152978 0.0044431896764038489 0.035850619296378096 0.0093489341237951839 -0.01079950237542201 -0.099999999999999978 -0.0061457956866043141 0.02162573606791398 0.03009728989371906 -0.016620511957024863 0.0093446148017750329 -0.001146593195700558 -0.021166872294187532 -0.011186232622641267 0.01202360628268543 -0.023708926549055737 -0.0068361531355181117 0.022019584180052277 -0.051940160577449837 -0.0032584151124278871 0.019850073027640788 -0.01297477113319266 0.00095117450264958238 -0.055553623833205161 -0.10000000000000003 -0.099999999999999992
leaf_weight=55.581545352935791 658.93272399902344 241.49914510548115 18.908324867486954 140.69363212585449 1518.2372817993164 473.43401622772217 2350.5228824615479 803.81596183776855 347.44658231735229 2025.3524880409241 69.164779394865036 19.456857234239582 345.69607591629028 361.37407302856445 141.20369863510132 467.97648334503174 610.35606479644775 1827.7196938991547 213.16591644287109 411.96455144882202 231.74605274200439 303.7375750541687 689.22218251228333 68.303087055683136 42.006413206458092 36.43234857916832 72.38917201757431 162.54149293899536 654.72414493560791 5.2300411015748969 6.3195599168539029 6.3379341512918472
leaf_count=9 82 1720 14 27 35 24 39 60 16 133 26 102 37 11 5 17 27 253 5 27 14 38 115 16 38 8 23 26 80 11 40 30
internal_value=0.00176883 -0.0438405 -0.0910939 0.00375422 0.00680614 0.00258553 0.0128572 0.00454516 0.00845857 0.0132295 -0.00883105 -0.0392218 -0.00164261 0.0042697 -0.000767869 -0.0041971 -0.00240824 -0.00512577 -0.00471614 -0.000852806 -0.000778987 -0.01436 -0.00491409 -0.000369554 -0.00732091 -0.029329 0.00487436 -0.00211258 -0.00304244 -0.0905838 -0.1 -0.1
internal_weight=15381.5 641.629 273.065 14739.9 9415.41 5546.65 3868.76 5073.22 3588.58 2372.8 368.564 80.2684 5324.45 1606.42 1245.05 3718.03 3250.05 2639.69 1103.84 1215.78 890.679 649.434 1484.64 288.296 219.993 78.4388 141.554 1990.26 1343.95 24.6869 254.157 12.6575
internal_count=3108 2037 1804 1071 556 482 74 458 236 149 233 122 515 117 106 398 381 354 101 87 96 75 222 111 95 46 49 279 195 113 1790 70
is_linear=0
shrinkage=0.05


Tree=77
num_leaves=28
num_cat=0
split_feature=0 12 14 1 13 13 14 11 1 0 9 5 8 14 4 4 8 12 14 12 13 4 10 13 5 5 5
split_gain=514.751 424.68 99.5038 91.4737 86.1534 190.649 73.5159 49.8908 94.7533 66.6871 58.0498 36.6304 31.241 21.7495 20.5304 19.5124 19.0105 26.484 40.7173 18.918 19.965 51.351 15.1219 6.24154 1.13687e-13 7.10543e-15 7.10543e-15
threshold=1.0000000180025095e-35 8.1860198624904523 82.500000000000014 32.298610118386406 6.3095238095238102 11.100000000000001 230.00000000000003 945.00000000000011 1946.4237341431078 189.82250091937314 24.426499584019187 183.50000000000003 0.57294832826747732 21.500000000000004 9.086206896551726 3.1846590909090913 2.7709790209790213 3.595959546941272 20.500000000000004 2.8329669496664649 0.36055555555555557 1.7669683257918554 4.4222222222222234 6.7750000000000012 231.50000000000003 35.500000000000007 482.50000000000006
decision_type=10 8 10 10 10 10 8 10 10 10 10 10 8 10 10 8 10 10 10 10 8 8 8 8 10 10 10
left_child=1 11 24 16 6 -6 7 9 10 13 -9 12 -1 -5 15 22 17 19 -19 20 -2 -22 -13 -18 -3 -14 -26
right_child=3 2 -4 4 5 -7 -8 8 -10 -11 -12 14 25 -15 -16 -17 23 18 -20 -21 21 -23 -24 -25 26 -27 -28
leaf_value=-0.018614309822590307 -0.02117503743687426 -0.10000000000000001 0.012762918017339113 0.0040168870961996396 0.03398507547820729 -0.0018805062321129299 0.022354728039644542 0.016058259704255014 0.022496433458021117 -0.023285408292986299 0.00051449035442019603 -0.010739763241820008 -0.10000000000000001 -0.0030457116342642266 0.029059177391660154 -0.030635192124474131 -0.025250694083685084 -0.0082034585957969901 0.019718100509469684 -0.018193424883207649 0.02453740983592665 -0.0044135160462777231 0.023394607441313414 -0.010123467054128123 -0.10000000000000003 -0.10000000000000001 -0.099999999999999978
leaf_weight=49.04809108376503 147.57964658737183 233.39465838670731 21.260504841804504 2436.1610207557678 775.1900200843811 709.79249334335327 513.61687469482422 738.6006236076355 778.93939208984375 305.88917922973633 3216.2037854194641 66.360470071434975 4.1974100619554511 1972.8638405799866 61.856728315353394 50.666320070624352 113.65205240249634 232.14345169067383 298.4077091217041 238.36396980285645 166.10130596160889 1966.9122695922852 63.487855494022369 170.4628803730011 7.7225260585546476 11.326024323701857 3.9830147176980972
leaf_count=18 26 1745 16 201 21 30 12 29 7 7 118 22 30 146 12 32 19 33 23 34 15 340 24 23 49 63 13
internal_value=0.00168136 -0.0448037 -0.0909994 0.00348437 0.00560701 0.016842 0.00393231 0.00293089 0.0065569 -0.000709609 0.00341745 -0.00471563 -0.03818 0.000856654 0.0041998 -0.00431873 -0.0038045 -0.002652 0.00750098 -0.00479046 -0.0033896 -0.00215906 0.00594985 -0.0161747 -0.1 -0.1 -0.1
internal_weight=15354.2 573.304 266.361 14780.9 11447.3 1484.98 9962.27 9448.66 4733.74 4714.91 3954.8 306.943 64.5715 4409.02 242.371 180.515 3333.62 3049.51 530.551 2518.96 2280.59 2133.01 129.848 284.115 245.1 15.5234 11.7055
internal_count=3108 2024 1823 1084 571 51 520 508 154 354 147 201 111 347 90 78 513 471 56 415 381 355 46 42 1807 93 62
is_linear=0
shrinkage=0.05


Tree=78
num_leaves=34
num_cat=0
split_feature=0 12 14 14 13 13 6 14 14 10 3 13 5 5 2 10 2 7 13 10 12 7 12 6 12 14 4 4 13 4 11 5 4
split_gain=475.898 399.861 111.61 83.0725 93.3684 159.177 82.1703 63.2813 68.7596 87.4979 58.4657 53.6428 52.0995 31.9753 36.1237 31.7831 35.0579 38.3219 35.5668 37.9231 48.1758 25.4897 25.0944 20.7744 20.2014 19.342 14.5207 19.6861 20.6217 17.5799 4.5613 1.13687e-13 1.42109e-14
threshold=1.7201137539204654 168.30000000000004 82.500000000000014 20.500000000000004 6.3095238095238102 11.100000000000001 391.95574121898261 65.500000000000014 49.500000000000007 7.6237373737373746 4.3571428571428585 0.93725490196078443 1331.5000000000002 183.50000000000003 0.99835740821116836 1.1944444444444449 0.50000017369862659 22.500000000000004 0.65485893416927909 3.5801282051282057 2.6254237288135598 16.500000000000004 7.2585882984433718 30.669395527126628 3.0642580645161295 9.5000000000000018 9.086206896551726 3.1846590909090913 0.54772727272727284 5.2000000000000011 15.000000000000002 315.50000000000006 1.0000000180025095e-35
decision_type=10 8 10 8 10 10 10 10 8 8 10 10 10 10 8 8 10 10 10 10 8 10 8 10 10 10 10 8 8 10 8 10 10
left_child=1 13 31 15 6 -6 7 8 11 -10 12 -5 -9 14 -1 -2 17 21 -18 20 -20 22 -17 25 -21 -19 27 28 -15 -29 -16 -3 -32
right_child=3 2 -4 4 5 -7 -8 10 9 -11 -12 -13 -14 26 30 16 18 23 19 24 -22 -23 -24 -25 -26 -27 -28 29 -30 -31 32 -33 -34
leaf_value=-0.014751518943804359 0.017049158537397566 -0.10000000000000001 0.026707179101408698 -0.0062338504623079211 0.034408275783025265 -0.0010410391515255901 0.016627876106936466 -0.0031811867386110264 0.026192075247354774 0.0015378034815090506 0.0054151115123201657 0.006961968711237854 -0.022720446941114612 -0.0098014857647527685 -0.041894117277207106 -0.012659183299358402 0.012844749117655008 -0.019191068822679416 0.02172253098441625 -0.019011548636721474 -0.0047018727435763404 0.0092368452394092151 -0.00022122279907428653 -0.02210930268338945 -0.0016936451763552283 0.00089282741893838909 0.019723255006202429 -0.049380141767473684 0.030142152771216166 -0.001687294453996504 -0.099999999999999978 -0.10000000000000001 -0.10000000000000001
leaf_weight=55.443866729736328 219.13590574264526 224.52286002039909 18.800405591726303 1318.2077405452728 716.95293617248535 567.18427228927612 1149.1368961334229 877.86094236373901 767.70914793014526 677.43600273132324 911.73675870895386 1852.4308233261108 558.02051210403442 91.078157126903534 4.1223328858613995 630.92126178741455 609.40429210662842 200.56983733177185 298.03741836547852 328.85968780517578 409.4615740776062 405.45004367828369 1135.1340129375458 438.26911020278931 345.11498546600342 297.98393297195435 67.867812797427177 41.147181302309036 50.079245373606682 36.427468538284302 11.609131865203382 5.4475754946470252 7.0821653455495825
leaf_count=9 15 1762 14 150 22 29 14 94 24 55 32 109 27 30 4 74 34 28 14 22 38 38 166 35 19 32 16 38 19 8 74 28 35
internal_value=0.00159822 -0.041544 -0.0904243 0.00339729 0.0062236 0.0187508 0.00424065 0.00219645 0.00559574 0.014635 -0.00448708 0.00147575 -0.0107746 -0.00821598 -0.0365423 -0.00159635 -0.00239763 -0.00571558 0.00278264 -0.00165602 0.00642954 -0.00206907 -0.00466467 -0.014168 -0.0101438 -0.00718699 -0.000481327 -0.00675037 0.00436955 -0.0269846 -0.0895005 -0.1 -0.1
internal_weight=15328.6 613.628 248.771 14715 9396.68 1284.14 8112.54 6963.4 4615.78 1445.15 2347.62 3170.64 1435.88 364.857 78.2575 5318.34 5099.21 3108.33 1990.88 1381.47 707.499 2171.51 1766.06 936.823 673.975 498.554 286.6 218.732 141.157 77.5746 22.8136 229.97 18.6913
internal_count=3108 2037 1804 1071 556 51 505 491 338 79 153 259 121 233 122 515 500 373 127 93 52 278 240 95 41 60 111 95 49 46 113 1790 109
is_linear=0
shrinkage=0.05


Tree=79
num_leaves=34
num_cat=0
split_feature=1 13 14 14 13 13 6 0 14 14 13 3 7 13 4 3 13 14 13 4 10 10 10 13 11 10 0 14 5 13 11 4 4
split_gain=440.174 349.71 90.9568 75.5468 82.8212 142.897 73.8841 60.5119 57.3122 62.3265 78.8592 52.608 48.381 46.9289 29.8558 29.0194 77.1991 30.4042 22.3578 30.3969 19.6896 41.5247 23.4765 18.615 13.867 10.4559 9.20072 8.74191 10.7049 7.46551 5.41276 5.14274 1.13687e-13
threshold=11.132272709884976 4.354166666666667 82.500000000000014 20.500000000000004 6.3095238095238102 11.100000000000001 391.95574121898261 1.5848538115532504 65.500000000000014 49.500000000000007 1.0315449577744662 4.3571428571428585 62.500000000000007 0.93725490196078443 9.086206896551726 1.9179600886917962 0.60252100840336142 1.5000000000000002 1.0000000180025095e-35 1.7403846153846156 7.6833333333333345 3.5801282051282057 9.1269841269841283 0.66274509803921577 585.00000000000011 4.4222222222222234 24.457999583482742 1.0000000180025095e-35 6.5000000000000009 0.10960960960960962 765.00000000000011 2.0653389238294904 10.460526315789474
decision_type=10 8 10 8 10 10 10 10 10 8 8 10 10 10 10 8 10 10 10 10 8 10 8 10 8 8 10 8 10 10 8 8 10
left_child=1 14 7 15 6 -6 8 27 9 13 -11 12 -10 -5 18 16 31 -17 -1 25 21 -19 -22 -21 -24 -20 -23 28 -3 -27 -25 -2 -29
right_child=3 2 -4 4 5 -7 -8 -9 11 10 -12 -13 -14 -15 -16 17 -18 20 19 23 22 26 24 30 -26 29 -28 32 -30 -31 -32 -33 -34
leaf_value=0.023823439963471207 -0.00014730177275648631 -0.099999999999999978 0.016282168576825788 -0.0058298966050767381 0.032596522191528879 -0.00092074685473237576 0.015818368593547533 -0.017596653738235202 -0.0045626203583447583 0.026332812637068048 0.0028917829379627134 0.005145110847054892 -0.025155102061904196 0.0065462519971582409 0.027317610943194438 0.010740887050919901 0.026860055090858627 0.002209006587180349 -0.033232069948482622 0.011499313887721491 0.013191621071149668 -0.01260564715099952 -0.00085537090724304159 -0.0098375316017039315 -0.0083942812272348507 -0.029934546265050512 -0.024063148557192521 -0.10000000000000001 -0.040310522227853474 -0.10000000000000001 -0.039400647550392548 -0.0099916631721095432 -0.10000000000000001
leaf_weight=38.042268767952919 301.63514852523804 15.549527965486051 22.550529509782791 1304.4596037864685 716.27464461326599 571.90412473678589 1147.5879745483398 27.160271167755127 1037.672155380249 681.40598011016846 757.80476045608521 911.6064190864563 393.35514354705811 1855.4920945167542 61.191964909434319 363.05048608779907 309.49356555938721 446.90843963623047 57.65450157225132 81.425363689661026 229.62698650360107 444.21584796905518 1763.7683885097504 30.449046075344086 932.43019199371338 5.6072340011596706 289.35388278961182 205.33134061843157 14.530902825295923 11.807673260569571 31.501323312520981 236.82843446731567 3.08722299337387
leaf_count=18 26 135 16 146 23 30 14 8 104 27 51 32 16 110 10 37 17 37 22 20 13 51 209 31 100 2 11 1655 54 49 15 14 5
internal_value=0.00151936 -0.0402456 -0.0801268 0.00324139 0.00594097 0.0177161 0.00406586 -0.0883104 0.00212298 0.00536541 0.0139901 -0.00424269 -0.010223 0.00143725 -0.00406403 -0.00151957 0.00696058 -0.00312848 -0.011551 -0.0177114 -0.00435471 -0.00980549 -0.0021555 -0.00421536 -0.00346256 -0.0434877 -0.017125 -0.0963633 -0.0711659 -0.0774404 -0.0248702 -0.00447707 -0.1
internal_weight=15300.8 605.889 288.21 14694.9 9377.56 1288.18 8089.38 265.659 6941.8 4599.16 1439.21 2342.63 1431.03 3159.95 317.679 5317.31 847.957 4469.35 256.487 218.445 4106.3 1180.48 2925.83 143.376 2696.2 75.0694 733.57 238.499 30.0804 17.4149 61.9504 538.464 208.419
internal_count=3108 2040 1873 1068 553 53 500 1857 486 334 78 152 120 256 167 515 57 458 157 139 421 99 322 66 309 73 62 1849 189 51 46 40 1660
is_linear=0
shrinkage=0.05


Tree=80
num_leaves=28
num_cat=0
split_feature=5 11 7 14 0 2 5 5 1 10 0 2 14 12 7 12 3 5 0 5 12 14 2 7 14 12 5
split_gain=297.915 139.481 126.608 107.161 98.5803 99.5723 81.6069 133.364 67.1992 60.0792 53.5796 61.5651 47.1525 71.6456 51.5876 43.0397 77.202 41.1893 36.4675 34.2337 31.5164 28.1865 23.9566 15.9887 13.7673 11.459 5.68434e-14
threshold=19.500000000000004 945.00000000000011 47.500000000000007 172.00000000000003 138.44226622186645 1.0000000180025095e-35 20.500000000000004 83.500000000000014 2402.4811252418331 4.3100686498855838 29.201125004761106 1.0000000180025095e-35 12.500000000000002 1.5164634146341467 23.500000000000004 6.0102040816326534 3.3793650793650798 403.00000000000006 189.82250091937314 92.500000000000014 1.0454401088929222 10.500000000000002 1.0002021127045682 23.500000000000004 133.50000000000003 2.253517823639775 17.500000000000004
decision_type=10 10 10 8 8 8 10 10 10 10 10 8 10 10 10 8 10 10 10 10 10 8 8 10 10 10 10
left_child=10 4 -3 8 9 -6 -7 18 15 12 11 -1 20 24 -15 16 -4 -11 -8 -9 22 -19 -2 -22 -14 -23 -13
right_child=1 2 3 -5 5 6 7 19 -10 17 -12 26 13 14 -16 -17 -18 21 -20 -21 23 25 -24 -25 -26 -27 -28
leaf_value=0.0270422015155974 0.013962291003040826 0.028035829630463822 -0.0091570919236728249 0.023797579407450881 0.01062120912725565 0.053127617768491397 -0.10000000000000001 0.05049313126222213 0.016869854566257544 0.0067846499765905517 -0.0010882952823474269 -0.10000000000000001 -0.0046171377953017527 0.0037131693119963971 0.019067159668342885 -0.010919165633902614 0.0071442094852981683 -0.001205267482596583 -0.01324264219876144 -0.024938196102709045 -0.0091987034179620824 -0.011724329999022311 -0.0036717454540885863 -0.026117975382677225 0.0092303220673447487 -0.024110642819339424 -0.10000000000000001
leaf_weight=10.52881908416748 243.59979915618896 630.0661344230175 1063.3071433901787 626.93131542205811 213.43408679962158 29.124655306339264 80.904056511819363 15.492330163717268 642.19036865234375 266.76724100112915 21.066244602203369 94.867214627563953 1773.838191986084 1383.3182456493378 904.96117925643921 801.41565132141113 2291.7122169733047 272.68319225311279 14.245198249816893 516.83473828434944 736.69599628448486 287.71747231483459 920.00593709945679 172.28876686096191 199.70040273666382 531.96388053894043 6.2922620028257361
leaf_count=1 25 22 53 11 21 40 697 22 6 24 2 838 268 101 43 36 92 26 1 361 97 23 132 20 21 46 57
internal_value=0.000335566 0.00101267 0.00682051 0.00435679 -0.00309427 -0.0190469 -0.0286908 -0.0324884 0.00181688 -0.00129024 -0.0742284 -0.0880238 0.000756421 0.00376477 0.00978531 -0.000508878 0.00197783 -0.010829 -0.0870112 -0.0227429 -0.00542958 -0.0151304 1.9924e-05 -0.0124056 -0.00321593 -0.0197629 -0.1
internal_weight=14752 14619.2 6055.62 5425.56 8563.58 870.035 656.601 627.476 4798.63 7693.54 132.755 111.688 6334.41 4261.82 2288.28 4156.44 3355.02 1359.13 95.1493 532.327 2072.59 1092.36 1163.61 908.985 1973.54 819.681 101.159
internal_count=3086 2188 220 198 1968 1142 1121 1081 187 826 898 896 707 433 144 181 145 119 698 383 274 95 157 117 289 69 895
is_linear=0
shrinkage=0.05


Tree=81
num_leaves=31
num_cat=0
split_feature=0 12 11 7 8 13 14 10 8 3 0 14 10 14 14 12 13 3 6 12 0 8 8 3 14 12 0 7 11 13
split_gain=269.285 252.843 107.858 114.11 95.0784 76.2214 64.2003 59.9029 59.9455 53.6612 51.0602 50.7034 50.8953 47.0836 108.384 45.9298 42.494 37.9665 31.5948 28.551 25.8561 22.3099 80.3517 24.0205 21.8106 20.3575 18.9874 13.0978 11.7295 10.9275
threshold=2.9229584035491745 0.24228886613068409 945.00000000000011 47.500000000000007 4.5688854489164088 3.8631756756756759 82.500000000000014 4.3100686498855838 2.0670329670329672 6.9307692307692319 303.37858616896779 30.500000000000004 21.350000000000005 4.5000000000000009 3.5000000000000004 18.846866096866101 0.65058139534883741 8.4500000000000011 291.95708261507838 3.8892577989901089 1.7201137539204654 1.2315462315462318 0.89320625610948201 1.2583333333333335 133.50000000000003 2.818665377176016 1.0000000180025095e-35 15.500000000000002 85.000000000000014 3.6125000000000003
decision_type=10 10 10 10 8 8 10 10 10 10 10 10 10 8 10 10 8 10 10 10 10 10 10 10 10 10 10 10 10 10
left_child=1 6 7 -4 5 9 13 8 18 10 -5 12 21 14 28 -10 -9 25 19 24 -15 22 -3 29 -2 -18 -24 -13 -1 -23
right_child=2 11 3 4 -6 -7 -8 16 15 -11 -12 27 -14 20 -16 -17 17 -19 -20 -21 -22 23 26 -25 -26 -27 -28 -29 -30 -31
leaf_value=-0.10000000000000001 -0.0014197821228471175 0.00081718110255058667 0.027109208051511059 -0.00093765195913500835 0.025917720040604865 -0.016521911438141829 0.012178874429406024 0.0040243449723779117 0.018854687755978872 0.016400175142199352 0.013938702538714915 -0.023389496737944399 0.053485540077333575 -0.10000000000000001 0.013148082053494971 0.00049727511033313373 -0.013905879265887584 -0.0013972934252764969 -0.018511509294633601 -0.018968961679036063 -0.017190262308913084 -0.04530914969614009 -0.10000000000000001 0.03279595605981897 0.01380835189222647 -0.030107121358003277 -0.036250553040293877 -0.067594562213980566 -0.042487074770394581 0.005119657515494873
leaf_weight=53.823571018874645 4442.5727860927582 178.10896052420139 625.82475709915161 2937.8897194862366 474.89006614685059 476.14925765991211 22.979701668024063 347.21530055999756 660.95597648620605 783.80900096893311 717.71694183349609 32.208803124725819 40.837491631507874 131.34842752665281 41.409240514039993 703.28069019317627 388.0364351272583 314.13888788223267 286.95134162902832 221.87879371643066 10.155068397521971 17.890863120555878 26.921397410333157 63.469550520181656 248.27414655685425 387.54629564285278 20.631619930267334 34.92899477481842 10.613335013389586 26.886221155524254
leaf_count=499 561 34 20 120 9 21 18 26 39 30 7 27 3 1207 77 39 34 24 7 28 3 42 96 9 23 35 5 15 17 11
internal_value=0.000317913 -0.0296743 0.00184182 0.00689973 0.00455344 0.00248945 -0.0677632 -0.00196149 6.27524e-05 0.00452851 0.00198307 -0.00637287 0.000795974 -0.0751901 -0.0499672 0.00939122 -0.0112082 -0.0160617 -0.00238475 -0.00144279 -0.0940571 -0.00564803 -0.0145993 0.0130126 -0.000613797 -0.0220014 -0.0723413 -0.0463875 -0.0905271 -0.0150294
internal_weight=14729.3 712.213 14017.1 6016.28 5390.45 4915.56 270.329 8000.85 6563.91 4439.42 3655.61 441.884 374.746 247.35 105.846 1364.24 1436.94 1089.72 5199.68 4912.73 141.503 333.909 225.662 108.247 4690.85 775.583 47.553 67.1378 64.4369 44.7771
internal_count=3086 2063 1023 207 187 178 1821 816 697 157 127 242 200 1803 593 78 119 93 619 612 1210 197 135 62 584 69 101 42 516 53
is_linear=0
shrinkage=0.05


Tree=82
num_leaves=20
num_cat=0
split_feature=5 5 1 3 5 5 12 0 2 5 13 5 5 10 13 10 0 13 4
split_gain=263.551 113.718 78.0836 94.3105 92.2208 104.718 59.6997 51.8864 59.555 45.4135 43.4843 107.919 57.0191 39.4241 34.7827 28.1671 21.5948 12.6585 10.6321
threshold=19.500000000000004 2126.5000000000005 19.391648701111993 3.2590062111801248 20.500000000000004 83.500000000000014 48.687500000000007 29.201125004761106 1.0000000180025095e-35 85.500000000000014 1.3608510638297875 1456.0000000000002 1644.0000000000002 3.7179487179487185 1.1911138161898969 11.679487179487181 1.5899491651651918 0.033908045977011504 1.8778752065065449
decision_type=10 10 10 8 10 10 10 10 8 10 8 10 10 8 10 10 10 10 10
left_child=7 2 3 15 -5 16 10 8 -1 -7 11 14 13 -12 -4 17 -6 -2 -19
right_child=1 -3 6 4 5 9 -8 -9 -10 -11 12 -13 -14 -15 -16 -17 -18 18 -20
leaf_value=0.025746298847364603 0.016987093239907762 0.012683269940466681 -0.0020724506577547417 0.052562995633380474 -0.10000000000000001 0.055524220782379369 0.018737959420157723 -0.00096290460352145904 -0.10000000000000001 -0.030946217130263506 0.012115989989281302 0.020388181442786747 -0.017217633513599138 -0.0025931291013761688 0.012647798920980608 0.030892386786469481 -0.027457104037940733 -0.031630690903113462 -0.0021262204069326085
leaf_weight=10.490178108215332 46.038735017180443 1799.9543323516846 3158.2711071968079 28.279616370797157 72.379828117787838 16.214085578918457 416.77976322174072 21.065973281860352 91.958108820021152 239.03054755926132 491.46297121047974 772.20235347747803 632.76453018188477 6232.6545920372009 459.71751022338867 76.366571068763733 11.953023433685301 49.866667151451111 78.758712738752365
leaf_count=1 13 38 244 40 692 8 14 2 895 364 23 23 27 610 34 6 3 25 24
internal_value=0.000300786 0.000916802 -0.00074005 -0.0180648 -0.0341886 -0.0414132 0.000141422 -0.072429 -0.0871242 -0.0254533 -0.000518373 0.00341964 -0.00286837 -0.00151805 -0.000202031 0.0055628 -0.089718 -0.00551179 -0.0135648
internal_weight=14706.2 14582.7 12782.7 618.888 367.857 339.577 12163.9 123.514 102.448 255.245 11747.1 4390.19 7356.88 6724.12 3617.99 251.031 84.3329 174.664 128.625
internal_count=3086 2188 2150 1175 1107 1067 975 898 896 372 961 301 660 633 278 68 695 62 49
is_linear=0
shrinkage=0.05


Tree=83
num_leaves=35
num_cat=0
split_feature=0 12 11 7 14 13 14 10 8 14 14 14 10 12 13 4 7 0 6 11 0 12 12 8 8 3 12 0 6 7 11 13 7 7
split_gain=228.539 233.554 91.5815 102.557 84.0319 82.8898 59.0879 53.6724 51.9004 46.3727 100.919 45.1774 43.7944 43.1069 38.6528 40.1219 37.6906 39.0238 28.4097 28.2404 27.06 25.7447 24.9473 20.6635 74.5918 20.5728 20.4482 19.3721 18.3685 12.6197 12.254 10.2419 5.68434e-14 2.84217e-14
threshold=2.9229584035491745 0.24228886613068409 945.00000000000011 47.500000000000007 172.00000000000003 4.2250000000000005 82.500000000000014 4.3100686498855838 2.0670329670329672 4.5000000000000009 3.5000000000000004 30.500000000000004 21.350000000000005 18.846866096866101 0.65058139534883741 12.125000000000002 67.500000000000014 83.448018359383866 291.95708261507838 1435.0000000000002 1.7201137539204654 3.8892577989901089 4.6036585365853666 1.2315462315462318 0.89320625610948201 1.2583333333333335 3.4984716157205242 1.0000000180025095e-35 31.984683732106635 15.500000000000002 85.000000000000014 3.6125000000000003 2.5000000000000004 1.0000000180025095e-35
decision_type=10 10 10 10 8 8 10 10 10 8 10 10 10 10 8 10 10 10 10 10 10 10 10 10 10 10 10 10 10 10 10 10 10 10
left_child=1 6 7 -4 5 16 9 8 18 10 30 12 23 -10 -9 22 19 -18 21 -5 32 26 28 24 -3 31 -2 -26 -16 -13 33 -25 -11 -1
right_child=2 11 3 4 -6 -7 -8 14 13 20 -12 29 -14 -15 15 -17 17 -19 -20 -21 -22 -23 -24 25 27 -27 -28 -29 -30 -31 -32 -33 -34 -35
leaf_value=-0.10000000000000001 -0.0011364441047993616 0.0010636165476043337 0.025547814159893406 0.0055144510074376643 0.021386735159286543 -0.018524964759692588 0.011099768027193707 0.0039269045364955617 0.017943875852761353 -0.10000000000000001 0.013127580041298888 -0.021329957312893482 0.050540959056406133 0.00014819435537951535 -0.021820691690184673 0.0027854601720308787 -0.0070658517337909323 0.0066735941382425647 -0.017504898405566193 0.019089353484929988 -0.014845312480187743 -0.01796451876522424 -0.032956337551022494 -0.04269037300172402 -0.10000000000000001 0.031408018495907429 0.017116432493288102 -0.034492900020471132 -0.0036515422592684138 -0.065086925999166836 -0.04046827894736163 0.0064066772941845209 -0.10000000000000001 -0.10000000000000001
leaf_weight=46.865044608712196 4531.4677217006683 177.80015386641026 622.53544425964355 1731.4307971000671 622.58868408203125 451.66666221618652 22.547650188207626 347.20183515548706 659.78999614715576 108.19348937273026 40.204050227999687 32.030058041214943 39.916219115257263 702.74994325637817 345.70263528823853 240.53995943069458 1140.3600759506226 945.15202713012695 286.41347503662109 491.98562288284302 10.11599016189575 221.44420194625854 268.29354190826416 17.550708279013634 25.149791218340397 63.259479209780693 158.81500625610352 20.473515748977661 232.76782321929932 33.935640424489975 10.502214558422564 26.906238317489624 11.777185946702955 1.992929458618163
leaf_count=482 576 34 20 81 11 20 18 26 39 1108 77 27 3 39 42 20 49 13 7 13 3 28 20 42 96 9 8 5 11 15 17 11 99 17
internal_value=0.000284785 -0.0278236 0.00166847 0.00633429 0.00411235 0.00185322 -0.0661383 -0.00183633 7.92818e-05 -0.0737217 -0.0480396 -0.00571283 0.00106543 0.00876549 -0.0105974 -0.0152353 0.00398928 -0.000839148 -0.00219755 0.00851823 -0.0933781 -0.00130495 -0.0203544 -0.00489845 -0.0135709 0.0130898 -0.000518394 -0.0706036 -0.0145097 -0.0438405 -0.0894674 -0.0129759 -0.1 -0.1
internal_weight=14690.1 689.22 14000.9 6005.72 5383.18 4760.6 252.199 7995.19 6560.68 229.651 99.5642 437.022 371.056 1362.54 1434.51 1087.3 4308.93 2085.51 5198.14 2223.42 130.087 4911.73 846.764 331.14 223.423 107.716 4690.28 45.6233 578.47 65.9657 59.3602 44.4569 119.971 48.858
internal_count=3086 2063 1023 207 187 176 1821 816 697 1803 593 242 200 78 119 93 156 62 619 94 1210 612 73 197 135 62 584 101 53 42 516 53 1207 499
is_linear=0
shrinkage=0.05


Tree=84
num_leaves=16
num_cat=0
split_feature=5 5 1 3 5 5 12 0 2 3 12 1 7 0 12
split_gain=232.845 95.6636 65.3907 79.9794 83.8609 100.669 53.6623 50.1 57.6083 41.9773 39.5449 34.2299 42.2526 21.9845 20.548
threshold=19.500000000000004 2126.5000000000005 19.391648701111993 3.2590062111801248 20.500000000000004 83.500000000000014 48.687500000000007 29.201125004761106 1.0000000180025095e-35 22.083333333333339 18.846866096866101 2948.9671668601432 67.500000000000014 1.5899491651651918 1.428839259584431
decision_type=10 10 10 8 10 10 10 10 8 10 10 10 10 10 10
left_child=7 2 3 14 -5 13 10 8 -1 -7 11 12 -4 -6 -2
right_child=1 -3 6 4 5 9 -8 -9 -10 -11 -12 -13 -14 -15 -16
leaf_value=0.024490402656335217 -0.006339001896725845 0.011633935019021454 0.00064398063160677518 0.052002886349276772 -0.10000000000000001 -0.030474406415703162 0.01775385606587809 -0.00085794591494254039 -0.10000000000000001 0.036815422833617405 -0.013189528942923119 0.012954358212267331 -0.0094971908516855129 -0.026172657519162614 0.023178760346460169
leaf_weight=10.454915046691895 153.51023338735104 1795.9449791908264 9500.96613073349 27.466692864894867 65.77442292869091 225.25306213647127 416.08067417144775 21.065771102905273 83.614355459809303 25.835200309753418 585.00735902786255 498.37817764282227 1151.6071901321411 11.909568548202513 95.721150949597359
leaf_count=1 37 38 875 40 692 369 14 2 895 3 35 5 46 3 31
internal_value=0.000269321 0.000829633 -0.000691348 -0.0167284 -0.0319283 -0.0389402 0.000107689 -0.070556 -0.0861641 -0.0235508 -0.000517929 0.000146855 -0.000452341 -0.0886817 0.00499775
internal_weight=14668.6 14553.5 12757.5 605.47 356.239 328.772 12152 115.135 94.0693 251.088 11736 11151 10652.6 77.684 249.231
internal_count=3086 2188 2150 1175 1107 1067 975 898 896 372 961 926 921 695 68
is_linear=0
shrinkage=0.05


Tree=85
num_leaves=27
num_cat=0
split_feature=0 12 5 5 5 7 0 6 0 14 13 11 13 10 7 4 13 11 7 12 13 3 13 10 13 14
split_gain=222.065 196.013 65.4252 119.395 64.4103 74.9622 74.5052 78.008 62.1641 72.1893 59.5372 53.5742 45.6066 38.3447 36.3518 35.7197 32.1586 30.8012 36.052 29.6593 28.0209 15.2482 13.0202 12.4992 10.372 8.63061
threshold=2.9229584035491745 8.6878205128205135 19.500000000000004 20.500000000000004 1331.5000000000002 66.500000000000014 65.607168363898182 33.053991999563166 1.5848538115532504 82.500000000000014 10.200000000000001 1515.0000000000002 2.1754385964912282 3.4791666666666674 75.500000000000014 2.6505813953488375 6.3484848484848486 995.00000000000011 17.500000000000004 5.1553412843448436 1.0000000180025095e-35 1.8411949685534592 0.61081871345029259 1.7279411764705885 1.0083333333333335 1.0000000180025095e-35
decision_type=10 8 10 10 10 10 10 10 10 10 10 10 8 8 10 10 8 10 10 10 8 10 8 10 8 10
left_child=1 17 -3 -4 10 6 7 12 9 -5 11 13 -6 21 -7 16 -15 18 20 -17 -1 22 -2 25 -20 -22
right_child=4 2 3 8 5 14 -8 -9 -10 -11 -12 -13 -14 15 -16 19 -18 -19 24 -21 23 -23 -24 -25 -26 -27
leaf_value=0.020490053310181944 -0.01294230338314882 -0.10000000000000001 0.053056465854470693 -0.10000000000000001 0.023305409582609911 -0.0066387458131922346 0.023215591706819135 -0.010880921503309269 -0.0022054253976554624 0.0012154005417153507 0.013551280661694969 0.014666992750289133 0.00022949616929428404 0.0066377018313128052 0.0078128157845298845 -0.0021215837519297075 -0.0011370238509870051 -0.040994443746170978 0.003197515454450742 -0.0153249014200265 -0.009949190937805533 -0.020482455560886619 0.0024950235328785393 -0.0070108907351717018 0.025655509870618733 -0.047098679262738391
leaf_weight=37.913570627570152 320.92880630493164 76.363442957401276 26.577506840229034 89.656371429562569 557.67430830001831 899.22383117675781 1151.0399475097656 457.8006443977356 33.230980396270752 21.924414187669754 866.08923959732056 572.84725761413574 347.56008243560791 2367.2917399406433 843.17075729370117 2019.9192986488342 3035.5570433139801 54.586317121982574 115.15761968493462 538.79239511489868 20.077476941049099 291.27890300750732 237.79410076141357 46.5670325756073 92.87591153383255 70.645051807165146
leaf_count=19 30 871 37 908 24 27 14 22 9 20 36 15 25 182 19 159 403 15 28 41 10 36 19 27 13 121
internal_value=0.0018407 -0.0259664 -0.061507 -0.0443562 0.00315482 0.00832502 0.013849 0.00593917 -0.0622344 -0.0801123 0.00100792 -0.000149707 0.0144455 -0.00111295 0.000354581 -3.52308e-05 0.00226952 -0.00585489 -0.000849792 -0.00490183 -0.0175606 -0.0112075 -0.00637213 -0.0280686 0.0132238 -0.0388773
internal_weight=15192.5 685.576 247.753 171.389 14507 4256.47 2514.07 1363.04 144.812 111.581 10250.5 9384.41 905.234 8811.56 1742.39 7961.56 5402.85 437.823 383.237 2558.71 175.203 850.002 558.723 137.29 208.034 90.7225
internal_count=3130 2078 1845 974 1052 131 85 71 937 928 921 885 49 870 46 785 585 233 218 200 177 85 49 158 41 131
is_linear=0
shrinkage=0.05


Tree=86
num_leaves=28
num_cat=0
split_feature=1 5 14 5 5 5 7 2 13 13 11 2 10 8 5 7 5 7 5 13 9 3 1 14 8 2 5
split_gain=201.713 164.802 70.9566 89.5336 74.4481 57.8506 67.8642 81.2779 57.0653 53.6083 48.2719 39.3981 40.6068 52.0686 38.493 32.8166 25.2004 50.5858 36.9404 31.1441 33.7005 23.1084 18.3597 9.53708 6.7449 6.63653 7.10543e-15
threshold=19.391648701111993 83.500000000000014 4.5000000000000009 6.5000000000000009 20.500000000000004 1331.5000000000002 66.500000000000014 2.0068775302037936 0.79316686024003114 10.200000000000001 1515.0000000000002 7.008866883217471 3.4791666666666674 0.9319074333800843 19.500000000000004 75.500000000000014 794.50000000000011 20.500000000000004 85.500000000000014 1.0000000180025095e-35 18.253403489506734 5.7941176470588243 11.091227957149913 52.500000000000007 0.14032738095238098 1.0000000180025095e-35 59.500000000000007
decision_type=10 10 8 10 10 10 10 10 10 10 10 10 8 8 10 10 10 10 10 8 8 10 10 10 8 8 8
left_child=1 2 3 -1 14 9 7 8 -7 10 11 12 13 -2 24 -8 17 18 -3 -20 -21 -14 -4 -10 -5 -6 -27
right_child=5 16 22 4 25 6 15 -9 23 -11 -12 -13 21 -15 -16 -17 -18 -19 19 20 -22 -23 -24 -25 -26 26 -28
leaf_value=-0.10000000000000001 0.012154640072368939 0.054913071381788636 -0.10000000000000001 0.022364923552689469 -0.034065581341866512 0.019681844551266734 -0.00630819969249644 0.026642882185367891 0.0048097700468106601 0.012885557134539191 0.013948658869664522 -0.0207775746844053 0.0016647636314023964 -0.01745010612161332 0.083980660468358628 0.0074244428238101528 -0.036755330395316248 0.01620441480975927 0.029173931640027274 -0.0023219027344054234 -0.043638794540550974 -0.0069434854238400378 -0.014505068127682104 -0.0043798765471517931 -0.031031009497149261 -0.099999999999999992 -0.099999999999999936
leaf_weight=33.523869574069977 191.43398427963257 15.988918989896773 89.678688898682594 10.399969100952148 5.2540955543518066 597.18087673187256 899.03061962127686 775.08735275268555 615.36511611938477 865.31389331817627 572.24650812149048 245.72824001312256 6804.8829536437988 662.58514022827148 21.531420350074768 842.91984939575195 72.156392574310303 172.07280907034874 25.152553245425224 74.858838558197021 144.85660333186388 880.49187994003296 6.7523257732391349 521.67628240585327 13.711935952305794 11.3332893922925 2.6141800954937944
leaf_count=384 19 8 1068 1 1 20 27 13 27 36 15 11 691 67 7 19 28 32 8 18 340 74 2 25 59 109 21
internal_value=0.0017496 -0.0244665 -0.063535 -0.033657 0.000641399 0.00301728 0.00791907 0.0131825 0.00716662 0.000978799 -0.000122267 -0.00103882 -0.000470822 -0.010814 0.0353901 0.000336947 -0.00939875 -0.00483922 -0.0187205 -0.0235285 -0.0295618 0.000678541 -0.0940134 0.000593547 -0.00800023 -0.0819585 -0.1
internal_weight=15173.8 699.886 194.8 98.3688 64.8449 14473.9 4251.26 2509.31 1734.22 10222.7 9357.37 8785.12 8539.39 854.019 45.6433 1741.95 505.086 432.93 260.857 244.868 219.715 7685.37 96.431 1137.04 24.1119 19.2016 13.9475
internal_count=3130 2086 1652 582 198 1044 131 85 72 913 877 862 851 86 67 46 434 406 374 366 358 765 1070 52 60 131 130
is_linear=0
shrinkage=0.05


Tree=87
num_leaves=31
num_cat=0
split_feature=9 5 14 6 5 5 13 10 1 12 14 0 12 12 7 7 5 9 9 3 9 8 14 5 0 8 5 7 0 8
split_gain=188.539 122.137 89.3403 66.2607 66.5736 55.9121 53.2317 49.8483 39.0989 45.3959 97.982 37.4369 36.6463 27.092 26.9118 31.7811 25.3904 52.6562 47.4852 33.8395 33.7619 25.877 23.9654 22.6926 18.9167 18.2276 39.563 22.1627 15.1528 51.4444
threshold=34.168551275899631 83.500000000000014 4.5000000000000009 30.510494289595375 1561.0000000000002 2.5000000000000004 7.3000000000000016 10.54166666666667 98.759498541355143 6.9783549783549796 31.500000000000004 189.82250091937314 10.090539748508101 4.9583723836301159 57.500000000000007 42.500000000000007 2126.5000000000005 27.043138481463242 24.474185795250719 4.9466571834992896 30.856810101090783 1.4360062893081762 3.5000000000000004 552.50000000000011 3.8295080806152675 0.49181153943058709 85.500000000000014 3.5000000000000004 45.433499226272112 0.21527777777777782
decision_type=8 10 8 10 10 10 10 8 10 10 10 10 10 10 10 10 10 10 10 10 10 10 10 10 10 8 10 10 10 8
left_child=3 2 5 4 7 -2 16 14 9 23 -11 -4 13 25 15 24 17 18 21 20 -19 -5 28 -9 -1 -3 -27 -28 29 -7
right_child=1 12 11 6 -6 22 -8 8 -10 10 -12 -13 -14 -15 -16 -17 -18 19 -20 -21 -22 -23 -24 -25 -26 26 27 -29 -30 -31
leaf_value=-0.0029163372415474693 -0.10000000000000001 0.0099251081959557449 -0.10000000000000001 -0.0014422085698929483 0.014627427803182901 0.0069277334342849302 0.018063218202992972 0.001461349430624121 -0.01724367060629494 -0.0023201484266248281 0.033855414251859388 -0.01239578317229861 -0.041032199552982526 0.030576163552460497 -0.029059302836512257 0.0072512134375436327 0.010833622646743566 0.010285206468899633 -0.011450507703933159 0.017263474900072968 -0.0022172143460369733 0.011056488307310992 0.028522906090854568 -0.0091421847669587285 -0.015777578700344932 0.075647574199507628 -0.040745291928954618 -0.010551984897946993 0.0017663018605926326 -0.10000000000000001
leaf_weight=450.20734691619873 20.456796884536743 107.17682063579559 85.305006362497807 1234.528862953186 637.60613989830017 24.0471071600914 839.81075763702393 2338.8520038127899 284.96169567108154 447.97508454322815 321.51961946487427 14.229483604431151 83.217478051781654 47.516459286212921 161.08888244628906 292.35556840896606 1375.6806592941284 1235.2735033035278 861.72104835510254 727.46381950378418 959.34348201751709 623.15204524993896 29.554808869957924 643.36891055107117 783.39993762969971 12.284127369523047 72.037308320403099 388.83464253693819 32.276827812194824 21.134871825575829
leaf_count=64 260 15 1068 50 34 4 19 365 18 48 15 1 23 17 22 24 24 50 30 26 83 16 69 74 86 7 180 187 2 249
internal_value=0.00166307 -0.0200479 -0.0519789 0.00309548 -0.000697914 -0.0242611 0.00616676 -0.00240511 0.000611421 0.0019676 0.0127952 -0.0874761 -0.00985404 -0.00572157 -0.00962289 -0.00757107 0.004743 0.0032578 -0.00174955 0.00791783 0.00481996 0.00275043 -0.00978283 -0.000826202 -0.0110838 -0.00869355 -0.0129109 -0.0152714 -0.0243986 -0.0430901
internal_weight=15156.4 938.072 227.005 14218.3 6361.34 127.47 7856.97 5723.73 4036.68 3751.72 769.495 99.5345 711.067 627.849 1687.05 1525.96 7017.16 5641.48 2719.4 2922.08 2194.62 1857.68 107.014 2982.22 1233.61 580.333 473.156 460.872 77.4588 45.182
internal_count=3130 2082 1653 1048 750 584 298 716 520 502 63 1069 429 406 196 174 279 255 96 159 133 66 324 439 150 389 374 367 255 253
is_linear=0
shrinkage=0.05


Tree=88
num_leaves=31
num_cat=0
split_feature=0 12 5 5 0 14 1 14 14 1 14 11 3 9 5 3 5 8 14 5 11 5 2 14 12 10 14 11 11 11
split_gain=174.266 175.753 61.6131 103.702 59.3694 65.3902 49.634 60.5344 94.3582 86.9109 53.9443 94.4702 83.2843 43.4465 55.1582 31.7902 26.6633 35.9141 61.1459 40.4205 25.7511 26.5407 30.0469 22.2708 15.0294 10.7254 13.0546 13.1245 5.12733 5.68434e-14
threshold=2.9229584035491745 8.6878205128205135 19.500000000000004 20.500000000000004 1.5848538115532504 82.500000000000014 194.46802837961354 61.500000000000007 59.500000000000007 118.25143109837965 40.500000000000007 1515.0000000000002 6.8114035087719307 27.05835103868321 1331.5000000000002 5.6287878787878798 1592.0000000000002 2.0670329670329672 26.500000000000004 686.00000000000011 995.00000000000011 183.50000000000003 1.0002021127045682 112.50000000000001 2.9226615024481792 4.4222222222222234 27.500000000000004 675.00000000000011 15.000000000000002 465.00000000000006
decision_type=10 8 10 10 10 10 10 8 10 10 10 10 8 10 10 8 10 10 10 10 10 10 8 10 10 8 8 10 8 8
left_child=1 20 -3 -4 5 29 7 8 16 13 11 15 -12 14 23 -8 17 19 -19 -2 21 22 -1 -9 -15 -23 27 -27 -24 -5
right_child=6 2 3 4 -6 -7 10 9 -10 -11 12 -13 -14 24 -16 -17 -18 18 -20 -21 -22 25 28 -25 -26 26 -28 -29 -30 -31
leaf_value=-0.0090523559739276224 0.0013257804180232685 -0.10000000000000001 0.051513466326622584 -0.10000000000000001 -0.0020983201482135971 -0.00054754845261636108 0.00099524353213610952 -0.012807630043980729 0.035420468567917723 -0.039375165198835001 0.0041657240266922161 0.016044902270528873 0.020883189027332022 -0.002818032750504192 -0.042252375327047266 -0.012170195913538316 0.01206654202036726 -0.0028439318585851991 0.020476020609643087 -0.0083662055400966651 -0.037395184674910556 -0.010399384395988188 -0.03540647100738914 0.0096426280916046964 0.012803227727120382 -0.011310189310319825 0.029250910743980431 0.016835733324508276 -0.10000000000000001 -0.10000000000000001
leaf_weight=49.277678489685059 3974.9053847789764 66.248689845204353 24.715180665254593 25.533056184649467 33.23333740234375 20.890281438827515 1000.4327459335327 352.71400737762451 207.93930816650391 201.92839431762695 1880.3289737701416 745.8601016998291 1233.8954124450684 291.74725723266602 129.84681224822998 846.49552249908447 527.38091325759888 577.10197973251343 548.02642869949341 1474.9363098144531 53.75193202495575 77.882817491889 3.9754534810781506 160.84132599830627 326.05842638015747 79.234714731574059 69.210780128836632 86.78153920173645 13.522011667490004 53.618381157517433
leaf_count=8 525 871 37 249 9 20 27 54 8 13 37 12 22 31 15 35 27 51 25 137 15 29 5 19 14 47 16 10 103 659
internal_value=0.00158088 -0.0235876 -0.0595259 -0.0425542 -0.0599986 -0.0792328 0.00272433 0.000363372 0.00222144 -0.00892012 0.00635385 0.00102627 0.0107894 -0.00404405 -0.0131377 -0.00503882 0.00124945 0.000381811 0.00851473 -0.00129724 -0.00500346 -0.000420182 -0.0290383 -0.00577639 0.00542638 0.00568304 0.0110079 0.00340251 -0.0853242 -0.1
internal_weight=15138.3 657.876 224.239 157.99 133.275 100.042 14480.4 8773.43 7310.29 1463.14 5707.01 2592.79 3114.22 1261.21 643.402 1846.93 7102.35 6574.97 1125.13 5449.84 433.637 379.885 66.7751 513.555 617.806 313.11 235.227 166.016 17.4975 79.1514
internal_count=3130 2078 1845 974 937 928 1052 919 773 146 133 74 59 133 88 62 765 738 76 662 233 218 116 73 45 102 73 57 108 908
is_linear=0
shrinkage=0.05


Tree=89
num_leaves=34
num_cat=0
split_feature=0 12 5 5 0 14 1 14 14 1 14 11 3 9 4 4 4 3 14 10 11 5 2 14 9 12 10 14 11 11 14 5 14
split_gain=159.489 167.082 61.0136 96.4251 57.666 64.7331 44.8351 54.754 85.7616 79.2447 48.7431 85.3567 75.4725 39.3052 53.5831 30.0205 40.7938 28.7187 28.6479 23.4252 23.416 24.2134 28.8477 20.3372 19.5401 13.5771 9.69669 11.8547 11.8594 5.29087 5.68434e-14 2.84217e-14 1.42109e-14
threshold=2.9229584035491745 8.6878205128205135 19.500000000000004 20.500000000000004 1.5848538115532504 82.500000000000014 194.46802837961354 61.500000000000007 59.500000000000007 118.25143109837965 40.500000000000007 1515.0000000000002 6.8114035087719307 27.05835103868321 2.5384792626728117 3.8257575757575766 4.8038461538461545 5.6287878787878798 25.500000000000004 6.6969696969696981 995.00000000000011 183.50000000000003 1.0002021127045682 110.50000000000001 24.426499584019187 2.9226615024481792 4.4222222222222234 27.500000000000004 675.00000000000011 15.000000000000002 24.500000000000004 12.500000000000002 3.5000000000000004
decision_type=10 8 10 10 10 10 10 8 10 10 10 10 8 10 10 8 8 8 10 10 10 10 8 8 10 10 8 8 10 8 8 10 10
left_child=1 20 31 -4 5 30 7 8 15 13 11 17 -12 14 23 19 -17 -8 -18 24 21 22 -1 -9 -2 -15 -23 28 -28 -24 -5 -3 -33
right_child=6 2 3 4 -6 -7 10 9 -10 -11 12 -13 -14 25 -16 16 18 -19 -20 -21 -22 26 29 -25 -26 -27 27 -29 -30 -31 -32 32 -34
leaf_value=-0.0086032658123047345 -0.010934710924067337 -0.10000000000000001 0.049596264619106274 -0.10000000000000001 -0.0019934479400980846 -0.00052016938277827513 0.00094548621684887647 -0.013072475800231312 0.033862026384840906 -0.037698866621567156 0.00395778157143091 0.015262319827171572 0.019882420407222299 -0.0026772372653832799 -0.038752445632458526 0.020354455527081358 -0.0010363943562317522 -0.011570262190595476 0.0068549820504821809 -0.016811917490838286 -0.035775757536105068 -0.0098847649076258311 -0.033848476583475631 0.0075640731950923148 0.0015240482408708878 0.012173051967321075 -0.010751562183345652 0.027907852214989294 0.016016665707973315 -0.10000000000000001 -0.10000000000000001 -0.099999999999999811 -0.10000000000000001
leaf_weight=49.257992267608643 426.40095996856689 46.587725073099136 24.395418375730515 50.703632563352585 33.232624292373657 20.890251338481903 1000.4279155731201 289.39403057098389 206.66743135452271 200.40207576751709 1880.1699104309082 744.92402648925781 1231.2720718383789 291.73596572875977 149.2962474822998 323.95120573043823 2962.1285374164581 845.88430500030518 1880.0172350406647 306.27500581741333 53.385473489761353 77.841755822300911 3.9511566832661655 203.22674703598022 1201.5234727859497 325.79786777496338 79.185301899909973 68.922083750367165 86.661622107028961 12.862535424530504 24.587545596063137 1.8908668681979204 14.53911045193672
leaf_count=8 57 640 37 619 9 20 27 47 8 13 37 12 22 31 17 21 375 35 171 30 15 29 5 24 111 14 47 16 10 103 289 25 206
internal_value=0.00150258 -0.022748 -0.0585631 -0.0415859 -0.0587744 -0.0783933 0.00259011 0.000345351 0.00211156 -0.00849503 0.00604103 0.000975618 0.0102595 -0.00384815 -0.0125117 0.00118741 0.00317675 -0.00478858 0.00202752 -0.00412598 -0.0047747 -0.000404268 -0.0279057 -0.00455903 -0.00173926 0.00515746 0.00540827 0.0104789 0.0032359 -0.0844546 -0.1 -0.1 -0.1
internal_weight=15118.4 648.895 216.827 153.809 129.414 96.1814 14469.5 8766.82 7306.96 1459.85 5702.68 2591.24 3111.44 1259.45 641.917 7100.3 5166.1 1846.31 4842.15 1934.2 432.068 378.682 66.0717 492.621 1627.92 617.534 312.611 234.769 165.847 16.8137 75.2912 63.0177 16.43
internal_count=3130 2078 1845 974 937 928 1052 919 773 146 133 74 59 133 88 765 567 62 546 198 233 218 116 71 168 45 102 73 57 108 908 871 231
is_linear=0
shrinkage=0.05


Tree=90
num_leaves=22
num_cat=0
split_feature=5 14 8 13 1 5 5 5 3 7 8 3 8 1 2 8 11 13 2 7 5
split_gain=179.666 58.6793 71.1487 72.1033 64.3882 80.6077 71.5532 52.774 49.3741 52.3084 46.7354 43.0449 39.9602 36.9905 40.0519 25.4204 25.2575 38.8607 23.3344 16.5289 2.84217e-14
threshold=19.500000000000004 230.00000000000003 2.8038277511961724 10.200000000000001 832.55898582160478 20.500000000000004 83.500000000000014 85.500000000000014 7.075396825396826 8.5000000000000018 2.1791257522964842 14.047619047619049 3.6858552631578951 27.283505473224974 1.0000000180025095e-35 1.7158385093167705 345.00000000000006 36.125000000000007 1.5021206879666138 14.500000000000002 1.5000000000000002
decision_type=10 10 8 10 8 10 10 10 10 10 10 10 8 10 8 10 10 8 8 10 10
left_child=13 2 3 8 12 -6 -7 -8 9 18 -11 15 -4 14 -1 -10 19 -18 -2 -14 -16
right_child=1 -3 4 -5 5 6 7 -9 11 10 -12 -13 16 -15 20 -17 17 -19 -20 -21 -22
leaf_value=0.017297324966420169 -2.3018040476605919e-05 0.022200910975713833 -0.024363730918232698 0.021977913700577709 0.052942631933609152 -0.10000000000000001 0.073924323839631337 -0.03722552879624208 -0.023041671601087596 0.0036963040890729288 0.019118283333037635 0.0049355012599063873 -0.00052334149401339831 0.012240975562643298 -0.10000000000000001 -0.0021822325582082506 -0.00048113003052773743 -0.017751981807334085 -0.014572193907702752 0.016203400739862147 -0.10000000000000001
leaf_weight=8.2325124740600586 587.61892366409302 320.97052669525146 216.22365522384644 474.20919093489647 23.277200654149055 45.025872580707073 11.951745226979254 100.30597378313541 436.60291594266891 6707.2275764346123 530.07748556137085 388.57537055015564 2589.5077655315399 10.97530937194824 14.42485275864601 219.47538375854492 750.90986680984497 575.19011378288269 518.98701954632998 156.62668943405151 48.314834393560886
leaf_count=1 64 7 21 20 32 646 8 260 43 391 19 25 350 2 218 13 48 66 166 13 682
internal_value=0.000644828 0.00105772 0.000584207 0.00295563 -0.00464935 -0.033898 -0.04675 -0.0253917 0.00199483 0.00327782 0.00482585 -0.00825268 -0.00341787 -0.0731837 -0.0863939 -0.0160636 -0.0023057 -0.00797229 -0.00684643 0.000430674 -0.1
internal_weight=14734.7 14652.8 14331.8 9862.77 4469.02 180.561 157.284 112.258 9388.56 8343.91 7237.31 1044.65 4288.46 81.9475 70.9722 656.078 4072.23 1326.1 1106.61 2746.13 62.7397
internal_count=3095 2192 2185 741 1444 946 914 268 721 640 410 81 498 903 901 56 477 114 230 363 900
is_linear=0
shrinkage=0.05


Tree=91
num_leaves=30
num_cat=0
split_feature=5 5 5 14 13 0 12 5 14 14 14 4 10 8 14 5 2 0 4 8 4 2 1 0 12 12 10 14 5
split_gain=169.103 56.368 117.245 65.7688 82.4289 63.7551 66.362 74.7469 89.6152 69.8624 43.8475 56.1618 43.3015 54.55 43.2305 37.8806 33.0653 23.3784 18.4836 10.2868 10.5494 8.9646 7.83115 16.0177 7.03317 6.80038 5.18626 4.59024 2.84217e-14
threshold=17.500000000000004 413.00000000000006 434.50000000000006 230.00000000000003 4.6904761904761916 203.63699697881938 1.093358737071312 20.500000000000004 59.500000000000007 4.5000000000000009 63.500000000000007 5.3484848484848486 12.612500000000002 1.9869297369297372 56.500000000000007 85.500000000000014 1.0000000180025095e-35 27.201169494061066 1.7403846153846156 1.0216290842153708 3.1846590909090913 1.0000000180025095e-35 26.015946813521879 5.3988841720070413 0.90037205456800351 2.2666038131154416 9.6904761904761916 17.500000000000004 15.500000000000002
decision_type=10 10 10 8 8 8 8 10 10 8 10 10 10 8 10 10 8 10 10 10 10 8 10 10 10 10 8 8 10
left_child=16 5 -3 4 10 18 -7 9 21 -8 14 -12 13 -6 -4 -10 -1 28 22 20 -20 -9 24 -24 27 -25 -21 -2 -18
right_child=1 2 3 -5 12 6 7 8 15 -11 11 -13 -14 -15 -16 -17 17 -19 19 26 -22 -23 23 25 -26 -27 -28 -29 -30
leaf_value=0.016457101265304402 0.0023182344224749402 0.027742091008199844 0.0041721847256926976 0.020451636600521801 -0.03039744833306526 0.00080771039497969576 0.076981820012250249 -0.034200195872223289 0.067330309265083585 -0.10000000000000001 -0.012149819332338876 0.0078477939585421628 0.0092748704934505714 -0.0067653156284649355 0.021059856281098365 -0.035412058968976937 -0.10000000000000001 0.010370026335987081 -0.01264664705097833 -0.02213341293519476 0.0034959135839597944 -0.10000000000000001 0.012150635969436807 -0.0018456973408255504 -0.014715341553043802 0.0075572414038446722 -0.010035470310049532 -0.0063125339542310479 -0.10000000000000001
leaf_weight=8.2205038070678711 273.95956826210022 452.81486379355192 5676.5508121848106 449.52044582366943 285.28559333086014 119.86956263333559 19.589994430541996 5.5466046333312988 11.971940629184244 7.7947083823382846 896.03687244653702 577.29934173822403 334.71290731430054 1695.2026798278093 406.06650590896606 35.794417537748814 50.899697907269001 5.2541556358337393 186.21165490150452 161.2730188369751 221.7191424369812 77.539412412792444 281.25803232192993 1562.6562261581421 146.19731187820435 219.26606321334839 196.55485701560974 351.98739790916443 4.3545370623469344
leaf_count=1 50 34 329 11 28 30 16 1 19 84 41 21 14 160 13 36 766 1 27 21 22 940 37 191 27 10 25 74 66
internal_value=0.000612266 0.00097928 0.00284017 0.00174761 0.000895847 -0.00418887 -0.0272546 -0.0485127 -0.0642336 0.0266062 0.003425 -0.00431413 -0.00735837 -0.0101695 0.00529958 -0.00966118 -0.0776333 -0.0904162 -0.00240754 -0.00930043 -0.00387282 -0.0956074 -0.000545917 0.00106162 -0.00484129 -0.000688663 -0.015488 -0.00253509 -0.1
internal_weight=14721.4 14652.7 10773.5 10320.7 9871.15 3879.19 278.107 158.237 130.852 27.3847 7555.95 1473.34 2315.2 1980.49 6082.62 47.7664 68.7289 60.5084 3601.08 765.759 407.931 83.086 2835.32 2063.18 772.144 1781.92 357.828 625.947 55.2542
internal_count=3095 2261 651 617 606 1610 1126 1096 996 100 404 62 202 188 342 55 834 833 484 95 49 941 389 238 151 201 46 124 832
is_linear=0
shrinkage=0.05


Tree=92
num_leaves=26
num_cat=0
split_feature=5 5 5 14 8 0 12 5 14 14 5 10 4 2 8 2 0 8 12 0 0 2 4 5 14
split_gain=159.17 50.966 106.296 59.4979 60.1481 59.0978 63.2219 69.8428 87.7221 65.6301 34.744 33.421 42.5285 32.1122 31.5238 39.1041 23.0479 17.4883 19.5862 29.626 11.3801 9.30158 8.26144 2.84217e-14 3.55271e-15
threshold=17.500000000000004 413.00000000000006 434.50000000000006 230.00000000000003 2.8038277511961724 203.63699697881938 1.093358737071312 20.500000000000004 59.500000000000007 4.5000000000000009 85.500000000000014 2.7687165775401072 2.8943452380952386 1.0000000180025095e-35 4.8046153846153858 1.7064257610891533 27.201169494061066 0.64313399778516078 1.0228144296392592 3.9559530813073129 4.721998857080453 1.0000000180025095e-35 3.1366459627329197 14.500000000000002 14.500000000000002
decision_type=10 10 10 8 8 8 8 10 10 10 10 8 10 8 8 10 10 8 8 10 10 8 8 10 10
left_child=13 5 -3 4 11 17 -7 9 21 -8 -10 -4 -13 -1 -6 -16 23 -2 -19 22 -21 -9 -20 -15 -25
right_child=1 2 3 -5 14 6 7 8 10 -11 -12 12 -14 16 15 -17 -18 18 19 20 -22 -23 -24 24 -26
leaf_value=0.015655463555426168 -0.018391950656825289 0.026456878026492422 -0.011298066233665692 0.019469805866521375 -0.020310883230881642 0.00076732732855787301 0.075366710502384832 -0.0326814628338188 0.065448008534811988 -0.10000000000000001 -0.033853884583747308 0.0082021541653712494 0.0005008715626404793 -0.10000000000000001 -0.0069410948928875634 0.016303055357795616 0.0098568285788406002 0.016063965501805427 -0.023710471834292923 0.010849641811866843 -0.0013519695955715937 -0.10000000000000001 -0.0093818130945875489 -0.10000000000000001 -0.099999999999999978
leaf_weight=8.2096500396728516 161.04384279251099 451.11588288098574 398.70401737093925 448.60383796691895 360.52273035049438 119.86918127536774 19.023895040154461 5.5149760246276855 11.70730848610401 7.414556097239255 35.575584083795547 2973.0278531908989 4515.116005897522 46.624302893877029 1412.2739110887051 207.52860450744629 5.2514014244079581 151.16512393951416 154.13057708740234 206.02104473114014 2637.93110871315 73.757770072668791 289.63218712806702 3.3111587800085536 2.6239914000034332
leaf_count=1 23 34 33 11 28 30 16 1 19 84 36 157 233 737 150 5 1 13 30 29 336 940 53 51 44
internal_value=0.000581238 0.000930565 0.0026999 0.001661 0.000851331 -0.00398845 -0.026423 -0.0477264 -0.0631672 0.0261858 -0.0092666 0.00280748 0.00355852 -0.07688 -0.00693922 -0.00396306 -0.0900209 -0.00228797 -0.00153382 -0.00234294 -0.000468063 -0.0953167 -0.0143585 -0.1 -0.1
internal_weight=14705.7 14639.7 10766.9 10315.8 9867.17 3872.79 272.863 152.994 126.556 26.4385 47.2829 7886.85 7488.14 66.0205 1980.33 1619.8 57.8109 3599.92 3438.88 3287.71 2843.95 79.2727 443.763 52.5595 5.93515
internal_count=3095 2261 651 617 606 1610 1126 1096 996 100 55 423 390 834 183 155 833 484 461 448 365 941 83 832 95
is_linear=0
shrinkage=0.05


Tree=93
num_leaves=22
num_cat=0
split_feature=5 13 5 5 6 2 5 10 13 13 5 9 10 2 1 13 2 12 1 1 7
split_gain=149.765 48.7327 51.9471 92.9732 51.4712 62.9394 75.6296 39.5825 35.5207 83.6865 53.6299 38.9491 31.4625 31.1883 22.7278 17.0152 27.0401 17.0355 11.5357 10.189 2.84217e-14
threshold=17.500000000000004 36.125000000000007 413.00000000000006 434.50000000000006 489.92649165660151 8.3564243413037502 20.500000000000004 6.5849282296650724 1.7432410489567267 1.6234817813765183 2126.5000000000005 23.9301167661446 11.408333333333335 1.0000000180025095e-35 27.283505473224974 1.9031250000000002 1.5021206879666138 1.0228144296392592 33.393655260245765 244.5442849504241 1.0000000180025095e-35
decision_type=10 10 8 10 8 8 10 10 8 8 10 8 10 8 10 8 8 8 10 10 8
left_child=13 2 4 -4 15 -6 -7 -8 9 11 12 -5 -10 -1 20 17 -17 -2 -19 -18 -15
right_child=1 -3 3 8 5 6 7 -9 10 -11 -12 -13 -14 14 -16 16 19 18 -20 -21 -22
leaf_value=0.014890952793720791 0.0039454349361653833 -0.02877451032966169 0.025222381754077122 -0.0077804022881566171 -0.0026192657347792873 0.025745149727111796 -0.079579409658349642 0.042470201229715086 -0.0054602764566752844 0.028357806755025292 0.011763357057073733 0.004804909472363777 0.0066843964882041147 -0.10000000000000001 0.0093685423461298389 0.016408042329754024 -0.00072861903882170877 -0.017414202085408063 -0.0054920164905106319 -0.014147614947206417 -0.10000000000000001
leaf_weight=8.1998414993286133 248.54403734207153 137.20335340499878 449.57648060470819 711.86269903182983 146.80793190002441 25.549927242100239 91.799100615084171 7.1613373011350623 3295.6459897309542 349.5905779004097 674.6906909942627 4507.1581733450294 636.24208205938339 48.336134597659111 5.2489142417907706 228.89671754837036 2150.3230020999908 377.45640659332275 438.7262716293335 151.42015647888184 1.6599626019597042
leaf_count=1 26 9 34 55 16 100 1006 4 269 10 15 226 33 807 1 19 320 71 41 7 25
internal_value=0.000551716 0.000884168 0.00116497 0.00297092 -0.00379735 -0.0247971 -0.0509467 -0.0707472 0.00198777 0.00467469 -0.00126029 0.0030883 -0.00349508 -0.0761028 -0.0896087 -0.00221263 1.84723e-05 -0.00751552 -0.0110056 -0.00161139 -0.1
internal_weight=14692.1 14628.7 14491.5 10624.8 3866.68 271.318 124.51 98.9604 10175.2 5568.61 4606.58 5219.02 3931.89 63.4449 55.245 3595.37 2530.64 1064.73 816.183 2301.74 49.9961
internal_count=3095 2261 2252 642 1610 1126 1110 1010 608 291 317 281 302 834 833 484 346 138 112 327 832
is_linear=0
shrinkage=0.05


Tree=94
num_leaves=25
num_cat=0
split_feature=5 12 12 0 3 6 8 13 2 11 10 8 6 5 5 5 11 12 2 0 3 11 6 5
split_gain=140.863 44.7769 86.7506 66.2215 56.0312 51.5543 45.3956 44.3995 43.6139 42.3008 71.6594 36.3875 38.6391 36.0923 73.4818 43.4549 51.6022 35.4546 30.2913 22.4173 14.8313 8.07416 9.37336 2.84217e-14
threshold=17.500000000000004 3.4984716157205242 3.4364583333333338 627.06488224337102 7.1333333333333337 650.94224040448682 1.3255434782608697 0.28713768115942034 2.0120297832575225 1475.0000000000002 7.7697368421052646 0.78880827909954132 26.267223198522874 20.500000000000004 83.500000000000014 85.500000000000014 125.00000000000001 1.7007853403141364 1.0000000180025095e-35 27.201169494061066 5.1742424242424248 1065.0000000000002 30.167482141030675 17.500000000000004
decision_type=10 8 10 8 10 10 8 8 8 10 8 10 8 10 10 10 10 10 8 10 10 8 10 8
left_child=18 2 4 5 7 6 8 21 -3 10 -8 17 -13 -5 -15 -16 -17 -9 -1 23 -10 22 -2 -20
right_child=1 3 -4 13 -6 -7 9 11 20 -11 -12 12 -14 14 15 16 -18 -19 19 -21 -22 -23 -24 -25
leaf_value=0.014162122118157212 -0.020894700363608916 0.0030466868846447479 0.03186769926483906 0.025700112892150923 -0.020800378317999774 0.021806153009234396 -0.028526861645154607 0.0049074420033119286 -0.024620080659214349 0.010255263366441295 -0.00039576822238132154 0.01597675420154614 0.0046124959496083133 -0.10000000000000001 0.072812125826057936 -0.10000000000000001 -0.014882632049398182 -0.013528368011827503 -0.10000000000000001 0.0089040262296101059 -0.01097650361936094 0.00014493372189548339 -0.0059148306774069286 -0.10000000000000001
leaf_weight=8.1909770965576172 201.91461732238531 392.96604442596436 266.47539649903774 25.232178598642349 243.00749313831329 241.85565948486328 236.3476939201355 590.88511134684086 370.71624350547791 872.15905952453613 5368.4206688404083 958.36162829399109 3407.1414250917733 37.747661724686623 11.28789548575878 21.545141115784645 102.6069176569581 466.81972913444042 46.430055685341358 5.2466683387756339 430.49286079406738 157.18826441466808 216.29404401779175 1.1277034431695927
leaf_count=1 42 20 8 97 29 2 19 61 26 20 567 83 246 650 8 202 83 39 811 1 24 20 15 21
internal_value=0.000523843 0.000840203 0.00392944 -0.00163842 0.00273667 -0.000923027 -0.00163964 0.00369017 -0.0105974 1.19366e-05 -0.00158203 0.00509133 0.0071073 -0.0301682 -0.0383079 -0.021114 -0.0296538 -0.00322923 -0.0753017 -0.0891793 -0.0172893 -0.00951605 -0.0131472 -0.1
internal_weight=14680.5 14619.5 6508.09 8111.38 6241.61 7912.96 7671.1 5998.6 1194.18 6476.93 5604.77 5423.21 4365.5 198.42 173.188 135.44 124.152 1057.7 60.9954 52.8044 801.209 575.397 418.209 47.5578
internal_count=3095 2261 543 1718 535 678 676 506 70 606 586 429 329 1040 943 293 285 100 834 833 50 77 57 832
is_linear=0
shrinkage=0.05


Tree=95
num_leaves=18
num_cat=0
split_feature=6 12 14 6 6 4 4 6 1 1 14 4 8 2 8 7 4
split_gain=106.024 279.49 65.3321 35.8605 59.2625 32.4768 51.5827 27.5837 42.8956 25.9909 25.7953 25.3213 20.5309 25.8299 45.1537 1.13687e-13 1.42109e-14
threshold=1376.1898051565279 8.1860198624904523 82.500000000000014 541.42188762513172 114.763927509271 44.500000000000007 25.250000000000004 58.339501504991198 171.13249708563092 424.60475561899869 25.500000000000004 3.8685714285714288 0.74138002658690605 1.2757687495010224 5.5397727272727275 23.500000000000004 1.6043478260869568
decision_type=8 8 10 10 10 10 10 10 10 10 10 10 8 8 8 10 10
left_child=3 11 15 4 5 6 7 8 -1 -9 -6 12 -2 -14 16 -3 -15
right_child=1 2 -4 -5 10 -7 -8 9 -10 -11 -12 -13 13 14 -16 -17 -18
leaf_value=0.0013391125759175454 0.0044672219490729413 -0.10000000000000001 0.001325593846812816 0.01066449147915129 -0.00096504696006045768 -0.017977098813809708 0.015533079839515638 -0.0080374442011479277 0.013885812428451702 0.0050050250451922846 -0.013118106181847271 0.017137164860944118 -0.011555863481238731 -0.099999999999999978 0.052960449462385852 -0.10000000000000001 -0.10000000000000001
leaf_weight=7748.7650561332703 117.82039139419794 109.77409033104777 18.563380837440491 908.53009033203125 749.52998161315918 205.06710195541382 671.62806367874146 1325.0831632614136 746.8927116394043 536.69271278381348 1045.8886060714722 134.58835683017969 84.923243522644043 11.996313791722061 6.1677656173706081 1.4592294245958317 10.161266706883906
leaf_count=856 30 1829 19 10 20 21 28 58 27 11 27 37 5 97 1 4 33
internal_value=0.0002521 -0.0224772 -0.0855085 0.00106005 0.000390351 0.00173841 0.00210499 0.00123424 0.00244215 -0.0042777 -0.00804459 -0.000103045 -0.0101448 -0.0253466 -0.0666933 -0.1 -0.1
internal_weight=14433.5 495.454 129.797 13938.1 13029.5 11234.1 11029.1 10357.4 8495.66 1861.78 1795.42 365.657 231.069 113.249 28.3253 111.233 22.1576
internal_count=3113 2055 1852 1058 1048 1001 980 952 883 69 47 203 166 136 131 1833 130
is_linear=0
shrinkage=0.05


Tree=96
num_leaves=21
num_cat=0
split_feature=6 12 14 6 6 12 10 13 14 8 10 12 12 14 12 8 2 3 8 7
split_gain=97.239 266.564 64.7712 32.3845 53.5096 26.0643 84.6085 45.6284 33.0986 43.9309 42.1825 25.0057 36.3813 23.3153 20.2916 28.1556 27.7277 44.3166 46.2663 5.68434e-14
threshold=1376.1898051565279 8.1860198624904523 82.500000000000014 541.42188762513172 114.763927509271 5.5461647727272743 7.8833333333333337 3.9615384615384621 56.500000000000007 1.4913793103448278 5.6733333333333347 48.687500000000007 30.649052841475577 25.500000000000004 5.5461647727272743 0.55310150375939859 1.2757687495010224 22.083333333333339 8.790178571428573 20.500000000000004
decision_type=8 8 10 10 10 8 8 10 10 10 8 10 10 10 8 10 8 10 10 10
left_child=3 14 19 4 5 7 -7 8 9 -1 -10 12 -8 -6 15 -2 -17 18 -18 -3
right_child=1 2 -4 -5 13 6 11 -9 10 -11 -12 -13 -14 -15 -16 16 17 -19 -20 -21
leaf_value=0.0017689227302728164 0.013917363725613139 -0.10000000000000001 0.0012593230459221863 0.010137036275092203 -0.00091679882858234209 -0.030023322954011097 0.0003330743746467542 0.016268138932452159 0.019764923108820186 -0.016020307483963658 0.001752327794340549 0.013830290925643971 -0.023307286817913182 -0.012472942336319397 0.036694856993750601 -0.0055224414672122198 -0.10000000000000001 0.046139339644506075 0.051028499374385632 -0.10000000000000001
leaf_weight=3930.9059209823608 132.75241094827652 104.04603396356106 18.563222318887711 908.0263557434082 749.52656364440918 240.09001684188843 4191.6249659061432 655.43800497055054 553.82122564315796 380.66041660308838 786.76371240615845 323.1386284828186 169.32019662857056 1045.0111904144287 33.966017872095108 151.42103052139282 30.467706978321075 9.542325019836424 6.0834212303161612 1.7623709887266148
leaf_count=331 27 1826 19 10 20 19 489 34 19 39 41 14 15 27 12 12 150 1 1 7
internal_value=0.000238559 -0.0216858 -0.0848864 0.00100733 0.000370929 0.00165187 -0.00107418 0.00378002 0.00233187 0.000198344 0.00919367 0.000409649 -0.000584798 -0.00764628 -0.000105258 -0.00388993 -0.0158585 -0.0498133 -0.0748634 -0.1
internal_weight=14422.9 488.605 124.372 13934.3 13026.3 11231.8 4924.17 6307.59 5652.15 4311.57 1340.58 4684.08 4360.95 1794.54 364.233 330.267 197.514 46.0935 36.5511 105.808
internal_count=3113 2055 1852 1058 1048 1001 537 464 430 370 60 518 504 47 203 191 164 152 151 1833
is_linear=0
shrinkage=0.05


Tree=97
num_leaves=20
num_cat=0
split_feature=5 0 8 6 6 6 5 14 8 12 10 12 10 11 0 1 8 10 8
split_gain=102.976 126.673 75.4764 23.4275 54.9175 41.8411 35.2708 48.8802 24.8995 23.0593 77.0345 43.6037 47.7797 33.7027 30.8391 74.0178 57.7076 20.3042 19.8864
threshold=46.500000000000007 3.4894999405741696 0.21527777777777782 541.42188762513172 114.763927509271 123.12422993386626 192.50000000000003 82.500000000000014 0.64984917777561557 5.5461647727272743 7.8833333333333337 4.8980463980463993 12.612500000000002 985.00000000000011 14.238881599044921 73.279498752057563 2.8038277511961724 6.0200000000000005 1.3850540216086438
decision_type=10 10 8 10 8 8 10 10 8 8 8 10 10 8 10 10 10 10 10
left_child=1 2 -1 4 9 -6 7 8 -7 11 -11 12 13 -2 15 -12 -16 18 -8
right_child=3 -3 -4 -5 5 6 17 -9 -10 10 14 -13 -14 -15 16 -17 -18 -19 -20
leaf_value=0.011353834953878447 0.006781813453810028 -0.0034839717048209904 -0.10000000000000001 0.0082850378292804363 -0.029044180961338109 -0.020728078444197166 -0.010368624455276938 0.038624441286352784 -0.10000000000000001 -0.028651391514235139 0.00028726975937951667 0.018374430594587834 -0.017618802730255952 -0.0011078180407108451 -0.00018989555372774582 0.022941410080809473 -0.022324218048895741 0.0038200072609763172 0.0064189667668842132
leaf_weight=19.086968779563904 3217.3475346565247 150.54296970367432 75.061524122953415 968.99993896484375 198.9308385848999 15.786966711282728 1005.9340335130692 13.551117569208143 26.590771555900574 239.03494262695312 2219.6359679698944 463.56239652633667 282.44325828552246 2336.6974315643311 1571.8748950958252 430.49324131011963 362.351487159729 598.38156707584858 213.92438914626837
leaf_count=6 278 24 1450 11 8 5 151 10 403 19 323 15 27 143 145 14 16 36 29
internal_value=0.000225672 -0.0319338 -0.0774249 0.000781186 0.000230191 -0.00724126 -0.00492702 -0.0440364 -0.0704689 0.00162266 -0.000979111 0.00361461 0.00244231 0.00346249 0.000463762 0.00396726 -0.00433647 -0.00372402 -0.00742461
internal_weight=14410.2 244.691 94.1485 14165.5 13196.5 2073.1 1874.17 55.9289 42.3777 11123.4 4823.39 6300.05 5836.49 5554.04 4584.36 2650.13 1934.23 1818.24 1219.86
internal_count=3113 1480 1456 1633 1622 642 634 418 408 980 517 463 448 421 498 337 161 216 180
is_linear=0
shrinkage=0.05


Tree=98
num_leaves=31
num_cat=0
split_feature=5 0 2 9 8 2 5 12 7 4 9 4 4 8 4 11 5 10 11 4 8 0 2 11 12 5 4 4 5 5
split_gain=94.7931 80.7498 74.5164 26.7201 36.3583 24.1987 37.9038 37.1264 60.4903 61.1577 43.1244 40.2256 31.0956 39.4507 26.9496 22.7423 34.9722 24.7285 22.5968 22.8595 22.379 35.6003 72.2987 15.3565 13.3918 12.6184 8.21967 7.62914 2.84217e-14 1.42109e-14
threshold=31.500000000000004 4.7732915489276504 1.0000000180025095e-35 34.168551275899631 0.55310150375939859 1.7064257610891533 1531.0000000000002 3.4984716157205242 10.500000000000002 21.833333333333339 24.426499584019187 5.7408536585365857 34.250000000000007 1.3255434782608697 9.7638888888888911 1015.0000000000001 83.500000000000014 9.6904761904761916 285.00000000000006 3.7638888888888893 1.2315462315462318 4.8960956960696667 1.0000000180025095e-35 145.00000000000003 1.9157363104731526 109.50000000000001 2.9142903965912823 9.9666666666666686 27.500000000000004 38.500000000000007
decision_type=10 10 8 8 8 8 10 8 10 8 10 8 10 10 10 8 10 8 8 10 10 10 8 8 8 10 10 10 10 10
left_child=1 2 -1 5 -5 6 14 8 23 10 -10 26 13 -13 18 20 29 -18 24 -20 21 22 -6 -7 -2 -19 -9 -22 -4 -17
right_child=3 -3 28 4 15 7 -8 11 9 -11 -12 12 -14 -15 -16 16 17 25 19 -21 27 -23 -24 -25 -26 -27 -28 -29 -30 -31
leaf_value=0.014566731176648523 0.0026140068609899181 -0.0024886585076277887 -0.10000000000000001 0.012758138486414487 -0.0033132840828159109 -0.0027395528355003756 -0.015725381564694895 -0.0051111963317574394 0.021339404596047072 0.029042454837833277 0.0036206306173134657 -0.00089667378869168115 -0.013004744602541272 0.0074488250628674604 -0.015502070728735452 -0.099999999999999936 -0.048322622662863371 0.038188254598950276 -0.0045617993543124466 0.0077381599157020538 0.029571654516962049 -0.0031329630827548957 -0.10000000000000001 -0.021570868611151671 0.017122350207437631 -0.014467379918631876 -0.014971456475402526 -0.00025710435742611184 -0.10000000000000001 -0.10000000000000001
leaf_weight=18.446677207946777 345.63482046127319 79.769852638244629 57.50516390427947 146.4690076559782 46.741031646728516 280.9767165184021 469.39757919311523 433.87450647354126 417.2497889995575 354.09602689743042 1940.0769839286804 3411.5061478614807 339.22673463821411 2421.0369215011597 268.95446252822876 4.9773166216909912 58.949143409729004 13.333881776779888 1513.169148683548 503.41806077957153 40.883632238954306 178.86578178405762 32.974947664886713 176.11907625198364 294.6405234336853 77.553937055170536 412.11514019966125 45.063964307308197 4.0451642908155909 11.426297444850205
leaf_count=2 40 14 1149 19 7 28 23 18 27 14 88 403 23 118 16 106 11 40 121 31 33 15 294 24 21 78 22 12 90 226
internal_value=0.000213637 -0.0380858 -0.0735818 0.000643379 -0.00920274 0.00111985 -0.00253581 0.00233833 0.0068307 0.00966724 0.00675688 0.000310033 0.00171155 0.00256747 -0.000419768 -0.0155003 -0.0306889 -0.023101 0.00110701 -0.00149125 -0.00817153 -0.0155183 -0.0433083 -0.00999526 0.00929042 -0.00674243 -0.00991452 0.0139319 -0.1 -0.1
internal_weight=14398.5 159.767 79.997 14238.7 657.239 13581.5 3395.21 10186.3 3168.52 2711.42 2357.33 7017.76 6171.77 5832.54 2925.82 510.77 166.241 149.837 2656.86 2016.59 344.529 258.582 79.716 457.096 640.275 90.8878 845.99 85.9476 61.5503 16.4036
internal_count=3113 1255 1241 1858 841 1017 252 765 181 129 115 584 544 521 229 822 461 129 213 152 361 316 301 52 61 118 40 45 1239 332
is_linear=0
shrinkage=0.05


Tree=99
num_leaves=24
num_cat=0
split_feature=5 0 2 9 8 5 5 14 0 2 13 9 5 7 5 8 8 8 3 13 0 3 5
split_gain=87.3883 77.6158 72.6739 24.2759 33.6466 23.2054 26.2728 30.0748 50.4777 21.8506 67.1128 51.1948 34.2574 32.5994 35.1298 32.3147 24.502 23.996 21.8013 10.0991 11.599 11.4877 2.84217e-14
threshold=31.500000000000004 4.7732915489276504 1.0000000180025095e-35 34.168551275899631 0.45227272727272733 1531.0000000000002 204.50000000000003 82.500000000000014 45.433499226272112 1.7064257610891533 0.75128865979381454 24.426499584019187 1531.0000000000002 70.500000000000014 2676.0000000000005 1.0362903225806452 0.30462749990253796 1.459543378995434 3.3390804597701154 1.0404411764705885 10.104167895026757 2.6929292929292932 1.0000000180025095e-35
decision_type=10 10 8 8 8 10 10 10 10 8 8 10 10 10 10 10 10 8 8 10 8 8 10
left_child=1 2 -1 9 -5 6 7 8 -6 12 11 -11 16 14 15 -12 -2 18 -18 21 -21 -8 -4
right_child=3 -3 22 4 5 -7 19 -9 -10 10 13 -13 -14 -15 -16 -17 17 -19 -20 20 -22 -23 -24
leaf_value=0.013853104651236207 0.016501767369948735 -0.0023642988844006247 -0.10000000000000001 0.019043725705990819 -0.080206494972819994 -0.045489256357496864 1.3086605278508305e-05 0.036371506027046162 -0.0022697968848008582 0.030445139433894316 -0.0020955954367030418 0.0066484033165611373 -0.014957622801342402 -0.0089806759325448855 0.015291774099810172 0.0042967236229533743 -0.0048095326121288581 -0.016040221042325643 0.0045977676749575499 -0.013383995383916903 0.012877707524181995 -0.022585536292822599 -0.10000000000000001
leaf_weight=18.427595138549805 199.80329942703247 79.767443180084229 6.2403208166360846 93.052085757255554 45.579027604311705 51.257755637168884 107.46541272103786 13.255973458290098 38.177841663360596 332.49248194694519 4101.689311504364 705.73755788803101 468.83169674873352 771.42960166931152 453.69589710235596 3816.8636081218719 1232.7012155056 261.4674768447876 1230.7968320846558 63.862799644470215 123.06895653530955 117.96421451121569 52.30816138908267
leaf_count=2 17 14 148 11 630 8 21 10 3 17 470 39 23 23 7 209 104 24 84 8 55 95 1091
internal_value=0.000202218 -0.0369276 -0.0727443 0.000611226 -0.00880034 -0.0134218 -0.0101949 -0.0336064 -0.0446816 0.00106441 0.00222249 0.0142693 -0.00241021 0.000854621 0.00176086 0.0009856 -0.000398899 -0.00163811 -0.000109519 -0.00468708 0.00390574 -0.0118125 -0.1
internal_weight=14385.9 156.744 76.9761 14229.2 653.684 560.632 509.374 97.0128 83.7569 13575.5 10181.9 1038.23 3393.6 9143.68 8372.25 7918.55 2924.77 2724.97 2463.5 412.361 186.932 225.43 58.5485
internal_count=3113 1255 1241 1858 841 830 822 643 633 1017 765 56 252 709 686 679 229 212 188 179 63 116 1239
is_linear=0
shrinkage=0.05


end of trees

feature_importances:
f_Interval_sum_login_prev7days=329
f_Interval_sum_payment_prev7days=319
f_Interval_max_login_prev1days=310
f_TrendFraction_sum_login_prev7days_to2days_interval7days=223
f_TrendFraction_max_login_prev7days_to2days_interval7days=209
f_TrendFraction_sum_battle_prev6days_to3days_interval6days=209
f_MeanSmoothInterval_payment_prev7days_smooth1days=207
f_TrendFraction_sum_battle_prev7days_to1days_interval7days=194
f_Interval_sum_finish_quest_prev7days=158
f_TrendFraction_sum_finish_quest_prev7days_to1days_interval7days=155
f_TrendFraction_sum_finish_quest_prev7days_to2days_interval7days=153
f_TrendFraction_sum_payment_prev6days_to3days_interval6days=148
f_Interval_count_finish_quest_prev7days=123
f_Interval_max_payment_prev7days=85
f_Interval_min_payment_prev7days=61

parameters:
[boosting: gbdt]
[objective: tweedie]
[metric: rmse]
[tree_learner: serial]
[device_type: cpu]
[data_sample_strategy: bagging]
[data: ]
[valid: ]
[num_iterations: 100]
[learning_rate: 0.05]
[num_leaves: 64]
[num_threads: 64]
[seed: 42]
[deterministic: 0]
[force_col_wise: 0]
[force_row_wise: 0]
[histogram_pool_size: -1]
[max_depth: 7]
[min_data_in_leaf: 20]
[min_sum_hessian_in_leaf: 0.001]
[bagging_fraction: 0.8]
[pos_bagging_fraction: 1]
[neg_bagging_fraction: 1]
[bagging_freq: 5]
[bagging_seed: 400]
[bagging_by_query: 0]
[feature_fraction: 0.8]
[feature_fraction_bynode: 1]
[feature_fraction_seed: 30056]
[extra_trees: 0]
[extra_seed: 12879]
[early_stopping_round: 0]
[early_stopping_min_delta: 0]
[first_metric_only: 0]
[max_delta_step: 0]
[lambda_l1: 0]
[lambda_l2: 0]
[linear_lambda: 0]
[min_gain_to_split: 0]
[drop_rate: 0.1]
[max_drop: 50]
[skip_drop: 0.5]
[xgboost_dart_mode: 0]
[uniform_drop: 0]
[drop_seed: 17869]
[top_rate: 0.2]
[other_rate: 0.1]
[min_data_per_group: 100]
[max_cat_threshold: 32]
[cat_l2: 10]
[cat_smooth: 10]
[max_cat_to_onehot: 4]
[top_k: 20]
[monotone_constraints: ]
[monotone_constraints_method: basic]
[monotone_penalty: 0]
[feature_contri: ]
[forcedsplits_filename: ]
[refit_decay_rate: 0.9]
[cegb_tradeoff: 1]
[cegb_penalty_split: 0]
[cegb_penalty_feature_lazy: ]
[cegb_penalty_feature_coupled: ]
[path_smooth: 0]
[interaction_constraints: ]
[verbosity: -1]
[saved_feature_importance_type: 0]
[use_quantized_grad: 0]
[num_grad_quant_bins: 4]
[quant_train_renew_leaf: 0]
[stochastic_rounding: 1]
[linear_tree: 0]
[max_bin: 255]
[max_bin_by_feature: ]
[min_data_in_bin: 3]
[bin_construct_sample_cnt: 200000]
[data_random_seed: 175]
[is_enable_sparse: 1]
[enable_bundle: 1]
[use_missing: 1]
[zero_as_missing: 0]
[feature_pre_filter: 1]
[pre_partition: 0]
[two_round: 0]
[header: 0]
[label_column: ]
[weight_column: ]
[group_column: ]
[ignore_column: ]
[categorical_feature: ]
[forcedbins_filename: ]
[precise_float_parser: 0]
[parser_config_file: ]
[objective_seed: 16083]
[num_class: 1]
[is_unbalance: 0]
[scale_pos_weight: 1]
[sigmoid: 1]
[boost_from_average: 1]
[reg_sqrt: 0]
[alpha: 0.9]
[fair_c: 1]
[poisson_max_delta_step: 0.7]
[tweedie_variance_power: 1.5]
[lambdarank_truncation_level: 30]
[lambdarank_norm: 1]
[label_gain: ]
[lambdarank_position_bias_regularization: 0]
[eval_at: ]
[multi_error_top_k: 1]
[auc_mu_weights: ]
[num_machines: 1]
[local_listen_port: 12400]
[time_out: 120]
[machine_list_filename: ]
[machines: ]
[gpu_platform_id: -1]
[gpu_device_id: -1]
[gpu_use_dp: 0]
[num_gpu: 1]

end of parameters

pandas_categorical:[]
