tree
version=v4
num_class=1
num_tree_per_iteration=1
label_index=0
max_feature_idx=14
objective=tweedie
feature_names=f_MeanSmoothInterval_payment_prev7days_smooth1days f_Interval_sum_payment_prev7days f_TrendFraction_sum_payment_prev6days_to3days_interval6days f_TrendFraction_sum_finish_quest_prev7days_to2days_interval7days f_TrendFraction_sum_battle_prev7days_to1days_interval7days f_Interval_sum_login_prev7days f_Interval_max_payment_prev7days f_Interval_count_finish_quest_prev7days f_TrendFraction_max_login_prev7days_to2days_interval7days f_Interval_min_payment_prev7days f_TrendFraction_sum_finish_quest_prev7days_to1days_interval7days f_Interval_sum_finish_quest_prev7days f_TrendFraction_sum_login_prev7days_to2days_interval7days f_TrendFraction_sum_battle_prev6days_to3days_interval6days f_Interval_max_login_prev1days
feature_infos=[1.5818076376250971:714.49985869914076] [11.07265346337568:5001.4990108939855] [0:43.052104208416829] [0:50.5] [1:173] [0:6782] [11.07265346337568:1366.699172250519] [0:90] [0.021739130434782608:101.5] [11.041637609102908:489.90199165701864] [1:156] [10:2100] [0.024691358024691357:657] [0:172] [0:1569]
tree_sizes=3523 4232 4214 4227 3918 3500 3912 4228 3818 4338 3814 4537 4225 3405 4325 4048 3304 3926 3503 3826 4251 4233 3076 2869 3185 2780 3804 3410 3397 3293 2766 2451 2877 2972 3192 2676 3726 3503 2981 2570 3188 4047 3298 3420 3298 3706 4261 4052 3406 3723 2671 2877 3196 2780 2988 3502 3503 2772 3301 3539 2979 2153 2366 2261 2265 2571 2574 3630 2780 3311 3823 3508 3508 3409 3499 3092 2466 2876 2354 2884 3843 3002 3308 3207 3516 2992 2452 2777 3086 3205 2567 2788 2678 2466 2564 3413 3206 3214 2674 2359

Tree=0
num_leaves=34
num_cat=0
split_feature=1 1 1 5 12 14 2 3 0 14 1 3 12 12 1 12 5 12 1 5 0 10 13 13 1 0 3 4 0 1 11 4 14
split_gain=93384.4 6438.48 4291.13 1511.34 1314.44 522.395 475.521 462.019 365.445 324.726 307.173 270.352 242.344 165.033 133.608 131.026 122.677 179.637 67.6996 62.2947 56.6557 50.1327 45.149 39.7523 38.6124 35.56 29.9848 23.6249 14.9242 5.90792 5.03689 0.132052 0.0127882
threshold=57.573944228609555 11.562810686844115 208.98084986905226 657.50000000000011 1.4456521739130437 15.500000000000002 1.0000000180025095e-35 0.52508361204013387 16.703395520643941 20.500000000000004 539.80889766905284 4.8038461538461545 3.187513028976444 2.3060200668896322 49.350999194894527 60.523809523809526 1534.0000000000002 6.9866883116883125 108.22914082898714 519.50000000000011 216.95349484284279 3.8878787878787882 6.0400000000000009 2.0051020408163267 27.738823970441668 13.975499761998655 2.5903225806451617 2.7638888888888893 1.0000000180025095e-35 81.426956439154608 395.00000000000006 1.0892857142857146 4.5000000000000009
decision_type=10 10 10 10 10 8 8 8 10 10 10 10 10 10 10 8 10 10 10 10 10 10 8 10 10 10 10 8 10 10 10 8 8
left_child=1 6 4 7 18 8 -1 -3 26 23 13 16 -11 -4 15 19 17 -7 25 -9 -12 -15 -14 27 -17 -2 -6 -5 30 -27 31 -8 -33
right_child=2 3 10 9 5 11 28 14 -10 12 20 -13 22 21 -16 24 -18 -19 -20 -21 -22 -23 -24 -25 -26 29 -28 -29 -30 -31 -32 32 -34
leaf_value=5.0180426765448614 5.0421405490196873 5.0800479075177707 5.1108887706746353 5.0240063621925346 5.0478585072817337 5.0888767141187179 4.9506713533859346 4.9969365831230226 5.0977706339915949 5.0349902337881964 5.1384047323436057 5.0815147618597996 5.0730505447644312 5.1382931644750611 5.0242196722825891 4.9776451364947754 5.1315646083572286 5.1231220249705505 5.0519400109334187 5.020612770645946 5.1458666479278019 5.1269638796370414 5.0971749741560082 5.0396973311601059 4.9915850067750034 5.0121181504114132 5.0229796084124727 4.9983604692276096 4.965091375591042 5.0240099335981832 4.9571564244582644 4.949117048990658 4.9490071049387101
leaf_weight=257.3880467414856 233.65019035339355 162.94020891189575 1113.5839719772339 169.79085397720337 246.85850048065186 685.16928100585938 125.89455366134644 1346.408287525177 462.96948146820068 405.14507913589478 4239.1365051269531 721.41980171203613 509.53540372848511 1980.9693832397461 340.162184715271 1267.6891331672668 858.91582489013672 868.16237545013428 437.30541133880615 350.0536413192749 6360.7061233520508 1925.6695022583008 313.12825584411621 171.32085084915161 816.86350297927856 218.88741588592529 237.75184440612793 190.61029815673828 149.34193325042725 199.75965213775635 195.22519493103027 3953.5794677734375 7990.205078125
leaf_count=27 20 9 34 17 20 33 20 164 19 37 36 39 31 17 34 174 12 18 34 36 16 34 13 15 103 24 24 23 22 20 30 633 1280
internal_value=5.05205 4.97103 5.12499 5.01349 5.08551 5.09853 4.95078 4.99747 5.066 5.05251 5.13806 5.10837 5.06664 5.12787 4.9942 4.9915 5.1164 5.10802 5.03672 5.00182 5.14288 5.13271 5.08223 5.01987 4.98311 5.02651 5.03565 5.01044 4.94938 5.01779 4.94919 4.94906 4.94904
internal_weight=39506.2 18715.3 20790.9 6043.65 5170.85 4081.25 12671.6 4284.12 947.58 1759.53 15620.1 3133.67 1227.81 5020.22 4121.18 3781.01 2412.25 1553.33 1089.6 1696.46 10599.8 3906.64 822.664 531.722 2084.55 652.297 484.61 360.401 12414.2 418.647 12264.9 12069.7 11943.8
internal_count=3068 2668 400 656 263 165 2012 520 63 136 137 102 81 85 511 477 63 51 98 200 52 51 44 55 277 64 44 40 1985 44 1963 1933 1913
is_linear=0
shrinkage=1


Tree=1
num_leaves=39
num_cat=0
split_feature=1 1 1 12 8 2 2 12 0 7 1 1 11 4 12 1 13 3 7 12 0 8 1 3 11 13 4 1 0 1 3 8 0 11 1 8 1 7
split_gain=87470.4 6529.92 4272.9 1214.26 1086.11 503.626 491.908 448.167 338.923 337.487 333.814 298.38 271.297 268.653 171.32 121.542 118.809 108.676 96.4422 68.588 63.697 61.8476 61.3835 50.0432 48.1953 42.4158 33.9184 33.5235 32.4462 31.2033 31.0137 28.5434 16.797 5.75674 5.46338 0.152985 0.0994512 0.00163409
threshold=57.573944228609555 11.562810686844115 208.98084986905226 1.4456521739130437 3.4606060606060614 4.0751400363744308 1.0000000180025095e-35 3.187513028976444 17.252394281991638 21.500000000000004 539.80889766905284 30.092842042833656 975.00000000000011 2.4924242424242427 2.3060200668896322 49.350999194894527 6.5555555555555562 5.014705882352942 52.500000000000007 4.1575920895672551 216.95349484284279 1.3286363636363638 108.22914082898714 4.6043478260869568 475.00000000000006 4.7965517241379318 7.0400000000000009 87.4516183057343 13.975499761998655 39.709043725042449 1.8637566137566142 3.7488125685056635 1.0000000180025095e-35 395.00000000000006 81.426956439154608 0.71237234878240396 48.852999168038373 1.0000000180025095e-35
decision_type=10 10 10 10 8 8 8 10 10 10 10 10 8 10 10 10 10 8 10 10 10 10 10 10 10 10 10 10 10 10 10 10 10 10 10 8 10 8
left_child=1 6 3 22 7 8 -1 11 18 26 14 23 24 -7 -4 25 19 -15 27 -11 -12 -16 28 30 -13 29 -9 -5 -2 31 -3 -6 33 35 -30 -8 -31 -37
right_child=2 4 10 5 15 13 32 9 -10 16 20 12 -14 17 21 -17 -18 -19 -20 -21 -22 -23 -24 -25 -26 -27 -28 -29 34 36 -32 -33 -34 -35 -36 37 -38 -39
leaf_value=-0.029558019816892812 -0.0065247682050233501 -0.043024869991885158 0.059935776757557527 -0.016797732230063558 -0.067620953299877148 0.077770588253602335 -0.098164262496706248 -0.019608698399153805 0.052548769851862277 0.023728219572097971 0.088463335843457128 -0.042421010853020968 0.031916540462035126 0.058924777749058355 0.088169143506974176 -0.022664170013281387 0.046656822548436762 0.029078899694299016 0.027799701746690855 -0.0091603808810333549 0.09654566058527253 0.075291503044860694 0.002786380548142274 -0.023147857534334897 -0.010401531901288601 -0.036022479423730776 -0.049728358818856955 0.0081086332840025512 -0.035284765069994353 -0.051051199120726136 -0.060839458206622746 -0.044983979465186445 -0.082630038471264433 -0.091101587380286786 -0.023821800536681675 -0.099950842709352269 -0.049448221191559442 -0.10000000000000001
leaf_weight=256.18493413925171 233.5964879989624 572.54706478118896 1092.792181968689 352.71812343597412 1722.793897151947 1271.5700693130493 119.8858208656311 205.08049821853638 647.24824142456055 377.00514841079712 4073.921085357666 284.00248527526855 290.86849308013916 651.94055938720703 2087.8159122467041 221.15684986114502 332.03271579742432 573.14409732818604 298.6619815826416 273.54733228683472 6069.6767501831055 1684.7438583374023 437.28707218170166 198.64602375030518 200.48114156723022 154.2646861076355 171.74971675872803 218.9826774597168 217.43526268005371 184.76820278167725 426.15279960632324 151.50014543533325 144.21364831924438 187.19308090209961 199.15112781524658 9295.3377122879028 203.14120864868164 2066.4372010231018
leaf_count=27 20 67 34 33 239 22 20 20 24 23 36 33 16 21 19 22 14 32 17 24 16 32 34 20 18 17 21 16 24 23 56 18 22 30 20 1565 25 348
internal_value=0.00299362 -0.0769461 0.0746983 0.0351677 -0.034172 0.0478638 -0.0981031 -0.0151973 0.0251485 0.00689213 0.0881353 -0.0304194 -0.00625454 0.0616716 0.0773685 -0.0581428 0.0223202 0.0449617 0.00477215 0.00989907 0.0932996 0.0824183 -0.0116987 -0.0460676 -0.0291712 -0.0613899 -0.0333365 -0.00725767 -0.0214408 -0.0631197 -0.0506265 -0.0657912 -0.0995896 -0.0997992 -0.0298048 -0.099941 -0.0502117 -0.0999598
internal_weight=38149.7 18039 20110.7 5101.74 5969.74 4014.27 12069.3 3332.11 1517.61 1359.42 15008.9 1972.7 775.352 2496.65 4865.35 2637.62 982.585 1225.08 870.363 650.552 10143.6 3772.56 1087.47 1197.35 484.484 2416.47 376.83 571.701 650.183 2262.2 998.7 1874.29 11813.1 11668.9 416.586 11481.7 387.909 11361.8
internal_count=3068 2668 400 263 656 165 2012 312 90 102 137 210 67 75 85 344 61 53 66 47 52 51 98 143 51 322 41 49 64 305 123 257 1985 1963 44 1933 48 1913
is_linear=0
shrinkage=0.05


Tree=2
num_leaves=39
num_cat=0
split_feature=1 1 1 5 12 2 2 3 1 0 12 4 12 1 1 0 5 0 3 5 11 4 12 1 6 4 5 3 0 13 1 0 12 11 1 11 10 5
split_gain=81870.5 6608.47 4246.11 1299.16 1119.94 507.871 477.56 407.025 365.801 312.544 278.744 266.093 214.975 175.558 122.269 133.491 118.605 103.974 103.149 87.0156 64.0879 56.4508 55.0587 53.4783 46.8356 45.7745 45.5759 30.0283 60.4512 28.9608 25.8991 18.859 6.97023 6.56977 6.40168 2.62182 0.17721 0.00946678
threshold=57.573944228609555 11.562810686844115 208.98084986905226 657.50000000000011 1.4456521739130437 1.0000000180025095e-35 4.0751400363744308 0.52508361204013387 1018.9035863109681 17.252394281991638 2.0731592993483892 2.4924242424242427 3.187513028976444 39.709043725042449 32.696346341453101 3.8295080806152675 1102.0000000000002 3.892197520416051 5.014705882352942 1173.5000000000002 425.00000000000006 1.2060606060606063 2.2669446144430849 125.26191272245102 24.675499597447264 2.8619047619047624 408.50000000000006 2.3398093841642233 73.544559136644196 0.8452991452991454 26.944106522329893 1.0000000180025095e-35 5.6736474694589889 395.00000000000006 91.243707216340596 195.00000000000003 2.6339712918660294 20.500000000000004
decision_type=10 10 10 10 10 8 8 8 10 10 10 10 10 10 10 10 10 10 8 10 8 10 8 10 10 10 10 10 10 10 10 10 8 10 10 10 8 8
left_child=1 5 4 7 21 -1 9 -3 10 19 -4 -8 13 29 15 20 17 -14 -13 22 -9 23 -6 34 32 -12 -26 -27 -29 -5 -17 33 -16 36 35 -2 -7 -38
right_child=2 3 8 12 6 31 11 14 -10 -11 25 18 16 -15 24 30 -18 -19 -20 -21 -22 -23 -24 -25 26 27 -28 28 -30 -31 -32 -33 -34 -35 -36 -37 37 -39
leaf_value=-0.028203420525354368 -0.025028893817494954 0.029949774713491376 0.055906454496904123 -0.048439276739282014 0.013187361678151002 -0.097975238896756578 0.076186847670296029 -0.031176787520745902 0.09570329929034721 0.050620687757433974 0.07653939851506153 0.056968107731054408 0.019776333192030839 0.018177903101512034 -0.037205107654053715 -0.068638704635670955 0.033777415750544805 -0.023896125884965598 0.027742340050402721 0.028284678650815027 -0.059609459725678472 0.01120893207805161 -0.017929087192838519 0.0022017431568489513 -0.036904135843202381 0.091869433366536954 -0.0043215777100858886 0.076270005190891346 0.089586794989957919 -0.022489157342828289 -0.0574607213665915 -0.08127388649907441 -0.049403255878848307 -0.090294043421024817 -0.018459968740208176 -0.033378498127378191 -0.099906286613300394 -0.10000000000000001
leaf_weight=255.09375715255737 194.46741580963135 160.8130669593811 1058.36119556427 251.42039966583252 230.48918342590332 114.16178464889526 1234.0678882598877 617.68185710906982 6709.005973815918 638.53417015075684 1733.4123201370239 640.90378379821777 313.3492579460144 210.67142009735107 166.29737424850464 1079.143581867218 535.21464204788208 241.18360900878906 570.78139209747314 267.2168083190918 291.82430791854858 224.27538394927979 370.97615432739258 256.04646015167236 274.414635181427 1506.0256586074829 176.2649188041687 1592.0539798736572 1833.8425140380859 187.84440040588379 996.91215705871582 139.41209173202515 395.95321607589722 179.61658430099487 228.72898960113525 182.01593780517578 5125.7274479866028 5682.4631638526917
leaf_count=27 20 9 35 31 16 20 22 68 21 24 30 21 20 14 19 156 28 24 32 15 39 16 35 20 31 9 15 28 14 19 133 22 50 30 22 20 907 1006
internal_value=0.00293978 -0.0758909 0.0733666 -0.0328683 0.0338489 -0.0979663 0.046202 -0.0480436 0.0871624 0.0240639 0.0797436 0.0598448 0.00341338 -0.0193458 -0.0511804 -0.0562732 0.0169872 0.000781821 0.0432009 0.004543 -0.0402997 -0.011135 -0.00600487 -0.0169534 -0.0361696 0.0835286 -0.0241608 0.0859851 0.0833983 -0.0373421 -0.0632711 -0.0995494 -0.0457954 -0.0997789 -0.0250574 -0.0290656 -0.0999349 -0.0999556
internal_weight=36866.7 17395.5 19471.2 5898.99 5038.5 11496.5 3952.97 4159.31 14432.7 1507.22 7723.7 2445.75 1739.68 649.936 3998.49 2985.56 1089.75 554.533 1211.69 868.682 909.506 1085.53 601.465 861.259 1012.93 6665.33 450.68 4931.92 3425.9 439.265 2076.06 11241.4 562.251 11102 605.212 376.483 10922.4 10808.2
internal_count=3068 2668 400 656 263 2012 165 520 137 90 116 75 136 64 511 396 72 44 53 66 107 98 51 82 115 81 46 51 42 50 289 1985 69 1963 62 40 1933 1913
is_linear=0
shrinkage=0.05


Tree=3
num_leaves=39
num_cat=0
split_feature=0 0 5 0 5 12 13 0 12 14 0 10 8 3 5 5 0 14 9 13 13 11 3 14 3 0 3 14 3 11 5 11 5 14 3 5 8 14
split_gain=69142.2 8445.34 6232.62 2235.04 1239.62 993.121 752.691 397.518 393.454 340.126 369.978 359.292 325.657 304.719 294.98 287.403 244.594 157.284 144.482 142.676 117.104 116.46 90.9168 88.7713 73.8616 45.3352 42.7365 25.7001 25.3768 24.0429 19.3647 14.7258 9.10093 9.8613 3.49637 1.04587 0.834676 0.032078
threshold=10.464999821782113 2.4190747464181714 372.50000000000006 30.906475342612026 888.50000000000011 0.77843552037485653 12.158536585365855 161.76402531624896 2.0731592993483892 30.500000000000004 20.396071523844004 4.3611111111111116 0.62391940201494978 0.52508361204013387 519.50000000000011 2002.0000000000002 32.609499444663534 55.500000000000007 30.750516279384453 1.9337719298245617 8.4166666666666696 465.00000000000006 4.8038461538461545 40.500000000000007 6.1833333333333345 8.9651643149812195 2.5392307692307696 16.500000000000004 6.854166666666667 395.00000000000006 218.50000000000003 475.00000000000006 114.50000000000001 50.500000000000007 1.5125000000000002 260.50000000000006 1.314786585365854 75.500000000000014
decision_type=10 10 10 10 10 10 8 10 10 8 10 10 8 8 10 10 10 10 10 10 10 10 10 8 10 10 10 8 8 10 10 10 10 8 8 10 8 10
left_child=1 12 5 6 13 16 9 8 -5 10 26 -11 21 -3 24 17 27 19 20 -6 -16 -1 -13 -10 25 -15 -4 30 -25 34 -2 -8 -29 -34 -14 37 -37 -36
right_child=2 4 3 7 15 -7 31 -9 23 11 -12 22 29 14 18 -17 -18 -19 -20 -21 -22 -23 -24 28 -26 -27 -28 32 -30 -31 -32 -33 33 -35 35 36 -38 -39
leaf_value=-0.074316538672588958 -0.050307117862632068 0.027997142475945144 0.013736450503703181 0.049348921821928002 -0.032376208798907201 0.043165911165045569 -0.024219491930023766 0.095224350860556695 0.072866226958860705 0.081309495838961382 0.057351761452007183 0.053286164880719022 -0.090812874735151539 -0.053426026977745213 -0.03628033150485694 0.05375977486480317 -0.0026254429347869288 0.028626745534240397 0.014566471095620146 0.013377436282179822 0.0087071539948844166 -0.014413164971038568 0.021430560535797102 0.083007922610108309 -0.013840379942721312 -0.034739402598132851 -0.013831442224821354 -0.067922120392019988 0.090444342508532394 -0.082713623414882184 -0.028484974256693864 -0.0064479040562329878 -0.048105679954435085 -0.062421543666899088 -0.099937443797944059 -0.094196783114655097 -0.098837565109342385 -0.099071345726838331
leaf_weight=193.31528234481812 261.38309144973755 176.13273525238037 282.27152156829834 1023.1961317062378 359.70977067947388 484.88299465179443 271.62940311431885 6315.6627445220947 1663.9332885742188 1158.9920921325684 562.73313617706299 511.28107166290283 108.97934293746948 2122.4945802688599 761.89538764953613 394.08181858062744 338.31975173950195 404.73017024993896 256.9611964225769 323.7363977432251 178.55386781692505 139.82013988494873 398.60035991668701 2570.7488861083984 144.79764938354492 383.1688756942749 280.06795120239258 160.63834476470947 2071.7764530181885 212.03150415420532 166.36849355697632 204.1877293586731 281.91472768783569 209.82453727722168 9685.6952877044678 134.50598573684692 346.44609069824219 108.10179567337036
leaf_count=30 34 10 19 39 39 21 28 21 32 16 18 18 19 283 87 14 28 23 18 22 13 14 24 31 14 44 25 24 14 35 18 17 36 30 1802 24 64 20
internal_value=0.0028843 -0.07241 0.0672743 0.0767147 -0.0219147 -0.0186076 0.0420751 0.0860307 0.0781089 0.0508152 0.0286892 0.0628475 -0.0978509 -0.0363132 -0.0392569 0.0171742 -0.0397243 0.00392476 -0.0186604 -0.0107035 -0.027739 -0.0491745 0.0393309 0.0827751 -0.048562 -0.0505684 6.51759e-06 -0.0513444 0.0863265 -0.0993813 -0.0418197 -0.0165932 -0.0575896 -0.0542142 -0.0997216 -0.0998161 -0.0975397 -0.0999279
internal_weight=35653.6 16435.2 19218.4 17315.1 5506.26 1903.33 3669.76 13645.3 7329.65 3193.95 1125.07 2068.87 10928.9 4024 3847.87 1482.26 1418.45 1088.18 1197.41 683.446 940.449 333.135 909.881 6306.46 2650.46 2505.66 562.339 1080.13 4642.53 10595.8 427.752 475.817 652.378 491.739 10383.7 10274.7 480.952 9793.8
internal_count=3068 2575 493 302 567 191 165 137 116 120 62 58 2008 469 459 98 170 84 118 61 100 44 42 77 341 327 44 142 45 1964 52 45 90 66 1929 1910 88 1822
is_linear=0
shrinkage=0.05


Tree=4
num_leaves=36
num_cat=0
split_feature=1 1 1 12 8 2 14 1 14 4 12 0 10 11 14 0 14 14 1 4 1 10 3 8 1 3 0 0 3 6 11 0 1 4 14
split_gain=71637.6 6719.94 4162.6 978.431 902.032 551.075 452.929 429.107 418.05 426.473 286.372 270.216 257.646 252.78 137.08 120.261 118.342 114.488 113.823 74.1378 45.4061 40.6978 34.1682 31.1671 35.3837 29.2058 25.2082 23.4731 19.7688 16.1998 8.20969 5.94406 4.70069 0.2308 0.0232763
threshold=57.573944228609555 11.562810686844115 208.98084986905226 1.4456521739130437 3.4606060606060614 1.0000000180025095e-35 15.500000000000002 1018.9035863109681 55.500000000000007 12.750000000000002 2.0731592993483892 17.447458117422268 5.3266666666666671 575.00000000000011 45.500000000000007 4.6688990801213013 21.500000000000004 40.500000000000007 49.350999194894527 6.3484848484848486 108.22914082898714 4.1291666666666673 1.8637566137566142 3.6186147186147193 27.738823970441668 6.854166666666667 13.975499761998655 1.0000000180025095e-35 2.5903225806451617 28.284596809100055 395.00000000000006 5.3988841720070413 80.625203128381472 1.0892857142857146 4.5000000000000009
decision_type=10 10 10 10 8 8 8 10 10 8 10 10 10 8 8 10 10 8 10 10 10 10 10 10 10 8 10 10 10 10 10 10 10 8 8
left_child=1 5 3 20 8 -1 11 10 9 15 -4 28 14 16 -8 22 -11 -12 23 -14 26 -17 -3 24 31 -19 -2 30 -5 -26 33 -6 -28 -7 -35
right_child=2 4 7 6 18 27 12 -9 -10 13 17 -13 19 -15 -16 21 -18 25 -20 -21 -22 -23 -24 -25 29 -27 32 -29 -30 -31 -32 -33 -34 34 -36
leaf_value=-0.024474554426373626 -0.0059724977508594989 -0.035216805628676628 0.05243111512450075 -0.0022940094706187532 -0.058064180488606593 -0.097578157800106785 0.047149212023101073 0.094831275870532514 0.023206169746460809 -0.039746826757445286 0.069816552761921571 0.041866651754805445 0.019247585135021446 0.037372919785882898 0.07520177254836391 -0.027950466184969922 0.0089827548912071817 0.081495935244769474 -0.018466467069805197 0.045499788771831973 0.001748838514356821 0.0018175220587657876 -0.051616717448836405 -0.039494584430034667 -0.043144643034257871 0.089586893023373596 -0.03243081264261876 -0.078402405630471309 -0.022227384366368841 -0.057353170161317982 -0.088749276771668981 -0.065691800976111089 -0.021704401880595331 -0.099836113189772729 -0.10000000000000001
leaf_weight=251.04779243469238 232.68369293212891 584.5187463760376 1029.3988313674927 245.48550987243652 358.42803621292114 104.03066444396973 714.26999378204346 6128.2543182373047 638.38787460327148 264.75789785385132 1695.0778398513794 425.76200771331787 495.76747131347656 377.80177211761475 1115.7138423919678 252.05021476745605 235.34343719482422 2539.0235939025879 218.88443851470947 587.79019451141357 436.67705631256104 210.88487195968628 695.49983263015747 248.97576904296875 413.18762540817261 1989.1288394927979 186.49703979492188 130.62611675262451 252.13351345062256 389.92561149597168 167.23425769805908 888.69048309326172 225.80808258056641 3238.9831466674805 6543.3158116340637
leaf_count=27 20 69 35 20 51 20 28 21 39 32 35 18 30 19 20 27 18 32 22 24 34 17 91 30 52 14 21 22 25 55 30 134 23 633 1280
internal_value=0.00282746 -0.0737055 0.0706325 0.0312996 -0.0304428 -0.0976574 0.0431401 0.0850906 -0.013077 -0.0219148 0.07686 0.0126251 0.0528112 0.00650448 0.0642524 -0.0362293 -0.0168151 0.0809008 -0.0529198 0.0334884 -0.0107014 -0.01439 -0.0441277 -0.0561998 -0.0582284 0.0850501 -0.0191305 -0.0994614 -0.0123938 -0.0500431 -0.099735 -0.0634996 -0.0265563 -0.0999208 -0.0999457
internal_weight=34512 16212.6 18299.5 4918.59 5777.34 10435.2 3836.92 13380.9 3259.24 2620.86 7252.63 923.381 2913.54 877.903 1829.98 1742.95 500.101 6223.23 2518.09 1083.56 1081.67 462.935 1280.02 2299.21 2050.23 4528.15 644.989 10184.2 497.619 803.113 10053.6 1247.12 412.305 9886.33 9782.3
internal_count=3068 2668 400 263 656 2012 165 137 312 273 116 63 102 69 48 204 50 81 344 54 98 44 160 322 292 46 64 1985 45 107 1963 185 44 1933 1913
is_linear=0
shrinkage=0.05


Tree=5
num_leaves=32
num_cat=0
split_feature=1 1 1 5 12 1 4 10 2 12 0 5 10 10 13 1 0 14 1 5 14 0 0 1 0 14 13 7 1 14 14
split_gain=60264 7061.05 3714.06 958.181 800.679 593.029 442.264 377.921 350.047 265.691 249.456 214.172 186.733 166.413 140.427 126.236 123.26 77.9705 77.1394 70.8374 60.3301 58.0373 49.3444 28.6891 26.6633 24.7742 16.9199 9.97656 5.18527 0.806036 0.026919
threshold=61.564613526758336 11.562810686844115 235.75034696549127 955.50000000000011 1.3661834817359604 539.80889766905284 2.9715045592705169 5.8693181818181825 1.0000000180025095e-35 2.861005961251863 12.400198372514351 941.00000000000011 9.3392857142857171 6.7888888888888896 0.22720057720057721 49.350999194894527 3.1817909881049484 65.500000000000014 108.22914082898714 1392.5000000000002 20.500000000000004 4.3897532203261527 188.55493235547749 37.62624626726187 1.0000000180025095e-35 52.500000000000007 28.000000000000004 16.500000000000004 78.191280329487242 82.500000000000014 4.5000000000000009
decision_type=10 10 10 10 10 10 10 10 8 10 10 10 10 8 10 10 10 10 10 10 10 10 10 10 10 10 8 10 10 10 8
left_child=1 8 4 7 18 11 9 14 -1 -6 -8 -4 -9 -5 15 23 -16 -15 26 20 -12 -18 -7 -3 27 -13 -2 29 -28 30 -10
right_child=2 3 5 13 6 22 10 12 24 -11 19 25 -14 17 16 -17 21 -19 -20 -21 -22 -23 -24 -25 -26 -27 28 -29 -30 -31 -32
leaf_value=-0.033370742344569902 -0.0080322979695790827 -0.059649262377106244 0.045369120942753166 -0.023176876402959803 0.028180120001561445 0.085924731351181574 -0.012180880930029054 0.022305453683645497 -0.099818927330168533 0.069588119270790616 0.0076080221718770177 0.067652587546552401 -0.034237888949826614 0.0086345412202169253 0.0061028532942381374 -0.018344352607380987 -0.046363985127770881 0.038115532049274342 0.0065433077728135839 0.047751921715143329 0.035399525192453637 -0.027978984871217773 0.09414261018532516 -0.043589571530273041 -0.077073012502387017 0.078171540011257395 -0.031649065079308335 -0.088620089934393798 -0.020268813564775581 -0.096229301562423444 -0.10000000000000001
leaf_weight=205.36342477798462 192.52435398101807 1672.514639377594 968.35891723632812 271.99508810043335 544.92479801177979 3161.0331859588623 398.08633518218994 341.66850996017456 3081.6187839508057 1340.0096426010132 334.75083255767822 1012.897346496582 254.985182762146 519.02327108383179 170.44717597961426 236.33951187133789 995.78600263595581 394.9349684715271 493.53066349029541 502.66700458526611 468.68057537078857 754.51123523712158 4327.2505340576172 333.54628562927246 132.65056467056274 1251.1891765594482 204.13467693328857 200.91196012496948 196.3906135559082 148.74315786361694 6146.4488282203674
leaf_count=24 17 248 36 27 29 29 35 23 633 29 23 22 29 38 14 24 130 19 36 19 22 84 16 43 23 18 23 38 20 30 1264
internal_value=-0.00373684 -0.072137 0.0667294 -0.0290554 0.0295439 0.0829473 0.0409284 -0.0390745 -0.0979699 0.0576173 0.0224695 0.0650486 -0.00185884 0.0111562 -0.0444082 -0.0529071 -0.034486 0.0213737 -0.00806049 0.0330306 0.0238202 -0.0384387 0.0906736 -0.056979 -0.0993361 0.0734656 -0.0202136 -0.0996445 -0.026069 -0.0998807 -0.0999395
internal_weight=31257.9 15861.5 15396.4 5945.75 4675.7 10720.7 3589.12 4759.8 9915.74 1884.93 1704.18 3232.45 596.654 1185.95 4163.14 2242.4 1920.74 913.958 1086.58 1306.1 803.431 1750.3 7488.28 2006.06 9710.37 2264.09 593.05 9577.72 400.525 9376.81 9228.07
internal_count=3065 2691 374 679 253 121 157 595 2012 58 99 76 52 84 543 315 228 57 96 64 45 214 45 291 1988 40 60 1965 43 1927 1897
is_linear=0
shrinkage=0.05


Tree=6
num_leaves=36
num_cat=0
split_feature=1 1 1 5 12 1 2 4 2 10 0 5 3 10 14 12 4 1 11 12 1 1 0 1 5 5 2 0 1 1 11 10 11 12 14
split_gain=56194.5 7105.6 3642.95 876.341 735.758 623.789 423.518 365.423 363.035 347.508 263.62 212.367 179.72 169.333 125.897 115.82 130.444 126.153 113.044 97.3819 94.5306 72.2068 57.9533 54.9931 49.8886 47.6208 38.4 29.6243 19.2442 18.6339 12.0141 11.2084 3.07638 1.51028 0.243094
threshold=61.564613526758336 11.562810686844115 235.75034696549127 955.50000000000011 1.4456521739130437 539.80889766905284 4.2113939797806941 2.6505813953488375 1.0000000180025095e-35 5.8693181818181825 16.300876842483731 941.00000000000011 6.088461538461539 9.3392857142857171 38.500000000000007 19.605291723202175 17.333333333333339 47.168123618506911 295.00000000000006 5.9440886951190448 151.78990756621465 37.62624626726187 10.302521471006546 1346.5974611859924 1392.5000000000002 477.50000000000006 0.3323630325290316 1.0000000180025095e-35 83.082084347692359 26.892792739600683 395.00000000000006 7.452272727272728 765.00000000000011 7.3380952380952387 82.500000000000014
decision_type=10 10 10 10 10 10 8 10 8 10 10 10 8 10 10 8 8 10 10 8 10 8 10 10 10 10 10 10 10 10 10 8 10 10 10
left_child=1 8 4 9 20 11 10 -8 -1 15 14 -4 21 -11 32 16 25 29 -18 -14 26 -5 -19 -7 -9 -3 28 30 -2 -17 33 -13 -6 34 -10
right_child=2 3 5 12 6 23 7 24 27 13 -12 31 19 -15 -16 17 18 22 -20 -21 -22 -23 -24 -25 -26 -27 -28 -29 -30 -31 -32 -33 -34 -35 -36
leaf_value=-0.031879851128797002 -0.029175414780486325 -0.04934615991423049 0.043549174960086749 -0.033648690728663035 -0.016629231016933962 0.084954931224016317 0.07332555339138834 0.021835024480321805 -0.099932938840168906 0.021243071623721178 0.03908783885791775 0.075038306186355416 0.043102731881049412 -0.032717908430387972 0.024647071637037773 -0.061557853243993654 -0.034606059493041297 -0.0070276107209302878 0.014170980170715455 0.0068402238890399661 0.020784545273918632 0.0069150146851745253 -0.040927675715893494 0.093755946769800216 0.044803432761965835 -0.030391700633837806 0.0041778361286634339 -0.075461457597743378 -0.012230497086139968 -0.051059862206404127 -0.084836465388131208 0.06788585219005959 -0.025159196728964429 -0.093733661539338417 -0.097765260356291794
leaf_weight=204.24848890304565 305.49231433868408 771.58947324752808 958.64108562469482 234.33641386032104 211.29473209381104 3196.7677898406982 1126.7533655166626 563.53006267547607 8746.5373888015747 340.83978605270386 728.18094253540039 1187.5578746795654 384.89269924163818 253.52796030044556 236.68306446075439 962.67739152908325 242.93717050552368 187.20098304748535 232.42910861968994 356.7400221824646 250.03354263305664 206.28601741790771 386.07790613174438 3990.6729125976562 407.28649520874023 580.8060564994812 219.69896602630615 128.80821180343628 371.09327030181885 753.58777332305908 135.58776569366455 1016.6415939331055 211.51496601104736 100.39258003234863 131.27896165847778
leaf_count=24 34 105 36 26 20 30 20 32 1890 23 31 19 17 29 13 150 29 18 17 26 15 15 49 15 16 67 17 23 34 108 26 21 21 21 28
internal_value=-0.00367122 -0.0709367 0.0652058 -0.0278555 0.0283483 0.0816989 0.0397773 0.053954 -0.0978152 -0.0375132 0.0183482 0.0631951 0.0106335 -0.00177402 -0.00455148 -0.0426724 -0.0332866 -0.0501651 -0.0107567 0.0256597 -0.00640034 -0.014658 -0.0298578 0.0898415 0.031471 -0.0412059 -0.013984 -0.0992723 -0.0198815 -0.0569483 -0.0996088 0.0717394 -0.0208964 -0.0998319 -0.0999009
internal_weight=30322.6 15340.8 14981.8 5893.93 4631.56 10350.3 3485.24 2097.57 9446.85 4711.67 1387.67 3162.84 1182.26 594.368 659.493 4117.31 1827.76 2289.54 475.366 741.633 1146.32 440.622 573.279 7187.44 970.817 1352.4 896.285 9242.6 676.586 1716.27 9113.8 2204.2 422.81 8978.21 8877.82
internal_count=3065 2691 374 679 253 121 153 68 2012 595 85 76 84 52 54 543 218 325 46 43 100 41 67 45 48 172 85 1988 68 258 1965 40 41 1939 1918
is_linear=0
shrinkage=0.05


Tree=7
num_leaves=39
num_cat=0
split_feature=1 1 1 10 12 5 14 5 0 0 8 3 1 12 12 1 12 0 11 8 14 1 3 5 11 3 0 11 13 13 10 0 11 13 1 13 1 14
split_gain=52372.1 8018.04 2801.39 938.236 891.723 361.341 337.851 250.937 222.597 216.445 211.362 195.394 179.736 168.777 148.725 137.967 127.106 111.157 106.3 91.9494 89.4759 86.1632 75.1888 58.815 53.4356 47.5952 35.4315 34.6354 33.518 29.1679 23.4954 20.1777 18.436 16.7046 9.64639 3.75964 1.39896 0.264226
threshold=73.254998752474805 11.562810686844115 446.67011068962051 5.8693181818181825 1.2055256700641752 569.50000000000011 15.500000000000002 2002.0000000000002 20.736186800435728 4.6163286673913655 0.85410334346504568 3.5880398671096354 220.20599624991419 3.3152870354428514 2.861005961251863 41.58384813889699 1.7007853403141364 188.55493235547749 495.00000000000006 1.2283208020050129 15.500000000000002 175.81849662359679 4.5857142857142863 1059.5000000000002 235.00000000000003 4.5857142857142863 10.711972391012091 395.00000000000006 3.0263157894736845 4.7965517241379318 4.2661943319838072 11.202324082190016 1015.0000000000001 0.22720057720057721 97.828498333990595 4.3060200668896327 54.011840953261505 82.500000000000014
decision_type=10 10 10 10 10 10 10 10 10 10 8 10 10 10 10 10 8 10 10 10 8 10 10 10 10 8 10 10 8 10 8 8 10 10 10 10 10 10
left_child=1 10 4 5 21 15 8 9 -6 32 24 14 25 23 -8 16 20 22 -15 -11 -3 33 -4 30 -1 -13 28 31 -17 -18 -7 -12 -5 34 -2 37 -28 -33
right_child=2 3 17 7 6 13 11 -9 -10 19 27 12 -14 18 -16 26 29 -19 -20 -21 -22 -23 -24 -25 -26 -27 36 -29 -30 -31 -32 35 -34 -35 -36 -37 -38 -39
leaf_value=-0.078760113076845842 -0.021504717908589703 -0.043936119899820845 0.073254506671589184 -0.034988945157229556 -0.0041343152436528856 -0.028079499461691172 0.047974992724563653 0.052544167435804479 0.043322471486962041 0.0011345995380776547 -0.075452152868283426 0.039946878152467842 0.059052689091924571 0.026365909137155891 0.072674244875964772 -0.030284702997735266 -0.05601954438624062 0.092977256999304078 -0.012921534840781455 0.03748457449523928 0.00075540921679851866 0.021228689223839685 0.087888952095019721 -0.0089188925593303558 -0.037387878246585259 0.015749018388595892 -0.039843123087139387 -0.074472841092832379 -0.0050319789966061339 -0.032212920062978621 -0.049915435676458925 -0.099898062806064308 -0.013886425265009397 0.0016187724374217612 -0.0074508599882790244 -0.089561283557673288 -0.034190851197254159 -0.097622595179907776
leaf_weight=150.19195461273193 256.65938949584961 272.15131330490112 1710.8808612823486 271.51895093917847 405.18454742431641 225.84021139144897 904.01919841766357 292.00371074676514 633.2997932434082 378.54166460037231 86.286703586578369 362.22599029541016 858.36750888824463 302.85357284545898 1870.5988836288452 280.6879243850708 1983.1994981765747 3963.6258239746094 399.0172905921936 321.92448854446411 190.30926465988159 330.82516765594482 1802.2495079040527 219.61576890945435 162.47597551345825 462.90617752075195 267.33415937423706 140.41603946685791 247.06181001663208 137.58803033828735 271.03417587280273 8242.6140894889832 167.25504875183105 225.86898612976074 232.89236545562744 89.515598773956299 185.38336753845215 129.58310317993164
leaf_count=28 27 37 28 32 33 26 32 10 24 30 16 15 22 18 33 32 302 16 36 16 17 18 13 20 22 28 35 26 23 17 37 1872 16 18 20 19 22 29
internal_value=-0.0036049 -0.0672112 0.0663295 -0.0244897 0.042437 -0.0347399 0.0504902 0.011191 0.0248063 0.000591587 -0.0976505 0.0564731 0.0430348 -0.0133957 0.0646268 -0.043235 -0.0492959 0.0872376 0.00403079 0.0178405 -0.0255449 0.000128057 0.080762 -0.0304666 -0.0572613 0.0263717 -0.0272662 -0.0991039 -0.0184628 -0.0544751 -0.0399905 -0.0995086 -0.0269449 -0.00962931 -0.0148189 -0.0997539 -0.0375286 -0.0998628
internal_weight=29434 15414.4 14019.6 6413.32 6542.85 4982.08 5496.6 1431.24 1038.48 1139.24 9001.08 4458.12 1683.5 1418.36 2774.62 3563.72 2583.25 7476.76 701.871 700.466 462.461 1046.25 3513.13 716.49 312.668 825.132 980.467 8688.42 527.75 2120.79 496.874 8548 438.774 715.421 489.552 8461.71 452.718 8372.2
internal_count=3065 2738 327 726 270 622 187 104 57 94 2012 130 65 137 65 485 373 57 54 46 54 83 41 83 50 43 112 1962 55 319 63 1936 48 65 47 1920 57 1901
is_linear=0
shrinkage=0.05


Tree=8
num_leaves=35
num_cat=0
split_feature=1 1 1 5 1 12 2 2 10 0 5 3 3 10 13 1 14 14 12 1 5 1 1 9 0 2 12 1 11 1 11 11 13 14
split_gain=48762.1 7144.28 3482.75 730.796 679 617.351 399.368 385.624 297.763 227.328 212.359 206.34 155.623 149.706 119.593 111.966 105.478 92.3238 84.6015 77.433 69.1278 66.2631 62.8215 49.5228 36.1272 32.7215 29.2043 25.1107 25.0749 15.9126 14.7954 3.12034 2.07378 0.32493
threshold=61.564613526758336 11.562810686844115 235.75034696549127 955.50000000000011 539.80889766905284 1.4456521739130437 1.0000000180025095e-35 4.2113939797806941 5.8693181818181825 16.300876842483731 941.00000000000011 3.3288288288288292 6.088461538461539 9.3392857142857171 0.22720057720057721 49.350999194894527 38.500000000000007 11.500000000000002 5.9440886951190448 151.78990756621465 477.50000000000006 1346.5974611859924 39.709043725042449 29.819532298182065 1.0000000180025095e-35 0.3323630325290316 1.0639287612971826 34.287293918672908 1415.0000000000002 83.082084347692359 395.00000000000006 765.00000000000011 4.1125000000000007 82.500000000000014
decision_type=10 10 10 10 10 10 8 8 10 10 10 10 8 10 10 10 10 8 8 10 10 10 10 10 10 10 10 10 10 10 10 10 10 10
left_child=1 6 5 8 10 19 -1 9 14 16 -4 -9 22 -10 15 27 31 26 -14 25 -19 -6 -5 -13 30 29 -16 -3 -12 -2 32 -7 33 -8
right_child=2 3 4 12 21 7 24 11 13 -11 28 23 18 -15 17 -17 -18 20 -20 -21 -22 -23 -24 -25 -26 -27 -28 -29 -30 -31 -32 -33 -34 -35
leaf_value=-0.027823515605744389 -0.026645806389504159 -0.054032929415207723 0.039725554045699482 -0.031696084688943603 0.08247835847734003 -0.01569057782263869 -0.099918167012871137 0.063971083517863403 0.020376622372227208 0.035671262962240755 0.073395566947144705 0.020398267849098276 0.040219609544311079 -0.030549701425742676 -0.027999306865512642 -0.014761276181028208 0.021835018442406626 -0.033304017215586061 0.0062481686457613273 0.018853860962259439 -0.0085362384198799206 0.092521940025783303 0.0062249223782906704 0.044674486690784526 -0.072108583817339963 0.0040759126665483097 -0.049912873361408337 -0.038920647676037826 0.062438996560986997 -0.011199708515495531 -0.082627675854130611 -0.024289344124147346 -0.092158502482479643 -0.097289770452252719
leaf_weight=201.06449508666992 303.14557647705078 1586.9798903465271 939.80359935760498 232.75173711776733 2979.9846572875977 210.97377300262451 7920.8457593917847 1185.0939750671387 338.12070369720459 716.97560882568359 1127.4360065460205 453.94589424133301 377.94899749755859 251.76074409484863 211.59103441238403 233.71135663986206 234.49078845977783 572.83745384216309 355.79791307449341 248.78844928741455 554.34791946411133 3658.2412605285645 205.77395820617676 391.05198192596436 121.88252115249634 219.56956386566162 540.22773170471191 332.46260690689087 972.72887229919434 370.56522274017334 127.46361827850342 211.04272270202637 87.926227569580078 119.35591125488281
leaf_count=24 34 247 36 26 30 20 1891 28 23 31 18 25 17 29 26 24 13 72 26 15 54 15 15 15 23 17 76 44 22 34 26 21 20 28
internal_value=-0.00353706 -0.0684887 0.062095 -0.025596 0.079051 0.0259938 -0.0974603 0.0366675 -0.0345386 0.0162064 0.0594806 0.0505108 0.00966299 -0.00135868 -0.0393926 -0.0474368 -0.0050514 -0.0301748 0.0237467 -0.00581595 -0.0211233 0.0880132 -0.013902 0.0316329 -0.0991316 -0.0126868 -0.0437455 -0.0514154 0.0683208 -0.0181499 -0.0995306 -0.0199907 -0.0997956 -0.0998791
internal_weight=28596.7 14372.9 14223.8 5794.31 9678.19 4545.64 8578.54 3403.57 4622.04 1373.48 3039.97 2030.09 1172.27 589.881 4032.16 2153.15 656.507 1879 733.747 1142.07 1127.19 6638.23 438.526 844.998 8377.47 893.28 751.819 1919.44 2100.16 673.711 8255.59 422.016 8128.13 8040.2
internal_count=3065 2691 374 679 121 253 2012 153 595 85 76 68 84 52 543 315 54 228 43 100 126 45 41 40 1988 85 102 291 40 68 1965 41 1939 1919
is_linear=0
shrinkage=0.05


Tree=9
num_leaves=40
num_cat=0
split_feature=1 1 1 12 1 12 2 2 4 7 1 5 12 1 5 10 11 1 3 4 5 4 0 0 5 7 3 12 5 1 5 11 1 11 1 12 0 1 5
split_gain=45396.5 5632.69 4659.01 865.368 703.711 515.783 410.995 401.743 396.183 266.595 249.02 207.262 176.352 118.971 111.832 115.105 87.087 72.5909 66.8906 44.1463 39.9394 47.1293 39.7802 38.4954 33.8452 30.614 25.8352 23.9982 41.6731 19.2496 18.0845 16.61 11.334 10.5442 5.5566 2.2729 0.945567 0.302375 0.0486325
threshold=39.709043725042449 235.75034696549127 11.562810686844115 1.4456521739130437 539.80889766905284 3.6003757206711153 1.0000000180025095e-35 4.2113939797806941 2.6381818181818186 22.500000000000004 122.05899792134764 941.00000000000011 1.7194616977225674 108.22914082898714 1392.5000000000002 5.1785714285714297 1065.0000000000002 1346.5974611859924 2.5392307692307696 10.42481203007519 542.00000000000011 2.4058823529411768 1.0000000180025095e-35 11.945530465995216 432.50000000000006 60.500000000000007 3.7860411899313502 1.0187362878455464 443.50000000000006 67.81752417261697 386.00000000000006 395.00000000000006 26.892792739600683 85.000000000000014 23.652087266112037 7.3380952380952387 4.3897532203261527 53.863415504128277 19.500000000000004
decision_type=10 10 10 10 10 10 8 8 10 10 10 10 8 10 10 10 10 10 10 8 10 10 10 10 10 10 10 8 10 10 10 10 10 8 10 10 10 10 10
left_child=2 3 6 13 11 12 -1 10 -9 24 16 -3 18 23 15 -10 26 -6 27 -11 32 36 31 30 -7 -13 -5 -4 -29 37 -2 35 34 -34 -14 38 -22 -25 -8
right_child=1 4 5 7 17 9 22 8 14 19 -12 25 20 -15 -16 -17 -18 -19 -20 -21 21 -23 -24 29 -26 -27 -28 28 -30 -31 -32 -33 33 -35 -36 -37 -38 -39 -40
leaf_value=-0.026535133644552008 -0.020216930028056718 0.038039653968134621 -0.013931172170759619 -0.0070924929166236474 0.081114184908901266 -0.05167153329119592 -0.10000000000000001 0.063223298319696308 -0.010198986260532674 0.030689877661638328 0.035982899105902959 0.072357766168455226 -0.063013068370537842 0.0070688623705695538 0.041220013798982921 0.02764842615459074 0.012863986592994273 0.091826663412291454 0.0053018517347987147 0.0048971645019455215 -0.048598382539256024 -0.022298864989849506 -0.070332444152572005 -0.036615500662333454 -0.020455204022874963 0.060135605907133939 -0.027421455700273392 -0.052811793981482814 -0.017175254283874761 -0.019572415103479363 -0.0017763997221694949 -0.081271398175503717 -0.037268637984977836 -0.050859859061728775 -0.053806717191365185 -0.091774436076419455 -0.054419216244198612 -0.033829595017216524 -0.099747377338669563
leaf_weight=200.30565595626831 252.01955270767212 932.5728931427002 166.34621715545654 459.11212778091431 2881.1308422088623 176.29195928573608 3603.9358427524567 1138.4763374328613 347.65480089187622 331.11986064910889 645.66503047943115 1063.0537910461426 207.26514291763306 543.92278861999512 523.90182685852051 475.87955665588379 531.57799339294434 3505.5221862792969 191.70441579818726 332.4731330871582 148.41504764556885 278.9375171661377 118.79233026504517 239.99543476104736 171.10809755325317 989.00598907470703 236.94487619400024 187.07959413528442 146.1038818359375 358.96202564239502 281.41562175750732 123.21999073028564 184.85399293899536 625.84876680374146 783.3254828453064 87.773560523986816 131.6626992225647 163.92580509185791 4041.5949251651764
leaf_count=24 27 36 18 41 30 26 905 28 29 18 27 17 35 39 21 25 35 15 17 26 20 30 23 32 19 23 25 28 16 38 25 26 26 96 125 21 20 20 1013
internal_value=-0.00346808 0.0531679 -0.0755267 0.016194 0.0776276 -0.0317623 -0.0972735 0.0283314 0.0415079 -0.000810216 0.0108458 0.0575848 -0.0420169 -0.0125575 0.0231602 0.0116712 -0.00237482 0.0869941 -0.0198057 0.0177672 -0.0485217 -0.0368464 -0.0990502 -0.0207926 -0.0362963 0.0664672 -0.0140127 -0.0294412 -0.0371849 -0.0279975 -0.0104886 -0.0994844 -0.052145 -0.0477608 -0.055733 -0.0997746 -0.0513347 -0.0354849 -0.0998665
internal_weight=27808.9 15570.7 12238.2 6199.45 9371.29 4062.54 8175.62 4359.21 2485.91 1010.99 1873.3 2984.63 3051.54 1840.24 1347.44 823.534 1227.63 6386.65 691.234 663.593 2360.31 559.015 7975.32 1296.32 347.4 2052.06 696.057 499.53 333.183 762.883 533.435 7856.52 1801.29 810.703 990.591 7733.3 280.078 403.921 7645.53
internal_count=3065 533 2532 412 121 520 2012 231 103 89 128 76 431 181 75 54 101 45 79 44 352 70 1988 142 45 40 66 62 44 90 52 1965 282 122 160 1939 40 52 1918
is_linear=0
shrinkage=0.05


Tree=10
num_leaves=35
num_cat=0
split_feature=1 1 1 1 4 8 2 8 8 14 4 3 11 11 14 1 14 1 11 14 8 1 1 12 12 4 1 1 13 1 1 3 9 14
split_gain=44590.5 7652.95 2797.51 1090.38 755.644 702.15 643.662 637.171 474.505 369.938 243.822 159.698 149.61 143.918 131.739 130.19 110.617 103.219 96.0232 88.5374 83.4533 74.8368 44.7194 28.7143 26.5182 19.666 19.6345 19.3188 16.2953 14.969 8.60213 3.53935 1.57013 0.418271
threshold=59.646030407980994 11.562810686844115 120.04308645058474 539.80889766905284 32.250000000000007 3.4606060606060614 0.99899213555185196 2.1791257522964842 1.7983050847457631 55.500000000000007 12.750000000000002 3.4031250000000006 1215.0000000000002 455.00000000000006 37.500000000000007 1346.5974611859924 59.500000000000007 47.701191726037592 1415.0000000000002 20.500000000000004 2.0967289719626172 24.418788088397786 1.0000000180025095e-35 2.7960675188061894 14.388194444444446 3.1801948051948057 49.350999194894527 208.98084986905226 7.1000000000000005 87.4516183057343 26.970313752133205 1.9791666666666667 27.124029214899902 82.500000000000014
decision_type=10 10 10 10 10 8 8 10 8 10 8 10 10 8 10 10 8 10 10 8 10 10 10 8 10 10 10 10 8 10 10 10 10 10
left_child=1 6 7 4 8 9 -1 11 16 10 12 23 21 19 -13 -5 18 24 -4 -12 27 -3 25 -2 28 31 -19 -10 -7 32 -30 33 -25 -8
right_child=2 5 3 15 -6 17 22 -9 20 -11 13 14 -14 -15 -16 -17 -18 26 -20 -21 -22 -23 -24 29 -26 -27 -28 -29 30 -31 -32 -33 -34 -35
leaf_value=-0.013400765412108369 -0.0034127424471989652 -0.048613530066855176 0.041567006573657396 0.077429967484874559 0.087865736962092822 -0.035960417879100835 -0.099900162547484059 0.053791699884252191 -0.0021881387408468895 0.027104862411802856 -0.040700334334748546 -0.0048360952332598276 0.011059679751343096 0.023439396600840823 0.037537085596272918 0.091798747796368943 0.069156142244450797 -0.031796034017932059 0.063154757545071785 0.0088436455455003903 0.033196404250916328 -0.023979690352224133 -0.068727962651694577 -0.023299055909835747 -0.027278315379263458 -0.079107837497388853 -0.013194519771832501 0.014942153143261291 -0.054366009518994451 -0.01161550492856364 -0.046627166774948048 -0.091048263948354566 -0.029767438611512889 -0.096828225158114262
leaf_weight=226.61497211456299 454.9455680847168 413.19223546981812 1419.5647439956665 2933.7929801940918 1371.5936679840088 201.84580421447754 7174.0319199562073 717.14037704467773 283.44677639007568 663.96491718292236 191.46081352233887 361.67000865936279 253.52895545959473 536.24789571762085 372.2066593170166 3407.3598480224609 1038.9810209274292 303.73267221450806 808.48288726806641 170.45709037780762 616.49770069122314 1214.6514363288879 120.80494260787964 201.3858699798584 149.09376239776611 117.61814975738525 266.18475723266602 392.48084831237793 853.20869636535645 320.55669116973877 620.02792596817017 115.96204233169556 175.64188575744629 112.54694747924805
leaf_count=25 37 60 53 35 10 28 1892 22 22 38 26 30 20 34 16 14 19 39 18 14 25 140 24 22 18 27 27 21 142 30 95 28 20 29
internal_value=0.000804554 -0.0642609 0.06075 0.0707371 0.0553265 -0.0208852 -0.0964448 0.0136745 0.045538 -0.00642625 -0.014436 -0.00157658 -0.024668 0.00699678 0.0166547 0.0851509 0.0556832 -0.0416821 0.0494005 -0.017366 0.0198927 -0.0302324 -0.0989077 -0.0131854 -0.0474851 -0.0993925 -0.023108 0.00775865 -0.0492836 -0.0195588 -0.051109 -0.0997148 -0.0263124 -0.0998527
internal_weight=28580.9 13705.2 14875.7 12272.2 5931.05 5837.6 7867.58 2603.55 4559.45 3443.5 2779.54 1886.41 1881.37 898.166 733.877 6341.15 3267.03 2394.09 2228.05 361.918 1292.43 1627.84 7640.96 1152.53 1824.18 7520.16 569.917 675.928 1675.08 697.584 1473.24 7402.54 377.028 7286.58
internal_count=3100 2706 394 217 168 681 2025 177 158 332 294 155 220 74 46 49 90 349 71 40 68 200 2000 109 283 1976 66 43 265 72 237 1949 42 1921
is_linear=0
shrinkage=0.05


Tree=11
num_leaves=42
num_cat=0
split_feature=1 1 1 6 8 2 8 8 7 1 4 2 1 14 14 6 0 4 13 8 14 6 13 1 6 0 13 13 0 4 0 7 3 1 1 3 6 8 14 14 1
split_gain=41480.4 6237.53 4053.62 1124.19 682.809 650.593 495.7 371.816 343.258 319.48 327.883 287.888 252.57 167.441 149.23 140.943 255.89 127.234 107.982 144.505 106.587 73.153 71.7376 70.2983 53.4168 48.9406 36.1156 31.4842 28.6932 21.932 21.0569 17.1717 28.275 10.6592 10.4874 4.03781 2.76443 2.02229 1.34465 0.482708 0.417613
threshold=30.294058281425652 120.04308645058474 11.562810686844115 97.947654108036943 14.250000000000002 0.99899213555185196 7.026315789473685 2.8090909090909095 13.500000000000002 1223.7994791588192 32.250000000000007 3.9644914676408023 539.80889766905284 56.500000000000007 91.500000000000014 26.985410267955732 30.906475342612026 2.6381818181818186 8.4166666666666696 0.65465838509316787 42.500000000000007 54.222147238063577 1.1165717710518432 49.350999194894527 26.01258092352662 1.0000000180025095e-35 3.4666666666666672 0.26639784946236561 3.8149805452721011 3.1801948051948057 12.213249792009593 3.5000000000000004 0.81688963210702348 41.58384813889699 70.729175265187294 1.9791666666666667 23.710947823119252 1.4723748473748477 20.500000000000004 82.500000000000014 32.298610118386406
decision_type=10 10 10 10 10 8 8 8 10 10 10 8 10 10 10 10 10 10 10 8 8 10 8 10 10 10 10 8 10 10 10 10 10 10 10 10 10 8 8 10 10
left_child=2 4 5 7 6 -1 11 15 26 10 12 20 22 18 17 -3 -17 -13 19 -10 27 -9 -5 33 -21 29 28 -2 31 35 -25 -4 -33 40 -32 39 -30 -38 -35 -7 -8
right_child=1 3 8 9 -6 25 23 21 13 -11 -12 14 -14 -15 -16 16 -18 -19 -20 24 -22 -23 -24 30 -26 -27 -28 -29 36 -31 34 32 -34 38 -36 -37 37 -39 -40 -41 -42
leaf_value=-0.012742178422672019 0.0059943055743965903 0.075595437729327836 -0.04934648197979797 0.058415282488915948 0.081545963772773344 -0.099889679352753738 -0.046901933321571818 0.0016014297635832458 0.0066179608290485685 0.090198247696914785 0.092899752403736893 0.035981236654867882 0.074545453839829579 0.017145277186948773 0.053024516859786597 0.025709791200906964 0.06195195186631372 0.0045396919471344293 0.015685423881885475 -0.051826665257764373 0.017743662746422677 0.032014439975092172 0.037141732195912124 -0.0025718231937738169 -0.025232835829010293 -0.066871646766774123 -0.019555649173290199 -0.015753112200324871 -0.057050789810405469 -0.07758076314384707 -0.031280502520424934 -0.016492500712697308 -0.046731894173646087 -0.028671057142649354 -0.016638584616651797 -0.090236622991021573 -0.055711563369022582 -0.049073961928056992 -0.03502879571630866 -0.096511372329805292 -0.043154780823521338
leaf_weight=226.41658020019531 196.46027135848999 590.33458137512207 167.67244911193848 813.63302898406982 262.86745166778564 6824.8488068580627 152.57360935211182 443.41118144989014 232.18807792663574 3601.8424415588379 1231.6269559860229 512.52005815505981 2078.9010581970215 367.62256574630737 344.79711151123047 796.57617568969727 1253.3733215332031 864.49400329589844 166.17626237869263 376.35631465911865 379.05213499069214 356.83933353424072 772.56831836700439 215.41247892379761 378.94685649871826 118.02258634567261 132.91128826141357 1088.5618772506714 159.22685813903809 114.02890753746033 170.63673305511475 179.1474666595459 135.97869110107422 155.78510665893555 431.68809604644775 111.27406191825867 132.32967615127563 863.89991760253906 178.41032409667969 107.40077567100525 145.03817796707153
leaf_count=25 16 9 25 20 3 1892 24 30 21 17 5 25 27 25 11 38 27 64 12 57 23 15 29 19 45 24 16 108 28 27 21 21 20 20 45 28 21 142 24 29 22
internal_value=0.000776086 0.049363 -0.075911 0.0691327 0.0030665 -0.0962094 -0.00119987 0.045019 -0.0296601 0.0788948 0.0705805 0.00927483 0.0630803 -0.0122403 0.0236079 0.0540682 0.0478689 0.0162421 -0.0216042 -0.0278793 -0.00555553 0.0151629 0.0480539 -0.025667 -0.0384841 -0.0988069 -0.0446224 -0.0124283 -0.046656 -0.0993335 -0.0159884 -0.0364193 -0.029541 -0.0381938 -0.0207866 -0.0996857 -0.0509334 -0.0499556 -0.0320651 -0.0998373 -0.0450758
internal_weight=27831.9 17037.4 10794.4 11939.1 5098.3 7501.99 4835.43 3440.53 3292.46 8498.57 4896.73 3385.89 3665.1 1521.29 1721.81 2640.28 2049.95 1377.01 1153.67 987.491 1664.07 800.251 1586.2 1449.54 755.303 7275.58 1771.17 1285.02 1638.26 7157.55 817.737 482.799 315.126 631.807 602.325 7043.52 1155.46 996.23 334.195 6932.25 297.612
internal_count=3100 642 2458 217 425 2025 422 119 433 98 81 247 76 160 100 74 65 89 135 123 147 45 49 175 102 2000 273 124 257 1976 85 66 41 90 66 1949 191 163 44 1921 46
is_linear=0
shrinkage=0.05


Tree=12
num_leaves=39
num_cat=0
split_feature=1 1 1 6 2 8 5 8 5 0 4 1 2 10 8 2 3 4 0 7 13 8 1 6 13 0 6 10 4 13 8 0 1 1 3 11 1 5
split_gain=38623 5891.47 4094.07 1120.24 656.952 638.378 488.2 449.294 373.377 335.26 308.319 274.091 261.261 135.188 130.388 103.58 95.6816 106.43 102.154 75.475 68.6252 66.2249 64.633 62.4713 54.8934 53.3857 40.9424 34.1009 24.39 24.3722 20.3601 19.0958 9.98616 9.59813 4.59903 1.23775 0.398512 0.0784969
threshold=30.294058281425652 120.04308645058474 11.562810686844115 97.947654108036943 0.99899213555185196 14.250000000000002 1327.5000000000002 7.026315789473685 775.50000000000011 188.55493235547749 29.272727272727277 539.80889766905284 3.9644914676408023 6.6181818181818191 1.8538899430740041 2.3053460355707185 27.666666666666668 12.750000000000002 11.202324082190016 43.500000000000007 1.1165717710518432 0.75176056338028185 49.350999194894527 53.993263680369573 1.2409428197293761 1.0000000180025095e-35 27.310327615162073 4.0294117647058831 3.1801948051948057 6.8819444444444455 0.99418604651162801 12.213249792009593 41.58384813889699 70.729175265187294 1.9791666666666667 145.00000000000003 32.354472019831555 19.500000000000004
decision_type=10 10 10 10 8 10 10 8 10 10 10 10 8 10 10 8 8 8 10 10 8 8 10 10 10 10 10 8 10 10 10 10 10 10 10 10 10 10
left_child=2 5 4 6 -1 7 15 12 13 10 11 20 19 21 24 -3 17 -14 -18 27 -5 -4 32 -17 -10 28 -21 -2 34 30 -23 -24 36 -33 37 -34 -9 -6
right_child=1 3 8 9 25 -7 -8 22 14 -11 -12 -13 16 -15 -16 23 18 -19 -20 26 -22 29 31 -25 -26 -27 -28 -29 -30 -31 -32 33 35 -35 -36 -37 -38 -39
leaf_value=-0.012114913558804164 -0.025125964268879187 0.041650521559384951 -0.015952804476385193 0.056458351724371317 -0.10000000000000001 0.080133795967024912 0.066201893664660061 -0.044908967087105629 -0.028541981053786931 0.089948119923995332 0.090925046920016406 0.073662981096539945 0.018133818155593739 -0.00035846278613774684 0.028964408679907475 0.006930247731613496 -0.01296446576412342 0.04937278121409356 0.028739628208854975 0.020551582891993367 0.035529899528007149 -0.049282171342703837 -0.0024433131728119196 0.029594996441573859 0.0071627409106026739 -0.06498169948614356 -0.0056838057149622137 -0.0065057054695681557 -0.075989336820086711 -0.022794921144327546 -0.038682755308801532 -0.029862692009761937 -0.027497039531050177 -0.015828584357525096 -0.089363668688809308 -0.033600014177129503 -0.041208903047557005 -0.099654723842618184
leaf_weight=226.23736667633057 387.54808664321899 795.62713241577148 234.69703435897827 800.09614849090576 3164.1262314319611 254.34355449676514 1384.1935539245605 163.55012130737305 265.43456888198853 3256.6275787353516 1238.7492303848267 2165.9207096099854 656.41356611251831 223.02096891403198 290.72555065155029 598.25935173034668 318.64051818847656 466.37042284011841 272.33837032318115 333.59875869750977 767.37242221832275 1225.9036965370178 215.40553617477417 618.19398307800293 181.09140253067017 115.44919633865356 268.3180513381958 672.67625427246094 110.68227529525757 127.45082473754883 718.65517711639404 169.82275581359863 162.30109310150146 431.10547637939453 106.85547399520874 170.20277309417725 131.10842657089233 3431.1270310878754
leaf_count=25 43 29 27 20 923 3 27 26 32 15 6 28 40 21 16 37 30 18 12 20 29 206 19 26 14 24 23 61 27 15 102 21 21 45 28 23 20 998
internal_value=0.000748131 0.0478858 -0.0747828 0.0675062 -0.0959599 0.00293138 0.0433463 -0.00114297 -0.0284061 0.0774777 0.0693099 0.0621379 0.00883981 -0.0375313 0.00290508 0.0276231 0.0225382 0.0311095 0.00625386 -0.00528405 0.0462126 -0.0411253 -0.0244897 0.0184483 -0.0140617 -0.0986978 0.00885656 -0.013312 -0.0992692 -0.0439766 -0.0453649 -0.0152162 -0.0365604 -0.0197946 -0.0996537 -0.030621 -0.0432626 -0.0998204
internal_weight=27120.2 16698.8 10421.5 11625 7154.48 5073.74 3396.27 4819.4 3266.98 8228.77 4972.14 3733.39 3375.9 2529.73 737.252 2012.08 1713.76 1122.78 590.979 1662.14 1567.47 2306.71 1443.5 1216.45 446.526 6928.24 601.917 1060.22 6812.79 2072.01 1944.56 816.334 627.162 600.928 6702.11 332.504 294.659 6595.25
internal_count=3100 642 2458 217 2025 425 119 422 433 98 83 77 247 371 62 92 100 58 42 147 49 350 175 63 46 2000 43 104 1976 323 308 85 90 66 1949 44 46 1921
is_linear=0
shrinkage=0.05


Tree=13
num_leaves=31
num_cat=0
split_feature=6 6 8 0 2 0 13 5 5 0 6 14 0 14 13 6 13 0 2 0 5 13 4 0 13 14 3 6 14 14
split_gain=34266 9655.49 1264.7 926.876 776.751 626.575 416.199 487.776 373.546 363.129 335.41 260.614 233.156 213.343 197.523 132.085 125.691 95.1668 85.7278 32.2951 40.0384 31.9626 27.0443 17.9589 17.713 12.1438 5.22912 4.3129 0.645056 0.0906622
threshold=19.452079108246128 54.222147238063577 38.250000000000007 10.464999821782113 2.0047709162224945 161.76402531624896 10.200000000000001 795.50000000000011 2002.0000000000002 1.0000000180025095e-35 26.799005657545973 86.500000000000014 73.544559136644196 91.500000000000014 0.14550264550264552 33.096796541860819 1.4215418261345001 22.166467752764621 1.7286263275198028 8.1011377329213357 381.50000000000006 1.024404761904762 3.1801948051948057 32.609499444663534 7.1000000000000005 36.500000000000007 1.9791666666666667 26.970313752133205 82.500000000000014 4.5000000000000009
decision_type=10 10 8 10 8 10 10 10 10 10 10 8 10 10 8 10 8 10 8 10 10 10 10 10 8 10 10 10 10 8
left_child=4 2 3 8 -1 6 7 18 13 22 -5 17 16 14 -2 19 -9 -12 -3 24 23 -11 26 -21 -4 -22 28 -26 29 -6
right_child=1 5 15 10 9 -7 -8 12 -10 21 11 -13 -14 -15 -16 -17 -18 -19 -20 20 25 -23 -24 -25 27 -27 -28 -29 -30 -31
leaf_value=-0.017490097567586637 0.032535669796577189 0.037364752975211683 -0.027406157672815318 0.053105513763789615 -0.099592871028853044 0.087407432159031836 0.085345131243134656 0.059615214056081216 0.043510391131192205 -0.058227875946709279 -0.0027663831219471367 0.055037434918888961 0.073825814522252939 0.031334336699006392 -0.016177735209975425 0.003577827710900372 0.032727203167381091 0.024801949433424796 0.0078357388107767115 -0.035866708111565143 -0.023275787875803648 -0.025888062932980738 -0.074336913031182519 -0.01822419440105677 -0.04926371035109868 -0.0076427509811311288 -0.088426936662280339 -0.040063487802636931 -0.095771272004139874 -0.10000000000000001
leaf_weight=324.47545480728149 223.15494680404663 492.3488597869873 173.34284543991089 1199.2004194259644 2043.3762574195862 3500.6005554199219 1362.3176727294922 1118.6346750259399 370.03094387054443 170.11705493927002 800.73111820220947 379.70917510986328 2014.2068748474121 297.21902084350586 3083.3696446418762 285.33253812789917 710.81899356842041 513.98402309417725 490.81229972839355 1093.0614023208618 310.35196590423584 138.69062232971191 107.56579875946045 166.17293643951416 335.68017196655273 207.13448333740234 102.69407224655151 205.28411197662354 97.734797477722168 4133.6420357227325
leaf_count=38 15 18 24 38 625 20 11 25 14 32 59 10 25 16 332 22 27 23 29 161 37 19 27 18 58 21 28 32 29 1267
internal_value=0.000719699 0.0352505 -0.000168371 0.0113445 -0.093067 0.0705013 0.0609391 0.0540508 -0.00433041 -0.0966765 0.0328706 0.0185496 0.0620896 -0.00924269 -0.0128901 -0.0286457 0.0491681 0.00801138 0.0226233 -0.0323367 -0.0287269 -0.0437035 -0.0991991 -0.0335385 -0.0413154 -0.0170183 -0.0996184 -0.0457724 -0.0998016 -0.0998653
internal_weight=26451.8 19333.5 9643.76 6867.4 7118.3 9689.74 6189.14 4826.82 3973.77 6793.82 2893.62 1694.42 3843.66 3603.74 3306.52 2776.36 1829.45 1314.72 983.161 2491.03 1776.72 308.808 6485.01 1259.23 714.307 517.486 6377.45 540.964 6274.75 6177.02
internal_count=3100 1035 880 507 2065 155 135 124 377 2027 130 92 77 363 347 373 52 82 47 351 237 51 1976 179 114 58 1949 90 1921 1892
is_linear=0
shrinkage=0.05


Tree=14
num_leaves=40
num_cat=0
split_feature=1 1 1 1 4 2 8 8 12 13 2 11 1 14 2 14 4 11 8 13 1 7 11 7 1 13 14 6 0 4 0 1 1 14 1 14 4 13 11
split_gain=33521 5259.4 4079.27 1107.62 757.861 682.561 572.068 416.76 408.054 291.199 287.785 233.929 171.982 112.887 93.6726 92.5704 89.3638 146.949 88.3837 69.085 53.6636 49.1747 67.7874 40.6451 32.9095 29.2569 24.1197 18.1775 17.4492 16.2623 14.0264 10.1238 6.82711 3.65874 2.3749 2.09363 0.952884 0.868756 0.336843
threshold=30.092842042833656 120.04308645058474 11.113647550441627 539.80889766905284 32.250000000000007 0.99899213555185196 14.250000000000002 1.7983050847457631 15.423913043478263 18.500000000000004 4.0751400363744308 975.00000000000011 1346.5974611859924 59.500000000000007 1.7286263275198028 42.500000000000007 12.750000000000002 945.00000000000011 1.8651515151515154 6.8819444444444455 49.350999194894527 13.500000000000002 485.00000000000006 16.500000000000004 220.20599624991419 0.26639784946236561 18.500000000000004 23.559157286075862 11.945530465995216 2.2725464190981435 5.3988841720070413 41.58384813889699 71.822859776335392 82.500000000000014 20.743416863670735 17.500000000000004 1.1180555555555558 2.1339285714285716 195.00000000000003
decision_type=10 10 10 10 10 8 10 8 8 10 8 10 10 8 10 8 8 10 8 10 10 10 10 10 10 8 10 10 10 10 10 10 10 10 10 8 8 10 10
left_child=2 6 5 4 7 -1 8 13 10 11 15 18 -5 14 -3 25 17 -12 21 24 31 26 -23 33 -9 -2 -4 34 -22 -25 -29 38 -30 36 -20 -33 -7 -38 -10
right_child=1 3 9 12 -6 23 -8 19 20 -11 16 -13 -14 -15 -16 -17 -18 -19 27 -21 28 22 -24 29 -26 -27 -28 30 32 -31 -32 35 -34 -35 -36 -37 37 -39 -40
leaf_value=-0.0091787238469453348 0.0060041207024510608 0.033510838799149761 -0.030918152303493231 0.070785556548115303 0.083968552693871351 -0.093477942912273584 0.077841127637516883 -0.0035850664650264592 -0.040940549832079287 0.030873006401769845 -0.013497957322966412 0.003009330247921241 0.088457181977173838 0.062953626133604917 0.05484182037190264 0.015057569292288171 0.03609470394593374 0.031487551104960286 -0.061897244590465264 0.034200333576318111 -0.0036249860037625239 -0.0020086359625330679 -0.035613729501499006 -0.090532321296956222 0.015491859206818979 -0.01497225553099508 -0.055427670708868143 -0.035560776553304613 -0.026861840396913941 -0.058763010869402436 -0.046419559599483885 -0.022901630426698169 -0.015456736629465315 -0.090009650454886792 -0.052385049537148926 -0.030765371820204803 -0.099798844341191295 -0.09465017136500814 -0.03758683968813889
leaf_weight=219.73866271972656 195.93549680709839 1249.4530220031738 376.63424348831177 2623.3352565765381 1179.561484336853 61.6535325050354 241.11240863800049 379.74264144897461 186.9838604927063 202.62173891067505 319.757493019104 433.52939605712891 2897.4681205749512 960.42310810089111 875.17185306549072 427.12267208099365 807.89685487747192 419.95537424087524 111.28619813919067 335.74924182891846 270.01348781585693 348.75637865066528 263.40314340591431 77.758508205413818 558.64989566802979 1096.4175209999084 136.85197067260742 502.3774209022522 185.83621978759766 83.577215671539307 728.81996917724609 157.4885687828064 446.41059398651123 99.825600624084473 159.90120077133179 182.98452997207642 5817.4741628170013 83.1011803150177 124.87272834777832
leaf_count=24 16 49 52 35 10 19 3 27 30 12 30 37 14 19 22 26 38 20 22 14 23 35 35 22 27 110 22 74 23 19 126 20 46 30 28 25 1872 25 19
internal_value=0.000690969 0.0448892 -0.0727155 0.0642111 0.0484135 -0.0957856 0.00268087 0.0387926 -0.00107759 -0.0271776 0.00895602 -0.0310195 0.0800601 0.048728 0.0422975 -0.00512249 0.024598 0.0120416 -0.036633 0.0147361 -0.022164 -0.0260397 -0.0164684 -0.0988436 0.00777193 -0.011792 -0.0374503 -0.0445699 -0.014265 -0.0740748 -0.0419887 -0.0330893 -0.018809 -0.0995028 -0.0562885 -0.0271279 -0.0996617 -0.0997263 -0.0395977
internal_weight=25829.7 16122.3 9707.31 11059.6 5538.75 6443.13 5062.79 4359.19 4821.68 3264.18 3267.09 3061.56 5520.8 3085.05 2124.62 1719.48 1547.61 739.713 2628.03 1274.14 1554.59 1125.65 612.16 6223.39 938.393 1292.35 513.486 1502.38 902.26 161.336 1231.2 652.33 632.247 6062.05 271.187 340.473 5962.23 5900.58 311.857
internal_count=3100 646 2454 217 168 2011 429 158 426 443 240 431 49 90 71 152 88 50 394 68 186 144 70 1987 54 126 74 250 92 41 200 94 69 1946 50 45 1916 1897 49
is_linear=0
shrinkage=0.05


Tree=15
num_leaves=37
num_cat=0
split_feature=6 6 0 13 0 0 12 14 2 13 6 0 11 14 13 13 0 14 11 0 5 0 12 7 12 7 7 7 0 14 5 0 11 10 14 14
split_gain=32129.3 9035.08 1306.34 951.468 887.805 628.92 589.581 440.09 409.126 321.332 256.703 255.544 245.265 174.795 165.627 154.978 122.905 94.9988 85.0301 69.4716 55.9184 43.4445 38.7639 36.0133 29.8193 19.7108 28.8317 17.3202 17.0552 10.7814 8.40211 6.28404 3.90403 3.51468 1.03559 0.123501
threshold=23.926522562746033 54.37480424865425 1.0000000180025095e-35 0.12034482758620692 8.5208614868544288 216.95349484284279 2.2050909447147573 18.500000000000004 1.0000000180025095e-35 7.4031250000000011 26.799005657545973 69.758177508792343 1545.0000000000002 55.500000000000007 0.23833671399594322 1.1165717710518432 22.166467752764621 67.500000000000014 395.00000000000006 28.552302744286987 1102.0000000000002 2.9577729128783665 2.3060200668896322 8.5000000000000018 2.0466979717100866 14.500000000000002 21.500000000000004 30.500000000000004 13.911927174332648 52.500000000000007 114.50000000000001 4.7468359328345811 325.00000000000006 1.9375000000000002 82.500000000000014 4.5000000000000009
decision_type=10 10 10 10 10 10 10 10 8 10 10 10 10 10 8 8 10 10 10 10 10 10 8 10 8 10 10 10 10 10 10 10 10 10 10 8
left_child=2 3 8 19 13 6 15 16 -1 11 -9 12 -8 14 -5 -3 22 -12 33 25 -16 -4 -6 31 -25 28 -27 32 29 -2 -30 -23 -26 34 35 -10
right_child=1 5 21 4 7 -7 9 10 18 -11 17 -13 -14 -15 20 -17 -18 -19 -20 -21 -22 23 -24 24 27 26 -28 -29 30 -31 -32 -33 -34 -35 -36 -37
leaf_value=-0.019737675877597397 -0.040676077079681155 0.043019673440864964 -0.061167914792591704 0.031169409641903234 0.0035091525539785238 0.087588368426112076 0.030520911419941333 0.06214936447755065 -0.099500257619129229 0.085368068614688042 0.017076184351956139 0.07139018372591989 0.065293639756741836 0.014040426191040093 -0.023911996536245917 0.0024478328876843059 0.028772111680566738 0.045515682544944369 -0.058216109964079388 -0.0089341824972460262 -0.00011987955341351725 -0.055955957149076543 -0.019038217765416338 -0.007702729361059495 -0.034695627650797346 -0.0084029625543980673 -0.03695543023916719 -0.019860706799294817 -0.038290912941543298 -0.025569459775524675 -0.024154408319792962 -0.041710382588051376 -0.046270496044518078 -0.089644390821968192 -0.0938926367332856 -0.10000000000000001
leaf_weight=168.66538572311401 864.11568260192871 505.99810695648193 168.88399171829224 165.63568305969238 337.26581859588623 3223.1695671081543 1093.0473661422729 833.91063499450684 1839.2109289169312 1651.9423694610596 869.83580017089844 2139.5231628417969 945.97869396209717 565.21260738372803 1848.6865696907043 440.09531784057617 293.07790279388428 443.28284931182861 126.81448268890381 382.14396142959595 285.03864717483521 119.20654249191284 438.41747665405273 158.01685380935669 153.16012096405029 190.45039844512939 165.02589178085327 163.10002565383911 140.38430643081665 136.80714750289917 418.31681537628174 220.81045484542847 138.9278130531311 87.212767124176025 74.258645534515381 3771.2197098731995
leaf_count=20 140 15 33 11 25 16 42 19 621 12 49 27 17 38 227 28 13 14 30 37 24 20 42 17 22 21 21 17 23 20 53 37 20 27 24 1277
internal_value=0.0022591 0.0373173 -0.0873547 -0.000985353 0.00937193 0.0694066 0.0607587 0.0274042 -0.0965204 0.0666996 0.0404544 0.0593192 0.0466533 -0.0108712 -0.0169948 0.0241468 0.00118764 0.0266768 -0.0987159 -0.0283991 -0.0207337 -0.0377945 -0.00923466 -0.0336533 -0.0264164 -0.0322832 -0.0216581 -0.0329128 -0.0347049 -0.0386113 -0.0277065 -0.0467047 -0.0402011 -0.0996057 -0.0997585 -0.0998362
internal_weight=25566.9 18377.4 7189.49 8377.61 6080.36 9999.75 6776.59 3215.79 6067.38 5830.49 2147.03 4178.55 2039.03 2864.57 2299.36 946.093 1068.76 1313.12 5898.72 2297.24 2133.73 1122.11 775.683 953.222 613.205 1915.1 355.476 455.188 1559.62 1000.92 558.701 340.017 292.088 5771.9 5684.69 5610.43
internal_count=3099 934 2165 777 462 157 141 162 1999 98 82 86 59 300 262 43 80 63 1979 315 251 166 67 133 76 278 42 59 236 160 76 57 42 1949 1922 1898
is_linear=0
shrinkage=0.05


Tree=16
num_leaves=30
num_cat=0
split_feature=1 1 1 4 12 7 1 14 5 13 3 14 10 3 14 1 11 1 9 13 12 6 4 12 5 1 1 10 14
split_gain=32307.7 5998.3 2831.49 875.607 467.156 362.343 340.729 404.362 259.501 259.076 237.72 234.184 135.061 105.794 101.445 69.7613 64.1217 62.4054 54.304 50.4122 37.1112 35.2667 34.0478 23.909 22.6604 21.2263 3.39906 3.11119 1.16554
threshold=57.573944228609555 19.452079108246128 294.92371720061175 62.500000000000007 1.2349611851668576 12.500000000000002 1346.5974611859924 40.500000000000007 888.50000000000011 0.54348739495798326 0.91987179487179505 13.500000000000002 5.2788888888888899 8.7386363636363651 55.500000000000007 1.0000000180025095e-35 585.00000000000011 30.750516279384453 27.607258685943261 0.63373983739837414 2.7292499524081482 30.86280252776746 1.7403846153846156 0.98948440691528583 680.50000000000011 105.74416269351916 83.082084347692359 1.9375000000000002 82.500000000000014
decision_type=10 10 10 10 10 10 10 8 10 8 8 10 10 10 10 10 10 10 10 10 8 10 10 8 10 10 10 10 10
left_child=1 5 3 4 24 15 7 -4 10 -6 -3 18 -13 17 20 23 22 19 -11 -12 -10 -19 -7 -1 25 26 -2 28 -25
right_child=2 8 6 -5 9 16 -8 -9 14 11 13 12 -14 -15 -16 -17 -18 21 -20 -21 -22 -23 -24 27 -26 -27 -28 -29 -30
leaf_value=-0.070487583296348633 -0.017224697904618922 0.024797906830379052 0.039232950555711847 0.086398818389288243 0.059594147530063361 -0.087475674357097188 0.086228702185467923 0.073834231961553684 0.00021248018740326063 -0.013093209155896353 -0.042087968462821701 0.040925839647832675 0.019756857929801079 0.004034630261303393 0.016826591353248401 -0.058830449696780245 -0.028466440820774826 -0.017792188415826207 0.015681631339313353 -0.027255747347107218 -0.028306199002868151 -0.035288947401231785 -0.048978860528307029 -0.099757884423475496 0.0097513281657546289 0.00011853427137029493 -0.0091592013321603015 -0.088002390369773795 -0.093311523007530484
leaf_weight=71.723845958709717 360.42617559432983 210.51743745803833 1142.4349174499512 587.10438346862793 631.26156234741211 112.5372109413147 3221.9861526489258 3236.1527881622314 207.68909549713135 407.80810737609863 1509.7495718002319 1592.8597345352173 1429.8414306640625 219.57859802246094 516.03418827056885 109.34286212921143 188.17645645141602 949.92672300338745 274.2132453918457 923.1859827041626 253.07714700698853 413.30217552185059 117.30321455001831 5263.9265127182007 224.10263824462891 465.20996856689453 204.88329601287842 57.733354091644287 71.066030979156494
leaf_count=17 40 15 34 5 15 33 17 38 20 33 255 56 71 19 32 23 31 111 17 124 27 58 24 1871 16 35 20 18 24
internal_value=0.0021904 -0.0609016 0.0534527 0.0283113 0.0222112 -0.0950072 0.0738875 0.0648063 -0.0216259 0.0299859 -0.0269942 0.0249408 0.0309122 -0.0297093 0.00160071 -0.0983744 -0.0501089 -0.0316611 -0.00152401 -0.0364598 -0.0154515 -0.0230968 -0.0678281 -0.0991657 -0.00465826 -0.00779185 -0.0143015 -0.0995471 -0.099672
internal_weight=24973.2 11194.9 13778.3 6177.71 5590.61 5991.81 7600.57 4378.59 5203.06 4335.98 4226.26 3704.72 3022.7 4015.74 976.8 5573.79 418.017 3796.16 682.021 2432.94 460.766 1363.23 229.84 5464.45 1254.62 1030.52 565.309 5392.73 5334.99
internal_count=3099 2702 397 308 303 2041 89 72 661 192 582 177 127 567 79 1953 88 548 50 379 47 169 57 1930 111 95 60 1913 1895
is_linear=0
shrinkage=0.05


Tree=17
num_leaves=36
num_cat=0
split_feature=6 6 0 12 0 0 12 11 14 14 6 14 12 3 3 0 5 12 14 6 0 7 0 12 14 5 7 5 3 0 14 11 0 14 5
split_gain=28136 7956.14 1365.04 794.067 769.194 649.026 563.2 354.26 331.515 243.514 207.067 162.226 179.662 115.765 98.2606 88.9947 86.6982 83.5648 80.7128 79.4416 38.5337 30.9909 29.1379 27.3349 21.1316 19.444 14.5389 9.47192 7.4791 6.23666 4.7124 4.5169 4.23522 1.31694 0.604265
threshold=23.926522562746033 54.37480424865425 1.0000000180025095e-35 168.30000000000004 8.5208614868544288 216.95349484284279 2.3732142857142864 395.00000000000006 18.500000000000004 40.500000000000007 26.799005657545973 55.500000000000007 0.87519411710971051 7.5108695652173916 2.1045673076923079 11.833610431540246 477.50000000000006 0.98948440691528583 67.500000000000014 33.096796541860819 2.9577729128783665 8.5000000000000018 15.496542242506161 2.0466979717100866 42.500000000000007 347.50000000000006 30.500000000000004 114.50000000000001 1.9791666666666667 4.7468359328345811 72.500000000000014 65.000000000000014 6.8342794906189823 82.500000000000014 260.50000000000006
decision_type=10 10 10 8 10 10 10 10 10 8 10 10 8 8 10 10 10 8 10 10 10 10 10 8 10 10 10 10 10 10 8 8 10 10 10
left_child=2 3 7 4 11 6 14 17 15 -8 -10 12 -2 -11 -3 -6 -14 -1 -12 22 -4 29 24 -23 31 -26 32 -24 33 -22 -29 -5 -25 34 -19
right_child=1 5 20 19 8 -7 9 -9 10 13 18 -13 16 -15 -16 -17 -18 28 -20 -21 21 23 27 26 25 -27 -28 30 -30 -31 -32 -33 -34 -35 -36
leaf_value=-0.054297553221754835 0.033350651037554635 0.0096590422271745982 -0.057552024264579171 -0.028667130140866245 -0.017247133178925508 0.085404126696409954 0.046617957110044281 -0.030677366186638379 0.057391567400484379 0.063042003181147388 0.01573381943374854 0.014750163561819882 -0.030924247921204052 0.080420560707839941 0.038950779424852679 0.014156691755165525 -0.010557251719937891 -0.099791723065499521 0.04240439361905838 0.0027471343172332848 -0.052829137860916912 -0.0065911982347889187 -0.032337602515084295 -0.043122208092119294 -0.032896258152425063 -0.0069228416183749909 -0.018827979669247943 -0.016416082760611125 -0.084076508594977228 -0.03848652014389356 -0.025910084901267012 -0.037603501628930718 -0.030964308840890131 -0.092681303639838078 -0.096925748408169754
leaf_weight=104.9703643321991 174.25927019119263 526.83777046203613 163.33727502822876 169.91660261154175 362.41245460510254 2989.6873474121094 1452.8083190917969 199.97193145751953 819.10671710968018 2203.183931350708 812.91490936279297 551.12328147888184 928.31840419769287 1695.9052400588989 627.09312057495117 597.60888004302979 1195.2912926673889 4875.3398671150208 435.72084808349609 233.45132684707642 116.40877628326416 157.43350410461426 151.44962930679321 155.74917221069336 154.54330539703369 134.99853944778442 162.44545030593872 566.28162813186646 78.876204013824463 217.23910522460938 169.92178344726562 842.62875938415527 132.62738037109375 68.048397064208984 191.12751030921936
leaf_count=22 11 30 33 26 35 16 39 37 20 38 44 36 130 15 19 34 121 1823 14 19 20 17 24 24 25 15 17 63 25 37 23 137 18 24 68
internal_value=0.00212029 0.0348641 -0.0858519 -0.000895171 0.00903567 0.0661209 0.0572595 -0.0960102 0.0265827 0.0640905 0.037856 -0.00961242 -0.0154556 0.0706008 0.0255774 0.0023016 -0.0194605 -0.0984667 0.0250407 -0.0249796 -0.0351327 -0.0312449 -0.0279356 -0.0245278 -0.0326977 -0.0207862 -0.0307915 -0.02095 -0.0993561 -0.0434906 -0.0186074 -0.0361039 -0.0375307 -0.0995908 -0.0996836
internal_weight=24419 17795.5 6623.57 8299.95 5876.76 9495.52 6505.83 5518.33 3027.76 5351.9 2067.74 2848.99 2297.87 3899.09 1153.93 960.021 2123.61 5318.36 1248.64 2423.19 1105.24 941.903 2189.74 608.256 1302.09 289.542 450.822 887.653 5213.39 333.648 736.203 1012.55 288.377 5134.52 5066.47
internal_count=3099 934 2165 777 445 157 141 1999 147 92 78 298 262 53 49 69 251 1962 58 332 166 133 313 76 203 40 59 110 1940 57 86 163 42 1915 1891
is_linear=0
shrinkage=0.05


Tree=18
num_leaves=32
num_cat=0
split_feature=1 0 1 4 2 12 1 14 8 4 14 14 8 3 4 10 14 1 4 10 0 5 7 1 1 0 1 1 4 14 0
split_gain=27654.9 5918.43 2639.59 831.153 457.653 376.986 358.362 394.417 227.608 198.876 192.974 188.861 170.671 150.156 99.4236 64.282 66.1703 49.7929 38.9984 24.8271 23.8347 20.6693 20.0393 16.8237 15.8789 15.6446 7.08194 2.57383 1.64471 1.48391 0.578459
threshold=57.573944228609555 1.0000000180025095e-35 294.92371720061175 62.500000000000007 1.0000000180025095e-35 1.2349611851668576 1346.5974611859924 40.500000000000007 3.4606060606060614 2.8717105263157898 15.500000000000002 55.500000000000007 4.9156565656565663 0.91987179487179505 9.5912698412698436 5.1188235294117659 28.500000000000004 46.739118736879398 5.0102040816326534 4.5385629531970997 9.3847040358839049 680.50000000000011 16.500000000000004 105.74416269351916 22.178475468134749 3.892197520416051 26.892792739600683 83.082084347692359 1.0161290322580647 82.500000000000014 13.497327372677166
decision_type=10 10 10 10 8 10 10 8 8 8 10 10 10 8 10 8 10 10 10 10 10 10 10 10 10 10 10 10 8 10 10
left_child=1 4 3 5 -1 21 7 -4 11 -7 18 13 -12 -3 19 22 -17 24 -11 28 -19 23 -15 27 -10 -26 -27 -2 -6 -30 -22
right_child=2 8 6 -5 14 9 -8 -9 17 10 12 -13 -14 15 -16 16 -18 20 -20 -21 30 -23 -24 -25 25 26 -28 -29 29 -31 -32
leaf_value=-0.014047345897346184 -0.015381117735406439 0.022024071334476578 0.035916305686530647 0.084602673247845039 -0.09071148951078277 0.044504031179391536 0.083873747715566951 0.070511635697060204 -0.052769649209089553 0.0059232398354605127 0.019935263141199158 0.013734958944849524 0.052160787084823745 -0.044271433341050798 -0.032323474499410074 -0.011332906048780067 -0.036207107765386569 -0.0048727751355553753 -0.019506818821200325 -0.072455923518253348 -0.029543019939723615 0.0097363305871117078 -0.026924736064934104 1.4015061126051773e-05 -0.021642476926106175 -0.04095689745774167 -0.033819068236225096 -0.0083566254310115436 -0.099779315352623216 -0.092353038283988262 -0.025558696240333235
leaf_weight=166.10301542282104 359.28417158126831 213.09224700927734 1125.6116123199463 548.7941427230835 51.704392910003662 1191.6165256500244 2996.0862503051758 3073.3894653320312 151.11480712890625 374.83678817749023 1937.5266180038452 570.72848987579346 521.44034957885742 307.47364187240601 56.329391717910767 1291.0263867378235 337.19675874710083 175.81604433059692 252.19840145111084 85.808471918106079 148.695885181427 223.92336463928223 363.10403871536255 465.08749389648438 173.56361389160156 730.52728748321533 662.78340816497803 204.70010089874268 4836.6365880966187 68.216307401657104 235.17277002334595
leaf_count=20 40 16 34 5 19 39 17 38 32 24 92 38 13 49 13 145 43 18 24 25 20 16 49 35 22 131 108 20 1897 25 32
internal_value=0.00204965 -0.0580682 0.0501688 0.025913 -0.0957222 0.0200893 0.0706636 0.0612378 -0.0210851 0.0271544 0.0204551 -0.0122288 0.0267689 -0.018128 -0.0983829 -0.02185 -0.0164842 -0.0330714 -0.00430493 -0.0991209 -0.0201191 -0.00403041 -0.0348786 -0.00702602 -0.037291 -0.0357981 -0.0375615 -0.0128316 -0.0995825 -0.099676 -0.0271021
internal_weight=23899.6 10625.1 13274.5 6079.41 5264.8 5530.61 7195.09 4199 5360.3 4277.62 3086 3082.62 2458.97 2511.89 5098.7 2298.8 1628.22 2277.67 627.035 5042.37 559.685 1253 670.578 1029.07 1717.99 1566.87 1393.31 563.984 4956.56 4904.85 383.869
internal_count=3099 2702 397 308 1999 303 89 72 703 192 153 340 105 302 1979 286 188 363 48 1966 70 111 98 95 293 261 239 60 1941 1922 52
is_linear=0
shrinkage=0.05


Tree=19
num_leaves=35
num_cat=0
split_feature=1 0 1 4 2 13 1 14 2 13 8 7 14 6 11 11 14 8 6 1 10 10 7 0 11 2 1 0 0 3 0 1 14 14
split_gain=25551.3 5982.22 2443.58 870.855 462.558 377.342 344.05 339.467 238.593 314.374 203.72 175.174 132.991 130.994 123.246 106.358 82.0956 93.9429 80.0376 61.4915 43.0939 37.5151 26.6865 25.0207 24.5665 20.5772 19.9853 27.8337 7.54112 6.27304 3.03153 2.04187 1.78104 0.223142
threshold=59.646030407980994 1.0000000180025095e-35 320.39778533465216 62.500000000000007 1.0000000180025095e-35 12.158536585365855 1346.5974611859924 38.500000000000007 1.0056963178170968 0.58911764705882363 0.58751044277360076 14.500000000000002 18.500000000000004 24.418788088397786 995.00000000000011 395.00000000000006 9.5000000000000018 1.3377192982456141 33.096796541860819 32.571503829923998 5.0525641025641033 3.5208333333333335 24.500000000000004 3.8779514859869471 535.00000000000011 2.0001106541743461 23.652087266112037 3.5958464783505075 21.662323695881195 1.9791666666666667 8.1377413609210638 19.452079108246128 82.500000000000014 4.5000000000000009
decision_type=10 10 10 10 8 8 10 8 8 10 8 10 10 10 8 10 10 10 10 10 10 8 10 10 8 8 10 10 10 10 10 10 10 8
left_child=1 4 3 5 -1 8 7 -4 20 -10 14 19 -11 21 -3 29 22 -18 28 26 24 -13 -15 -23 -2 -21 31 -28 -7 32 -27 -12 33 -6
right_child=2 10 6 -5 15 18 -8 -9 9 12 11 13 -14 16 -16 -17 17 -19 -20 25 -22 23 -24 -25 -26 30 27 -29 -30 -31 -32 -33 -34 -35
leaf_value=-0.0133581702752371 0.0063280016302899797 -0.013333323272794054 0.036000125462079514 0.088497935110946113 -0.099259268462089045 -0.021121149998179888 0.082585684185716587 0.068884907077559218 0.066366526727324959 0.0062170147996762322 -0.053988738209927105 -0.0088882981546539418 0.03238259368628358 -0.015037736574330577 0.037057222795674465 -0.051585649556947777 -0.010834595965497197 0.016056912591259513 0.010200974355859281 -0.0039686630838662662 0.016608790737401749 -0.050023260570783712 -0.044763922958277268 -0.027474978902412218 -0.01529138159104676 -0.029154437503119354 -0.020120687120970385 -0.036987463444787393 -0.010636361428284877 -0.084298110086726163 -0.021184225955982346 -0.045156737266071965 -0.091258724236234656 -0.10000000000000001
leaf_weight=165.94322776794434 272.43208312988281 250.26795387268066 1080.223876953125 509.94527816772461 1514.6822581291199 323.54779243469238 2893.3059730529785 2869.3703327178955 599.03262138366699 629.65243339538574 103.25037956237793 136.74887371063232 2123.0758504867554 164.01095533370972 235.55121421813965 119.10911154747009 802.72412157058716 545.44647932052612 536.18111896514893 173.15312623977661 480.71063327789307 240.5531644821167 139.90499114990234 251.82705783843994 253.82637405395508 175.81307315826416 297.11340665817261 1383.7310543060303 364.92677688598633 67.568325996398926 371.20282411575317 178.70757722854614 62.496619939804077 3092.5978846549988
leaf_count=20 20 29 32 3 623 31 17 36 11 42 23 16 81 20 13 30 83 37 33 18 25 39 20 34 21 22 40 236 36 24 49 33 24 1278
internal_value=0.00197925 -0.0560797 0.0489804 0.0259515 -0.0954457 0.020239 0.0694866 0.0598908 0.0271289 0.0335409 -0.0198024 -0.0228266 0.0263975 -0.0126405 0.0110987 -0.0982506 -0.00524673 4.52427e-05 -0.00428335 -0.0314873 0.00578629 -0.0320565 -0.0287219 -0.038491 -0.00409952 -0.0189908 -0.0360724 -0.034006 -0.0155637 -0.0994239 -0.0237459 -0.0483909 -0.0996428 -0.0997565
internal_weight=23408.6 10472.4 12936.2 6093.33 5022.4 5583.39 6842.9 3949.59 4358.73 3351.76 5450.01 4964.19 2752.73 2281.22 485.819 4856.45 1652.09 1348.17 1224.66 2682.97 1006.97 629.129 303.916 492.38 526.258 720.169 1962.8 1680.84 688.475 4737.35 547.016 281.958 4669.78 4607.28
internal_count=3099 2711 388 303 1999 300 85 68 200 134 712 670 123 249 42 1979 160 120 100 421 66 89 40 73 41 89 332 276 67 1949 71 56 1925 1901
is_linear=0
shrinkage=0.05


Tree=20
num_leaves=39
num_cat=0
split_feature=1 6 1 1 11 8 8 11 14 3 6 5 5 8 1 3 8 3 12 3 1 7 1 14 8 13 11 1 11 13 12 6 11 6 11 1 14 10
split_gain=23683 3912.12 3607.52 797.085 739.792 505.164 393.355 354.258 337.168 291.5 267.442 173.891 154.795 136.11 118.252 103.637 97.2011 77.2721 77.568 69.464 64.0859 57.2389 56.7337 54.5748 31.2229 31.2079 28.9252 28.4287 21.4003 33.6993 11.8665 11.3452 20.8822 6.10331 5.56684 2.12437 1.77158 0.560282
threshold=30.092842042833656 54.222147238063577 1.0000000180025095e-35 714.22971360872896 485.00000000000006 1.1060200668896323 1.0000000180025095e-35 395.00000000000006 18.500000000000004 3.3779761904761911 24.966902782261503 775.50000000000011 1653.0000000000002 0.91273514481934914 59.646030407980994 2.2951612903225809 1.8538899430740041 7.9687500000000009 0.89060354583176171 2.9498746867167926 146.77949750036004 51.500000000000007 49.350999194894527 86.500000000000014 0.92880184331797244 3.5934782608695657 145.00000000000003 141.52896374510922 75.000000000000014 1.4897772701313536 2.0466979717100866 26.970313752133205 235.00000000000003 28.810296729334834 65.000000000000014 32.571503829923998 82.500000000000014 1.9375000000000002
decision_type=10 10 10 10 10 10 10 10 8 10 10 10 10 8 10 8 10 10 8 8 10 10 10 8 8 10 10 10 8 10 8 10 8 10 10 10 10 10
left_child=2 6 4 5 13 9 22 -7 15 19 -10 17 -9 -1 21 -8 24 18 -4 -3 26 -12 34 -16 -13 36 -17 31 29 -20 -30 32 -24 -33 -2 -36 37 -15
right_child=1 3 11 -5 -6 7 8 12 10 -11 14 16 -14 25 23 20 -18 -19 28 -21 -22 -23 27 -25 -26 -27 -28 -29 30 -31 -32 33 -34 -35 35 -37 -38 -39
leaf_value=-0.052508760954182526 -0.017151523229998172 0.022200202994688358 0.0024840111141443038 0.076402377830992019 -0.00072335373101285695 0.085256076457887506 0.020864996444812749 0.034494962354052826 0.047732371197029444 0.047512247479049419 -0.020705373422119842 0.0027877551768237451 0.060721950041368912 -0.099726056040669156 0.017052195803422206 -0.026975667372556567 0.027645391785823072 0.0037830610436286002 -0.034113731613797812 -0.0029250370814596269 0.01776106849663147 0.011557965130444207 -0.014326790501904045 0.038528242790430774 -0.023849246695379966 -0.063362490323378762 -0.0078770480845725653 0.010720138274175112 -0.029885083129628572 -0.0028637318968079526 -0.039913571434389949 -0.021101147163562012 0.0085084663604604212 -0.0092278958507652879 -0.032835222166749514 -0.025096038374447262 -0.091477981788752827 -0.09440881907191806
leaf_weight=162.77806782722473 185.81521368026733 582.19981384277344 145.39491748809814 4101.7551212310791 206.59204459190369 946.39881896972656 424.14057493209839 1028.3374404907227 1008.7938060760498 1008.8335647583008 259.25638008117676 173.41864681243896 1242.2033090591431 4304.0223081111908 940.13732528686523 255.23120737075806 197.37186098098755 153.50347328186035 301.05314970016479 521.50954389572144 212.49043750762939 292.650465965271 205.06194400787354 431.63110637664795 300.88983917236328 60.423748016357422 887.99551391601562 226.70438480377197 377.5732855796814 120.92155385017395 1348.4853537082672 205.40142822265625 195.62476015090942 228.79736137390137 131.22290420532227 273.44171190261841 67.09736442565918 50.119020938873291
leaf_count=38 26 23 15 34 30 6 29 32 35 25 26 16 21 1867 48 28 11 15 52 33 10 19 23 14 36 19 84 14 55 15 240 24 17 24 22 39 27 19
internal_value=0.00393822 0.0393924 -0.0663311 0.0598334 -0.0933035 0.0470813 0.00910145 0.0595559 0.0164615 0.0280853 0.0268811 -0.0243753 0.0488436 -0.0974216 0.0159465 -0.000705712 -0.00184035 -0.0305612 -0.0328599 0.0103284 -0.00745418 -0.00359763 -0.0118922 0.0238097 -0.0141101 -0.0990528 -0.0121409 -0.00498181 -0.0352523 -0.0251587 -0.0377199 -0.0092455 -0.00317808 -0.0148446 -0.0243159 -0.0276057 -0.0995406 -0.0996649
internal_weight=23765.3 15795.6 7969.64 9431.24 4851.03 5329.48 6364.4 3216.94 4712.33 2112.54 2932.47 3118.61 2270.54 4644.44 1923.68 1779.86 671.68 2446.93 2293.43 1103.71 1355.72 551.907 1652.07 1371.77 474.308 4481.66 1143.23 1061.59 2148.03 421.975 1726.06 834.885 400.687 434.199 590.48 404.665 4421.24 4354.14
internal_count=3111 656 2455 174 2000 140 482 59 293 81 142 455 53 1970 107 151 63 392 377 56 122 45 189 62 52 1932 112 102 362 67 295 88 40 48 87 61 1913 1886
is_linear=0
shrinkage=0.05


Tree=21
num_leaves=39
num_cat=0
split_feature=1 6 0 1 11 12 13 14 13 9 1 12 3 8 8 11 13 3 14 8 11 1 1 12 13 14 13 14 7 14 0 1 0 1 1 11 14 3
split_gain=21912.9 3667.97 3604.49 788.86 735.572 670.001 360.477 330.374 320.395 288.312 272.7 193.511 178.338 149.143 144.921 139.966 159.854 103.588 101.397 113.861 86.831 65.8034 56.6515 55.0536 57.8534 34.7379 33.8585 33.0173 29.5804 26.2723 17.7011 25.6627 17.1258 3.35714 2.63626 2.62776 2.02169 0.603896
threshold=30.092842042833656 54.222147238063577 1.0000000180025095e-35 1223.7994791588192 485.00000000000006 2.9146730696026473 26.666666666666668 18.500000000000004 7.4031250000000011 26.785635693911996 489.79236112166018 2.7137779282329051 3.253571428571429 1.314786585365854 0.91273514481934914 1265.0000000000002 6.8819444444444455 2.2951612903225809 91.500000000000014 1.0051020408163267 1375.0000000000002 146.77949750036004 49.350999194894527 2.3531609195402301 0.63373983739837414 111.50000000000001 3.5934782608695657 9.5000000000000018 13.500000000000002 8.5000000000000018 14.28477565120525 122.42833718344248 3.6295345275429871 32.490003311446522 72.662601462086641 345.00000000000006 82.500000000000014 2.0140845070422539
decision_type=10 10 10 10 10 10 8 8 10 10 10 8 10 8 8 10 10 8 10 8 10 10 10 8 10 10 10 10 10 10 10 10 10 10 10 8 10 8
left_child=2 6 4 5 14 11 7 17 10 12 13 20 -9 -7 -1 16 23 -2 19 -11 -3 27 33 24 29 32 36 -19 -26 -4 -24 34 -25 -8 -32 -35 37 -16
right_child=1 3 15 -5 -6 8 22 9 -10 18 -12 -13 -14 -15 26 -17 -18 21 -20 -21 -22 -23 30 25 28 -27 -28 -29 -30 -31 31 -33 -34 35 -36 -37 -38 -39
leaf_value=-0.050581069226370283 0.020767615347514101 0.023558213453496006 -0.047381993018315485 0.079473255424967193 -0.00068718836050454249 0.051941693214949541 -0.03044561967106009 0.056841277112135928 0.079150143772928783 0.018781443535750213 0.06536403247816451 0.0006757245268504238 0.022419233071601648 0.019787095919670594 -0.094207280236939889 0.01376615891119895 0.0066096037400706076 -0.021842452270046608 0.033008188002175608 -0.013838970495435369 0.048275727032217552 0.017447445166891281 0.0064141366249138958 -0.047386142990984766 -0.022940620369248949 -0.0082853933608447294 -0.061428121285269401 -0.005010812767123566 0.0033566067391201425 -0.021134384795989183 -0.019933591589332875 0.0051957597824244424 -0.034801583888058395 -0.018737742418816452 -0.012397155527073095 -0.027299975493216486 -0.090699596665000382 -0.099697166423157804
leaf_weight=160.58987951278687 414.91821765899658 805.07833957672119 189.31147170066833 2934.0473175048828 206.59151744842529 668.78342151641846 181.40865325927734 822.38652229309082 1382.7883129119873 523.01729679107666 1430.6513404846191 600.12118911743164 693.6587438583374 782.65560913085938 50.713570594787598 235.65267896652222 326.5730254650116 515.2133994102478 352.70234060287476 547.57277011871338 635.99341773986816 220.04795932769775 253.90713596343994 343.69011163711548 182.85875797271729 108.71566867828369 59.240924119949341 670.58224058151245 257.55329275131226 192.05421447753906 167.86561393737793 230.12071514129639 1266.7811241149902 224.4961314201355 375.82652568817139 149.13867139816284 64.35915470123291 4092.4884910583496
leaf_count=38 28 30 32 19 30 14 30 23 12 30 18 36 33 30 21 18 31 58 14 46 15 11 21 60 26 14 19 61 27 26 21 15 221 31 39 21 27 1865
internal_value=0.00380463 0.037957 -0.0649795 0.0580553 -0.0929067 0.0480902 0.00867814 0.0155515 0.0593652 0.0259188 0.0498726 0.0245321 0.0410916 0.0346031 -0.0972099 -0.0232759 -0.02632 -0.00118497 0.00975712 0.00209714 0.0344669 -0.00766402 -0.0119931 -0.0305522 -0.0199072 -0.0356406 -0.0989649 -0.0123239 -0.00756198 -0.0341638 -0.00504135 -0.00880018 -0.0374873 -0.024865 -0.014724 -0.0221554 -0.0994934 -0.09963
internal_weight=23320.2 15583 7737.17 9240.12 4633.98 6306.07 6342.86 4760.1 4264.88 2939.34 2882.09 2041.19 1516.05 1451.44 4427.39 3103.19 2867.54 1820.76 1423.29 1070.59 1441.07 1405.84 1582.76 2540.96 821.778 1719.19 4266.8 1185.8 440.412 381.366 1027.72 773.813 1610.47 555.043 543.692 373.635 4207.56 4143.2
internal_count=3111 656 2455 174 2000 155 482 304 74 146 62 81 56 44 1970 455 437 158 90 76 45 130 178 406 111 295 1932 119 53 58 96 75 281 82 60 52 1913 1886
is_linear=0
shrinkage=0.05


Tree=22
num_leaves=28
num_cat=0
split_feature=1 1 1 2 4 12 10 7 2 0 11 3 13 1 4 2 0 3 7 13 0 13 7 1 14 4 14
split_gain=20513.5 6254.75 1035.99 893.974 549.484 451.385 351.578 324.591 212.074 154.04 144.761 136.041 120.674 115.104 113.833 97.2291 94.5245 92.4658 82.4033 85.2109 61.9595 59.6968 41.817 34.2023 7.607 2.61068 0.339912
threshold=11.562810686844115 120.04308645058474 714.22971360872896 0.99899213555185196 32.250000000000007 85.785714285714292 4.7020202020202033 43.500000000000007 1.6863863343021233 4.6163286673913655 395.00000000000006 0.71008403361344552 1.6384065372829422 75.53162983335865 4.9772727272727275 0.39537846730687765 3.1817909881049484 5.014705882352942 59.500000000000007 3.2752639517345403 1.0000000180025095e-35 5.4861111111111116 51.500000000000007 204.10706890341916 82.500000000000014 1.1180555555555558 4.5000000000000009
decision_type=10 10 10 8 10 10 10 10 8 10 10 8 10 10 10 10 10 10 10 10 10 8 10 10 10 8 8
left_child=3 5 4 -1 7 6 11 12 -9 18 20 -2 23 16 -10 17 -13 -11 19 -8 24 -15 -17 -3 25 -5 -27
right_child=1 2 -4 10 -6 -7 9 8 14 15 -12 13 -14 21 -16 22 -18 -19 -20 -21 -22 -23 -24 -25 -26 26 -28
leaf_value=0.00038042349385113947 0.024740174090974319 -0.0042359638496152026 0.073175458311469058 -0.087395804655509529 0.076175037759084047 0.06536544447158732 -0.036446102710285054 0.022984241759202786 0.059785104735617406 0.044164948951059518 -0.04725160727101943 0.014360840564645861 0.031435902901447016 0.014694407154620233 0.03862252670365704 -0.0066068238714233965 -0.021960478545879517 0.011390081851562033 0.01684088077548344 0.0049047821093674499 -0.0525987383486946 -0.012332014606524276 0.016118761582510892 0.014234343059449074 -0.082825246603228167 -0.09901944961643061 -0.10000000000000001
leaf_weight=250.77476835250854 202.33561372756958 395.87138652801514 3873.3144607543945 43.787173748016357 929.53614711761475 213.94888734817505 345.72961807250977 899.02683544158936 1551.5114297866821 426.76650238037109 142.86203765869141 187.35013103485107 1021.458833694458 377.23075008392334 1076.1991195678711 452.04445886611938 4081.0840935707092 434.09018087387085 188.59252643585205 194.77144908905029 72.423577070236206 445.76167774200439 366.57555389404297 683.17898941040039 69.262687683105469 1328.5274229049683 2640.3839476108551
leaf_count=28 13 27 34 19 9 5 49 33 27 15 36 18 38 23 29 39 572 27 13 16 18 43 22 31 29 633 1265
internal_value=0.00367414 0.0272388 0.0526729 -0.091384 0.0405613 -0.00627186 -0.00826174 0.0346785 0.0439461 0.00757524 -0.0967391 -0.0154673 0.0191183 -0.0170652 0.0511178 0.0159065 -0.0203663 0.0276381 -0.011616 -0.0215452 -0.0984409 5.59455e-05 0.00356962 0.00745814 -0.0992542 -0.0995378 -0.0996718
internal_weight=22894.4 18346.4 10430.1 4548.02 6556.78 7916.28 7702.33 5627.25 3526.74 2408.57 4297.25 5293.76 2100.51 5091.43 2627.71 1679.48 4268.43 860.857 729.094 540.501 4154.38 822.992 818.62 1079.05 4081.96 4012.7 3968.91
internal_count=3111 1083 228 2028 194 855 850 185 89 181 2000 669 96 656 56 103 590 42 78 65 1964 66 61 58 1946 1917 1898
is_linear=0
shrinkage=0.05


Tree=23
num_leaves=26
num_cat=0
split_feature=1 1 1 11 4 8 8 10 11 8 14 13 14 0 3 1 0 10 0 1 13 7 14 13 4
split_gain=19233.2 5771.89 1005.93 742.661 531.04 414.938 322.167 318.942 162.585 156.584 155.417 152.82 152.484 127.366 125.937 96.24 98.866 78.8971 62.9641 51.6842 49.647 44.4379 8.50535 1.14293 0.811957
threshold=11.562810686844115 120.04308645058474 714.22971360872896 395.00000000000006 32.250000000000007 14.250000000000002 0.69264507422402166 4.1291666666666673 1375.0000000000002 0.91273514481934914 44.500000000000007 7.8831168831168839 123.50000000000001 4.1166260180416687 0.71008403361344552 75.53162983335865 3.1817909881049484 11.408333333333335 1.0000000180025095e-35 330.65359299986864 5.4861111111111116 31.500000000000004 82.500000000000014 2.9761904761904767 3.3229166666666674
decision_type=10 10 10 10 10 10 10 10 10 8 8 8 10 10 8 10 10 8 10 10 8 10 10 10 10
left_child=3 5 4 9 6 7 21 14 10 -1 -8 12 13 -9 -2 16 -16 -5 22 -10 -17 -3 23 24 -11
right_child=1 2 -4 17 -6 -7 8 11 19 18 -12 -13 -14 -15 15 20 -18 -19 -20 -21 -22 -23 -24 -25 -26
leaf_value=-0.04719789605218 0.023575376488623359 -0.0022151043587498955 0.071429873253814932 -0.037229048611733699 0.074529420798310889 0.06345342237119149 0.018431653534972579 -0.024041213900107088 0.039778912347633505 -0.099629294002441415 0.044629629356578167 0.039576593194844134 0.039541369528039494 0.0047429066275529426 0.016941644533552614 0.013608253537837329 -0.02145087550073066 0.015702397229602608 -0.050415497217024076 0.054943656535388491 -0.011724336652595504 0.019200376555648286 -0.081479509559209171 -0.091255687910323124 -0.092609661407795862
leaf_weight=155.84648656845093 201.73184967041016 549.78009605407715 3772.1829700469971 151.0877583026886 903.23510456085205 209.49171304702759 1346.1358594894409 512.87125587463379 1006.2072582244873 3692.4331791400909 976.9729642868042 306.17631340026855 241.4528169631958 1533.2172102928162 175.16650104522705 341.83201313018799 3925.922785282135 131.82446217536926 67.452223777770996 1272.3078670501709 445.43119335174561 433.03154563903809 66.945693969726562 41.990761518478394 41.659747362136841
leaf_count=38 13 37 34 31 9 5 56 65 29 1860 24 14 9 112 16 21 557 17 17 21 43 18 29 18 18
internal_value=0.00354242 0.0261686 0.0508979 -0.0908964 0.0389598 -0.00597495 0.0332068 -0.00786785 0.0387569 -0.0963463 0.0294491 0.00640264 0.00196247 -0.0024721 -0.0151396 -0.0167372 -0.019811 -0.0125654 -0.098305 0.0482468 -0.000724851 0.00722066 -0.0991455 -0.0994587 -0.099551
internal_weight=22502.4 18153.1 10259.9 4349.24 6487.67 7893.29 5584.44 7683.8 4601.62 4066.33 2323.11 2593.72 2287.54 2046.09 5090.08 4888.35 4101.09 282.912 3910.48 2278.52 787.263 982.812 3843.03 3776.08 3734.09
internal_count=3111 1083 228 2028 194 855 185 850 130 1980 80 200 186 177 650 637 573 48 1942 50 64 55 1925 1896 1878
is_linear=0
shrinkage=0.05


Tree=24
num_leaves=29
num_cat=0
split_feature=1 1 1 2 12 8 5 14 12 12 1 7 5 5 14 8 3 12 14 0 11 4 2 4 1 14 4 14
split_gain=18026.4 5319.37 978.85 903.619 501.941 381.032 307.069 283.593 192.484 190.753 189.225 171.411 162.939 161.14 108.411 90.2554 75.9236 67.924 69.7748 56.0327 53.3277 38.1028 30.9453 28.5914 19.9698 9.88637 3.21316 0.45628
threshold=11.562810686844115 120.04308645058474 1223.7994791588192 0.99899213555185196 2.3732142857142864 14.250000000000002 740.00000000000011 40.500000000000007 1.5420539560190434 0.89060354583176171 32.354472019831555 66.500000000000014 994.50000000000011 470.50000000000006 17.500000000000004 1.2283208020050129 7.9687500000000009 3.187513028976444 54.500000000000007 1.5848538115532504 1305.0000000000002 3.1801948051948057 0.99961129424960748 5.9166666666666679 354.908698569931 82.500000000000014 1.1180555555555558 4.5000000000000009
decision_type=10 10 10 8 10 10 10 8 8 8 10 10 10 10 10 10 10 10 10 10 8 10 8 10 10 10 8 8
left_child=3 5 4 -1 8 6 9 12 -3 -2 16 -9 -6 19 23 -12 -11 22 -19 25 24 -15 -16 -8 -10 26 -5 -28
right_child=1 2 -4 13 7 -7 14 11 20 10 15 -13 -14 21 17 -17 -18 18 -20 -21 -22 -23 -24 -25 -26 -27 27 -29
leaf_value=0.0018263567794583409 0.019990644611704168 0.04561736552255307 0.074962981707938039 -0.085448675330279833 0.013837230842150914 0.061519898191791447 -0.005045301360059571 0.062855669428836802 -0.0009818555546208987 -0.029550444181381599 -0.012331198126462883 0.040183113492617974 0.045513407553163097 -0.067780704507758457 0.01456203574245154 0.011618896246781994 0.0062260456060252503 0.005712737692890023 0.030122205665484847 -0.048317549836526169 0.024965404533387803 -0.018379802995090594 -0.006050068084515638 -0.029077499263834961 0.012938710084288783 -0.079428826753469878 -0.098806634248065295 -0.10000000000000001
leaf_weight=249.82934093475342 369.21595287322998 497.21378135681152 2690.6835975646973 40.568239092826843 780.58765602111816 205.37903118133545 391.63136291503906 2503.8627061843872 707.93657302856445 2238.2594780921936 1817.6324515342712 1249.7172803878784 845.93870639801025 93.758483648300171 274.61804580688477 502.01175689697266 158.81525039672852 513.95578336715698 680.27485370635986 55.126311063766479 421.5749340057373 66.871912956237793 540.44590425491333 180.94374656677246 405.03005027770996 62.778237104415894 1205.5990823507309 2386.6369395256042
leaf_count=28 27 14 19 19 33 5 39 38 44 375 207 29 20 30 19 36 15 37 29 14 16 14 45 21 15 28 633 1262
internal_value=0.00341187 0.0251204 0.0491318 -0.0903662 0.0397544 -0.00568999 -0.00749018 0.0477504 0.0185809 -0.0146193 -0.0173285 0.0553071 0.0303117 -0.0962549 0.00655318 -0.00714798 -0.0271801 0.0120225 0.0196172 -0.0983551 0.00982069 -0.0472147 0.000894731 -0.0126399 0.00408411 -0.0991015 -0.0994415 -0.0995995
internal_weight=22136.9 17975.7 10102.5 4161.17 7411.86 7873.18 7667.8 5380.11 2031.76 5085.93 4716.72 3753.58 1626.53 3911.34 2581.87 2319.64 2397.07 2009.29 1194.23 3750.71 1534.54 160.63 815.064 572.575 1112.97 3695.58 3632.8 3592.24
internal_count=3111 1083 228 2028 209 855 850 120 89 660 633 67 53 2000 190 243 390 130 66 1956 75 44 64 60 59 1942 1914 1895
is_linear=0
shrinkage=0.05


Tree=25
num_leaves=25
num_cat=0
split_feature=6 6 2 5 1 5 1 8 3 0 8 14 4 8 14 1 2 10 4 7 3 14 14 8
split_gain=15819 4070.57 823.515 800.038 607.704 404.815 307.652 263.584 262.074 203.163 176.792 163.661 153.924 118.226 133.423 117.673 64.0151 36.1258 33.9125 61.2497 27.3376 16.6214 3.73336 3.61697
threshold=11.533035595355731 89.936631377801334 1.999259664464901 856.00000000000011 30.092842042833656 1534.0000000000002 714.22971360872896 2.1398138916583584 3.3779761904761911 1.0000000180025095e-35 7.8636363636363642 1.0000000180025095e-35 9.5912698412698436 1.7425810904071775 32.500000000000007 91.243707216340596 1.66652759234535 4.5385629531970997 1.7654698242933538 16.500000000000004 8.4500000000000011 7.5000000000000009 82.500000000000014 0.62391940201494978
decision_type=10 10 8 10 10 10 10 10 10 10 10 10 10 10 10 10 8 10 8 10 10 10 10 8
left_child=2 4 -1 16 13 10 7 8 -5 12 11 -6 17 18 -15 -13 -3 22 19 -2 21 -20 23 -4
right_child=1 3 9 6 5 -7 -8 -9 -10 -11 -12 15 -14 14 -16 -17 -18 -19 20 -21 -22 -23 -24 -25
leaf_value=-0.0041618569504618987 -0.031090566499004102 0.025309675023982819 -0.084295299778610069 0.0097270028528871448 0.035683324742438953 0.037029845171042512 0.067930895949594131 0.064686827122766716 0.048646282024847588 -0.040990584443973799 0.043718480889063917 -0.0072606323486430358 -0.015560509961662569 -0.025721882340476895 0.020831978366258243 0.0085182075706900593 0.0010699220788445399 -0.065002507247356817 -0.020958152148367361 0.013329115530376957 -0.0037349900743329579 -0.031276925451049924 -0.085434851037982928 -0.099563308934705719
leaf_weight=268.51432085037231 157.09135293960571 457.29926204681396 39.229609727859497 707.39994525909424 314.80927181243896 1005.8148074150085 3022.4748306274414 1081.7736530303955 1113.2691946029663 168.22768521308899 249.87096691131592 3217.9870853424072 56.875970125198364 278.83884382247925 343.51072120666504 1867.1916027069092 673.55089282989502 78.939122080802917 545.72848796844482 153.37537050247192 119.9872260093689 1369.8758878707886 48.575627207756042 3461.4475839138031
leaf_count=32 25 14 17 27 17 38 28 14 22 35 8 327 14 39 24 109 34 26 86 15 12 231 23 1919
internal_value=-0.0011122 0.0205628 -0.088825 0.0494104 -0.000586443 0.00780433 0.0567659 0.0451391 0.0335246 -0.0947247 0.00260147 0.00069888 -0.0971777 -0.0194 -2.6114e-05 -0.00146691 0.0108721 -0.0984571 -0.0245394 -0.00914656 -0.0268871 -0.0283373 -0.0992012 -0.0993922
internal_weight=20801.7 16679.8 4121.81 7055.77 9624.08 6655.67 5924.92 2902.44 1820.67 3853.3 5649.86 5399.99 3685.07 2968.41 622.35 5085.18 1130.85 3628.19 2346.06 310.467 2035.59 1915.6 3549.25 3500.68
internal_count=3136 1070 2066 139 931 499 91 63 49 2034 461 453 1999 432 63 436 48 1985 369 40 329 317 1959 1936
is_linear=0
shrinkage=0.05


Tree=26
num_leaves=35
num_cat=0
split_feature=1 1 5 2 1 12 9 1 3 4 2 7 1 13 13 9 0 12 7 7 13 1 0 3 4 5 13 12 7 1 1 0 4 5
split_gain=14858 3847.54 1051.42 792.786 378.439 371.283 226.598 209.888 199.748 158.513 153.11 151.637 128.947 120.479 95.3278 237.519 95.3075 90.2747 82.4148 69.1461 71.6879 51.311 50.047 34.2757 30.4 28.9914 28.4286 37.8593 27.435 24.3168 17.7917 14.7861 3.98483 0.567104
threshold=11.562810686844115 120.04308645058474 994.50000000000011 0.99899213555185196 714.22971360872896 3.5107105538140027 24.418788088397786 30.092842042833656 1.2450000000000003 5.248742138364781 4.4454338565881928 20.500000000000004 489.79236112166018 1.6384065372829422 6.0400000000000009 26.703049818605891 1.0000000180025095e-35 0.89060354583176171 56.500000000000007 41.500000000000007 0.91720593833269903 49.350999194894527 10.805017637748639 3.9449275362318841 8.9444444444444464 775.50000000000011 0.63373983739837414 2.6844446213090571 10.500000000000002 220.20599624991419 155.02104542953225 4.068737901394428 1.0161290322580647 19.500000000000004
decision_type=10 10 10 8 10 10 10 10 8 10 8 10 10 10 10 10 10 8 10 10 8 10 10 10 10 10 10 10 10 10 10 10 8 10
left_child=3 5 10 -1 6 7 -4 17 -9 16 13 22 18 -3 15 -13 25 -2 -8 21 -21 -10 24 -17 28 32 31 -28 -7 30 -12 -19 -5 -34
right_child=1 2 4 9 -6 11 12 8 19 -11 29 14 -14 -15 -16 23 -18 26 -20 20 -22 -23 -24 -25 -26 -27 27 -29 -30 -31 -32 -33 33 -35
leaf_value=0.0014574807911931545 0.013771697280455015 0.014189354289984642 0.060477119231234215 -0.082958931458643123 0.067284448209847955 -0.020279022629714462 0.03680721842717654 0.03685386305192731 -0.022437775980562902 -0.028617002638486006 -0.013858215302172414 -0.026190991816225674 0.048716600228269437 0.044471870976806251 0.034566079679387123 0.036339639077110041 -0.041504587028295001 -0.04141509433013054 0.012557622086956636 0.019933820304747787 -0.01075028634173709 -0.0069310462517514675 0.014588651361438366 0.015388610881468839 -0.032566535566873688 -0.063379527238221683 -0.014285112220723607 -0.040404756785943831 0.0046408208254514662 0.0097528441262868474 0.0029091650179034634 -0.02890508963523139 -0.10000000000000001 -0.098694692127458794
leaf_weight=223.14200115203857 142.80181884765625 825.83031749725342 1141.633394241333 37.709545135498047 2766.660400390625 218.90205526351929 657.42662334442139 264.40421152114868 863.61898708343506 86.045888781547546 304.54164218902588 322.66780471801758 831.53487777709961 545.34067916870117 608.85785913467407 351.88826084136963 74.887842893600464 312.7846999168396 750.19814109802246 380.0100998878479 381.40288305282593 1395.4784550666809 192.76886081695557 438.45762157440186 170.38559436798096 57.702976703643799 633.9494481086731 177.59764623641968 222.92325448989868 482.06470203399658 329.25336074829102 964.66791391372681 1560.3900463581085 1782.817690372467
leaf_count=25 13 33 18 19 25 30 18 14 125 24 23 34 14 13 27 15 19 54 28 23 31 136 10 28 23 18 85 29 21 21 19 180 914 1027
internal_value=-0.00108466 0.0192941 0.0424731 -0.0899953 0.0535708 -0.00558773 0.0423483 -0.012858 -0.00481919 -0.0956646 0.0150417 0.0102849 0.0331054 0.0262333 0.0186597 0.00995833 -0.0973066 -0.0246899 0.0238833 -0.0084671 0.0045637 -0.012859 -0.00762902 0.0247167 -0.0146248 -0.0985218 -0.0273191 -0.0200011 -0.0077057 0.00128954 -0.00514764 -0.0319682 -0.0991216 -0.0993039
internal_weight=20500.7 16678.1 8634.48 3822.7 6147.45 8043.57 3380.79 5516.72 3284.91 3599.55 2487.03 2526.85 2239.16 1371.17 1721.87 1113.01 3513.51 2231.8 1407.62 3020.51 761.413 2259.1 804.98 790.346 612.211 3438.62 2089 811.547 441.825 1115.86 633.795 1277.45 3380.92 3343.21
internal_count=3136 1090 212 2046 103 878 78 690 329 2021 109 188 60 46 104 77 1997 361 46 315 54 261 84 43 74 1978 348 114 51 63 42 234 1960 1941
is_linear=0
shrinkage=0.05


Tree=27
num_leaves=31
num_cat=0
split_feature=1 6 2 5 1 1 12 10 5 3 5 10 3 5 13 3 12 5 7 1 3 13 12 13 1 14 11 12 10 14
split_gain=13959 3539.58 784.163 712.49 530.383 296.716 278.665 213.277 210.256 209.569 161.331 119.179 114.243 94.2154 94.1588 127.373 81.1542 77.6643 69.8507 68.8893 57.3658 52.8724 52.6187 40.7667 32.8656 15.9172 11.556 7.08021 4.42338 0.703105
threshold=11.562810686844115 89.936631377801334 0.99899213555185196 856.00000000000011 73.254998752474805 1346.5974611859924 8.8693121693121721 5.8693181818181825 1561.0000000000002 3.3779761904761911 432.50000000000006 9.3392857142857171 0.52508361204013387 1190.0000000000002 1.5741758241758244 1.3203947368421056 4.9551488334674181 775.50000000000011 25.500000000000004 11.091227957149913 3.7426470588235299 0.7770467836257311 2.6844446213090571 2.1026315789473689 30.750516279384453 82.500000000000014 625.00000000000011 2.3732142857142864 2.0192307692307696 4.5000000000000009
decision_type=10 10 8 10 10 10 10 10 10 10 10 10 8 10 10 10 10 10 10 10 8 8 10 10 10 10 10 10 8 8
left_child=2 4 -1 20 7 6 9 12 14 -5 19 23 -2 26 21 -16 27 24 -19 25 -3 -6 -23 -9 -14 28 -13 -12 -4 -30
right_child=1 3 10 5 8 -7 -8 11 -10 -11 16 13 17 -15 15 -17 -18 18 -20 -21 -22 22 -24 -25 -26 -27 -28 -29 29 -31
leaf_value=0.0013846213927173143 0.026399368066709505 0.023681646256878401 -0.082235917992196705 0.017608333443889634 0.013621537202112941 0.069069578078257629 0.066994181521277688 0.0084112808088290664 0.040416543320646564 0.046651544233859206 -0.084378645399909677 -0.015933906005972873 -0.023452337647287422 0.017299782805437005 0.032313894639253042 0.00088873177160336153 -0.0024690779493737932 0.019160239395980751 -0.012044752274520494 -0.040173282386388939 0.00059261678308252061 0.00040013563577654537 -0.025510370101036642 0.03267474414919027 -0.013851685131144934 -0.070210299870684459 -0.033785221694114423 -0.060146815410826775 -0.098411352003143049 -0.10000000000000001
leaf_weight=223.13969135284424 161.08840799331665 442.75984859466553 37.706799268722534 946.9347038269043 556.90336322784424 1932.7282066345215 1044.2984209060669 311.89931917190552 625.64909362792969 1805.2177114486694 65.369373202323914 193.65173292160034 2220.2334032058716 217.50641584396362 743.71025466918945 569.26487827301025 60.907743692398071 252.35211753845215 619.78277349472046 50.861001014709473 685.56131649017334 925.64949035644531 248.5569019317627 389.06303787231445 1489.4097099304199 47.874984622001648 170.45786094665527 55.942733526229858 1050.6439357995987 2066.0850952863693
leaf_count=25 10 14 20 31 30 15 12 25 19 33 27 22 369 13 29 36 13 18 63 13 34 73 19 19 185 23 21 18 638 1269
internal_value=-0.00105775 0.0184775 -0.0894433 0.0459696 -0.000967849 0.0531219 0.0450031 -0.0100945 0.0140174 0.0366586 -0.0953429 0.00799502 -0.0149863 -0.00873733 0.00859161 0.0186889 -0.0495607 -0.0164413 -0.00301559 -0.0979073 0.00965289 0.000933209 -0.00508462 0.0218785 -0.0195977 -0.0988243 -0.024291 -0.0732042 -0.0992585 -0.0994645
internal_weight=20211.2 16552.7 3658.53 6857.5 9695.18 5729.18 3796.45 6025.44 3669.73 2752.15 3435.39 1282.58 4742.87 581.616 3044.08 1312.98 182.22 4581.78 872.135 3253.17 1128.32 1731.11 1174.21 700.962 3709.64 3202.31 364.11 121.312 3154.44 3116.73
internal_count=3136 1090 2046 139 951 91 76 745 206 64 2021 100 645 56 187 65 58 635 81 1963 48 122 92 44 554 1950 43 45 1927 1907
is_linear=0
shrinkage=0.05


Tree=28
num_leaves=31
num_cat=0
split_feature=1 6 2 5 1 0 8 10 5 5 1 10 8 2 5 14 5 9 0 8 4 2 14 1 14 10 11 14 4 14
split_gain=13113.2 3252.75 775.485 666.026 479.945 290.604 363.107 192.848 192.229 167.548 122.684 107.914 106.52 89.1155 85.2896 79.5894 78.4722 77.0647 72.0454 67.9197 54.0922 51.7943 50.3813 40.4639 17.4554 16.8749 10.5957 6.00686 5.44116 0.826559
threshold=11.562810686844115 89.936631377801334 0.99899213555185196 856.00000000000011 73.254998752474805 216.95349484284279 2.1791257522964842 5.8693181818181825 1561.0000000000002 432.50000000000006 446.67011068962051 9.3392857142857171 4.9156565656565663 2.9911010205733084 1190.0000000000002 1.0000000180025095e-35 413.00000000000006 26.799005657545973 1.5848538115532504 1.292635658914729 8.0789473684210531 1.66652759234535 9.5000000000000018 155.02104542953225 82.500000000000014 2.2529069767441867 625.00000000000011 20.500000000000004 1.0161290322580647 4.5000000000000009
decision_type=10 10 8 10 10 10 10 10 10 10 10 10 10 8 10 8 10 10 10 10 8 8 8 10 10 8 10 10 8 8
left_child=2 4 -1 21 7 6 10 15 12 18 -5 20 13 17 26 -2 25 -6 24 27 -9 -3 -18 -15 28 -17 -13 -11 -4 -30
right_child=1 3 9 5 8 -7 -8 11 -10 19 -12 14 -14 23 -16 16 22 -19 -20 -21 -22 -23 -24 -25 -26 -27 -28 -29 29 -31
leaf_value=0.0013154023962941941 0.012921508829926671 0.022244639277615205 -0.0791263183100646 0.019893145507311263 0.027394326574711345 0.068498539617653037 0.06533598912110393 0.0063492360127529171 0.038712128634271946 -0.084479381837647541 0.041939511648951822 -0.015156467107722114 0.034179764029073308 -0.0085934525248214082 0.01645944422505002 -0.0086067547406954627 -0.023152872150683713 0.0020820592581974827 -0.03847532203837456 -0.009753727507637918 0.034194832281211084 0.00038681330768357454 -0.0044913247772975021 0.0096628892065777818 -0.068386074356477186 -0.023272928280097437 -0.032280334048356667 -0.060949082606775701 -0.098230956264692207 -0.10000000000000001
leaf_weight=223.13760614395142 254.73865079879761 453.46327686309814 33.436490058898926 1054.9122581481934 610.39702320098877 1708.5375938415527 1306.8571481704712 334.8991551399231 620.66651630401611 54.63890016078949 1570.4743633270264 193.41204595565796 348.65449619293213 1062.3787527084351 217.18907308578491 215.43764734268188 466.57091569900513 592.66399669647217 50.460813283920288 70.465418100357056 363.93056392669678 673.64617824554443 1608.63006067276 424.90939998626709 46.724249005317688 2188.7054238319397 169.50929927825928 53.857391476631165 991.09306716918945 1978.2738972902298
leaf_count=25 28 14 18 35 27 13 15 26 19 24 28 22 11 88 13 27 65 40 13 16 18 34 171 21 23 354 21 18 632 1277
internal_value=-0.00103055 0.0176822 -0.0888779 0.0442701 -0.000921057 0.0512815 0.0438008 -0.00960999 0.0133553 -0.0950157 0.033081 0.0076176 0.00817658 0.00480671 -0.00832333 -0.0142641 -0.0158102 0.0149247 -0.0977313 -0.0479752 0.0208504 0.00918074 -0.00868703 -0.00337772 -0.0987118 -0.0219587 -0.0231545 -0.072799 -0.0991837 -0.0994095
internal_weight=19942.7 16440.6 3502.09 6767.89 9672.69 5640.78 3932.24 6013.02 3659.67 3278.95 2625.39 1278.94 3039 2690.35 580.11 4734.08 4479.34 1203.06 3099.99 178.962 698.83 1127.11 2075.2 1487.29 3049.53 2404.14 362.921 108.496 3002.8 2969.37
internal_count=3136 1090 2046 139 951 91 78 745 206 2021 63 100 187 176 56 645 617 67 1963 58 44 48 236 109 1950 381 43 42 1927 1909
is_linear=0
shrinkage=0.05


Tree=29
num_leaves=30
num_cat=0
split_feature=1 6 4 5 1 5 0 8 3 13 10 3 8 14 3 12 0 14 8 3 12 0 5 6 0 14 10 13 13
split_gain=12316.3 3005.79 662.619 621.228 448.254 288.596 281.711 347.41 185.083 134.334 123.628 212.282 124.913 117.808 74.6934 68.5407 53.6758 50.9763 79.7522 48.8398 42.6159 37.4907 36.0385 13.8121 10.5104 6.03272 3.65373 1.67442 1.66513
threshold=11.13121842008192 89.936631377801334 1.2450855478704044 856.00000000000011 30.092842042833656 1534.0000000000002 216.95349484284279 2.1791257522964842 3.5880398671096354 18.500000000000004 4.2326839826839837 1.935636856368564 6.2372665534804765 26.500000000000004 1.9791666666666667 0.89060354583176171 1.5848538115532504 51.500000000000007 1.8538899430740041 3.7426470588235299 0.98948440691528583 3.3963549445694601 509.00000000000006 32.39396893279234 7.7027530544149512 82.500000000000014 2.6987179487179493 3.2752639517345403 0.71868658919018646
decision_type=10 10 10 10 10 10 10 10 10 10 8 8 10 10 10 8 10 10 10 8 8 10 10 10 10 10 8 10 8
left_child=2 4 14 19 9 10 7 8 -5 15 23 -12 -13 20 16 -2 25 21 -19 -3 -4 -17 28 24 -6 26 -1 -28 -22
right_child=1 3 13 6 5 -7 -8 -9 -10 -11 11 12 -14 -15 -16 17 -18 18 -20 -21 22 -23 -24 -25 -26 -27 27 -29 -30
leaf_value=-0.081783856757248197 0.014184344395981048 0.021724580997038747 -0.017108593877446742 0.016990563509362362 -0.03331919602534341 0.031213596576719578 0.066637676814426158 0.063423579830027402 0.043738647961074288 0.02442063399958647 0.044041219343290479 -0.00029842740327108399 0.032399305833362584 0.0048420559072040632 -0.025875875534057936 -0.044351737067410003 -0.040498731383703752 -0.020935260737873156 0.020237900237752564 0.00038563120643462183 -0.078910765257277471 -0.022610745785479797 -0.040116318786487158 -0.0073622579039697954 -0.017593350975967384 -0.079662584602376213 -0.099329098693724527 -0.087669032078580802 -0.092718194856884484
leaf_weight=30.450527548789978 142.4118537902832 440.35458087921143 67.736541509628296 1182.499979019165 172.37905073165894 987.10500192642212 1669.4492149353027 1279.6560831069946 1427.3840570449829 184.34629821777344 318.56300449371338 4404.7929635047913 312.83183574676514 160.54708290100098 36.428577542304993 220.83383107185364 40.129206657409668 363.87650012969971 173.78325891494751 685.66048812866211 40.919157147407532 1942.5788962841034 81.601231813430786 183.99615430831909 276.96778249740601 40.880539774894714 2744.8899526596069 31.138847708702087 46.819651961326599
leaf_count=14 13 14 11 37 24 39 13 15 26 13 12 379 13 28 11 41 11 57 11 34 19 316 21 15 26 22 1859 17 25
internal_value=-0.0010035 0.0168092 -0.0887893 0.0425972 -0.000991837 0.00626308 0.0494572 0.042083 0.0316195 -0.0169417 0.00191903 0.00453735 0.0018698 -0.0282303 -0.0970247 -0.0196232 -0.0979223 -0.0214057 -0.0076272 0.00873073 -0.0506267 -0.02483 -0.0640341 -0.0189012 -0.0236261 -0.0987316 -0.0990094 -0.0991983 -0.0862788
internal_weight=19691 16369.5 3321.54 6685 9684.47 6656.64 5558.99 3889.54 2609.88 3027.83 5669.53 5036.19 4717.62 397.624 2923.92 2843.48 2887.49 2701.07 537.66 1126.02 237.077 2163.41 169.34 633.343 449.347 2847.36 2806.48 2776.03 87.7388
internal_count=3136 1098 2038 139 959 508 91 78 63 451 469 404 392 104 1934 438 1923 425 68 48 76 357 65 65 50 1912 1890 1876 44
is_linear=0
shrinkage=0.05


Tree=30
num_leaves=25
num_cat=0
split_feature=0 1 0 2 14 12 5 13 5 14 14 12 12 2 3 4 14 7 1 13 4 5 14 14
split_gain=11879.5 2781.95 829.296 422.095 313.467 246.257 220.329 132.245 122.164 120.192 95.4178 93.43 119.166 92.5606 77.3599 60.5724 83.6604 53.9564 43.0967 24.0547 6.62552 7.9091 5.62209 0.967997
threshold=1.5885685100701512 120.04308645058474 188.55493235547749 0.99899213555185196 55.500000000000007 85.785714285714292 1048.5000000000002 0.14550264550264552 765.50000000000011 84.500000000000014 114.50000000000001 2.6768030274078449 11.243723208818128 1.2018286437642181 6.5871212121212128 6.3484848484848486 35.500000000000007 50.500000000000007 24.418788088397786 4.3060200668896327 1.7654698242933538 201.50000000000003 82.500000000000014 4.5000000000000009
decision_type=10 10 10 8 8 10 10 8 10 10 10 8 10 10 10 8 8 10 10 10 8 10 10 8
left_child=3 5 4 -1 11 6 7 -2 19 -6 18 13 17 -3 15 16 -8 -13 -9 20 21 -5 23 -22
right_child=1 2 -4 8 9 -7 14 10 -10 -11 -12 12 -14 -15 -16 -17 -18 -19 -20 -21 22 -23 -24 -25
leaf_value=-0.014061270344195805 0.023975405800947303 0.011837925800865196 0.063554838934496705 -0.10000000000000001 0.050181871733317951 0.046711250434904358 0.0054068440253539326 -0.024306227240129305 -0.034351661779697992 0.028027267122901146 0.017080814648414055 -0.0040124174957191826 0.032481279695587652 0.036206514581110037 0.023115955134367264 0.011783932753387684 -0.037754654781797764 0.014580326087987218 -0.01294246319893645 -0.06025033123552407 -0.09787463258209031 -0.066567135425687041 -0.081898085477731586 -0.099881433506655237
leaf_weight=165.06640529632568 242.36114406585693 653.01265907287598 2017.5581016540527 35.624464511871338 1382.1730175018311 213.78240871429443 262.91306924819946 1032.5562319755554 77.59431254863739 1098.9256753921509 240.27439498901367 923.82037353515625 469.89449119567871 966.31375503540039 593.1121187210083 530.5390567779541 195.94418525695801 675.55074405670166 4346.0915770530701 41.709959268569946 910.58106565475464 35.137576937675476 47.795432686805725 1766.9175114631653
leaf_count=22 18 28 17 24 26 7 21 180 22 30 22 51 13 25 29 33 20 24 534 19 640 16 27 1257
internal_value=-0.00200113 0.0154655 0.0357273 -0.0918446 0.0266274 -0.00619778 -0.0077173 -0.0121871 -0.0962486 0.0403692 -0.0137469 0.0173841 0.0103446 0.0263796 0.00883781 0.000278515 -0.0130243 0.00384088 -0.015124 -0.0979411 -0.0985033 -0.0833986 -0.0988955 -0.0991989
internal_weight=18925.2 15844.8 8187.25 3080.43 6169.69 7657.57 7443.79 5861.28 2915.36 2481.1 5618.92 3688.59 2069.27 1619.33 1582.51 989.396 458.857 1599.37 5378.65 2837.77 2796.06 70.762 2725.29 2677.5
internal_count=3105 1078 214 2027 197 864 857 754 2005 56 736 141 88 53 103 74 41 75 714 1983 1964 40 1924 1897
is_linear=0
shrinkage=0.05


Tree=31
num_leaves=22
num_cat=0
split_feature=1 1 1 2 5 12 5 14 9 5 13 12 14 12 2 1 1 2 13 10 14
split_gain=11174.5 2523.9 783.807 420.104 291.549 223.509 199.078 189.16 157.222 130.197 108.141 100.762 94.8056 118.938 83.5447 47.8082 39.4362 38.5124 21.9838 6.37207 6.35717
threshold=11.113647550441627 120.04308645058474 1223.7994791588192 0.99899213555185196 795.50000000000011 85.785714285714292 1534.0000000000002 55.500000000000007 26.858278061537387 765.50000000000011 0.14550264550264552 2.6768030274078449 91.500000000000014 1.6284619594964425 1.2018286437642181 11.091227957149913 49.350999194894527 7.6225922877599137 4.3060200668896327 2.0192307692307696 82.500000000000014
decision_type=10 10 10 8 10 10 10 8 10 10 8 8 10 10 10 10 10 8 10 8 10
left_child=3 5 4 -1 11 6 10 14 -9 15 -2 -3 16 -14 -6 18 -12 -13 19 -5 -21
right_child=1 2 -4 9 7 -7 -8 8 -10 -11 12 17 13 -15 -16 -17 -18 -19 -20 20 -22
leaf_value=-0.013371437125579037 0.022842342579237195 0.021554586437587453 0.061622275412768185 -0.07660626705940525 0.0089109578471016412 0.044865490976122212 0.017331433787930322 0.055944961875648652 0.029674074336374368 -0.03290090824564694 -0.016270314329499092 -0.016445176051080479 -0.018676057674153507 0.025806640453138182 0.029401998520787422 -0.036853684780580397 -0.0076662721032008359 0.0045837517808267961 -0.059960007957029895 -0.099210406193506448 -0.080503773969942641
leaf_weight=164.90729808807373 241.68197202682495 784.75469493865967 1977.8232536315918 32.506933331489563 809.6270809173584 211.50820255279541 740.64993572235107 1096.2730941772461 1185.2474794387817 80.696262240409851 3742.5197160243988 328.96990013122559 256.62476801872253 362.60285425186157 1289.9878730773926 32.27524733543396 2067.4845314025879 643.84097003936768 37.31385064125061 2573.9616852998734 46.23217236995697
leaf_count=22 18 30 17 20 33 7 39 16 30 23 551 19 39 17 34 9 187 35 18 1914 27
internal_value=-0.00193581 0.0148446 0.0342485 -0.0909274 0.025429 -0.00581531 -0.00726162 0.0323306 0.0422973 -0.0954902 -0.0099921 0.00822519 -0.0112264 0.0073718 0.0215005 -0.0973455 -0.0132086 -0.00252748 -0.0980713 -0.0986074 -0.0988803
internal_weight=18707.5 15739.6 8116.52 2967.89 6138.7 7623.07 7411.56 4381.14 2281.52 2802.99 6670.91 1757.57 6429.23 619.228 2099.61 2722.29 5810 972.811 2690.01 2652.7 2620.19
internal_count=3105 1072 214 2033 197 858 851 113 46 2011 812 84 794 56 67 1988 738 54 1979 1961 1941
is_linear=0
shrinkage=0.05


Tree=32
num_leaves=26
num_cat=0
split_feature=0 1 0 2 0 1 12 14 11 0 4 14 14 14 13 12 12 2 9 3 14 13 14 4 14
split_gain=10519.5 2314.21 738.158 426.71 277.437 237.147 204.009 176.967 136.201 128.78 126.273 93.3015 87.6777 78.3813 66.7759 60.8242 49.4588 78.7303 43.5165 40.8725 39.8426 17.5805 6.6628 2.39596 1.72685
threshold=1.5885685100701512 120.04308645058474 188.55493235547749 0.99899213555185196 17.888783921634452 208.98084986905226 85.785714285714292 50.500000000000007 945.00000000000011 38.402638062989148 5.248742138364781 1.0000000180025095e-35 55.500000000000007 114.50000000000001 18.500000000000004 2.4025182134938237 3.5107105538140027 2.0051525185377757 26.967605961939288 1.9791666666666667 73.500000000000014 0.65485893416927909 82.500000000000014 1.7403846153846156 4.5000000000000009
decision_type=10 10 10 8 10 10 10 8 10 10 10 8 8 10 10 10 10 8 10 10 10 8 10 10 8
left_child=3 6 4 -1 -3 12 8 9 11 -7 19 -2 15 14 -13 -6 17 18 -10 22 -18 -21 23 24 -5
right_child=1 2 -4 10 5 7 -8 -9 16 -11 -12 13 -14 -15 -16 -17 20 -19 -20 21 -22 -23 -24 -25 -26
leaf_value=-0.012714240793111229 0.016520358976441937 0.054389092588935109 0.059674795520177487 -0.097193928413148389 -0.0038712124237995668 0.035523101807379991 0.04305585718172808 0.037597631708601406 0.020504335742249264 0.008242225618552191 -0.021441879279121889 -0.014694471931604386 -0.019955385034263688 0.013103947733905353 0.01512331664459101 0.019705790064881691 0.0042410414779140331 -0.022281565301401976 -0.0070388226362889123 -0.043229642005272684 0.026977564773561433 -0.085268006158401327 -0.079681938832432353 -0.085010990751642979 -0.10000000000000001
leaf_weight=164.76356172561646 299.59059023857117 679.96266269683838 1941.2041702270508 839.02056169509888 474.71012401580811 621.23552131652832 209.4325122833252 1942.7177352905273 330.21363544464111 1424.535924911499 56.130768895149231 4958.9639003276825 320.1462516784668 291.0603232383728 195.15162253379822 645.5485200881958 414.23465967178345 321.11495685577393 253.49291944503784 46.087939143180847 360.25319194793701 54.021788716316223 46.184236288070679 30.877107620239258 1582.1734317541122
leaf_count=22 30 14 17 648 31 17 7 38 22 53 18 666 19 26 15 25 28 33 23 18 14 26 28 19 1248
internal_value=-0.00187149 0.0141128 0.0328158 -0.0907923 0.0242809 0.0205099 -0.00561082 0.0267899 -0.0069837 0.0165266 -0.0956386 -0.0106453 0.00312044 -0.0121399 -0.0135655 0.00971502 0.00554223 -0.00239652 0.00854285 -0.0972414 0.0148169 -0.0659146 -0.0984967 -0.0988511 -0.0990276
internal_weight=18502.8 15683.6 8050.06 2819.26 6108.86 5428.89 7633.51 3988.49 7424.08 2045.77 2654.5 5744.77 1440.4 5445.18 5154.12 1120.26 1679.31 904.822 583.707 2598.37 774.488 100.11 2498.26 2452.07 2421.19
internal_count=3105 1078 214 2027 197 183 864 108 857 70 2005 737 75 707 681 56 120 78 45 1987 42 44 1943 1915 1896
is_linear=0
shrinkage=0.05


Tree=33
num_leaves=27
num_cat=0
split_feature=0 1 0 4 0 1 12 5 14 10 13 11 14 14 3 12 4 14 8 1 14 8 14 13 14 14
split_gain=9897.07 2109.22 692.718 434.778 257.98 215.726 185.508 170.309 162.493 153.138 105.127 89.197 79.2634 74.5048 63.9728 55.0274 52.303 76.6676 39.6926 38.0937 14.1174 26.8942 7.7131 5.79411 1.68315 14.5441
threshold=1.5885685100701512 120.04308645058474 188.55493235547749 1.2450855478704044 17.888783921634452 208.98084986905226 85.785714285714292 1048.5000000000002 50.500000000000007 5.1188235294117659 0.14550264550264552 485.00000000000006 55.500000000000007 114.50000000000001 6.5871212121212128 2.4025182134938237 6.3484848484848486 35.500000000000007 0.55310150375939859 24.418788088397786 22.500000000000004 0.93978321959052602 82.500000000000014 3.9687500000000004 4.5000000000000009 3.5000000000000004
decision_type=10 10 10 10 10 10 10 10 8 8 8 10 8 10 10 10 8 8 8 10 10 10 10 10 8 10
left_child=3 6 4 18 -3 12 7 10 9 -7 -2 20 15 19 16 -6 17 -9 -1 -12 21 -5 23 24 25 -20
right_child=1 2 -4 11 5 8 -8 14 -10 -11 13 -13 -14 -15 -16 -17 -18 -19 22 -21 -22 -23 -24 -25 -26 -27
leaf_value=-0.044579538840910211 0.02179664239758649 0.052445837047708124 0.057719353593421945 -0.04644679907291395 -0.0036779277024485205 0.03415501180528157 0.041286021108316487 0.005412646412239857 0.035972189717197699 0.0055540514389892277 -0.021845174043160109 -0.0075571127390549461 -0.018995469088184468 0.015364622472389006 0.020985673358337186 0.018756949308231304 0.010868628353499043 -0.035996130283043028 -0.10000000000000001 -0.011133472623700302 -0.039851546744050274 -0.09550843883965493 -0.077448471123191906 -0.075137531573441607 -0.10000000000000001 -0.080921177962775523
leaf_weight=34.824070811271667 240.43504428863525 670.15563011169434 1907.4992752075195 56.334649682044983 474.67543983459473 726.69340229034424 207.53965139389038 262.42496490478516 1929.3292484283447 1314.7843894958496 1026.5686268806458 151.41140294075012 319.52473926544189 238.70099067687988 589.07884693145752 644.32645034790039 528.7103419303894 194.72427272796631 665.95014691352844 4334.5230097770691 55.11980140209198 55.404385805130005 43.301480054855347 25.693607211112976 1492.7753497362137 117.51760005950928
leaf_count=14 18 14 17 13 31 18 7 21 38 52 180 28 19 22 29 25 33 20 550 534 19 38 27 14 1237 87
internal_value=-0.0018087 0.0134759 0.0314313 -0.090229 0.0231832 0.0195579 -0.00533767 -0.0066426 0.0255678 0.015735 -0.0105776 -0.0353442 0.00296849 -0.0119676 0.0079493 0.00924018 0.000159708 -0.0122256 -0.0975684 -0.0131846 -0.0605587 -0.0707734 -0.0983552 -0.0987485 -0.099015 -0.0971382
internal_weight=18308 15609.7 7986.99 2698.33 6079.49 5409.33 7622.71 7415.17 3970.81 2041.48 5840.23 318.27 1438.53 5599.79 1574.94 1119 985.86 457.149 2380.06 5361.09 166.859 111.739 2345.24 2301.94 2276.24 783.468
internal_count=3105 1078 214 2027 197 183 864 857 108 70 754 98 75 736 103 56 74 41 1929 714 70 51 1915 1888 1874 637
is_linear=0
shrinkage=0.05


Tree=34
num_leaves=29
num_cat=0
split_feature=0 1 0 4 5 9 14 12 10 5 12 11 12 14 13 8 11 5 2 8 14 2 14 14 13 14 14 4
split_gain=9309.84 1921.05 648.213 444.2 247.42 214.281 186.668 168.588 157.816 107.792 84.2603 83.744 80.5876 73.1811 61.2812 41.7365 41.14 112.337 49.2941 38.8772 36.9584 29.4181 24.459 8.56163 6.40863 1.91176 16.247 0.560938
threshold=1.5885685100701512 120.04308645058474 188.55493235547749 1.2450855478704044 795.50000000000011 29.221693357367688 55.500000000000007 85.785714285714292 5.1785714285714297 1534.0000000000002 2.6768030274078449 485.00000000000006 1.7007853403141364 1.0000000180025095e-35 1.682170542635659 0.55310150375939859 515.00000000000011 829.50000000000011 1.0023679966877748 5.0555555555555562 59.500000000000007 0.99899213555185196 26.500000000000004 82.500000000000014 3.9687500000000004 4.5000000000000009 3.5000000000000004 2.3405797101449282
decision_type=10 10 10 10 10 10 8 10 10 10 8 10 10 8 10 8 8 10 10 8 10 8 10 10 10 8 10 8
left_child=3 7 4 15 10 6 14 8 13 12 -3 21 -10 -2 -6 -1 17 -15 -18 -12 -14 -5 27 24 25 26 -17 -23
right_child=1 2 -4 11 5 -7 -8 -9 9 -11 19 -13 20 16 -16 23 18 -19 -20 -21 -22 22 -24 -25 -26 -27 -28 -29
leaf_value=-0.042775911259764265 0.014365464890608108 0.018556433037719977 0.055762803145295463 -0.032922273445036308 0.012146946798246964 0.0048455721723537661 0.04435113826715556 0.039559116496997303 0.01993276993042491 0.022629295806378021 -0.013983409954738159 -0.0071813090439228691 -0.012739637977402164 -0.011976642969448325 0.031736288658919649 -0.10000000000000001 -0.022686414139737071 0.021974292908944908 0.0034631329801334911 0.0060240249917461429 0.0075329462875744352 -0.090331382617136552 -0.044113474511352779 -0.075851739210617136 -0.07345495140497392 -0.10000000000000001 -0.079478113297355046 -0.10000000000000001
leaf_weight=34.486658811569214 268.9188506603241 776.86715984344482 1876.5149154663086 65.673371315002441 859.91919136047363 779.07751560211182 1918.0059461593628 205.81495523452759 329.92578315734863 619.11126899719238 464.50477313995361 151.36924636363983 938.89911675453186 3140.8712112903595 745.21498012542725 633.47138464450836 1340.8189795017242 264.13579916954041 208.20674514770508 508.71209335327148 295.602463722229 26.997061133384705 36.943745613098145 42.034956097602844 24.98628556728363 1419.9718217849731 113.7650887966156 33.760632514953613
leaf_count=14 28 30 17 11 31 29 34 7 25 27 25 28 98 442 19 550 186 16 16 29 19 19 16 27 14 1237 87 24
internal_value=-0.00174739 0.0128632 0.0300879 -0.089639 0.0221274 0.0285752 0.0338225 -0.00507774 -0.00631813 0.00496987 0.00627685 -0.0339756 -0.00201872 -0.0110373 0.0212417 -0.0973613 -0.0124162 -0.00934298 -0.0191716 -0.00352528 -0.00788535 -0.0588009 -0.076196 -0.0982039 -0.0986324 -0.0989227 -0.0968756 -0.0957038
internal_weight=18124.6 15541.1 7928.82 2583.46 6052.3 4302.22 3523.14 7612.31 7406.49 2183.54 1750.08 314.744 1564.43 5222.95 1605.13 2268.72 4954.03 3405.01 1549.03 973.217 1234.5 163.375 97.7014 2234.23 2192.19 2167.21 747.236 60.7577
internal_count=3105 1078 214 2027 197 113 84 864 857 169 84 98 142 688 50 1929 660 458 202 54 117 70 59 1915 1888 1874 637 43
is_linear=0
shrinkage=0.05


Tree=35
num_leaves=24
num_cat=0
split_feature=9 5 2 4 9 14 5 12 5 2 7 12 13 8 9 14 7 9 11 8 3 14 14
split_gain=8826.39 1728.09 856.748 458.846 281.635 213.068 270.62 191.153 178.368 171.387 150.14 117.639 111.908 103.832 86.9929 64.056 45.1117 42.7261 32.3372 24.575 19.1068 10.6919 2.26887
threshold=11.091227957149913 994.50000000000011 0.99705764171969402 32.250000000000007 24.418788088397786 154.50000000000003 1048.5000000000002 85.785714285714292 765.50000000000011 1.9168875368362779 60.500000000000007 3.1701101928374658 1.2717803030303032 2.9791666666666674 24.418788088397786 17.500000000000004 19.500000000000004 1.0000000180025095e-35 725.00000000000011 6.7386363636363642 1.9791666666666667 82.500000000000014 4.5000000000000009
decision_type=10 10 8 10 10 8 10 10 10 10 10 10 10 8 10 10 10 10 10 8 10 10 8
left_child=2 3 -1 7 10 6 -6 13 17 11 -3 -8 -11 14 16 -16 -2 20 19 -15 21 22 -4
right_child=1 4 8 -5 5 -7 9 -9 -10 12 -12 -13 -14 18 15 -17 -18 -19 -20 -21 -22 -23 -24
leaf_value=0.011500526244811397 -0.020375812913351724 0.061319427006994699 -0.096511611165481098 0.04627168118494375 0.055964897622035797 0.050636039142710525 -0.0065019712388699677 0.039221754944428616 -0.023912687302022007 0.041621308928298559 0.034517962051710552 0.017472345881406844 0.018013720542241662 -0.026579130541038415 -0.0021879420950306891 0.011880703452267887 -0.00063648607473906532 -0.033643680817083736 0.0091977717870599784 -0.010830114484365189 -0.067838019370953379 -0.071935316592131829 -0.10000000000000001
leaf_weight=209.33923959732056 615.87073278427124 1063.5417261123657 696.40176594257355 500.8384153842926 540.33850479125977 792.59500360488892 802.59090805053711 258.90505027770996 87.019884824752808 933.30227375030518 1027.2511825561523 1411.6714177131653 1086.2487487792969 270.27116584777832 1617.3223323822021 1619.0256929397583 546.09499597549438 26.390097618103027 187.76731157302856 2966.0234019756317 52.47872519493103 37.567067861557007 1409.6315709352493
leaf_count=22 79 19 620 22 8 14 53 9 21 18 25 56 30 31 156 98 52 4 12 410 30 25 1285
internal_value=0.00173045 0.0152379 -0.0853562 -0.000168892 0.0325049 0.0266284 0.0226426 -0.00304705 -0.0941356 0.0183899 0.0481513 0.00878251 0.0289236 -0.00444607 0.000636632 0.00485008 -0.0110988 -0.0968852 -0.0109749 -0.0121454 -0.0976451 -0.0983749 -0.0988465
internal_weight=18758.5 16239.7 2518.83 8582.12 7657.54 5566.75 4774.15 8081.28 2309.49 4233.81 2090.79 2214.26 2019.55 7822.38 4398.31 3236.35 1161.97 2222.47 3424.06 3236.29 2196.08 2143.6 2106.03
internal_count=3099 1092 2007 869 223 179 165 847 1985 157 44 109 48 838 385 254 131 1964 453 441 1960 1930 1905
is_linear=0
shrinkage=0.05


Tree=36
num_leaves=34
num_cat=0
split_feature=1 6 7 0 13 11 1 13 14 10 0 11 13 0 12 12 10 0 6 10 12 6 12 12 7 4 14 11 9 4 14 1 14
split_gain=8275.52 2147.12 741.098 379.792 442.083 360.337 169.532 140.028 167.959 148.273 134.409 112.457 107.276 94.2529 81.7813 77.2232 73.4416 71.7563 63.2299 59.2047 55.4479 72.8425 49.5878 45.4904 24.7668 18.6795 16.7695 13.737 15.8917 12.1613 11.7154 5.35709 2.72627
threshold=19.452079108246128 54.37480424865425 11.500000000000002 216.95349484284279 7.8831168831168839 1335.0000000000002 39.709043725042449 7.1000000000000005 18.500000000000004 5.1558704453441306 1.0000000180025095e-35 585.00000000000011 18.500000000000004 13.08211540720111 0.98948440691528583 0.82156093307172451 8.2202380952380967 9.2540356517216811 108.10312994540509 5.2788888888888899 2.6844446213090571 108.86218863487578 1.044152923538231 3.9650883482248473 43.500000000000007 1.7403846153846156 12.500000000000002 275.00000000000006 24.674778966523412 1.0161290322580647 82.500000000000014 62.873841581333203 4.5000000000000009
decision_type=10 8 10 10 10 10 10 8 8 10 10 10 10 10 8 8 10 10 10 10 8 10 10 8 10 10 10 8 10 8 10 10 8
left_child=2 6 10 4 5 20 12 8 24 13 14 25 15 -10 -1 -2 19 -11 -7 -17 -3 -22 27 -18 26 -4 -8 31 -29 -16 32 -9 -31
right_child=1 3 11 -5 -6 18 7 22 9 17 -12 -13 -14 -15 29 16 23 -19 -20 -21 21 -23 -24 -25 -26 -27 -28 28 -30 30 -32 -33 -34
leaf_value=-0.03894611273559738 0.021260046147975872 0.016001470571503411 -0.067889583486462429 0.054658919136000517 0.061570114988322634 0.043846390256649534 -0.014034438431393398 -0.013850873406991605 0.017623421627649044 0.022207884877271135 -0.033902275429307467 0.0088149026384099737 0.023542597660395525 0.048063801648175072 -0.061199199285754784 -0.014500265161907069 -0.013197288641083866 -0.0034392258552016076 0.028027746350849887 -0.041740102471436252 -0.014473037660592948 0.010788315470339208 -0.025310524357665051 0.01742273938011512 0.005480305860065259 -0.032868692923222247 0.00092224511545138796 -0.0070827066101782181 0.010617927171727638 -0.096025175887732309 -0.070154455963517312 -0.0047059201123966611 -0.10000000000000001
leaf_weight=60.883843302726746 167.827796459198 788.32459926605225 66.036940693855286 1833.9807281494141 845.60538673400879 1032.4238719940186 593.01973533630371 259.79271507263184 530.20608425140381 434.67708396911621 90.828985214233398 202.11731684207916 227.82060241699219 488.66022872924805 22.48830509185791 2683.4245290756226 212.1820330619812 731.98082065582275 1627.6349763870239 215.49321889877319 544.43796062469482 599.72122478485107 335.33901166915894 283.18059492111206 420.4214768409729 89.926196336746216 273.99848890304565 230.90031719207764 281.26781606674194 641.39276015758514 36.619170427322388 417.49678325653076 1317.5781264305115
leaf_count=21 13 27 31 16 11 20 58 36 34 23 22 29 16 11 16 419 26 43 36 32 32 20 26 18 28 26 24 26 24 600 25 42 1268
internal_value=0.00164945 0.0148856 -0.0824412 0.0349828 0.0283471 0.0222299 -0.00174549 0.00430216 0.00984771 0.018287 -0.0934391 -0.0157991 -0.0097205 0.032223 -0.0960403 -0.0118479 -0.0134849 0.00611646 0.0341673 -0.0165252 0.00579806 -0.00123207 -0.00832871 0.00430706 -0.00447863 -0.047697 -0.00930777 -0.00354109 0.00263797 -0.0977628 -0.0981748 -0.00821371 -0.0986986
internal_weight=18587.7 16059.8 2527.87 7272.13 5438.15 4592.54 8787.69 4997.76 3472.96 2185.52 2169.79 358.08 3789.93 1018.87 2078.96 3562.11 3394.28 1166.66 2660.06 2898.92 1932.48 1144.16 1524.8 495.363 1287.44 155.963 867.018 1189.46 512.168 2018.08 1995.59 677.289 1958.97
internal_count=3099 1061 2038 162 146 135 899 375 221 111 1952 86 524 45 1930 508 495 66 56 451 79 52 154 44 110 57 82 128 50 1909 1893 78 1868
is_linear=0
shrinkage=0.05


Tree=37
num_leaves=32
num_cat=0
split_feature=9 6 11 0 13 11 1 12 13 14 10 13 3 6 3 0 6 5 3 3 12 4 3 1 14 11 9 1 14 14 4
split_gain=7754.5 2034.17 750.056 355.328 414.762 328.921 178.771 158.128 126.67 152.252 135.384 98.9763 96.1155 87.9722 81.277 64.9392 58.9331 53.4675 61.3884 51.849 44.9679 41.2232 24.6562 40.1745 17.5542 12.4034 14.3493 4.84531 2.65923 26.8789 2.80475
threshold=11.080954496804615 54.37480424865425 585.00000000000011 216.95349484284279 7.8831168831168839 1335.0000000000002 39.709043725042449 0.98948440691528583 7.1000000000000005 18.500000000000004 5.1558704453441306 18.500000000000004 0.91987179487179505 24.966902782261503 8.150793650793652 9.2540356517216811 108.10312994540509 1216.0000000000002 3.6510869565217394 1.9791666666666667 1.044152923538231 4.5320512820512828 2.2951612903225809 54.683267938374392 82.500000000000014 275.00000000000006 24.674778966523412 62.873841581333203 4.5000000000000009 3.5000000000000004 3.977272727272728
decision_type=10 10 10 10 10 10 10 8 8 8 10 10 8 10 10 10 10 10 8 10 10 8 8 10 10 8 10 10 8 10 10
left_child=2 6 7 4 5 17 11 -1 9 22 13 12 -2 -11 21 -12 -7 18 -3 24 25 -14 -8 -24 28 27 -27 -10 29 -9 -30
right_child=1 3 -4 -5 -6 16 8 19 20 10 15 -13 14 -15 -16 -17 -18 -19 -20 -21 -22 -23 23 -25 -26 26 -28 -29 30 -31 -32
leaf_value=-0.026886602371957787 0.021535061364504379 0.013328750230901432 0.010441917412103593 0.052713896802908701 0.05962233359854148 0.042058646966406245 0.008543667714883749 -0.10000000000000001 -0.013170974504424194 0.046800871014851531 0.021149688671545274 0.021614027153428694 -0.0083078579833997419 0.017227010557224674 0.010232788673746277 -0.0032674580522334164 0.026731438653639319 0.017017533723496691 -0.0092577009375382699 -0.053579192776480461 -0.024122327014910773 -0.020422904056228815 0.0075972145265593583 -0.01446653468283474 -0.064578239384250447 -0.0067302610512853141 0.01009272515356216 -0.0044711197229336096 -0.10000000000000001 -0.070593183577573979 -0.081399502117852365
leaf_weight=85.834698796272278 200.41880559921265 491.18156147003174 189.88644182682037 1807.2662811279297 829.97562599182129 1022.7469968795776 291.0897388458252 533.33043599128723 259.54974222183228 465.03959083557129 433.63196420669556 230.71199607849121 1044.034460067749 547.52017164230347 313.30652379989624 731.9386100769043 1621.401629447937 663.11945247650146 776.30251312255859 68.943330645561218 334.29171371459961 2144.2187530994415 291.87021970748901 703.84763288497925 39.183025240898132 230.84384870529175 281.11322593688965 417.45170783996582 1252.8225190639496 90.958976984024048 20.600075125694275
leaf_count=25 16 18 27 16 11 20 20 535 36 17 23 17 136 28 25 43 36 19 42 34 26 366 28 62 26 26 24 42 1268 76 11
internal_value=0.0015732 0.0137751 -0.0847063 0.0335213 0.0271036 0.0212039 -0.00218851 -0.0933441 0.00409624 0.00937914 0.0174351 -0.01016 -0.0121402 0.0308094 -0.0140677 0.00581655 0.0326599 0.00551367 -0.00050489 -0.096188 -0.00792078 -0.0164557 -0.00425694 -0.00799909 -0.0977046 -0.0033655 0.00250716 -0.00780648 -0.0983886 -0.0957154 -0.0996991
internal_weight=18414.4 16132.9 2281.56 7211.99 5404.73 4574.75 8920.88 2091.67 4988.19 3464.94 2178.13 3932.69 3701.98 1012.56 3501.56 1165.57 2644.15 1930.6 1267.48 2005.84 1523.25 3188.25 1286.81 995.718 1936.9 1188.96 511.957 677.001 1897.71 624.289 1273.42
internal_count=3099 1097 2002 162 146 135 935 1975 375 221 111 560 543 45 527 66 56 79 60 1950 154 502 110 90 1916 128 50 78 1890 611 1279
is_linear=0
shrinkage=0.05


Tree=38
num_leaves=27
num_cat=0
split_feature=9 1 2 0 1 12 0 0 8 5 12 5 14 13 1 3 1 14 3 2 2 8 3 14 14 14
split_gain=7268.07 1865.63 846.578 280.401 229.607 216.191 182.426 282.57 183.354 164.882 116.868 102.091 83.8027 63.7949 85.3031 85.3548 44.1694 64.9862 45.4109 36.5862 28.019 27.7192 23.4091 19.297 3.37365 28.6465
threshold=11.080954496804615 208.98084986905226 0.99705764171969402 216.95349484284279 73.254998752474805 2.3732142857142864 17.888783921634452 17.252394281991638 2.1791257522964842 765.50000000000011 3.5107105538140027 1653.0000000000002 159.00000000000003 18.500000000000004 25.907322621792332 0.91987179487179505 175.81849662359679 38.500000000000007 2.3398093841642233 1.4985809017891645 2.9911010205733084 1.1810826090028976 1.9791666666666667 82.500000000000014 4.5000000000000009 3.5000000000000004
decision_type=10 10 8 10 10 10 10 10 10 10 10 10 10 10 10 8 10 10 10 8 8 10 10 10 8 10
left_child=2 4 -1 5 12 19 7 8 20 22 -7 -12 13 14 21 -16 17 18 -8 -3 -6 -2 23 24 25 -4
right_child=1 3 9 -5 6 10 16 -9 -10 -11 11 -13 -14 -15 15 -17 -18 -19 -20 -21 -22 -23 -24 -25 -26 -27
leaf_value=0.011904184920112705 -0.015338670840135342 0.019595278767530339 -0.10000000000000001 0.050784233111862899 0.0016153458694843541 0.044551597722200041 -0.010145836035972116 0.04763395266641432 0.033969829266040738 -0.019493502830101636 0.015757756158900363 0.03796143024998451 0.028236684932987033 0.017092342745736667 0.02947615611473256 -0.006491150684244067 0.011399000977043362 -0.023784716792386543 0.013771031619734345 0.0014342025641980558 -0.015969142966227565 -0.031916739596953535 -0.062896908540656091 -0.062656492274106843 -0.10000000000000001 -0.069589399647024139
leaf_weight=208.37289428710938 1331.2857248783112 462.59200668334961 515.88829416036606 1782.7814025878906 543.64584350585938 1445.8267269134521 449.0783166885376 611.18430042266846 423.32293319702148 71.487833261489868 1117.1476612091064 964.79413604736328 165.87512683868408 246.47992444038391 172.46368980407715 3786.0662269592285 390.05695819854736 422.89079856872559 355.6440954208374 692.39405727386475 388.36203289031982 311.0612485408783 49.488458395004272 38.386276960372925 1214.6664693951607 91.116642117500305
leaf_count=22 225 14 542 16 41 24 40 13 14 19 32 16 10 19 11 444 16 32 15 31 32 52 30 26 1285 78
internal_value=0.00149928 0.0131478 -0.083962 0.0339086 -0.000838242 0.0274839 0.00917891 0.0194098 0.00668219 -0.0940456 0.0336311 0.0260472 -0.00680897 -0.00780312 -0.00889871 -0.00492414 -0.00325825 -0.00791538 0.000424135 0.00870803 -0.005712 -0.0184786 -0.0968366 -0.0977396 -0.0984789 -0.0954351
internal_weight=18252.4 16063 2189.41 6465.54 9597.42 4682.75 3584.19 1966.52 1355.33 1981.03 3527.77 2081.94 6013.23 5847.36 5600.88 3958.53 1617.67 1227.61 804.722 1154.99 932.008 1642.35 1909.55 1860.06 1821.67 607.005
internal_count=3099 1097 2002 133 964 117 203 100 87 1980 72 48 761 751 732 455 103 87 55 45 73 277 1961 1931 1905 620
is_linear=0
shrinkage=0.05


Tree=39
num_leaves=23
num_cat=0
split_feature=9 1 2 4 1 12 5 1 12 9 13 2 13 5 3 12 12 3 11 14 14 14
split_gain=6813.37 1699.53 826.453 309.38 256.529 193.218 167.181 134.843 113.751 107.407 110.165 169.172 106.666 104.565 41.1739 39.4293 36.9364 25.2971 22.8145 20.8736 3.78218 31.3293
threshold=11.080954496804615 208.98084986905226 0.99705764171969402 62.500000000000007 1346.5974611859924 2.3732142857142864 765.50000000000011 30.294058281425652 3.5107105538140027 32.917796813665731 12.583333333333334 1.6863863343021233 18.500000000000004 1653.0000000000002 6.5871212121212128 8.3304487179487214 1.6094025421522764 1.9791666666666667 485.00000000000006 82.500000000000014 4.5000000000000009 3.5000000000000004
decision_type=10 10 8 10 10 10 10 10 10 10 8 8 10 10 10 10 10 10 8 10 8 10
left_child=2 3 -1 7 5 16 17 12 -7 10 11 -9 14 -10 18 -12 -3 19 -2 20 21 -4
right_child=1 4 6 -5 -6 8 -8 9 13 -11 15 -13 -14 -15 -16 -17 -18 -19 -20 -21 -22 -23
leaf_value=0.011317000861375217 -0.011957087899108997 0.016334670444758965 -0.10000000000000001 0.055821710678686576 0.047748549629436712 0.043206756441330985 -0.018554110752148547 -0.0061511089745199367 0.01341085669496747 -0.023344568308602778 -0.0051058188045327163 0.014703141829030597 0.023194590384557817 0.036325291976776419 0.0059056463876080113 -0.031371061005854718 -0.0016532338120320363 -0.060958466578289378 -0.021890329378132362 -0.060716109435160752 -0.10000000000000001 -0.067751159080230133
leaf_weight=208.22894287109375 1690.855806350708 637.27363300323486 490.72813165187836 235.34925508499146 1920.3303298950195 1351.1393089294434 71.35539984703064 1464.0999135971069 1036.5256462097168 393.80437803268433 1399.1840505599976 2896.1499447822571 213.40457487106323 958.01583480834961 249.9245457649231 159.13997745513916 516.83955478668213 48.533884763717651 878.32904934883118 37.651500821113586 1155.4264808297157 88.965113639831543
leaf_count=22 277 26 542 6 18 23 19 120 31 38 163 168 15 16 23 13 19 30 141 26 1285 78
internal_value=0.00142743 0.012543 -0.083229 -0.000796862 0.0324491 0.02592 -0.0936309 -0.00222279 0.0320052 0.00194017 0.00362254 0.00770063 -0.0108883 0.0244171 -0.0134683 -0.00778809 0.00827926 -0.0965723 -0.015353 -0.0975473 -0.0983465 -0.0950508
internal_weight=18101.3 16000.4 2100.89 9580.24 6420.12 4499.79 1892.66 9344.89 3345.68 6312.38 5918.57 4360.25 3032.51 1994.54 2819.11 1558.32 1154.11 1821.31 2569.18 1772.77 1735.12 579.693
internal_count=3099 1097 2002 964 133 115 1980 958 70 502 464 288 456 47 441 176 45 1961 418 1931 1905 620
is_linear=0
shrinkage=0.05


Tree=40
num_leaves=29
num_cat=0
split_feature=0 6 7 0 11 5 8 11 7 1 8 8 0 4 1 4 3 8 13 8 10 0 13 14 6 13 14 14
split_gain=6400.47 1421.38 752.532 298.681 450.151 233.076 308.931 135.981 135.76 131.673 158.746 116.585 112.059 99.3673 75.8551 69.311 65.3684 58.3941 48.6715 46.9366 44.5991 73.3703 41.2061 40.0051 18.25 4.02924 4.14841 33.6859
threshold=1.0000000180025095e-35 105.16351742017922 12.500000000000002 216.95349484284279 405.00000000000006 1102.0000000000002 1.5429975429975433 1555.0000000000002 60.500000000000007 73.254998752474805 6.2372665534804765 0.55310150375939859 17.252394281991638 3.1937500000000005 418.09230564135845 3.8968085106382984 1.2679487179487181 0.85410334346504568 18.500000000000004 0.53626592356687908 8.0575657894736867 17.46849970251322 1.4361413043478264 82.500000000000014 27.757658830032131 2.9761904761904767 4.5000000000000009 3.5000000000000004
decision_type=10 10 10 10 8 10 8 10 10 10 10 8 10 8 10 10 8 8 10 8 8 10 10 10 10 10 8 10
left_child=2 5 11 4 -3 9 8 14 12 16 20 -1 -7 -10 -6 17 -2 -4 19 -18 22 -22 -11 25 -8 26 27 -13
right_child=1 3 15 -5 7 6 24 -9 13 10 -12 23 -14 -15 -16 -17 18 -19 -20 -21 21 -23 -24 -25 -26 -27 -28 -29
leaf_value=-0.020680437488433411 0.011932898062167204 0.058044275112887449 -0.0049937816132819782 0.048964267438504495 -0.0068079953288884484 0.018885143058413417 -0.0061665297647382463 0.029769196837794415 0.02650737338025896 0.0015141457169422809 0.03848437900410466 -0.10000000000000001 0.049882893006863001 -0.0068476840286567451 0.014746672331511879 0.020214247923681233 0.0092484957527507652 -0.067364931471292522 0.017335860342826869 -0.011703521354033315 0.019409830059500022 -0.0010264068576917031 -0.01948991482528117 -0.048487178285721577 -0.022955382060267954 -0.075226237807935595 -0.10000000000000001 -0.066318879015498308
leaf_weight=51.97618842124939 390.71506023406982 760.95473194122314 96.581316709518433 1907.7889251708984 692.55890941619873 560.66463899612427 288.54025030136108 922.82445049285889 428.40574407577515 557.45227718353271 323.13536643981934 471.2579607963562 607.44449043273926 466.34441184997559 994.00340461730957 128.58719623088837 285.66382122039795 61.373593628406525 164.54342484474182 4158.1531589031219 662.82030391693115 1301.7748289108276 401.81563854217529 41.962651491165161 368.71100997924805 19.329418480396271 1079.1831644773483 88.116913795471191
leaf_count=18 37 11 17 17 30 35 23 18 16 34 8 549 11 29 25 20 28 34 13 611 39 88 28 28 22 15 1267 80
internal_value=0.00135683 0.0118365 -0.0821584 0.0331552 0.0242065 0.00157556 0.0142673 0.0143386 0.0237786 -0.00261103 0.00522866 -0.0944452 0.0350047 0.00912269 0.0058956 -0.00704064 -0.00770307 -0.0292282 -0.00936788 -0.0103567 0.00155335 0.00586842 -0.00728398 -0.0967007 -0.0155849 -0.097921 -0.0981887 -0.0946943
internal_weight=18282.7 16244.3 2038.37 5278.13 3370.34 10966.2 2720.11 2609.39 2062.86 8246.07 3247 1751.83 1168.11 894.75 1686.56 286.542 4999.08 157.955 4608.36 4443.82 2923.86 1964.6 959.268 1699.85 657.251 1657.89 1638.56 559.375
internal_count=3151 1123 2028 101 84 1022 136 73 91 886 197 1957 46 45 55 71 689 51 652 639 189 127 62 1939 45 1911 1896 629
is_linear=0
shrinkage=0.05


Tree=41
num_leaves=37
num_cat=0
split_feature=0 6 7 0 11 12 11 8 10 13 12 14 7 14 3 1 13 1 6 14 12 14 12 6 0 12 13 11 1 11 13 14 14 14 9 7
split_gain=5996.43 1296.54 742.558 277.047 418.799 232.315 123.666 118.413 114.023 132.882 229.893 120.059 92.9692 79.0015 74.7071 68.5324 60.4693 57.3478 55.2974 42.2717 38.8225 25.0774 44.8741 10.1604 24.274 8.09999 7.7909 7.52995 7.73812 5.48046 4.7139 4.62169 36.1862 3.00188 2.42093 0.41151
threshold=1.0000000180025095e-35 105.16351742017922 12.500000000000002 216.95349484284279 405.00000000000006 0.77843552037485653 1555.0000000000002 0.55310150375939859 3.8366666666666673 0.54348739495798326 2.3732142857142864 17.500000000000004 61.500000000000007 11.500000000000002 2.9298029556650249 418.09230564135845 2.7032967032967039 48.648487516882732 32.562274676885444 82.500000000000014 1.4456521739130437 14.500000000000002 1.6916228104626503 26.892792739600683 5.4179735771327113 1.7100291498250166 1.6039215686274513 615.00000000000011 55.331491202271948 1095.0000000000002 3.2752639517345403 4.5000000000000009 3.5000000000000004 23.500000000000004 30.491568019979312 6.5000000000000009
decision_type=10 10 10 10 8 10 10 8 8 8 8 10 10 8 8 10 10 10 10 10 8 10 8 10 10 10 8 8 10 8 10 8 10 10 10 10
left_child=2 5 7 4 -3 17 15 -1 18 10 14 16 -13 -4 -10 -6 -11 23 21 30 -15 25 -23 26 -25 -7 -2 28 33 -28 31 32 -9 -19 -30 -26
right_child=1 3 13 -5 6 8 -8 19 9 11 -12 12 -14 20 -16 -17 -18 27 -20 -21 -22 22 -24 24 35 -27 29 -29 34 -31 -32 -33 -34 -35 -36 -37
leaf_value=-0.019688552343611984 -0.032066315747329668 0.056087440714087826 -0.06169725573666314 0.047080810595614753 -0.0064690961929282937 -0.030758079511539957 0.028406708214628963 -0.10000000000000001 0.023799826292790028 -7.1417926488879767e-05 0.06110669166727159 0.014239885948548178 -0.0044365342822702911 0.027167933360015568 -0.013156362983563707 0.014024601059566533 -0.021969605556179841 -0.0069885597753305611 0.013866934476023621 -0.04661109977643263 -0.013794033452631095 0.01278849510126397 -0.021848275757347314 0.0055654483794821703 -0.016336590428999404 -0.016496947561889429 -0.020404775237308145 0.0031619980669013812 -0.0011216047671159556 -0.011128111997765981 -0.072237418780862664 -0.10000000000000001 -0.064782339388154628 -0.016877843149317825 -0.0072394924191670736 -0.019559098428472737
leaf_weight=51.867818236351013 114.06175088882446 748.45462036132812 53.176584959030151 1885.4887962341309 692.40243053436279 225.52273178100586 918.83746814727783 448.27443420886993 308.14274263381958 1427.7325072288513 311.15681838989258 3299.8538987636566 834.93012428283691 111.29171502590179 245.85955810546875 992.94961166381836 404.58855390548706 155.15280342102051 196.6461386680603 41.481662392616272 120.44789212942123 167.42188501358032 211.81838417053223 154.43930912017822 313.45232152938843 178.27453637123108 660.54860973358154 365.30695676803589 651.05203008651733 209.77230072021484 17.90960818529129 1026.5508048534393 87.113661825656891 151.83071756362915 215.13770961761475 144.84744691848755
leaf_count=18 18 11 23 17 30 35 18 549 17 139 5 195 46 11 23 25 43 20 12 28 37 16 26 20 57 25 129 30 59 39 14 1267 81 21 21 26
internal_value=0.00129134 0.0112892 -0.0813503 0.0317474 0.023124 0.00150043 0.0136502 -0.0940561 0.006115 0.00840243 0.0267152 0.0057473 0.0104686 -0.00673442 0.00739911 0.00560506 -0.00490668 -0.00999618 -0.00983741 -0.0964351 0.00587773 -0.0157903 -0.0065573 -0.0166328 -0.011578 -0.0244619 -0.0197792 -0.00310662 -0.00505857 -0.0181688 -0.0977434 -0.0980358 -0.0942697 -0.0118797 -0.00264112 -0.0173551
internal_weight=18143.8 16185.7 1958.11 5238.13 3352.64 10947.5 2604.19 1673.2 7811.95 6832.26 865.159 5967.11 4134.78 284.916 554.002 1685.35 1832.32 3135.6 979.684 1621.33 231.74 783.038 379.24 1597.12 612.739 403.797 984.383 1538.48 1173.17 870.321 1579.85 1561.94 535.388 306.984 866.19 458.3
internal_count=3151 1123 2028 101 84 1022 73 1957 582 468 45 423 241 71 40 55 182 440 114 1939 48 102 42 289 103 60 186 151 121 168 1911 1897 630 41 80 83
is_linear=0
shrinkage=0.05


Tree=42
num_leaves=30
num_cat=0
split_feature=0 1 2 0 4 4 13 8 9 5 8 10 4 9 8 5 1 4 4 10 0 11 11 5 0 5 5 13 5
split_gain=5616.16 1105.69 815.034 449.688 422.386 272.061 186.181 115.842 115.211 140.402 82.7869 110.323 70.984 74.3971 52.3205 44.5293 43.864 29.696 44.9375 24.8938 24.2431 11.9015 15.0515 9.66795 10.2764 4.25641 92.5575 3.70729 1.48101
threshold=1.0000000180025095e-35 120.04308645058474 1.0000000180025095e-35 216.95349484284279 32.250000000000007 5.248742138364781 2.609110169491526 10.975000000000001 30.294058281425652 1364.5000000000002 3.2554347826086958 4.7020202020202033 1.4409722222222225 25.52714648635266 1.459543378995434 483.50000000000006 41.58384813889699 1.3867521367521369 1.796477079796265 4.5521390374331565 45.771112190664589 405.00000000000006 365.00000000000006 364.50000000000006 5.3988841720070413 19.500000000000004 20.500000000000004 19.833333333333339 82.500000000000014
decision_type=10 10 8 10 10 10 8 10 10 10 8 8 10 10 10 10 10 8 10 8 10 10 8 10 10 10 10 8 10
left_child=2 7 -1 4 6 19 8 10 9 -3 11 17 13 -13 -14 -8 23 -2 -19 -4 -17 22 -18 24 -12 -21 -27 -25 -28
right_child=1 3 5 -5 -6 -7 15 -9 -10 -11 16 12 14 -15 -16 20 21 18 -20 25 -22 -23 -24 27 -26 26 28 -29 -30
leaf_value=0.013899193634016503 -0.032371525154201441 0.0128114179131336 -0.058248354514667526 0.045228379885383217 0.053488451411345318 0.0057763650033034976 0.00851828547596758 0.031942899962548121 0.00065233090803816312 0.033386809363871943 -0.0062365471549759195 0.0005209326083324429 0.0051777764378296521 0.032617731381631133 -0.010174227160138234 -0.017817316294722923 -0.003778380548026278 0.0091780171913246073 -0.015736505686238935 -0.10000000000000001 -0.0016066682932444896 -0.011586756405202681 0.011884521149256644 -0.029690767479638898 -0.016553052096424038 -0.020253474382801083 -0.10000000000000001 -0.019327274288363134 -0.095560891286240041
leaf_weight=203.83824157714844 169.06486797332764 1817.5672702789307 42.239621877670288 1865.1123886108398 714.84585571289062 68.27765291929245 579.43482875823975 236.44653534889221 761.96395206451416 1524.5963878631592 338.80262088775635 320.11417007446289 2152.1549770832062 414.06726121902466 747.83207225799561 431.43125915527344 805.48310375213623 239.0059449672699 745.54423046112061 712.70171463489532 495.54979133605957 343.81688976287842 189.4592924118042 125.6596417427063 839.52658367156982 39.737661600112915 521.35856646299362 275.46868872642517 293.7577953338623
leaf_count=21 26 63 30 17 10 23 29 12 31 30 58 32 186 25 71 26 90 25 91 917 20 33 17 21 161 31 675 49 331
internal_value=0.00122798 0.0107629 -0.0805115 0.0236529 0.0172911 -0.0919797 0.0126791 -0.00252963 0.0181973 0.0221973 -0.00358737 0.000458648 0.00473491 0.018623 0.00121889 -0.00235482 -0.0102255 -0.0130126 -0.00968834 -0.0961259 -0.00915135 -0.00356712 -0.000795814 -0.0158692 -0.0135868 -0.0971465 -0.0947676 -0.0225738 -0.0984002
internal_weight=18014.9 16132.9 1881.91 8190.5 6325.39 1678.07 5610.54 7942.45 4104.13 3342.16 7706 4787.78 3634.17 734.181 2899.99 1506.42 2918.22 1153.62 984.55 1609.8 926.981 1338.76 994.942 1579.46 1178.33 1567.56 854.854 401.128 815.116
internal_count=3151 1123 2028 226 209 2007 199 897 124 93 885 456 314 57 257 75 429 142 116 1984 46 140 107 289 219 1954 1037 70 1006
is_linear=0
shrinkage=0.05


Tree=43
num_leaves=31
num_cat=0
split_feature=1 6 2 4 10 12 1 2 13 14 6 12 7 10 13 1 3 3 10 14 11 11 1 13 14 14 14 14 9 4
split_gain=5263.62 1082.83 793.069 268.451 258.546 191.158 148.805 114.282 141.744 118.404 79.4682 73.5515 70.0234 68.104 56.6064 47.2191 44.699 35.1755 26.7155 17.6355 9.43425 6.48573 6.80257 6.37372 5.42922 40.9348 4.7169 2.6995 2.27679 4.54747e-13
threshold=1.0000000180025095e-35 105.16351742017922 1.0000000180025095e-35 5.248742138364781 7.4772727272727275 0.77843552037485653 1018.9035863109681 1.5813834771118909 0.54348739495798326 18.500000000000004 270.13320023113403 4.6032651455546825 40.500000000000007 5.1188235294117659 2.7032967032967039 48.648487516882732 4.6742424242424248 1.3203947368421056 4.5521390374331565 82.500000000000014 35.000000000000007 615.00000000000011 55.331491202271948 1.1165717710518432 4.5000000000000009 3.5000000000000004 87.500000000000014 23.500000000000004 30.491568019979312 1.1180555555555558
decision_type=10 10 8 10 8 10 10 8 8 10 10 10 10 8 10 10 8 8 8 10 8 8 10 8 8 10 10 10 10 10
left_child=2 5 -1 18 10 15 -6 11 -9 14 -3 13 -11 17 -10 20 -15 -7 -4 24 -2 22 27 -22 25 -20 -25 -17 -24 -26
right_child=1 4 3 -5 6 7 -8 8 9 12 -12 -13 -14 16 -16 21 -18 -19 19 -21 23 -23 28 26 29 -27 -28 -29 -30 -31
leaf_value=0.013217012194144949 -0.0027592280788156813 0.0090574834236930492 -0.056291438397589592 0.005488463996855244 0.029067689754631448 0.0063626226819587343 0.052638283233058927 0.03236694967381501 0.00084990884864201942 0.017331373887193035 0.027044682167493658 -0.03113258019561049 0.0029961771983251237 0.017288612492662944 -0.021199987353054006 -0.0064287698036624083 -0.0017542949648184009 -0.018422041327340637 -0.10000000000000001 -0.06269350093126351 -0.027858485035588593 0.0029644467520443204 -0.00092689248513000996 -0.014479413413896412 -0.10000000000000001 -0.061595338649566539 -0.025113900673400594 -0.015811783759535094 -0.0068606305528832153 -0.10000000000000001
leaf_weight=203.64626741409302 140.33421063423157 1321.2573251724243 41.540867507457733 68.266546130180359 1469.7822418212891 188.2080864906311 1229.9382095336914 599.63540267944336 969.97133207321167 2087.7943558692932 1147.2261390686035 223.61578631401062 1439.0417861938477 531.59500169754028 415.85528087615967 155.09541034698486 733.15246200561523 598.07185053825378 414.01205855607986 36.664981603622437 110.84214115142822 365.13061618804932 650.94180202484131 1227.1897737979889 924.71429300308228 83.354321181774139 113.95335960388184 151.56400108337402 215.07574939727783 35.462261915206909
leaf_count=21 24 39 30 23 36 19 10 32 88 126 16 26 76 33 45 20 62 75 556 29 16 30 59 227 1258 82 22 21 21 29
internal_value=0.0011666 0.0102577 -0.0797295 -0.09153 0.0291124 0.00133177 0.039806 0.00552656 0.0094176 0.00661642 0.017417 -0.00390284 0.0114822 -0.000934085 -0.00576677 -0.00910378 0.00624976 -0.0124895 -0.0958426 -0.0969422 -0.0151389 -0.00285476 -0.00466665 -0.0163354 -0.0978037 -0.0935637 -0.015383 -0.0110663 -0.00240054 -0.1
internal_weight=17892.9 16085.3 1807.66 1604.02 5168.2 10917.1 2699.72 7786.94 5512.3 4912.66 2468.48 2274.64 3526.84 2051.03 1385.83 3130.13 1264.75 786.28 1535.75 1494.21 1592.32 1537.81 1172.68 1451.99 1457.54 497.366 1341.14 306.659 866.018 960.177
internal_count=3151 1123 2028 2007 101 1022 46 582 367 335 55 215 202 189 133 440 95 94 1984 1954 289 151 121 265 1925 638 249 41 80 1287
is_linear=0
shrinkage=0.05


Tree=44
num_leaves=30
num_cat=0
split_feature=1 6 7 9 4 1 5 8 8 7 9 12 4 12 4 1 13 7 5 5 14 10 3 14 4 13 14 14 3
split_gain=4930.5 984.564 712.238 245.095 201.765 344.169 179.822 258.706 121.986 119.962 151.855 98.2295 79.492 72.925 169.164 71.6332 71.1001 66.5917 61.3144 74.1279 50.3575 33.4858 25.0659 22.5077 13.0813 6.21999 6.11685 44.7233 4.54747e-13
threshold=1.0000000180025095e-35 105.16351742017922 12.500000000000002 27.61476291989889 30.500000000000004 1018.9035863109681 1102.0000000000002 1.5429975429975433 0.55310150375939859 60.500000000000007 24.418788088397786 14.972268907563027 3.6781609195402303 1.7007853403141364 8.0789473684210531 24.418788088397786 11.273809523809526 45.500000000000007 562.50000000000011 460.50000000000006 82.500000000000014 8.3484848484848495 3.253571428571429 59.500000000000007 3.7287356321839087 5.5080645161290329 4.5000000000000009 3.5000000000000004 0.96428571428571441
decision_type=10 10 10 10 8 10 10 8 8 10 10 10 10 8 8 10 8 10 10 10 10 8 10 10 10 10 8 10 10
left_child=2 6 8 4 5 -3 11 9 -1 10 -8 13 -11 14 17 24 -13 -2 19 -4 25 -17 -5 -9 -15 26 27 -10 -28
right_child=1 3 18 22 -6 -7 7 23 20 12 -12 16 -14 15 -16 21 -18 -19 -20 -21 -22 -23 -24 -25 -26 -27 28 -29 -30
leaf_value=-0.016643165486860942 -0.010841795120276134 0.0059641921030020653 -0.020548068503542787 0.0030211540654806954 0.052767315727183697 0.042422416393191408 0.052029401522854617 -0.023343350907332805 -0.10000000000000001 0.023208962050603313 0.015478352887933453 0.028595476059715342 -0.0067527148254595149 -0.017905657671370544 0.032595533292665124 -0.01211275109029181 -0.0030353504476381471 0.023309521953557195 -0.040109668434324557 0.041874812426886315 -0.039889350221920784 -0.0023767853817276679 0.016385192056514005 -0.0047615848097301893 -0.035562980976399011 -0.064395550275526514 -0.10000000000000001 -0.059063895696683716 -0.10000000000000001
leaf_weight=50.659037470817566 842.81105160713196 1115.998007774353 95.969958662986755 669.82995986938477 1076.8561401367188 1541.3840484619141 517.51772117614746 355.11616802215576 386.40913957357407 421.75013542175293 630.20167589187622 417.64222049713135 465.95646667480469 642.39628624916077 422.49863600730896 1121.1857991218567 309.18177318572998 171.8435754776001 87.885670185089111 94.281625747680664 39.40812760591507 4160.1465883255005 736.84684944152832 301.17974090576172 125.3613486289978 14.283662796020506 866.65137523412704 80.645626723766327 21.377562761306763
leaf_count=18 97 33 29 23 13 15 10 28 549 16 36 16 29 128 25 101 25 11 31 11 28 460 17 17 23 11 1245 81 25
internal_value=0.00110708 0.00977075 -0.078898 0.0278093 0.0345099 0.0271114 0.00126673 0.0124823 -0.0928729 0.0212843 0.0319596 -0.00240901 0.0074821 -0.00411282 0.00601159 -0.0065182 0.0151401 -0.00505787 -0.00556933 0.0103864 -0.0956141 -0.00444366 0.0100215 -0.014816 -0.0207888 -0.0972178 -0.0975638 -0.0929316 -0.1
internal_weight=17783.3 16045.7 1737.57 5140.92 3734.24 2657.38 10904.8 2691.72 1459.43 2035.43 1147.72 8213.07 887.707 7486.24 1437.15 6049.09 726.824 1014.65 278.137 190.252 1408.78 5281.33 1406.68 656.296 767.758 1369.37 1355.08 467.055 888.029
internal_count=3151 1123 2028 101 61 48 1022 136 1957 91 46 886 45 845 133 712 41 108 71 40 1939 561 40 45 151 1911 1900 630 1270
is_linear=0
shrinkage=0.05


Tree=45
num_leaves=34
num_cat=0
split_feature=0 1 4 14 14 11 2 1 3 7 10 13 11 4 0 1 10 13 2 3 4 3 10 7 14 11 1 13 4 14 14 1 5
split_gain=4571.28 853.814 699.434 244.941 220.299 146.045 120.826 108.382 106.189 79.4116 74.0786 87.0304 68.4334 85.068 66.3868 61.989 61.7971 61.4696 59.9803 51.536 39.0189 34.6722 27.7834 23.9027 23.2252 22.2869 24.307 23.6705 21.911 7.52181 52.6716 4.188 4.54747e-13
threshold=1.5885685100701512 120.04308645058474 1.2450855478704044 40.500000000000007 43.500000000000007 1415.0000000000002 1.0000000180025095e-35 30.092842042833656 3.1792857142857147 60.500000000000007 10.418750000000001 2.6404040404040408 585.00000000000011 2.1403940886699511 4.6251890539868414 46.739118736879398 4.0294117647058831 6.0400000000000009 0.99899213555185196 8.150793650793652 1.7654698242933538 2.8388888888888895 2.0192307692307696 19.500000000000004 82.500000000000014 85.000000000000014 24.418788088397786 1.1692708333333337 2.3316151202749147 4.5000000000000009 3.5000000000000004 32.490003311446522 284.50000000000006
decision_type=10 10 10 8 8 10 8 10 10 10 10 10 8 10 10 10 8 10 8 10 8 10 8 10 10 8 10 10 10 8 10 10 10
left_child=2 7 6 5 -5 12 -1 19 -6 -10 11 18 13 -3 -9 23 -17 -18 -4 20 -2 -14 -8 31 29 26 -22 -27 -20 30 -24 -16 -31
right_child=1 3 10 4 8 -7 22 14 9 -11 -12 -13 21 -15 15 16 17 -19 28 -21 25 -23 24 -25 -26 27 -28 -29 -30 32 -32 -33 -34
leaf_value=-0.0010536426729787554 0.0045147995462076805 -0.0018294525009394211 -0.015034663496837337 0.052385918890754238 0.011500853783191267 0.024946910022587459 -0.02684207821630466 0.021202795178470266 0.038306800854451435 0.02168816358435879 0.034600184158789481 0.028250775222461 0.0027617531740948657 0.028846884755112896 -0.013656162853243526 -0.016541955760749044 0.0021804775544586302 0.021802674283879803 -0.048782565159746633 0.01184827448933133 -0.01806806286349022 -0.014117389283769797 -0.10000000000000001 -0.033934032096483858 -0.05315421756617842 -0.012531207596603401 0.007068726849127599 -0.024348264095026294 -0.10000000000000001 -0.10000000000000001 -0.055786161936535898 -0.002770469167396664 -0.10000000000000001
leaf_weight=34.882957935333252 319.58591747283936 471.87253189086914 105.0245509147644 768.59725284576416 1317.1650848388672 1092.119704246521 14.642213821411131 426.36640882492065 1226.0540103912354 1737.6093149185181 70.178198456764221 61.346141695976257 638.49745750427246 433.71638107299805 224.21157503128052 378.20622253417969 3082.5952501296997 458.48374176025391 46.829541802406311 250.43556547164917 163.76874184608459 581.17065143585205 370.99872821569443 135.17270946502686 30.735554814338684 1326.2127299308777 233.0019965171814 622.76298880577087 37.686442911624908 791.89032125473022 82.302810966968536 145.81905937194824 27.163290083408356
leaf_count=5 39 29 15 10 37 27 11 32 21 34 7 12 27 14 38 39 264 21 29 20 33 25 553 18 24 228 32 96 35 1196 80 19 34
internal_value=0.00147678 0.0096848 -0.0771539 0.0208685 0.0277386 0.0100864 -0.0929015 -0.00221915 0.0233133 0.0285632 -0.0108105 -0.0235128 0.00244999 0.0128625 0.00236016 0.000544384 0.00266922 0.00472108 -0.0402664 -0.00983758 -0.0118752 -0.00528114 -0.0953329 -0.0159397 -0.0961025 -0.0141082 -0.00330659 -0.0163072 -0.0716209 -0.09714 -0.0919724 -0.00936641 -0.1
internal_weight=17707.1 16033.4 1673.68 8266.8 5049.43 3217.38 1352.62 7766.62 4280.83 2963.66 321.065 250.887 2125.26 905.589 4850.85 4424.49 3919.29 3541.08 189.541 2915.77 2665.33 1219.67 1317.73 505.203 1303.09 2345.75 396.771 1948.98 84.516 1272.36 453.302 370.031 819.054
internal_count=3104 1103 2001 224 102 122 1903 879 92 55 98 91 95 43 431 399 324 285 79 448 428 52 1898 75 1887 389 65 324 64 1863 633 57 1230
is_linear=0
shrinkage=0.05


Tree=46
num_leaves=39
num_cat=0
split_feature=0 6 4 14 14 11 8 13 0 10 6 7 0 2 8 11 10 2 8 4 12 7 14 6 6 11 5 2 14 11 13 14 14 4 6 14 14 5
split_gain=4278.21 735.467 675.377 183.818 226.106 179.779 128.958 115.983 123.103 131.402 88.5673 88.5029 86.9262 85.5303 84.0617 74.2714 65.2403 45.8395 47.7613 39.7741 38.9116 37.8277 24.4585 15.3482 26.6703 21.8156 15.5926 15.3263 12.5205 10.3014 6.88306 7.37769 52.4539 6.14512 5.45764 3.33858 0.406742 4.54747e-13
threshold=1.0000000180025095e-35 54.37480424865425 1.2450855478704044 40.500000000000007 44.500000000000007 1415.0000000000002 0.55310150375939859 12.158536585365855 4.2400283017096045 3.8366666666666673 32.495763539354485 66.500000000000014 22.166467752764621 5.1360634615241647 1.3030612244897961 235.00000000000003 11.816666666666668 0.49924510222542112 0.58751044277360076 14.633333333333335 17.793956043956047 39.500000000000007 82.500000000000014 24.675499597447264 26.985410267955732 255.00000000000003 729.00000000000011 1.0000000180025095e-35 16.500000000000004 425.00000000000006 5.7592592592592604 4.5000000000000009 3.5000000000000004 2.5683229813664599 23.28406837636771 44.500000000000007 28.500000000000004 315.50000000000006
decision_type=10 10 10 8 10 10 8 8 10 8 10 10 10 8 10 10 8 10 8 8 10 10 10 10 10 8 10 8 10 8 10 8 10 10 10 8 10 10
left_child=2 7 6 5 -5 21 -1 8 17 33 13 14 -12 -11 -6 27 -17 18 -2 -20 23 -3 30 34 25 -25 -26 -4 -29 -19 31 32 -8 -10 36 -36 -9 -33
right_child=1 3 15 4 11 -7 22 20 9 10 12 -13 -14 -15 -16 16 -18 29 19 -21 -22 -23 -24 24 26 -27 -28 28 -30 -31 -32 37 -34 -35 35 -37 -38 -39
leaf_value=-0.0082336443486958795 0.017677272394789847 0.0053678693669850369 -0.026439081529865901 0.050127079906565564 0.017923223666631564 0.026231034739989889 -0.10000000000000001 -0.016670907559246311 -0.022319910046648014 0.0064156384593333964 -0.017132464721622911 0.013223212244577415 0.012916965873046211 0.022820359546813107 0.038350514889207488 -0.016653811573916086 0.038433714898070181 -0.017853382693467028 -0.0036961117067373025 -0.027232386263457694 -0.02851494560466802 -0.011528894168788179 -0.051220547306566548 -0.0029121571131417363 -0.0096337879681018361 0.022623197399278507 0.0062552646295833264 -0.10000000000000001 -0.042438509489784955 -0.036860694285406323 -0.061283285029627335 -0.10000000000000001 -0.054310258261481004 -0.010787652663988054 -0.0079750815138086625 -0.014975355218376242 -0.021253306255076067 -0.10000000000000001
leaf_weight=43.736596703529358 210.65357971191406 795.50854301452637 28.267576694488525 878.2160587310791 940.39979648590088 1001.8608283996582 350.67164361476898 103.68100094795227 262.97285079956055 1574.1217126846313 497.89421653747559 1634.9045505523682 465.84359550476074 1604.3749694824219 1084.3815546035767 132.09130126237869 90.617711663246155 164.32191276550293 937.28329730033875 222.0193989276886 224.4306800365448 567.56826019287109 30.312162697315216 180.71767520904541 967.22317600250244 155.70911979675293 183.73702716827393 21.70055216550827 16.730586409568787 125.90180397033691 13.572425305843351 758.4320285320282 76.525822877883911 206.00979948043823 725.846764087677 222.5424976348877 90.865102052688599 16.114357709884644
leaf_count=13 20 35 5 11 22 23 551 22 31 116 39 33 18 90 18 32 12 28 121 35 23 24 24 26 135 15 14 28 14 21 11 1204 78 20 114 38 19 21
internal_value=0.00140364 0.00913856 -0.0771276 0.0214534 0.0273436 0.010151 -0.0926211 -0.000176139 0.00362686 0.00783018 0.0106702 0.0218763 -0.00260742 0.0146961 0.0288632 -0.00810101 0.00576066 -0.00804803 -0.00422396 -0.00820357 -0.00853067 -0.00166773 -0.0955841 -0.00682552 -0.00347747 0.00890642 -0.00709729 -0.0543855 -0.0749412 -0.0260989 -0.0966906 -0.0970905 -0.0918154 -0.0172541 -0.0111826 -0.00961772 -0.0188112 -0.1
internal_weight=17607.8 16029 1578.77 6902.84 4537.9 2364.94 1289.37 9126.15 6271.4 4611.22 4142.23 3659.69 963.738 3178.5 2024.78 289.408 222.709 1660.18 1369.96 1159.3 2854.75 1363.08 1245.63 2630.32 1487.39 336.427 1150.96 66.6987 38.4311 290.224 1215.32 1201.74 427.197 468.983 1142.94 948.389 194.546 774.546
internal_count=3104 1111 1993 166 84 82 1902 945 539 314 263 73 57 206 40 91 44 225 176 156 406 59 1889 383 190 41 149 47 42 49 1865 1854 629 51 193 152 41 1225
is_linear=0
shrinkage=0.05


Tree=47
num_leaves=37
num_cat=0
split_feature=0 6 4 0 13 2 8 11 13 0 8 13 4 11 7 8 4 2 8 0 4 4 12 2 6 9 0 5 12 11 5 5 13 6 5 0
split_gain=4002.19 667.102 663.609 164.335 251.892 170.153 128.921 105.953 104.79 111.269 85.7862 114.871 83.2202 68.5163 64.522 50.592 43.0564 41.6044 43.1583 38.1021 36.7511 35.4044 35.3501 15.0072 13.8651 29.8671 25.8503 13.0723 12.741 9.47506 9.35245 118.545 7.55211 4.96095 3.33215 2.51221
threshold=1.0000000180025095e-35 54.37480424865425 1.2450855478704044 216.95349484284279 5.7592592592592604 0.39537846730687765 0.55310150375939859 1335.0000000000002 12.158536585365855 4.2400283017096045 2.5043859649122813 3.2752639517345403 2.2129120879120885 235.00000000000003 70.500000000000014 1.046621621621622 7.7182539682539693 0.49924510222542112 0.58751044277360076 3.4205560014640901 3.8968085106382984 7.5500000000000007 17.793956043956047 1.0000000180025095e-35 24.675499597447264 26.996921261505907 10.302521471006546 795.50000000000011 2.6096938775510208 425.00000000000006 19.500000000000004 20.500000000000004 5.7592592592592604 21.85267994333957 82.500000000000014 6.0446224233245189
decision_type=10 10 10 10 10 10 8 10 8 10 10 10 8 10 10 10 10 10 8 10 10 8 10 8 10 10 10 10 10 8 10 10 10 10 10 10
left_child=2 8 6 4 5 21 -1 16 9 17 11 12 -11 23 -9 -13 -7 18 -2 -20 -15 -3 24 -4 33 26 -26 -27 -25 -19 -8 -32 34 -10 -33 -35
right_child=1 3 13 -5 -6 7 30 14 22 10 -12 15 -14 20 -16 -17 -18 29 19 -21 -22 -23 -24 28 25 27 -28 -29 -30 -31 31 32 -34 35 -36 -37
leaf_value=-0.0078246163179157332 0.016819710184633317 -0.018458753931999351 -0.025205295288126067 0.034484679101243115 0.043283598273903753 -4.7414812494561855e-05 -0.10000000000000001 0.032063881442843188 -0.018281106767805751 -0.0073359122274708937 0.025761268625605377 0.0011739104228486146 0.012267068816883617 -0.015422127426081603 0.014555579207901509 -0.028026848000816652 0.017325137822471318 -0.016987810349433797 -0.025634910380115051 -0.0031892976642351693 0.025291795568333903 0.0013748331690203452 -0.027199868187688943 -0.10000000000000001 0.020600783283021701 -0.010481530615151058 -0.0029856151918516219 0.0057922887265895555 -0.041194464770201417 -0.035257363973270041 -0.005498477537758879 -0.10000000000000001 -0.059333914865070662 -0.0040795414571590622 -0.091912558192193336 -0.010482031104436559
leaf_weight=43.722141623497009 210.33267593383789 409.1062183380127 28.171244621276855 1601.9928398132324 738.35227108001709 939.74973678588867 553.31890773773193 1124.7315158843994 178.76177835464478 673.06591129302979 561.56547737121582 263.99719905853271 2767.7977166175842 107.88267928361893 988.84700012207031 338.55486488342285 574.80993270874023 164.06657338142395 237.94652009010315 920.49105262756348 113.9951446056366 500.00922107696533 223.54103755950928 20.498023986816406 201.89098834991455 867.16718053817749 273.58756160736084 143.87261438369751 16.727860033512115 125.06781816482544 38.017294228076935 396.7832328081131 13.32389199733734 191.13610076904297 187.57073938846588 772.22856521606445
leaf_count=13 20 20 5 16 12 36 911 19 38 56 25 21 183 27 25 29 13 28 42 114 17 25 23 28 22 127 30 11 14 21 32 659 11 32 276 123
internal_value=0.0013339 0.00870285 -0.0761979 0.0204591 0.0162 0.0117927 -0.0921463 0.0166396 -0.000167569 0.00345028 0.00744914 0.00490588 0.00843254 -0.00776121 0.0238725 -0.0152331 0.00654587 -0.0076569 -0.00401654 -0.00779969 0.00549564 -0.00755037 -0.00811172 -0.0527387 -0.00648845 -0.00330544 0.00702931 -0.00816574 -0.0735751 -0.0248905 -0.0952469 -0.0911097 -0.0965553 -0.0106313 -0.097404 -0.00921175
internal_weight=17512.7 15992.7 1520.01 6877.6 5275.61 4537.25 1232.74 3628.14 9115.07 6262.89 4604.98 4043.42 3440.86 287.275 2113.58 602.552 1514.56 1657.9 1368.77 1158.44 221.878 909.115 2852.19 65.3971 2628.64 1486.52 475.479 1011.04 37.2259 289.134 1189.01 635.695 597.678 1142.13 584.354 963.365
internal_count=3104 1111 1993 166 150 138 1902 93 945 539 314 289 239 91 44 50 49 225 176 156 44 45 406 47 383 190 52 138 42 49 1889 978 946 193 935 155
is_linear=0
shrinkage=0.05


Tree=48
num_leaves=31
num_cat=0
split_feature=0 1 4 4 5 9 2 2 4 1 2 14 0 14 13 3 4 9 3 14 4 13 3 4 11 0 11 11 14 14
split_gain=3743.29 664.527 652.826 224.348 227.215 178.218 136.115 122.512 88.8739 84.5297 71.4655 66.274 57.8134 56.5319 52.3951 44.4354 41.2994 33.4871 32.9441 28.5674 28.5007 47.7782 26.9014 20.2061 21.3176 19.7793 34.957 13.8358 8.39168 58.2454
threshold=1.0000000180025095e-35 120.04308645058474 1.2450855478704044 29.772727272727277 1364.5000000000002 24.418788088397786 4.0084582741264105 1.0000000180025095e-35 2.9715045592705169 30.092842042833656 1.6863863343021233 12.500000000000002 4.6251890539868414 123.50000000000001 5.4006410256410264 8.150793650793652 3.8968085106382984 32.917796813665731 1.4832432432432434 82.500000000000014 1.7654698242933538 0.29107142857142865 1.9791666666666667 17.333333333333339 345.00000000000006 3.4547929516935296 1145.0000000000002 465.00000000000006 4.5000000000000009 3.5000000000000004
decision_type=10 10 10 10 10 10 8 8 10 10 10 8 10 10 10 10 10 10 8 10 8 8 10 8 10 10 10 10 8 10
left_child=2 9 7 4 6 -6 10 -1 -7 15 -3 18 -11 14 17 20 -13 -14 -4 22 21 -2 28 -8 -25 27 -27 -22 29 -9
right_child=1 3 11 -5 5 8 23 19 -10 12 -12 16 13 -15 -16 -17 -18 -19 -20 -21 25 -23 -24 24 -26 26 -28 -29 -30 -31
leaf_value=0.00062262379930555034 -0.018218350558691521 0.0069951434896424539 -0.014119685391363141 0.044745794443868329 0.040007355742412452 0.025955358696053102 -0.011277544499075443 -0.10000000000000001 0.0072218795808664891 0.019534908651284738 0.02575902126664947 -0.018217408009048558 -0.0022463270502127586 0.024648173016781079 0.012591997186875516 0.011305793782921909 0.02789912481655836 -0.023588533159459101 -0.075868492110619745 -0.045750286364738754 -0.015842558488919658 0.019757220091401542 -0.031254600436726752 -0.0076693487082137831 0.0065496674870167823 -0.01237319174811537 0.014016162479623007 -0.034683369944084524 -0.10000000000000001 -0.0504774062855812
leaf_weight=34.879129409790039 149.01425743103027 1123.1203966140747 44.685697853565216 726.91508102416992 1220.8554267883301 1288.6432294845581 585.18619632720947 322.99505805969238 1244.5541915893555 423.20897817611694 925.69481372833252 83.950639426708221 3397.1367092132568 224.23156213760376 597.28728675842285 249.68907117843628 115.12160962820053 194.30999755859375 41.81107360124588 29.277726650238037 280.64433431625366 186.46637868881226 15.919893383979796 471.52640342712402 597.7633113861084 1788.1210122108459 134.96389389038086 149.26893615722656 702.60617125034332 72.746248960494995
leaf_count=5 23 39 10 10 18 24 26 557 31 32 22 29 330 12 34 20 20 23 32 24 50 20 11 30 24 309 10 24 1227 78
internal_value=0.00126697 0.00828657 -0.0752518 0.0182308 0.0156462 0.0243146 0.00685897 -0.0916881 0.0167516 -0.00218198 0.015473 -0.00742609 0.0018818 0.000188846 -0.00112051 -0.00887089 0.00845135 -0.00340102 -0.043968 -0.0945037 -0.0107448 0.00288918 -0.0957847 -0.00380822 0.000279485 -0.0126886 -0.0105212 -0.0223842 -0.09672 -0.0908966
internal_weight=17422.6 15958.6 1463.99 8184.26 7457.34 3754.05 3703.29 1178.42 2533.2 7774.34 2048.82 285.569 4836.17 4412.97 4188.73 2938.17 199.072 3591.45 86.4968 1143.55 2688.48 335.481 1114.27 1654.48 1069.29 2353 1923.08 429.913 1098.35 395.741
internal_count=3104 1111 1993 224 214 73 141 1902 55 887 61 91 431 399 387 456 49 353 42 1897 436 43 1873 80 54 393 319 74 1862 635
is_linear=0
shrinkage=0.05


Tree=49
num_leaves=34
num_cat=0
split_feature=0 12 1 0 4 5 12 11 2 1 10 2 12 0 4 10 10 11 3 4 11 3 3 11 0 5 5 10 5 5 5 11 13
split_gain=3499.59 653.016 602.164 210.22 189.374 176.909 182.139 122.329 85.5661 76.3866 75.9776 70.8112 60.0179 60.2367 55.9876 45.1252 51.9906 45.0278 40.1517 29.9981 28.5063 27.7875 88.3529 22.2803 18.5469 9.95855 129.05 5.40934 4.31274 57.2664 2.27374e-13 1.13687e-13 2.84217e-14
threshold=1.0000000180025095e-35 9.1778115501519775 120.04308645058474 396.05502096984537 26.916666666666668 1364.5000000000002 3.1224255068742317 235.00000000000003 6.0718778971670373 30.092842042833656 11.816666666666668 1.0000000180025095e-35 30.719457013574665 4.6251890539868414 6.4688237276710492 4.7020202020202033 6.2250000000000005 725.00000000000011 8.150793650793652 17.333333333333339 75.000000000000014 2.9137291280148427 2.5392307692307696 565.00000000000011 3.8295080806152675 19.500000000000004 20.500000000000004 5.7823529411764714 82.500000000000014 87.500000000000014 17.500000000000004 95.000000000000014 0.13888888888888892
decision_type=10 8 10 10 10 10 10 10 8 10 8 8 10 10 8 10 8 10 10 8 10 10 10 10 10 10 10 10 10 10 10 8 8
left_child=1 7 9 4 5 8 -7 11 14 18 -9 -1 13 -11 -4 17 -17 -15 21 -10 32 22 23 -2 27 30 -27 -23 -28 -30 -3 -31 -13
right_child=2 25 3 -5 -6 6 -8 10 19 12 -12 20 -14 15 -16 16 -18 -19 -20 -21 -22 24 -24 -25 -26 26 28 -29 29 31 -32 -33 -34
leaf_value=-0.010063688819506918 -0.0094581179892604672 -0.10000000000000001 0.0030260917562042675 0.042981792614759234 0.039381937545502704 0.033384261786795814 0.0096828858043281636 -0.017043621967599173 -0.016851293523794938 0.01859367076015005 0.043559707769729998 -0.099999999999999992 0.027815043149576408 -0.0029439593724839516 0.019315162383177549 0.02106576895499606 0.00018327528451060019 -0.023992096180582113 0.010747378716102653 -0.00057318791480952909 -0.044327528609519183 -0.023884666782312741 0.025806814372294502 -0.028058108389168446 -0.0086440940019602806 5.831891023731403e-05 -0.10000000000000001 -0.039158574581073163 -0.0020435018142983866 -0.10000000000000001 -0.10000000000000001 -0.10000000000000001 -0.10000000000000001
leaf_weight=62.91541051864624 1959.0684225559235 457.79553216695786 1131.0133352279663 729.81720733642578 711.86638355255127 1504.2241859436035 1757.8038787841797 134.5303875207901 407.07496452331543 422.42164039611816 84.014148950576782 13.330209076404572 211.80540943145752 2338.7834777832031 988.63334560394287 399.20342874526978 1176.372980594635 285.06378841400146 249.53348588943481 928.76904678344727 37.754895687103271 115.03511548042297 176.66573476791382 175.42024707794189 142.16186428070068 36.925113320350647 339.37343901395798 116.84886264801025 16.589607357978821 54.169930338859558 33.935675740242004 94.093625783920288 45.47813880443573
leaf_count=10 335 832 41 6 12 29 39 35 20 32 10 20 8 258 28 22 81 30 20 49 35 22 16 27 17 31 625 19 15 92 62 151 75
internal_value=0.00120324 -0.074271 0.00788894 0.0173752 0.0148597 0.0122611 0.0206123 -0.0180434 0.0043774 -0.00207454 0.00625386 -0.0513396 0.00178877 0.000596068 0.0106235 -0.00121432 0.00547427 -0.0052307 -0.0084376 -0.00553365 -0.0782328 -0.0102204 -0.00817422 -0.0109867 -0.0228637 -0.0948496 -0.0901696 -0.0315814 -0.0967771 -0.0901424 -0.1 -0.1 -0.1
internal_weight=17338.5 1410.91 15927.6 8159.2 7429.39 6717.52 3262.03 378.023 3455.49 7768.38 218.545 159.479 4833.65 4621.85 2119.65 4199.42 1575.58 2623.85 2934.73 1335.84 96.5632 2685.2 2311.15 2134.49 374.046 1032.88 541.152 231.884 504.227 164.853 491.731 148.264 58.8083
internal_count=3104 1993 1111 224 218 206 68 185 138 887 45 140 431 423 69 391 103 288 456 69 130 436 378 362 58 1808 914 41 883 258 894 243 95
is_linear=0
shrinkage=0.05


Tree=50
num_leaves=24
num_cat=0
split_feature=0 1 12 13 8 5 12 13 12 2 10 12 10 3 5 13 8 8 3 14 14 14 5
split_gain=3453.01 721.722 584.428 197.864 176.744 169.141 137.129 123.553 112.636 168.519 107.259 76.5204 76.0993 74.6447 56.8974 73.2585 66.503 48.309 32.893 17.5172 11.1255 70.2786 94.117
threshold=1.0000000180025095e-35 208.98084986905226 9.1778115501519775 6.0400000000000009 1.0844618674269426 1871.5000000000002 5.005319148936171 1.3554945054945058 4.9551488334674181 1.0000000180025095e-35 7.3084239130434794 4.5829054666263973 10.366666666666669 8.150793650793652 477.50000000000006 0.44671201814058964 0.48596938775510207 0.5911345987920622 5.479166666666667 61.500000000000007 4.5000000000000009 3.5000000000000004 19.500000000000004
decision_type=10 10 8 10 10 10 10 8 10 8 10 10 10 10 10 8 8 10 10 8 8 10 10
left_child=2 3 8 12 5 7 -5 -3 9 -1 -8 -6 13 14 16 -16 -2 -11 -14 -19 21 -4 -23
right_child=1 4 20 6 11 -7 10 -9 -10 17 -12 -13 18 -15 15 -17 -18 19 -20 -21 -22 22 -24
leaf_value=-0.0016375401991013576 0.017601560879898458 0.014090443484041277 -0.10000000000000001 -0.012785076350995118 0.036640601112904618 0.030803483453455502 0.011883434398353928 -0.012401738652756374 0.032518599609344272 -0.021994767692890327 0.044307737031423655 0.02077579380037281 -0.0079713213480198108 0.020637118554322674 0.019863833871846228 -0.0018117189990848417 -0.0097557927475012823 -0.10000000000000001 -0.031618600993613889 -0.041757341275232972 -0.10000000000000001 -0.10000000000000001 0.022541439353090192
leaf_weight=162.1049976348877 237.43558073043823 1101.5776958465576 264.18553394079208 305.55607891082764 1702.4447860717773 821.64191627502441 618.05003809928894 732.92911720275879 73.598244726657867 31.722459495067596 434.26238441467285 1373.0687417984009 264.76361989974976 332.00583124160767 442.849196434021 3254.9940059185028 3449.0576639175415 94.675453722476959 330.77620029449463 14.948231279850004 652.6450127363205 32.624201238155365 30.1494500041008
leaf_count=21 18 27 508 30 24 13 37 29 22 16 12 28 23 21 28 276 508 131 32 8 1238 51 18
internal_value=0.000603375 0.00733951 -0.0758687 -0.000993601 0.0213981 0.0119502 0.016702 0.00350619 -0.0229721 -0.0364307 0.0252641 0.0295577 -0.00388445 -0.00255534 -0.00359809 0.000784119 -0.00799379 -0.0763337 -0.0211056 -0.0920581 -0.0962285 -0.0887003 -0.0411448
internal_weight=16758.1 15401.4 1356.65 9669.75 5731.66 2656.15 1357.87 1834.51 377.049 303.451 1052.31 3075.51 8311.88 7716.34 7384.34 3697.84 3686.49 141.346 595.54 109.624 979.604 326.959 62.7737
internal_count=3119 1106 2013 985 121 69 79 56 198 176 49 52 906 851 830 304 526 155 55 139 1815 577 69
is_linear=0
shrinkage=0.05


Tree=51
num_leaves=26
num_cat=0
split_feature=0 1 12 13 8 9 11 12 8 8 12 10 9 8 4 7 3 4 3 3 3 10 11 12 7
split_gain=3236.17 654.144 581.259 179.15 161.063 148.47 107.209 103.279 110.469 74.0761 70.547 68.9503 70.1131 63.8811 76.1901 44.8063 39.6779 36.811 30.0095 24.6119 20.0392 17.1224 7.1626 6.84528 1.12222
threshold=1.0000000180025095e-35 208.98084986905226 9.1778115501519775 6.0400000000000009 1.0844618674269426 23.6764751974078 1145.0000000000002 4.9551488334674181 0.62391940201494978 5.9615384615384626 4.5829054666263973 10.366666666666669 23.939767441618169 1.4723748473748477 2.3316151202749147 40.500000000000007 4.5469208211143703 3.6319444444444451 5.479166666666667 4.5469208211143703 2.7875939849624065 4.4222222222222234 185.00000000000003 1.7655741841426491 1.0000000180025095e-35
decision_type=10 10 8 10 10 10 10 10 10 8 10 10 10 8 8 10 10 8 10 8 10 10 10 8 8
left_child=2 3 7 11 6 -5 -3 8 -1 16 -6 12 17 14 -14 -15 -7 23 -13 21 -19 -10 -21 -2 -4
right_child=1 4 24 5 10 9 -8 -9 19 -11 -12 18 13 15 -16 -17 -18 20 -20 22 -22 -23 -24 -25 -26
leaf_value=-0.0056989986650700843 -0.020026076850427756 -0.00090161583052326933 -0.095317470177677513 0.045168094760692376 0.035043988584739241 -0.017100406868299126 0.019611876322278524 0.031057005816189059 -0.06771467515612517 0.023331001673123034 0.0197797280170551 -0.0075751644866310745 -0.0067018751171202488 -0.0035291658245699565 0.009504761975587292 -0.023303383940716602 0.0081213958594811946 -0.012720446884972392 -0.030188693385149817 -0.10000000000000001 0.0056282704331885591 -0.018835019106242357 -0.067842628852170586 -0.034598737225140001 -0.10000000000000001
leaf_weight=153.80931043624878 145.2174973487854 1064.0896110534668 780.1659993827343 328.65806531906128 1691.301887512207 305.44977426528931 1586.6425437927246 73.218820750713348 40.283560812473297 400.37952470779419 1370.1794557571411 264.68160533905029 1060.7639837265015 2916.1333351135254 2292.3768811225891 317.67882013320923 318.55571746826172 601.88852572441101 329.16402912139893 43.503052175045013 197.67175722122192 32.267522573471069 28.766309440135956 181.05929279327393 153.05807718634605
leaf_count=35 22 37 1529 13 24 27 32 22 37 21 28 23 107 379 167 27 18 105 32 80 17 8 16 27 286
internal_value=0.000569441 0.00698716 -0.0750221 -0.000944498 0.0204 0.015927 0.0113771 -0.0221597 -0.0352075 0.00654545 0.0282124 -0.00369265 -0.00242862 -0.000457741 0.0043778 -0.00547172 -0.00422464 -0.0139597 -0.0201097 -0.0665475 -0.00818417 -0.0459752 -0.0872 -0.0281128 -0.0960855
internal_weight=16677 15371.9 1305.07 9659.68 5712.21 1353.04 2650.73 371.849 298.63 1024.39 3061.48 8306.64 7712.79 6586.95 3353.14 3233.81 624.005 1125.84 593.846 144.82 799.56 72.5511 72.2694 326.277 933.224
internal_count=3119 1106 2013 985 121 79 69 198 176 66 52 906 851 680 274 406 45 171 55 141 122 45 96 49 1815
is_linear=0
shrinkage=0.05


Tree=52
num_leaves=29
num_cat=0
split_feature=0 1 12 13 8 5 9 13 12 2 8 12 10 9 5 13 12 8 4 12 4 12 5 5 5 12 5 4
split_gain=3024.84 592.384 576.31 162.214 146.857 147.769 136.084 109.387 94.3863 158.392 67.0511 64.9177 62.4461 63.4088 61.4145 75.3232 57.7736 47.8629 33.499 31.0452 28.0074 18.795 11.3116 6.63893 160.523 6.29802 2.27374e-13 5.68434e-14
threshold=1.0000000180025095e-35 208.98084986905226 9.1778115501519775 6.0400000000000009 1.0844618674269426 1871.5000000000002 23.6764751974078 1.3554945054945058 4.9551488334674181 1.0000000180025095e-35 5.9615384615384626 4.5829054666263973 10.366666666666669 23.939767441618169 477.50000000000006 0.44671201814058964 0.89060354583176171 0.5911345987920622 3.6319444444444451 7.6884681583476775 10.583333333333334 2.0928998009289983 775.50000000000011 20.500000000000004 19.500000000000004 1.7655741841426491 364.50000000000006 1.6609195402298853
decision_type=10 8 8 10 10 10 10 8 10 8 8 10 10 10 10 8 8 10 8 10 8 8 10 8 10 8 10 10
left_child=2 3 8 12 5 7 -5 -3 9 -1 19 -6 13 18 16 -16 -15 -11 25 -8 -14 -20 27 24 -4 -2 -25 -19
right_child=1 4 23 6 11 -7 10 -9 -10 17 -12 -13 20 14 15 -17 -18 22 21 -21 -22 -23 -24 26 -26 -27 -28 -29
leaf_value=-0.00071308511013376324 -0.019063030881501266 0.012914570514275959 -0.10000000000000001 0.043352226173310519 0.033497636923056538 0.028526243347055842 0.0071535661664397249 -0.012023608763803692 0.029647248330851507 -0.020673124555637159 0.022224990995798825 0.018827602699500786 -0.028695871156165384 0.018083631534205537 0.024905595453038994 0.001553781089195478 -0.0073746837170143922 -0.10000000000000001 0.010715006161873278 -0.015161108999200538 -0.0067646591741722167 -0.010959504124122069 -0.059624228351516984 -0.10000000000000001 0.01337081961666998 -0.033066870665620911 -0.10000000000000001 -0.10000000000000001
leaf_weight=162.00957632064819 144.93357825279236 1099.4479084014893 410.11815589666367 325.38901567459106 1681.1757125854492 815.50338554382324 311.36037254333496 732.80157566070557 72.874524295330048 31.628883719444275 399.3170428276062 1367.5660991668701 334.65067386627197 241.17303943634033 389.89868927001953 3020.6156196594238 2933.0057315826416 49.669886469841003 117.2134644985199 312.10724925994873 257.65842533111572 681.84150004386902 22.226323366165161 429.96044537425041 33.795914173126221 180.00262570381165 17.316924005746841 29.347039252519608
leaf_count=21 22 27 864 13 24 13 20 29 22 16 21 28 33 17 22 231 410 91 12 25 22 110 11 902 27 27 22 37
internal_value=0.000537522 0.00665001 -0.0739693 -0.000898091 0.0194356 0.010821 0.0151884 0.00294064 -0.021307 -0.0338994 0.00622835 0.0269171 -0.00351072 -0.00230861 -0.00043505 0.00422342 -0.00544037 -0.0743631 -0.0132845 -0.00401714 -0.0191556 -0.00778007 -0.0911362 -0.0957007 -0.0913689 -0.0268206 -0.1 -0.1
internal_weight=16604.6 15345.7 1258.95 9649.17 5696.49 2647.75 1348.17 1832.25 367.756 294.882 1022.78 3048.74 8300.99 7708.68 6584.69 3410.51 3174.18 132.872 1123.99 623.468 592.309 799.055 101.243 891.191 443.914 324.936 447.277 79.0169
internal_count=3119 1106 2013 985 121 69 79 56 198 176 66 52 906 851 680 253 427 155 171 45 55 122 139 1815 891 49 924 128
is_linear=0
shrinkage=0.05


Tree=53
num_leaves=25
num_cat=0
split_feature=0 12 1 13 8 5 10 13 12 2 10 12 12 5 8 8 2 2 13 8 3 5 5 5
split_gain=2832.48 572.232 536.526 148.353 133.589 134.154 109.512 98.8022 86.439 150.351 71.1058 59.6343 58.6622 54.8402 67.164 55.9835 75.3834 67.212 53.6489 47.732 23.5435 12.1303 6.84724 157.924
threshold=1.0000000180025095e-35 9.1778115501519775 208.98084986905226 9.4166666666666696 1.0844618674269426 1871.5000000000002 5.1558704453441306 1.3554945054945058 4.9551488334674181 1.0000000180025095e-35 10.366666666666669 4.5829054666263973 15.881578947368423 477.50000000000006 0.50832661831856041 0.79448080009877764 7.0720555132095226 0.50320080970070546 0.82141380735841263 0.5911345987920622 5.479166666666667 775.50000000000011 20.500000000000004 19.500000000000004
decision_type=10 8 10 10 10 8 10 8 10 8 10 10 10 10 8 10 8 8 8 10 10 10 8 10
left_child=1 8 3 10 5 7 12 -4 9 -1 13 -6 -5 14 -2 17 -17 -15 -16 -11 -12 -21 23 -3
right_child=2 22 4 6 11 -7 -8 -9 -10 19 20 -13 -14 15 18 16 -18 -19 -20 21 -22 -23 -24 -25
leaf_value=-0.00067743252947252588 0.017197669308231783 -0.10000000000000001 0.012279091071227113 -0.012255603724306561 0.032002442596259076 0.027210733516278007 0.039013717940948461 -0.011430698193775173 0.028289310306016259 -0.019681561066160307 -0.0081224946936787491 0.017918007180045725 0.019707036912617805 0.019082547989286363 -0.024008040781275247 -0.0015088406711675094 0.013999353494292778 -0.013660956408837834 -0.0055029987885558346 -0.10000000000000001 -0.02765916323216901 -0.057668670727877569 -0.10000000000000001 0.012713653026812622
leaf_weight=162.0091757774353 289.96562433242798 390.1164508163929 1098.5539588928223 278.283047914505 1671.9789276123047 812.26816368103027 373.28961181640625 732.28511524200439 72.562249839305878 31.562985002994537 273.84558773040771 1365.202787399292 296.50802493095398 191.70105123519897 447.84982371330261 1700.0098731517792 1453.6289091110229 858.97799968719482 3122.2950558662415 75.16322523355484 352.98314428329468 21.84106433391571 425.46339559555054 33.766459584236145
leaf_count=21 23 864 27 26 24 13 12 29 22 16 24 28 14 13 69 127 94 99 450 128 34 11 924 27
internal_value=0.000506734 -0.0730589 0.00632915 -0.000853802 0.0185185 0.0102989 0.0179269 0.00279583 -0.0205268 -0.0327171 -0.00290249 0.0256715 0.00423244 -0.00164162 -0.00594471 0.00230917 0.00563946 -0.00768676 -0.00782433 -0.0730907 -0.0191241 -0.0904689 -0.095519 -0.0910212
internal_weight=16532.1 1212.49 15319.6 9639.34 5680.29 2643.11 948.081 1830.84 363.139 290.576 8691.26 3037.18 574.791 8064.43 3860.11 4204.32 3153.64 1050.68 3570.14 128.567 626.829 97.0043 849.346 423.883
internal_count=3119 2013 1106 985 121 69 52 56 198 176 933 52 40 875 542 333 221 112 519 155 58 139 1815 891
is_linear=0
shrinkage=0.05


Tree=54
num_leaves=27
num_cat=0
split_feature=0 12 1 12 12 8 5 14 2 2 12 8 12 6 1 14 12 8 2 10 0 14 14 5 5 8
split_gain=2651.4 567.796 485.77 132.476 134.921 121.434 121.728 94.0505 93.1591 68.8043 65.9745 55.001 54.6939 41.7913 44.1657 68.7461 42.4154 30.5827 28.1289 28.4593 27.3603 13.8879 81.3154 93.8796 1.13687e-13 2.84217e-14
threshold=1.0000000180025095e-35 9.1778115501519775 208.98084986905226 14.972268907563027 18.484722222222224 1.0844618674269426 1871.5000000000002 10.500000000000002 1.0000000180025095e-35 1.9978556239535823 5.4389592123769352 0.62391940201494978 4.5829054666263973 67.568012019825275 30.092842042833656 1.0000000180025095e-35 2.861005961251863 0.58751044277360076 1.0000000180025095e-35 4.5894736842105273 3.4205560014640901 4.5000000000000009 3.5000000000000004 19.500000000000004 82.500000000000014 1.1573787409700727
decision_type=10 8 10 10 8 10 10 8 8 8 10 10 10 10 10 10 10 8 8 8 10 8 10 10 10 10
left_child=1 7 3 13 -5 6 9 8 -1 -4 11 -9 -7 14 17 -16 -17 -2 -13 -20 -19 22 24 -24 -3 -10
right_child=2 21 5 4 -6 12 -8 10 25 -11 -12 18 -14 -15 15 16 -18 20 19 -21 -22 -23 23 -25 -26 -27
leaf_value=-0.01131229193801965 0.009170368642613216 -0.10000000000000001 0.010935148117867936 0.041751220459269683 0.0013562058404203048 0.030558929454323321 0.025946331418080306 0.0094287111393790875 -0.10000000000000001 -0.0087006408547781449 0.044332760984057133 -0.0096825092796238455 0.017049499414860812 -0.017850643541767779 0.025808897336304593 -0.0039314876283975007 0.0053301897251310905 -0.022493575922954319 -0.025747619953508011 -0.10000000000000001 -0.0067384563132089504 -0.10000000000000001 -0.10000000000000001 0.029666063674681654 -0.10000000000000001 -0.10000000000000001
leaf_weight=58.467629432678223 264.1044979095459 206.65155002474785 1058.3370532989502 351.5031042098999 501.82053732872009 1663.6307678222656 809.33613204956055 95.622979462146759 45.682997584342957 771.2280912399292 58.618615329265594 33.299407482147217 1363.066014289856 429.49844932556152 260.04788970947266 3356.6714859008789 1956.8518371582031 315.14056301116943 22.480592131614685 30.294531166553497 2194.0926713943481 536.53149342536926 26.773047208786011 29.165872812271118 10.421439796686171 14.308968871831892
leaf_count=9 28 484 26 12 36 24 13 15 78 30 10 5 28 25 15 337 125 61 14 42 346 1238 51 18 24 25
internal_value=0.00047743 -0.0721237 0.006023 -0.00081174 0.0179958 0.0176399 0.00980037 -0.0197644 -0.0562268 0.00265795 -0.00179085 -0.0166711 0.024475 -0.00264039 -0.00185773 0.000707846 -0.000520619 -0.00701375 -0.0456662 -0.0683708 -0.00871718 -0.0953284 -0.0861478 -0.0323937 -0.1 -0.1
internal_weight=16463.6 1168.32 15295.3 9629.73 853.324 5665.6 2638.9 358.776 118.46 1829.57 240.316 181.698 3026.7 8776.41 8346.91 5573.57 5313.52 2773.34 86.0745 52.7751 2509.23 809.543 273.012 55.9389 217.073 59.992
internal_count=3119 2013 1106 985 48 121 69 198 112 56 86 76 52 937 912 477 462 435 61 56 407 1815 577 69 508 103
is_linear=0
shrinkage=0.05


Tree=55
num_leaves=32
num_cat=0
split_feature=0 6 12 13 6 5 4 2 4 5 7 12 2 12 4 14 10 4 2 3 3 5 5 14 14 5 5 5 3 5 5
split_gain=2574.35 524.559 470.251 327.137 258.219 118.616 114.167 90.0276 85.6928 73.1203 86.0986 70.476 129.546 59.9904 53.5174 51.453 49.5702 47.8508 37.0618 33.2952 38.8992 14.6504 14.2166 13.8534 78.0725 79.8372 2.27374e-13 2.27374e-13 2.84217e-14 1.42109e-14 1.42109e-14
threshold=1.0000000180025095e-35 54.222147238063577 9.1778115501519775 7.4031250000000011 338.15917216640435 2243.0000000000005 4.0710784313725492 2.3053460355707185 35.250000000000007 1048.5000000000002 63.500000000000007 5.7867924528301895 1.0000000180025095e-35 3.7792442188381279 2.3316151202749147 82.500000000000014 1.9375000000000002 19.500000000000004 0.68151922086076933 7.9687500000000009 5.2565789473684221 1742.5000000000002 775.50000000000011 4.5000000000000009 3.5000000000000004 19.500000000000004 41.500000000000007 381.50000000000006 1.8411949685534592 4.5000000000000009 77.500000000000014
decision_type=10 10 8 10 10 10 10 8 10 10 10 10 8 10 10 10 10 10 10 10 10 10 10 8 10 10 10 10 8 10 10
left_child=2 8 11 4 5 6 7 -3 9 17 14 12 -1 -8 -11 23 28 19 -16 20 -2 -12 -18 24 26 29 -4 -25 -14 -26 -28
right_child=1 3 15 -5 -6 -7 13 -9 -10 10 21 -13 16 -15 18 -17 22 -19 -20 -21 -22 -23 -24 27 25 -27 30 -29 -30 -31 -32
leaf_value=-0.0018826080478148814 -0.0043719535160292441 0.019507790644447517 -0.10000000000000001 0.043162883267352903 0.027626467595093365 0.020137595950792148 -0.0020401352527185069 -0.0022144681638716786 -0.029023874745972136 -0.00072859992972225613 -0.014216087301776295 0.034417611906153514 -0.10000000000000001 -0.023726075102186835 0.030685395266861693 -0.02655389497449915 -0.063454665734018131 0.015770790905408227 0.01021473513316792 0.01041530782391583 -0.021697684036958109 0.00084597972868782 -0.018083079027830767 -0.10000000000000001 -0.099999999999999978 0.020117088662477422 -0.099999999999999978 -0.10000000000000001 -0.10000000000000001 -0.10000000000000001 -0.10000000000000001
leaf_weight=164.01954460144043 5409.2003660202026 945.2129077911377 182.68453192710876 987.20492553710938 1876.2433605194092 1033.3364782333374 818.25437927246094 962.89528751373291 281.27455401420593 375.01922369003296 348.24633502960205 46.713146805763245 12.703413963317869 522.57889842987061 506.9136209487915 28.37273120880127 32.025315821170807 305.84943723678589 392.16143274307251 352.76047706604004 344.60382843017578 300.97123432159424 37.460013329982758 488.53674250841141 14.980770349502565 31.020914435386658 12.555836468935015 12.805732965469359 51.235334575176239 9.9871802330017072 11.732201814651487
leaf_count=22 694 27 450 15 23 20 25 43 27 28 26 15 23 20 21 28 34 20 23 29 36 16 14 1208 30 21 31 18 95 20 28
internal_value=0.0011852 0.00642601 -0.0714811 0.0164423 0.012159 0.00538207 0.00068903 0.00854601 -0.00188008 -0.000964155 0.00758657 -0.022677 -0.0316437 -0.0104921 0.0151382 -0.0926704 -0.0682292 -0.00352882 0.0217564 -0.00449545 -0.00540962 -0.00723345 -0.0389945 -0.0951248 -0.0858301 -0.0334485 -0.1 -0.1 -0.1 -0.1 -0.1
internal_weight=16899.6 15762.7 1136.83 7145.73 6158.52 4282.28 3248.94 1908.11 8617 8335.73 1923.31 344.157 297.444 1340.83 1274.09 792.677 133.424 6412.41 899.075 6106.56 5753.8 649.218 69.4853 764.304 262.961 55.9889 206.973 501.342 63.9387 24.968 24.288
internal_count=3130 1093 2037 173 158 135 115 70 920 893 114 203 188 45 72 1834 166 779 44 759 730 42 48 1806 580 71 509 1226 118 50 59
is_linear=0
shrinkage=0.05


Tree=56
num_leaves=32
num_cat=0
split_feature=0 6 8 13 0 5 2 3 4 5 7 7 2 14 4 4 1 6 3 2 3 14 14 14 5 7 13 5 5 4 5
split_gain=2405.92 475.21 440.655 300.087 239.466 258.232 80.2549 81.504 77.7031 66.0694 77.8723 64.6037 86.5037 52.6235 48.5323 43.2237 40.251 36.471 35.4267 33.8294 31.0077 26.1275 14.1184 77.7837 76.3215 13.422 10.4025 2.27374e-13 1.13687e-13 2.84217e-14 1.42109e-14
threshold=1.0000000180025095e-35 54.222147238063577 9.4006410256410273 7.4031250000000011 396.05502096984537 2088.5000000000005 2.3053460355707185 3.3288288288288292 35.250000000000007 1048.5000000000002 63.500000000000007 16.500000000000004 1.0000000180025095e-35 82.500000000000014 2.3316151202749147 19.500000000000004 155.02104542953225 108.10312994540509 7.9687500000000009 0.68151922086076933 1.8411949685534592 12.500000000000002 4.5000000000000009 3.5000000000000004 19.500000000000004 71.500000000000014 0.66784037558685461 163.50000000000003 84.500000000000014 1.1791443850267382 260.50000000000006
decision_type=10 10 8 10 10 8 8 8 10 10 10 10 8 10 10 10 10 10 10 10 10 10 8 10 10 10 8 10 10 8 10
left_child=2 8 11 4 5 6 7 -3 9 15 14 12 -1 22 -11 16 18 -8 -2 -16 -13 29 23 28 -25 -12 -23 -24 -4 -14 -29
right_child=1 3 13 -5 -6 -7 17 -9 -10 10 25 20 21 -15 19 -17 -18 -19 -20 -21 -22 26 27 24 -26 -27 -28 30 -30 -31 -32
leaf_value=-0.0078260507852909895 -0.0064698456547686595 -0.0034514824434609226 -0.10000000000000001 0.041390574944438846 0.036471054024881031 0.025510156476675361 -0.014266811911547321 0.018731108847602009 -0.027689400544113146 -0.00069217226517454791 -0.013806064634669128 0.030294773679908061 -0.10000000000000001 -0.025315521846633063 0.02928912865636445 0.015000922071398456 0.0097716937719277489 -0.00069826004400923769 0.0098999168048998221 0.0097090679275642425 -0.016176796410114692 -0.011629074591247185 -0.10000000000000001 -0.10000000000000001 0.019150020559461512 0.00058603653502750013 -0.065351195406462587 -0.099999999999999978 -0.10000000000000001 -0.10000000000000001 -0.10000000000000001
leaf_weight=82.105038642883301 5281.6317439079285 735.40714836120605 187.6669208407402 978.23813438415527 834.70829772949219 1466.9740009307861 768.45043468475342 947.73681163787842 280.11941981315613 375.01825523376465 336.41141986846924 50.747190117835999 10.12805852293968 28.275198757648468 504.58665370941162 305.47859334945679 470.87750911712646 1392.9932117462158 352.57392740249634 391.96195650100708 122.64775031805038 13.67083266377449 436.73146659135818 23.750250041484833 30.95971268415451 312.46199893951416 26.436047792434692 14.406311780214311 8.392015337944029 45.405729353427887 15.510138124227522
leaf_count=13 709 24 486 15 7 24 41 22 27 28 26 8 20 28 21 20 21 40 29 23 36 14 1137 50 21 16 38 37 21 91 37
internal_value=0.00112552 0.00611626 -0.0704737 0.0156689 0.011575 0.00766265 0.000852603 0.00903899 -0.00178722 -0.000916294 0.00721892 -0.02429 -0.0454725 -0.0922212 0.0144113 -0.0033534 -0.00427179 -0.00552224 -0.00544547 0.0207289 -0.00257604 -0.077791 -0.0948581 -0.0852898 -0.0325744 -0.00687561 -0.0470395 -0.1 -0.1 -0.1 -0.1
internal_weight=16832.5 15735.6 1096.83 7124.51 6146.27 5311.56 3844.59 1683.14 8611.12 8331 1920.44 351.141 177.746 745.692 1271.57 6410.56 6105.08 2161.44 5634.21 896.549 173.395 95.6407 717.417 250.769 54.71 648.873 40.1069 466.648 196.059 55.5338 29.9164
internal_count=3130 1093 2037 173 158 151 127 46 920 893 114 220 176 1817 72 779 759 81 738 44 44 163 1789 578 71 42 52 1211 507 111 74
is_linear=0
shrinkage=0.05


Tree=57
num_leaves=25
num_cat=0
split_feature=0 12 1 4 5 4 8 5 8 12 12 2 0 5 3 12 13 5 5 5 5 11 5 4
split_gain=2246.14 464.626 432.097 162.165 135.232 112.295 103.542 86.1885 77.1218 97.5174 63.0256 118.16 62.9868 52.0536 51.3589 72.305 47.644 16.186 139.283 9.62948 115.651 1.13687e-13 5.68434e-14 2.84217e-14
threshold=1.0000000180025095e-35 9.1778115501519775 320.39778533465216 62.500000000000007 2088.5000000000005 35.250000000000007 1.0844618674269426 1048.5000000000002 1.3551971326164878 2.3732142857142864 5.7867924528301895 1.0000000180025095e-35 13.784576024243568 955.50000000000011 4.5857142857142863 1.8619424054206666 0.94418483904465222 19.500000000000004 20.500000000000004 82.500000000000014 84.500000000000014 115.00000000000001 569.50000000000011 5.1010101010101012
decision_type=10 8 10 10 10 10 10 10 8 10 10 8 10 10 8 10 10 10 10 10 10 8 10 10
left_child=1 10 3 5 6 7 -4 13 9 -9 11 -1 -10 16 15 -13 -2 -3 -19 21 -21 -20 -22 -16
right_child=2 17 4 -5 -6 -7 -8 8 12 -11 -12 14 -14 -15 23 -17 -18 18 19 20 22 -23 -24 -25
leaf_value=-0.0014594630014463537 -0.0056780764782783048 -0.10000000000000001 0.0028110732598050059 0.03799470752885642 0.030336223556039696 -0.030524872811173016 0.020447351991133039 -0.0074010475683406185 0.0086060106467165092 0.019486588995391033 0.033496381662418057 -0.10000000000000001 -0.016035978319131377 -0.027541734709973505 -0.10000000000000001 0.0055308396207907999 0.0026029736329395534 0.015549627703485362 -0.10000000000000001 0.052481264286995136 -0.10000000000000001 -0.10000000000000001 -0.10000000000000001 -0.10000000000000001
leaf_weight=163.9536304473877 3984.0442881584167 336.72048035264015 1517.4661445617676 276.96871328353882 1549.9825706481934 307.70611095428467 1842.9654655456543 437.65342330932617 522.53240537643433 1469.5405807495117 46.01791375875473 26.826949536800385 514.81033611297607 206.39923000335693 47.215269714593887 41.094868212938309 3079.4410810470581 31.620163828134537 31.978541046380997 14.025447666645048 101.64228039979935 198.89171448349953 8.0364125072956067 11.510410130023955
leaf_count=22 526 912 39 6 19 27 32 28 32 62 15 41 25 20 96 18 277 28 87 8 250 540 9 11
internal_value=0.00106886 -0.0693937 0.00582124 0.000229531 0.0181187 -0.000764543 0.0124834 0.000131978 0.00734875 0.0133165 -0.0208717 -0.0294812 -0.00362327 -0.00279105 -0.0657571 -0.0361505 -0.00206782 -0.0919876 -0.0850016 -0.0939685 -0.0827118 -0.1 -0.1 -0.1
internal_weight=16769 1059.53 15709.5 10799.1 4910.41 10522.1 3360.43 10214.4 2944.54 1907.19 336.619 290.601 1037.34 7269.88 126.647 67.9218 7063.49 722.915 386.195 354.574 123.704 230.87 109.679 58.7257
internal_count=3130 2037 1093 1003 90 997 71 970 147 90 203 188 57 823 166 59 803 1834 922 894 267 627 259 107
is_linear=0
shrinkage=0.05


Tree=58
num_leaves=30
num_cat=0
split_feature=0 12 1 5 9 13 10 11 8 5 5 5 8 3 0 14 14 1 11 3 1 10 13 14 14 5 13 5 5
split_gain=2100.5 459.73 391.073 123.345 166.635 95.7748 135.15 103.194 99.143 87.4563 60.6716 58.0362 58.4013 56.5658 54.6305 53.0796 47.3241 46.2597 45.13 74.584 38.713 34.5487 24.2624 14.9275 78.8701 72.4195 13.0634 7.83235 2.27374e-13
threshold=1.0000000180025095e-35 9.1778115501519775 320.39778533465216 2088.5000000000005 27.043138481463242 6.5555555555555562 7.3084239130434794 145.00000000000003 1.4723748473748477 1364.5000000000002 1392.5000000000002 432.50000000000006 0.92880184331797244 3.4031250000000006 17.252394281991638 82.500000000000014 59.500000000000007 32.298610118386406 55.000000000000007 8.3484848484848495 97.828498333990595 8.7797619047619069 5.0384615384615392 4.5000000000000009 3.5000000000000004 19.500000000000004 1.0102739726027401 386.00000000000006 331.50000000000006
decision_type=10 8 10 10 10 10 10 8 8 10 10 10 10 10 10 10 10 10 10 8 10 8 8 8 10 10 8 10 10
left_child=1 11 5 4 13 8 7 -7 9 18 17 12 -1 -4 -11 23 27 22 26 -20 -9 -19 -10 24 -3 -26 -2 -14 -25
right_child=2 15 3 -5 -6 6 -8 20 10 14 -12 -13 16 -15 -16 -17 -18 21 19 -21 -22 -23 -24 28 25 -27 -28 -29 -30
leaf_value=-0.016054370737669955 -0.029250552463692316 -0.10000000000000001 0.0095999689631869195 0.028952741180632666 0.024246055547891422 0.025006252997526769 0.037741754939585925 0.0021626945906312277 -0.023377671377734246 0.0018192806234358959 -0.026061576502175207 0.0038647679308692917 -0.10000000000000001 -0.0079913089090876115 0.022369607260253388 -0.023141267994467776 0.010864033832818434 -0.014917811021450463 -0.002748599604381949 0.016007696289656887 -0.022029939373340163 0.0016211797385796906 -0.0085762675868231841 -0.10000000000000001 -0.10000000000000001 0.02009159398780383 -0.00939163706106972 -0.050732368693211488 -0.10000000000000001
leaf_weight=115.01856505870819 150.22328615188599 178.27873495221138 1036.2682399749756 1543.0284614562988 1502.8653259277344 347.27821660041809 382.81135511398315 372.39871263504028 359.39661049842834 541.20379447937012 385.20820331573486 143.33877396583557 50.540076851844788 817.48319053649902 803.58248996734619 27.104651689529419 13.69052731990814 373.57657623291016 2686.8756685256958 660.26414656639099 297.43174648284912 2040.1565027236938 1205.6424255371094 418.85865831375122 21.49011492729187 30.188636660575867 184.53686308860779 9.5990978777408582 13.737819492816923
leaf_count=37 22 509 23 19 27 16 12 31 62 36 26 37 118 21 20 28 5 26 238 54 16 194 228 1201 50 21 22 6 25
internal_value=0.00101381 -0.0684468 0.00553752 0.017252 0.0118732 0.000218345 0.0124186 0.0028877 -0.00160042 0.00318647 -0.00711424 -0.0201237 -0.0383313 0.00184242 0.0140992 -0.0917225 -0.0730364 -0.00527983 -0.00079933 0.000951308 -0.00857981 -0.000938581 -0.0119753 -0.0945281 -0.0842345 -0.0298473 -0.0183033 -0.0921362 -0.1
internal_weight=16712.1 1021.85 15690.2 4899.65 3356.62 10790.6 1399.92 1017.11 9390.67 5026.69 4363.98 332.187 188.848 1853.75 1344.79 689.659 73.8297 3978.77 3681.9 3347.14 669.83 2413.73 1565.04 662.554 229.957 51.6788 334.76 60.1392 432.596
internal_count=3130 2037 1093 90 71 1003 75 63 928 392 536 203 166 44 56 1834 129 510 336 292 47 220 290 1806 580 71 44 124 1226
is_linear=0
shrinkage=0.05


Tree=59
num_leaves=32
num_cat=0
split_feature=1 13 6 13 6 5 4 3 2 4 1 13 14 10 3 11 2 13 1 14 2 5 11 13 10 14 14 14 5 4 5
split_gain=1959.54 428.8 360.971 268.049 205.697 80.9276 87.9058 76.907 69.2577 65.4144 57.3341 79.1616 52.1857 49.7266 49.4625 49.0872 48.7464 47.7253 52.1972 39.4355 37.4903 34.2382 72.7283 25.5271 21.725 18.0269 14.7728 76.8622 72.0958 8.40028 2.27374e-13
threshold=1.0000000180025095e-35 21.250000000000004 54.222147238063577 7.4031250000000011 338.15917216640435 2565.5000000000005 4.0710784313725492 4.5857142857142863 3.9644914676408023 35.250000000000007 30.092842042833656 18.500000000000004 82.500000000000014 3.8366666666666673 1.0238095238095239 395.00000000000006 1.0000000180025095e-35 0.57847222222222239 65.335970355251149 12.500000000000002 1.0000000180025095e-35 1173.5000000000002 1145.0000000000002 2.4330357142857149 1.9375000000000002 43.500000000000007 4.5000000000000009 3.5000000000000004 19.500000000000004 2.4058823529411768 260.50000000000006
decision_type=10 8 10 10 10 10 10 10 10 10 10 10 10 10 10 10 8 10 10 10 8 10 10 10 10 10 8 10 10 10 10
left_child=1 15 9 4 5 6 7 -4 -8 10 11 21 20 14 23 16 -1 -15 -19 -18 -3 22 -2 -12 25 -21 27 -22 -29 -16 -28
right_child=2 12 3 -5 -6 -7 8 -9 -10 -11 13 -13 -14 17 29 -17 19 18 -20 24 26 -23 -24 -25 -26 -27 30 28 -30 -31 -32
leaf_value=-0.010454299209034429 -0.0092407840028837958 0.013383166030924504 0.0014307604233296167 0.038208318136275704 0.023699374562393419 0.017959507620192976 -0.019376356226229033 0.023862344325502903 0.0025587567325616807 -0.025472671604929505 -0.002419731129429838 0.025666923350430006 -0.022043275512681527 0.021519938632835835 -0.024814817632364376 0.00054757766206503685 -0.10000000000000001 0.013758819808217419 -0.0028389346847840728 -0.099999999999999978 -0.10000000000000001 -0.02921600377545204 0.029241552836708835 0.0087305452141404043 0.0080045661716428677 -0.014122479905461394 -0.10000000000000001 -0.10000000000000001 0.019711013535623864 -0.011299714600394748 -0.10000000000000001
leaf_weight=79.328599452972412 2320.3066408634186 8.1820240020751953 1495.1652593612671 959.28194236755371 1850.5547294616699 810.00097751617432 761.57447814941406 513.28351020812988 682.21032047271729 278.02420401573181 1881.1739659309387 177.89980936050415 27.033889412879944 484.83098602294922 198.31628084182739 154.74337166547775 41.297710806131363 805.2758469581604 1150.3483362197876 14.110867977142336 173.29874211549759 190.39476251602173 129.63764572143555 705.91585683822632 19.174351900815964 10.778625547885893 397.28130698204041 21.66568186879158 29.981901198625565 273.57830476760864 11.249429911375044
leaf_count=13 400 1 60 15 23 16 29 12 18 27 210 12 28 22 24 36 91 51 68 30 518 24 9 46 10 10 1194 53 21 27 32
internal_value=0.000961877 -0.0673286 0.00526878 0.0136358 0.0097796 0.00373599 0.000398711 0.00716342 -0.00901168 -0.00161512 -0.000817669 -0.00661657 -0.0900936 0.00215403 -0.00209267 -0.0196729 -0.0386721 0.00747705 0.00399559 -0.0648957 -0.0929606 -0.00879176 -0.00720451 0.000622744 -0.0319951 -0.0628099 -0.0943342 -0.0840444 -0.0305066 -0.0169795 -0.1
internal_weight=16655.9 988.127 15667.8 7072.07 6112.79 4262.23 3452.23 2008.45 1443.78 8595.7 8317.68 2818.24 668.693 5499.44 3058.98 319.434 164.69 2440.46 1955.62 85.3616 641.659 2640.34 2449.94 2587.09 44.0638 24.8895 633.477 224.946 51.6476 471.895 408.531
internal_count=3130 2037 1093 173 158 135 119 72 47 920 893 445 1847 448 307 190 154 141 119 141 1819 433 409 256 50 40 1818 592 74 51 1226
is_linear=0
shrinkage=0.05


Tree=60
num_leaves=27
num_cat=0
split_feature=0 12 1 5 4 2 12 12 3 4 5 8 10 4 3 6 12 3 5 5 5 4 5 5 5 5
split_gain=1695.88 498.153 212.152 126.262 118.266 86.3289 81.0149 100.182 83.3135 77.38 72.8386 91.0056 58.6568 58.474 56.3584 51.3541 50.1825 44.3045 26.398 17.9417 133.076 14.875 11.9365 117.192 2.27374e-13 2.84217e-14
threshold=1.0000000180025095e-35 9.1778115501519775 539.80889766905284 1955.0000000000002 62.500000000000007 1.0000000180025095e-35 1.7007853403141364 1.4255423656056005 3.3779761904761911 21.833333333333339 1229.5000000000002 1.392153413089374 1.9375000000000002 2.6381818181818186 5.1339285714285721 108.16960457671699 0.89060354583176171 2.9137291280148427 604.50000000000011 19.500000000000004 20.500000000000004 2.2928571428571431 82.500000000000014 84.500000000000014 65.500000000000014 99.500000000000014
decision_type=10 8 10 10 10 8 8 10 8 10 10 8 10 10 10 10 10 10 10 10 10 8 10 10 10 10
left_child=1 5 4 -4 6 -1 7 16 15 12 14 -12 25 -9 -10 17 -2 -8 -18 -3 -21 -14 24 -24 -22 -7
right_child=2 19 3 -5 -6 9 8 13 10 -11 11 -13 21 -15 -16 -17 18 -19 -20 20 22 -23 23 -25 -26 -27
leaf_value=0.0060632356740033333 0.016859760938504859 -0.10000000000000001 0.0067437490837413171 0.026731815435149145 0.034029918686278186 -0.10000000000000001 -0.001235223287638567 0.010642550783081765 0.00038729046353403303 0.048577734215015475 0.017860317759919971 -0.0039187042785230842 -0.0031168610703806426 0.039916171544619281 -0.011714847150941912 -0.032984151261541347 -0.01607791232818407 -0.022247655292064232 0.0052131608004257479 0.016672770814039176 -0.10000000000000001 -0.052963023357127249 0.058535796069644347 -0.10000000000000001 -0.10000000000000001 -0.10000000000000001
leaf_weight=198.21646976470947 304.86618232727051 286.97108453512192 1722.9856281280518 1459.193042755127 270.69318389892578 23.093275606632233 786.33630180358887 335.21970081329346 5351.3731923103333 18.506004810333252 1195.9260439872742 800.86610984802246 30.224350780248642 347.35003232955933 1172.8366582393646 248.76525783538818 380.8638277053833 368.38708162307739 235.66857671737671 30.460958451032639 181.96514621376991 29.648938626050949 13.440685123205183 87.83369117975235 19.622513890266418 29.969254523515701
leaf_count=24 24 902 33 18 6 60 66 27 593 3 47 43 16 15 99 12 51 35 13 29 573 25 7 239 62 59
internal_value=0.000344149 -0.0644396 0.00445203 0.0159093 0.00136205 -0.0147727 0.000594994 0.0110211 -0.00109005 -0.0461936 0.000769181 0.00912527 -0.0617232 0.0255395 -0.00178827 -0.012378 0.000265959 -0.00793874 -0.00793943 -0.0908353 -0.0829451 -0.0278004 -0.0929644 -0.0789598 -0.1 -0.1
internal_weight=15931.3 949.952 14981.3 3182.18 11799.2 329.658 11528.5 1603.97 9924.49 131.442 8521 1996.79 112.936 682.57 6524.21 1403.49 921.399 1154.72 616.532 620.294 333.323 59.8733 302.862 101.274 201.588 53.0625
internal_count=3081 1999 1082 51 1031 187 1025 130 895 163 782 90 160 42 692 113 88 101 64 1812 910 41 881 246 635 119
is_linear=0
shrinkage=0.05


Tree=61
num_leaves=19
num_cat=0
split_feature=0 12 1 4 4 2 6 4 4 12 12 3 12 4 1 12 7 7
split_gain=1583.63 490.648 191.885 107.403 102.994 80.3549 77.9862 77.611 71.8226 63.6321 112.668 58.9071 32.6532 25.0773 24.202 22.9757 3.82134 5.68434e-14
threshold=1.0000000180025095e-35 9.1778115501519775 539.80889766905284 62.500000000000007 6.4688237276710492 1.0000000180025095e-35 107.73890513338769 35.250000000000007 21.833333333333339 0.77843552037485653 0.89060354583176171 4.5857142857142863 2.3732142857142864 3.977272727272728 49.350999194894527 1.8619424054206666 1.0000000180025095e-35 17.500000000000004
decision_type=10 8 10 10 8 8 10 10 10 10 10 8 10 8 10 10 8 10
left_child=1 5 3 6 -4 -1 7 9 11 14 -11 12 15 -8 -2 -7 -3 -18
right_child=2 16 4 -5 -6 8 13 -9 -10 10 -12 -13 -14 -15 -16 -17 17 -19
leaf_value=0.0057611339883786505 -0.0073353377990744671 -0.088841807889150498 0.0051424492475241794 0.032516845027258573 0.023247567878743467 -0.099999999999999978 -0.020857486864178987 -0.022736849510919699 0.046700233651141967 0.0475945241798576 0.0042305819388994033 -0.10000000000000001 0.012877288774293462 -0.0056435879156450262 0.0021821630240526943 -0.014251952692893208 -0.10000000000000001 -0.10000000000000001
leaf_weight=198.18094778060913 1746.7271945476532 501.32037556171417 1422.383207321167 269.16494035720825 1754.3300075531006 17.348584413528446 466.03245258331299 309.86706018447876 18.293090105056763 153.01076698303223 7115.8130414485931 50.508177995681763 27.873096853494644 646.73839855194092 1081.5305743217468 14.211148053407667 83.593213051557541 7.0036754906177512
leaf_count=24 304 1542 25 6 26 32 21 28 3 7 540 109 9 25 100 10 261 9
internal_value=0.000323462 -0.0634097 0.00423431 0.00129533 0.0151409 -0.0141943 0.000565826 0.00191106 -0.0450348 0.00266748 0.00514341 -0.0602985 -0.0265588 -0.0120152 -0.00369583 -0.0613882 -0.0905496 -0.1
internal_weight=15883.9 918.332 14965.6 11788.9 3176.71 326.415 11519.7 10406.9 128.234 10097.1 7268.82 109.941 59.4328 1112.77 2828.26 31.5597 591.917 90.5969
internal_count=3081 1999 1082 1031 51 187 1025 979 163 951 547 160 51 46 404 42 1812 270
is_linear=0
shrinkage=0.05


Tree=62
num_leaves=21
num_cat=0
split_feature=0 12 14 0 2 14 14 9 8 8 13 12 3 12 12 13 14 14 14 3
split_gain=1473.25 476.258 212.915 108.966 75.121 79.6891 67.1371 61.9851 61.6218 165.809 83.0429 55.4095 98.6615 60.0742 29.1233 71.7026 18.1907 85.6801 1.13687e-13 2.84217e-14
threshold=1.0000000180025095e-35 9.1778115501519775 154.50000000000003 270.40006463571325 1.0000000180025095e-35 12.500000000000002 82.500000000000014 33.353520542528592 2.1558704453441302 2.3371212121212124 3.2752639517345403 1.7007853403141364 3.3779761904761911 1.4255423656056005 4.9551488334674181 0.65485893416927909 4.5000000000000009 3.5000000000000004 2.5000000000000004 0.96428571428571441
decision_type=10 8 10 10 8 10 10 10 10 10 10 8 8 10 8 8 8 10 10 10
left_child=1 4 3 7 -1 19 16 8 11 -10 -11 13 -13 -2 15 -7 17 18 -3 -6
right_child=2 6 -4 -5 5 14 -8 -9 9 10 -12 12 -14 -15 -16 -17 -18 -19 -20 -21
leaf_value=0.0054739863269187439 0.00073897151351642648 -0.10000000000000001 0.028296562196563003 0.022365758141615621 -0.10000000000000001 0.013757164795361904 -0.0061060631223398059 -0.01721732925819806 0.033402852365357956 -0.010908203604159351 0.011001335838239671 -0.012449123127643083 0.0014450248658073354 0.020784615736866078 0.02806665841742589 -0.10000000000000001 -0.10000000000000001 -0.022764098476733913 -0.10000000000000001 -0.10000000000000001
leaf_weight=198.14888191223145 863.71108531951904 117.64771118760109 852.12168598175049 661.82745742797852 28.38801521062851 31.831863969564438 23.040509283542633 424.53026533126831 555.30296897888184 726.18030595779419 1069.377133846283 1535.6005992889404 7607.2186441421509 658.87066745758057 26.18871733546257 24.524292498826981 352.26599556207657 47.705140352249146 27.543352663516998 13.760682374238966
leaf_count=24 85 408 25 7 74 18 23 33 13 58 47 109 664 41 9 35 1213 73 95 27
internal_value=0.000304396 -0.062154 0.00402584 0.00255933 -0.0136589 -0.0440628 -0.0897081 0.00158406 0.00219728 0.00952501 0.00214042 0.000582104 -0.000888595 0.00941337 -0.0155005 -0.0357461 -0.0932414 -0.0808988 -0.1 -0.1
internal_weight=15845.8 891.045 14954.7 14102.6 322.842 124.694 568.203 13440.8 13016.3 2350.86 1795.56 10665.4 9142.82 1522.58 82.5449 56.3562 545.162 192.896 145.191 42.1487
internal_count=3081 1999 1082 1057 187 163 1812 1050 1017 118 105 899 773 126 62 53 1789 576 503 101
is_linear=0
shrinkage=0.05


Tree=63
num_leaves=20
num_cat=0
split_feature=1 12 14 1 2 14 4 4 14 5 3 14 12 12 8 14 14 5 14
split_gain=1373.11 465.131 193.11 98.6314 70.1955 77.5712 69.8921 78.5656 66.855 47.6532 74.9264 41.2069 37.0765 26.8233 57.2131 19.2494 86.8309 76.8715 17.4607
threshold=1.0000000180025095e-35 9.1778115501519775 154.50000000000003 1892.8004524499927 1.0000000180025095e-35 12.500000000000002 62.500000000000007 27.916666666666668 82.500000000000014 1364.5000000000002 3.3288288288288292 13.500000000000002 8.8693121693121721 4.9551488334674181 0.60669522449627167 4.5000000000000009 3.5000000000000004 19.500000000000004 62.500000000000007
decision_type=10 8 10 10 8 10 10 10 10 10 8 10 10 8 10 8 10 10 10
left_child=1 4 3 6 -1 -6 7 9 15 11 -11 -2 -9 14 -7 16 -3 -18 -16
right_child=2 8 -4 -5 5 13 -8 12 -10 10 -12 -13 -14 -15 18 -17 17 -19 -20
leaf_value=0.0052010669176848975 -0.0046809890981030977 -0.10000000000000001 0.026989874659731551 0.021300791221521804 -0.10000000000000001 0.033500512537666359 0.024807180827720699 -0.0061933219771191685 -0.0058018385060619564 -0.0077456069951306744 0.010896085862853551 0.0023199483848567121 -0.032839303952485355 0.026768845993576425 -0.10000000000000001 -0.10000000000000001 -0.10000000000000001 0.029885566695064394 -0.027504720372796079
leaf_weight=198.11993503570557 3190.9054040908813 138.1100113093853 848.79541063308716 660.21347045898438 40.093081384897232 19.714953422546387 314.2870397567749 296.83075547218323 23.036320090293884 682.97762012481689 2557.2563300132751 6158.1747171878815 233.04597949981689 26.088143318891525 22.11388698220253 335.08578264713287 18.892237901687622 28.692385286092758 13.301882117986677
leaf_count=24 368 503 25 7 101 4 7 25 23 27 80 525 18 9 41 1213 54 19 8
internal_value=0.000285901 -0.0610279 0.00382809 0.00243316 -0.0131399 -0.0430935 0.00150588 0.000947667 -0.0891568 0.00174148 0.00696678 -6.95198e-05 -0.0179125 -0.015002 -0.0347681 -0.092844 -0.0799309 -0.0216821 -0.0727713
internal_weight=15805.7 863.249 14942.5 14093.7 319.432 121.312 13433.5 13119.2 543.817 12589.3 3240.23 9349.08 529.877 81.2189 55.1307 520.78 185.695 47.5846 35.4158
internal_count=3081 1999 1082 1057 187 163 1050 1043 1812 1000 107 893 43 62 53 1789 576 73 49
is_linear=0
shrinkage=0.05


Tree=64
num_leaves=20
num_cat=0
split_feature=0 12 14 0 14 2 14 4 4 13 14 14 12 12 13 14 14 5 5
split_gain=1280.65 455.447 175.079 89.257 66.7883 65.5823 75.4476 63.296 71.0704 59.761 63.909 61.8431 33.8047 24.7167 68.336 19.4498 85.5518 72.8824 2.27374e-13
threshold=1.0000000180025095e-35 9.1778115501519775 154.50000000000003 270.40006463571325 82.500000000000014 1.0000000180025095e-35 12.500000000000002 62.500000000000007 27.916666666666668 1.5741758241758244 1.0000000180025095e-35 18.500000000000004 8.8693121693121721 4.9551488334674181 0.65485893416927909 4.5000000000000009 3.5000000000000004 19.500000000000004 38.500000000000007
decision_type=10 8 10 10 10 8 10 10 10 10 10 10 10 8 8 8 10 10 10
left_child=1 5 3 7 15 -1 -7 8 9 10 -2 -11 -10 14 -8 16 -3 -18 -17
right_child=2 4 -4 -5 -6 6 13 -9 12 11 -12 -13 -14 -15 -16 18 17 -19 -20
leaf_value=0.0049416825435416242 0.018013287775151026 -0.10000000000000001 0.025734187982147563 0.020281802599712417 -0.00551267812693477 -0.10000000000000001 0.0140729109889184 0.023639620310304067 -0.0058847853528367217 -0.0031647686931629789 -0.0019724426852312034 0.0098818303110551047 -0.031366602631155122 0.025521917339083218 -0.10000000000000001 -0.10000000000000001 -0.10000000000000001 0.028518743742225613 -0.10000000000000001
leaf_weight=198.09380722045898 422.09976243972778 131.37430176138878 845.78108072280884 658.75312042236328 23.032540559768677 38.137718588113785 31.259959131479263 313.34414005279541 296.77525401115417 1258.2035138607025 7640.5119473934174 3266.3165674209595 231.82073426246643 25.997007220983505 22.635329306125641 206.7056120634079 17.970852434635162 28.567452400922775 112.03784012794495
leaf_count=24 37 503 25 7 23 101 18 7 25 104 707 152 18 9 35 794 54 19 419
internal_value=0.000268097 -0.0599609 0.00363903 0.00231252 -0.0887476 -0.0126374 -0.0421409 0.00143105 0.000900469 0.00165472 -0.000926135 0.00625376 -0.0170601 -0.0145211 -0.0338362 -0.0926077 -0.0793637 -0.021109 -0.1
internal_weight=15769.4 835.812 14933.6 14087.8 519.689 316.124 118.03 13429.1 13115.7 12587.1 8062.61 4524.52 528.596 79.8923 53.8953 496.656 177.913 46.5383 318.743
internal_count=3081 1999 1082 1057 1812 187 163 1050 1043 1000 744 256 43 62 53 1789 576 73 1213
is_linear=0
shrinkage=0.05


Tree=65
num_leaves=23
num_cat=0
split_feature=0 12 1 2 9 9 9 5 0 2 3 12 2 3 12 14 8 14 14 14 5 5
split_gain=1304.34 510.175 259.892 120.014 125.349 197.708 74.7266 77.2013 82.0907 61.7584 61.757 48.4062 78.3918 50.4731 56.3634 41.737 49.8468 22.5902 19.0186 82.2067 62.6245 1.13687e-13
threshold=1.0000000180025095e-35 9.1778115501519775 208.98084986905226 1.5813834771118909 26.892792739600683 24.418788088397786 33.096796541860819 1059.5000000000002 17.252394281991638 1.9752916677013488 3.7860411899313502 5.4389592123769352 1.0000000180025095e-35 4.5857142857142863 1.8619424054206666 1.0000000180025095e-35 1.0387838418564679 49.500000000000007 4.5000000000000009 3.5000000000000004 19.500000000000004 21.500000000000004
decision_type=10 8 10 8 10 10 10 10 10 10 10 10 8 8 10 8 10 10 8 10 10 10
left_child=1 11 6 -4 5 -5 7 9 10 15 -9 12 -1 14 -14 -2 -17 -12 19 21 -21 -3
right_child=2 18 3 4 -6 -7 -8 8 -10 -11 17 -13 13 -15 -16 16 -18 -19 -20 20 -22 -23
leaf_value=0.0015052745425867191 0.016905514159916361 -0.10000000000000001 0.0013575887522615981 0.025738324640891187 0.02624838709655208 -0.0039674992453534574 -0.023430950831550244 -0.014865767727627967 0.021529515259245631 -0.020799649513691065 5.1940069240932656e-05 0.028931312468645255 -0.10000000000000001 -0.10000000000000001 0.0070111422790390667 -0.0046416767997573749 0.0050949202930976947 0.015155527888302654 -0.10000000000000001 -0.10000000000000001 0.02061849795208863 -0.10000000000000001
leaf_weight=155.29524946212769 319.44527745246887 102.65324278175831 1571.4323921203613 1012.5625591278076 2106.5596466064453 1253.5443801879883 332.29061841964722 407.7143120765686 808.14311599731445 406.83801603317261 457.11346769332886 61.754892706871033 17.83950936794281 38.780590251088142 39.662332326173782 4250.7599627971649 1902.9898550510406 540.07270574569702 310.24200896918774 16.777839541435242 30.007602423429489 26.414596974849701
leaf_count=20 31 413 38 17 38 33 32 39 24 38 33 22 37 101 18 572 165 25 1218 53 22 106
internal_value=0.0017828 -0.0604852 0.00502161 0.013209 0.0174681 0.00930593 -0.000141733 0.000709331 0.00883253 -0.00190359 0.00152882 -0.0107347 -0.0204715 -0.0559181 -0.0261883 -0.000715981 -0.00163072 0.00823199 -0.092554 -0.0794177 -0.0226368 -0.1
internal_weight=16168.9 799.428 15369.5 5944.1 4372.67 2266.11 9425.37 9093.08 2213.04 6880.03 1404.9 313.333 251.578 96.2824 57.5018 6473.2 6153.75 997.186 486.095 175.853 46.7854 129.068
internal_count=3095 2010 1085 126 88 50 959 927 121 806 97 198 176 156 55 768 737 58 1812 594 75 519
is_linear=0
shrinkage=0.05


Tree=66
num_leaves=23
num_cat=0
split_feature=0 12 1 2 9 9 9 8 8 8 8 14 2 12 14 6 14 4 7 14 14 4
split_gain=1214.9 499.514 235.106 108.828 113.864 179.138 67.6282 70.9024 96.7933 74.5208 66.372 45.7811 105.132 41.2571 39.2982 53.3201 49.1629 26.0671 20.2631 19.3643 81.3918 2.84217e-14
threshold=1.0000000180025095e-35 9.1778115501519775 208.98084986905226 1.5813834771118909 26.892792739600683 24.418788088397786 33.096796541860819 3.238859180035651 2.1791257522964842 4.9156565656565663 15.254090909090911 11.500000000000002 1.0000000180025095e-35 5.4389592123769352 13.500000000000002 24.418788088397786 1.0000000180025095e-35 3.1937500000000005 12.500000000000002 4.5000000000000009 3.5000000000000004 2.0790707587382786
decision_type=10 8 10 8 10 10 10 8 10 8 8 8 8 10 10 10 10 8 10 8 10 10
left_child=1 11 6 -4 5 -5 7 8 14 -9 -11 12 -1 17 16 -16 -2 -13 -12 20 -3 -14
right_child=2 19 3 4 -6 -7 -8 9 -10 10 18 13 21 -15 15 -17 -18 -19 -20 -21 -22 -23
leaf_value=-0.0012956784096464827 0.016819520343780141 -0.10000000000000001 0.0012897213079562924 0.024532735201952996 0.025022237125080532 -0.0037694213703441445 -0.022320725681299055 -0.028555715817181405 0.023780900802215944 0.014753306552604062 -0.0032104906074815831 0.010198495810193907 -0.10000000000000001 0.041266134710904755 0.015570915843329761 0.0013051345589424679 -0.0069130830099480419 -0.034154794986924197 -0.013282896242320119 -0.10000000000000001 -0.021961647123823189 -0.10000000000000001
leaf_weight=80.655812740325928 251.19690370559692 122.77312225103378 1571.4182834625244 1009.2923860549927 2099.4840202331543 1253.4481620788574 331.40124464035034 308.35519981384277 559.87683439254761 459.15396213531494 1873.6801064014435 72.718773633241653 28.376032799482346 55.553235411643982 902.12056374549866 2391.0588688850403 1662.0438416004181 60.844356253743172 680.72985625267029 295.11132973432541 45.904987156391144 12.15974786877632
leaf_count=11 17 519 38 17 38 33 32 33 28 28 287 30 88 9 74 170 193 35 97 1218 75 25
internal_value=0.00169456 -0.0594224 0.00477603 0.0125718 0.0166359 0.00885472 -0.000134702 0.00067431 0.00402633 -0.00514424 -0.00274872 -0.0103192 -0.03431 0.00505489 0.00190201 0.00521305 -0.00379714 -0.0100065 -0.00589471 -0.0922759 -0.0787622 -0.1
internal_weight=16127.4 774.097 15353.3 5933.64 4362.22 2262.74 9419.62 9088.22 5766.3 3321.92 3013.56 310.308 121.192 189.116 5206.42 3293.18 1913.24 133.563 2554.41 463.789 168.678 40.5358
internal_count=3095 2010 1085 126 88 50 959 927 482 445 412 198 124 74 454 244 210 65 384 1812 594 113
is_linear=0
shrinkage=0.05


Tree=67
num_leaves=33
num_cat=0
split_feature=0 12 6 13 11 6 6 12 14 11 2 5 2 13 13 12 12 13 4 2 13 0 14 13 12 14 14 5 14 4 5 12
split_gain=1129.88 487.368 210.924 239.765 150.736 91.9384 88.1859 61.0991 70.6081 69.7977 45.2241 43.4424 68.7324 40.0056 38.5942 41.8104 38.1739 39.6071 37.7038 97.9905 30.5462 26.3799 35.0022 29.374 25.6854 20.4377 82.3021 60.2639 11.7216 2.13738 5.68434e-14 1.42109e-14
threshold=1.0000000180025095e-35 9.1778115501519775 54.222147238063577 6.5555555555555562 1215.0000000000002 338.15917216640435 118.49885752016208 7.6884681583476775 54.500000000000007 1025.0000000000002 2.0021089473181553 179.50000000000003 1.0000000180025095e-35 0.69180871212121231 19.250000000000004 10.851449275362322 5.4389592123769352 0.71868658919018646 18.325000000000003 0.50320080970070546 6.0400000000000009 4.6163286673913655 3.5000000000000004 2.8944444444444448 15.423913043478263 4.5000000000000009 3.5000000000000004 19.500000000000004 22.500000000000004 2.9245014245014249 77.500000000000014 3.3979768786127171
decision_type=10 8 10 10 10 10 10 8 10 8 10 10 8 10 10 8 10 8 8 10 10 10 10 10 10 8 10 10 10 8 10 10
left_child=1 11 7 4 10 6 -6 8 18 -10 13 12 -1 -4 15 -9 17 29 21 28 24 22 -2 -23 -17 26 30 -28 -20 -13 -3 -14
right_child=2 25 3 -5 5 -7 -8 14 9 -11 -12 16 31 -15 -16 20 -18 -19 19 -21 -22 23 -24 -25 -26 -27 27 -29 -30 -31 -32 -33
leaf_value=0.001188449594714774 -0.028275832238423771 -0.10000000000000001 -0.0069516930996933613 0.035736766265790164 0.015295679263530124 0.02362878108638089 -0.0046842028244560912 -0.026102634171602281 0.023228677704141294 -0.00098021013047782019 -0.015645802763030122 -0.0010027595688477406 -0.099999999999999992 0.010019842179302308 -0.026908823005463958 -0.0033406363207356621 0.035986872010870384 -0.046248956497645689 0.027669088548411581 -0.017631628366198589 0.011283002147854 0.0028645601195732254 -0.0048761476163471269 -0.015611796567159806 -0.022439863377130168 -0.10000000000000001 -0.10000000000000001 0.020682792076462876 0.013322547903243005 0.012177491712284163 -0.10000000000000001 -0.10000000000000001
leaf_weight=36.509962558746338 188.65929245948792 109.64332653582096 725.2866005897522 873.17423820495605 1394.2993040084839 1397.9820308685303 914.49979496002197 207.67917823791504 727.67235612869263 503.92139768600464 560.72370433807373 76.266506150364876 24.885510474443439 666.15128517150879 202.536789894104 2479.375638961792 56.531383842229843 55.571156337857246 290.39776229858398 236.83786821365356 336.80356502532959 1874.1599488258362 1045.2603032588959 243.0070276260376 189.48661088943481 280.7185800075531 15.785284608602522 30.011763542890549 279.31514620780945 51.549766257405281 7.1420812010765067 6.1719425916671744
leaf_count=5 35 488 33 13 34 14 22 22 33 31 22 30 85 18 22 372 11 38 19 24 23 136 147 19 23 1218 53 22 23 10 31 19
internal_value=0.00161065 -0.0582788 0.00454235 0.0113501 0.00758719 0.0135092 0.00738178 -0.000507972 0.00280798 0.0133233 -0.00365759 -0.00990875 -0.045323 0.00117343 -0.00573954 -0.00440524 6.48118e-05 -0.0110086 -0.000306925 0.00939853 -0.00290604 -0.00264287 -0.00845383 0.000743856 -0.00469666 -0.0918297 -0.0777227 -0.020914 0.0206354 0.00431299 -0.1 -0.1
internal_weight=16088 750.787 15337.2 6532.12 5658.94 3706.78 2308.8 8805.11 5389.23 1231.59 1952.16 307.486 67.5674 1391.44 3415.88 3213.34 239.919 183.387 4157.64 806.551 3005.67 3351.09 1233.92 2117.17 2668.86 443.301 162.582 45.797 569.713 127.816 116.785 31.0575
internal_count=3095 2010 1085 156 143 70 56 929 467 64 73 198 109 51 462 440 89 78 403 66 418 337 182 155 395 1812 594 75 42 40 519 104
is_linear=0
shrinkage=0.05


Tree=68
num_leaves=25
num_cat=0
split_feature=0 13 1 13 1 6 14 9 5 2 6 7 2 14 5 14 2 2 11 14 14 5 13 5
split_gain=1051.13 458.168 195.672 99.0678 87.2708 113.772 66.2129 62.0076 72.6581 72.7027 101.215 56.3485 53.6698 36.986 38.9419 36.4328 84.5999 33.9258 21.9168 20.2088 80.6593 59.9801 10.2645 5.68434e-14
threshold=1.0000000180025095e-35 21.250000000000004 220.20599624991419 7.1000000000000005 2420.4144641405351 123.96968651691979 44.500000000000007 33.096796541860819 1059.5000000000002 1.6863863343021233 54.37480424865425 47.500000000000007 1.9752916677013488 1.0000000180025095e-35 460.50000000000006 11.500000000000002 1.0000000180025095e-35 1.0000000180025095e-35 795.00000000000011 4.5000000000000009 3.5000000000000004 19.500000000000004 2.6404040404040408 57.500000000000007
decision_type=10 8 10 8 10 10 10 10 10 8 10 10 10 8 10 8 8 8 8 8 10 10 10 10
left_child=1 15 7 4 5 6 -4 8 12 -10 11 -11 13 -2 -15 16 -1 -3 22 20 23 -22 -17 -19
right_child=2 17 3 -5 -6 -7 -8 -9 9 10 -12 -13 -14 14 -16 18 -18 19 -20 -21 21 -23 -24 -25
leaf_value=-0.0025031423492045861 0.015864639128094927 0.011304296000593655 0.0034001804683932418 0.026398898306394022 0.022203270157523422 -0.0040928769509956482 0.021423277768512355 -0.021304645013926687 -0.0073314657375156897 0.020418005188854359 0.033538411803992071 -0.0011092347806144157 -0.019506525818473976 -0.0053667509953893473 0.0025800915628352164 0.0021787125291758201 -0.10000000000000001 -0.10000000000000001 -0.023755135485952046 -0.10000000000000001 -0.10000000000000001 0.020568011857907534 0.029604734517514577 -0.10000000000000001
leaf_weight=72.455601692199707 317.99864625930786 8.1607294082641602 930.25833988189697 949.78214645385742 957.35003662109375 1741.5768775939941 1126.9158802032471 330.80040264129639 567.45178699493408 463.33037281036377 456.4124174118042 883.86286973953247 405.84621334075928 3269.8315906524658 2916.681293964386 74.542630195617676 32.110552981495857 105.33776953816414 50.615724116563797 267.8536392301321 15.7956625521183 29.731277972459793 62.904488787055016 8.5712194144725782
leaf_count=10 31 1 31 22 9 36 21 32 38 24 9 55 38 473 266 35 95 489 24 1222 56 22 16 40
internal_value=0.00153115 -0.0571671 0.00432112 0.0116558 0.00871166 0.00531154 0.0132732 -3.28128e-05 0.00072534 0.00827773 0.0131887 0.00629447 -0.00186601 -0.000765335 -0.00162015 -0.00878289 -0.0324428 -0.089682 0.00437244 -0.0916107 -0.0775167 -0.0212633 0.0147306 -0.1
internal_weight=16046.2 728.079 15318.1 5705.88 4756.1 3798.75 2057.17 9612.22 9281.42 2371.06 1803.61 1347.19 6910.36 6504.51 6186.51 292.629 104.566 435.45 188.063 427.29 159.436 45.5269 137.447 113.909
internal_count=3095 2010 1085 119 97 88 52 966 934 126 88 79 808 770 739 180 105 1830 75 1829 607 78 51 529
is_linear=0
shrinkage=0.05


Tree=69
num_leaves=30
num_cat=0
split_feature=0 12 1 5 9 4 8 13 8 12 8 5 1 8 5 2 12 3 11 13 14 14 5 0 4 0 5 5 5
split_gain=977.199 467.365 176.97 91.6313 72.2147 61.1005 58.5092 127.455 89.2766 83.5769 63.642 51.1724 48.8488 45.9704 38.2263 65.212 32.3345 36.8877 24.4662 26.2868 21.1478 80.4541 54.5591 18.9629 18.2251 4.03949 1.13687e-13 5.68434e-14 1.42109e-14
threshold=1.0000000180025095e-35 9.1778115501519775 244.60799583435059 2088.5000000000005 27.043138481463242 4.6770833333333348 3.238859180035651 17.500000000000004 4.9156565656565663 7.6884681583476775 2.1558704453441302 586.50000000000011 57.573944228609555 15.254090909090911 179.50000000000003 1.0000000180025095e-35 5.4389592123769352 3.0239316239316243 85.000000000000014 2.9761904761904767 4.5000000000000009 3.5000000000000004 19.500000000000004 5.3988841720070413 2.4631217838765012 36.688749375194313 189.50000000000003 55.500000000000007 315.50000000000006
decision_type=10 8 10 10 10 10 8 8 8 10 10 10 10 8 10 8 10 8 10 10 8 10 10 10 10 10 10 10 10
left_child=1 14 6 4 5 -4 7 9 -8 10 11 -2 18 -14 15 -1 17 -16 23 -20 21 27 -23 -10 -19 -15 -22 -3 -28
right_child=2 20 3 -5 -6 -7 8 -9 12 -11 -12 -13 13 25 16 -17 -18 24 19 -21 26 22 -24 -25 -26 -27 28 -29 -30
leaf_value=0.0011000890738436402 -0.0051620079725280266 -0.10000000000000001 0.0081832010531758259 0.021895275949800397 0.015121076784141275 -0.0091144623057532355 -0.029201010480132461 0.026783702163255402 0.014719592664742806 -0.027318622701614309 0.023140284931764489 0.0048121543612919407 0.020817973147571028 -0.0027999843255591115 0.0047792364467044652 -0.10000000000000001 0.033576090123083095 -0.014648660398972113 -0.0090960621247911152 -0.032497298682169058 -0.10000000000000001 -0.10000000000000001 0.018816442488667005 -0.004420356489945136 -0.072419278816452132 0.0047991302641785527 -0.099999999999999978 -0.10000000000000001 -0.10000000000000001
leaf_weight=36.504011154174805 2132.2745923995972 95.776947125792503 1268.5700740814209 1512.7376461029053 1669.4549036026001 854.32734107971191 343.81582832336426 518.66596078872681 164.81436610221863 250.61407923698425 340.62720823287964 3239.8731555938721 348.87180423736572 624.85663843154907 127.41300770640373 28.32768303155899 55.694822907447815 26.575810715556145 1053.6450960636139 135.42982625961304 233.73498584330082 14.283115506172178 29.860895991325378 602.40338778495789 28.073130548000336 242.84586048126221 11.615699276328089 9.894859626889227 8.8907603472471219
leaf_count=5 242 471 31 19 35 21 35 22 25 26 15 213 11 61 31 104 11 19 185 21 1140 53 22 103 28 20 51 48 27
internal_value=0.00145497 -0.0560306 0.00410933 0.0114909 0.00734061 0.00122202 0.00019287 0.00301008 -0.0049999 0.000942372 0.00218216 0.000853281 -0.00237744 0.00548973 -0.00904197 -0.0430748 0.000238123 -0.00996034 -0.00726985 -0.0117613 -0.0912192 -0.0763178 -0.0196275 -0.000308696 -0.0443254 -0.000673203 -0.1 -0.1 -0.1
internal_weight=16010.5 706.646 15303.8 5305.09 3792.35 2122.9 9998.74 6482.05 3516.68 5963.39 5712.77 5372.15 3172.87 1216.57 302.588 64.8317 237.757 182.062 1956.29 1189.07 404.057 149.816 44.144 767.218 54.6489 867.702 254.241 105.672 20.5065
internal_count=3095 2010 1085 106 87 52 979 518 461 496 470 455 426 92 198 109 89 78 334 206 1812 594 75 128 47 81 1218 519 78
is_linear=0
shrinkage=0.05


Tree=70
num_leaves=35
num_cat=0
split_feature=0 12 1 14 5 9 0 4 12 4 12 10 10 1 12 2 5 5 7 5 10 14 14 5 0 4 10 0 12 10 5 5 5 5
split_gain=797.965 380.72 202.576 98.9681 95.2649 93.3494 69.7695 55.797 60.6988 73.4562 57.7722 44.9894 89.9967 44.6165 48.6676 41.76 43.8868 38.5937 36.495 29.0144 28.4062 21.0057 78.1228 50.4597 18.5763 16.5742 15.2712 14.2656 9.74576 4.04449 1.13687e-13 5.68434e-14 1.42109e-14 7.10543e-15
threshold=3.4004834849649899 168.30000000000004 320.39778533465216 82.500000000000014 2088.5000000000005 27.043138481463242 1.5910880829644769 62.500000000000007 2.6768030274078449 1.6940333568240546 85.785714285714292 6.2250000000000005 5.014705882352942 120.04308645058474 3.6003757206711153 0.15490470269621553 179.50000000000003 1102.0000000000002 64.500000000000014 604.50000000000011 8.2583333333333346 4.5000000000000009 3.5000000000000004 19.500000000000004 1.5848538115532504 9.5912698412698436 3.7793522267206483 3.3744612770230247 2.2565666041275798 3.2554347826086958 263.50000000000006 114.50000000000001 70.500000000000014 117.50000000000001
decision_type=10 8 10 10 10 10 10 10 8 8 10 10 8 10 10 8 10 8 10 10 8 8 10 10 10 10 10 8 10 8 10 10 10 10
left_child=1 15 7 6 5 18 21 8 9 19 13 12 -11 17 -15 -1 24 -10 -4 29 -13 22 31 -24 32 26 27 -18 -28 -2 -23 -3 -17 -34
right_child=2 3 4 -5 -6 -7 -8 -9 10 11 -12 20 -14 14 -16 16 25 -19 -20 -21 -22 30 23 -25 -26 -27 28 -29 -30 -31 -32 -33 33 -35
leaf_value=-0.0020672393044149254 -0.016241497533364919 -0.10000000000000001 -0.0076146000984941044 0.023174575438317451 0.022148633440632216 0.016424289958372768 -0.016545779311368046 0.021286238017951271 -0.0050957897443100692 -0.0002336485581077263 0.021732324729575481 -0.015765114371898439 0.021228874558940666 -0.0040020726633952612 -0.020989506578746365 -0.099999999999999978 -0.029131180102184004 0.0054961831449869937 0.0060662914217863807 0.0031708798850148979 0.0050902309897701151 -0.10000000000000001 -0.10000000000000001 0.015960745095480778 -0.035754403440557601 -0.00050427805036111582 -0.030976406295261268 -0.064975447386630275 -0.0060537774092762967 -0.02728805823016392 -0.10000000000000001 -0.10000000000000001 -0.10000000000000003 -0.099999999999999992
leaf_weight=258.42369985580444 158.12699365615845 95.585291653871536 916.14760971069336 22.749140530824661 1432.363224029541 1443.3611507415771 34.983446598052979 271.49183464050293 3867.7577862739563 913.2478404045105 206.43281269073486 284.02683877944946 1050.0111951828003 879.51569938659668 809.84799289703369 13.292014613747599 94.798308372497559 1105.912896156311 1041.7763957977295 174.05442714691162 384.04430484771729 217.15549676120281 13.586520552635191 30.309756070375443 19.154160737991333 72.625771075487137 68.727046608924866 39.251565113663673 91.379834175109863 174.0824875831604 7.0376016348600379 3.9697561264038077 7.4355035871267301 6.5438564866781235
leaf_count=34 22 494 28 21 18 26 9 7 528 81 7 22 67 48 39 55 19 68 18 11 27 1129 53 23 4 19 20 48 24 22 34 20 27 25
internal_value=-9.86953e-05 -0.0412743 0.00289028 -0.0782866 0.011332 0.00677679 -0.0840193 -0.00107955 -0.00168634 0.00407562 -0.00431808 0.00743135 0.0112452 -0.00512517 -0.0121455 -0.0178326 -0.0276923 -0.00274063 -0.000335242 -0.0133659 -0.00377631 -0.0904398 -0.0754987 -0.0199308 -0.0734937 -0.021895 -0.0271763 -0.0396269 -0.016752 -0.0220301 -0.1 -0.1 -0.1 -0.1
internal_weight=16209.2 1097.01 15112.2 425.377 4833.65 3401.29 402.628 10278.6 10007.1 3137.59 6869.47 2631.33 1963.26 6663.03 1689.36 671.632 413.208 4973.67 1957.92 506.264 668.071 367.644 143.451 43.8963 46.4255 366.783 294.157 134.05 160.107 332.209 224.193 99.555 27.2714 13.9794
internal_count=3097 2058 1039 1783 90 72 1762 949 942 252 690 197 148 683 87 275 241 596 46 55 49 1753 590 76 111 130 111 67 44 44 1163 514 107 52
is_linear=0
shrinkage=0.05


Tree=71
num_leaves=32
num_cat=0
split_feature=0 5 1 11 7 6 14 5 5 5 4 6 5 11 9 1 6 4 3 0 3 1 14 11 5 0 14 11 5 5 5
split_gain=733.965 367.682 183.074 87.8514 104.692 84.4377 51.1067 84.806 72.8282 58.5504 50.4643 47.268 39.8809 39.2902 32.7334 67.2073 59.4705 39.0508 25.796 24.1519 23.2575 21.345 36.8112 50.8761 24.2507 19.094 7.7134 6.22614 1.13687e-13 1.42109e-14 1.42109e-14
threshold=3.4004834849649899 82.500000000000014 320.39778533465216 1235.0000000000002 67.500000000000014 124.48276149632129 4.5000000000000009 6.5000000000000009 20.500000000000004 19.500000000000004 62.500000000000007 107.48432301756306 8.5000000000000018 115.00000000000001 24.418788088397786 166.85050772556318 54.37480424865425 1.8843351548269582 7.322916666666667 1.5848538115532504 0.12250000000000001 11.134920335983301 62.500000000000007 225.00000000000003 549.00000000000011 1.0000000180025095e-35 22.500000000000004 85.000000000000014 4.5000000000000009 61.500000000000007 248.50000000000003
decision_type=10 10 10 10 10 10 8 10 10 10 10 10 10 8 10 10 10 8 8 10 8 10 10 10 10 10 8 10 10 10 10
left_child=1 6 10 5 -5 -4 7 -1 9 12 11 14 -9 19 15 18 17 -16 -2 20 -3 22 23 25 -25 -15 -23 29 -8 -10 -22
right_child=2 13 3 4 -6 -7 28 8 27 -11 -12 -13 -14 21 16 -17 -18 -19 -20 -21 30 26 -24 24 -26 -27 -28 -29 -30 -31 -32
leaf_value=-0.10000000000000001 0.0046026092179059985 0.004525790069516619 0.01250907401599631 0.024879807502404479 0.0067243526219088736 -0.010112059895060308 -0.10000000000000001 0.010734342979201023 -0.099999999999999978 0.076127263135145284 0.020267881650216035 -0.014246551388734253 -0.10000000000000001 -0.059541559625543465 -0.015241581129121157 -0.025670186497742987 0.013632540173458555 0.00045106849618798588 -0.0069244910207882163 -0.029615789197964117 -0.099999999999999992 -0.017065217059517152 0.030996944342830346 0.010542157237703765 -0.022684431913632237 -0.0068942092876403682 -0.034406224827950325 -0.042807231539857257 -0.10000000000000001 -0.10000000000000001 -0.10000000000000001
leaf_weight=75.717278033494949 824.54844331741333 6.4557919502258301 841.64316368103027 1560.2887954711914 1616.8582344055176 809.08860969543457 5.031611740589141 21.156004473567009 19.896279007196433 19.797074675559998 270.89212322235107 688.34012317657471 13.206679329276083 66.946350023150444 426.1064076423645 359.13181018829346 828.48537254333496 5694.1682591438293 1179.8013875484467 56.775194406509399 24.844869956374172 118.72337460517883 52.673648849129677 147.6619284003973 87.430630832910538 23.186814546585083 139.44593024253845 5.898737058043479 182.39827354252338 4.7226296365261069 5.4508666396141043
leaf_count=398 68 1 23 18 28 21 28 13 83 7 7 32 67 151 50 18 33 565 176 12 110 21 29 45 31 6 24 3 988 21 20
internal_value=-9.66617e-05 -0.0399669 0.00274829 0.0107788 0.0156405 0.00142157 -0.0822702 -0.0615519 -0.0271722 0.00763528 -0.00102626 -0.00160307 -0.0318244 -0.0197993 -0.000668491 -0.00575144 0.00106037 -0.000641487 -0.00218248 -0.0500584 -0.0816389 -0.0153501 -0.00777948 -0.0140597 -0.00181477 -0.045998 -0.0264317 -0.0889452 -0.1 -0.1 -0.1
internal_weight=16176.8 1077.42 15099.4 4827.88 3177.15 1650.73 347.825 160.395 84.6774 54.1598 10271.5 10000.6 34.3627 729.595 9312.24 2363.48 6948.76 6120.27 2004.35 93.5267 36.7515 636.069 377.899 325.226 235.093 90.1332 258.169 30.5176 187.43 24.6189 30.2957
internal_count=3097 2058 1039 90 46 44 1608 592 194 87 949 942 80 450 910 262 648 615 244 143 131 307 262 233 76 157 45 107 1016 104 130
is_linear=0
shrinkage=0.05


Tree=72
num_leaves=32
num_cat=0
split_feature=0 8 0 11 11 14 0 5 4 12 4 12 10 10 2 9 2 5 4 5 10 14 14 5 0 11 11 4 11 5 5
split_gain=675.318 365.661 141.488 104.751 144.157 93.0242 70.5753 53.3985 45.2305 53.612 63.9706 51.499 41.1065 81.0818 37.2409 42.6068 36.3826 40.4346 30.2326 25.6739 25.2245 20.7506 74.5182 46.0323 19.1944 15.1477 30.7642 11.5035 3.71284 1.13687e-13 1.42109e-14
threshold=3.4004834849649899 21.875000000000004 45.771112190664589 975.00000000000011 245.00000000000003 82.500000000000014 1.5910880829644769 2088.5000000000005 62.500000000000007 2.6768030274078449 1.6940333568240546 85.785714285714292 6.2250000000000005 5.014705882352942 2.9911010205733084 32.507708407657454 0.15490470269621553 179.50000000000003 3.4374609130706695 604.50000000000011 8.2583333333333346 4.5000000000000009 3.5000000000000004 19.500000000000004 1.5848538115532504 995.00000000000011 675.00000000000011 1.7403846153846156 475.00000000000006 263.50000000000006 82.500000000000014
decision_type=10 8 10 10 8 10 10 10 10 8 8 10 10 8 10 10 8 10 10 10 8 8 10 10 10 8 10 10 8 10 10
left_child=1 16 8 4 -4 6 21 18 9 10 19 14 13 -12 15 -11 -1 24 -5 28 -14 22 -3 -24 30 26 27 -19 -2 -23 -18
right_child=2 5 3 7 -6 -7 -8 -9 -10 11 12 -13 20 -15 -16 -17 17 25 -20 -21 -22 29 23 -25 -26 -27 -28 -29 -30 -31 -32
leaf_value=-0.0014286766812704316 -0.025788650891666216 -0.10000000000000001 0.019033199784264595 0.015353149352687424 -0.013604340520133824 0.022129417813063004 -0.015272849873924294 0.021548045913859181 0.01929415005287723 -0.0027785190426514242 -0.00017598045439665339 0.020585216662759663 -0.014965919656678477 0.020210833608585839 -0.019227477382218222 -0.021451999796816775 -0.099999999999999978 -0.048148913886695732 0.0038302117929767741 0.003190098156068237 0.0047013978345385428 -0.10000000000000001 -0.10000000000000001 0.015248785222184751 -0.033080620247060821 -0.041650244056000624 0.010763222951269471 -0.019323440285999999 -0.015198082257776278 -0.10000000000000001 -0.10000000000000001
leaf_weight=257.8082537651062 166.81269645690918 90.368740454316139 526.50516319274902 1055.5153007507324 946.62933492660522 22.330712676048279 34.889193534851074 1394.6753444671631 270.34963130950928 5579.5834977626801 912.7501277923584 205.92137241363525 283.36645889282227 1047.3460369110107 418.98735332489014 323.16246366500854 13.770613208413126 43.349493995308876 1235.5593452453613 173.95352935791016 383.90991544723511 197.03158031404018 12.333206981420515 29.124629408121109 18.947603464126587 65.983616575598717 82.612942755222321 171.70323152840137 164.23782014846802 6.5677729696035376 10.89280581474304
leaf_count=34 26 514 25 17 37 21 9 17 7 592 81 7 22 67 23 38 62 35 24 11 27 1130 53 23 4 23 15 57 18 34 44
internal_value=-9.44675e-05 -0.0387159 0.00261278 0.00933017 -0.00193953 -0.076977 -0.0829533 0.0138345 -0.000876934 -0.00144145 0.00393571 -0.00402175 0.00706835 0.0107174 -0.00482329 -0.00380085 -0.0161271 -0.0254317 0.00913892 -0.0123624 -0.00365055 -0.0899931 -0.0745379 -0.0190363 -0.0709257 -0.0199758 -0.0151712 -0.025134 -0.0205346 -0.1 -0.1
internal_weight=16147 1057.71 15089.3 5158.88 1473.13 392.646 370.315 3685.75 9930.38 9660.03 3132.38 6527.65 2627.37 1960.1 6321.73 5902.75 665.069 407.26 2291.07 505.004 667.276 335.426 131.827 41.4578 43.611 363.649 297.666 215.053 331.051 203.599 24.6634
internal_count=3097 2058 1039 120 62 1784 1763 58 919 912 252 660 197 148 653 630 274 240 41 55 49 1754 590 76 110 130 107 92 44 1164 106
is_linear=0
shrinkage=0.05


Tree=73
num_leaves=31
num_cat=0
split_feature=0 8 0 11 11 14 0 2 9 13 14 12 12 0 8 6 2 5 2 5 14 14 5 5 3 0 12 9 11 5
split_gain=620.55 355.076 127.872 94.6582 130.288 89.5049 70.8695 50.9618 40.9574 51.9263 73.062 50.3985 46.1984 61.1793 44.2181 34.6691 33.7135 40.5536 33.2485 38.8716 21.1573 73.7156 43.8446 14.9414 22.9764 11.3809 40.3357 10.6109 4.49779 1.13687e-13
threshold=3.4004834849649899 21.875000000000004 45.771112190664589 975.00000000000011 245.00000000000003 82.500000000000014 1.5910880829644769 3.0029438017607881 33.096796541860819 1.7875939849624063 77.500000000000014 2.445616115279452 2.6768030274078449 27.657604919392615 14.250000000000002 30.86280252776746 1.0388819944718366 2165.5000000000005 0.15490470269621553 117.50000000000001 4.5000000000000009 3.5000000000000004 19.500000000000004 534.50000000000011 4.3589743589743604 1.0000000180025095e-35 8.0281339031339041 27.01533167356445 115.00000000000001 311.50000000000006
decision_type=10 8 10 10 8 10 10 8 10 10 10 8 8 10 8 10 8 10 8 10 8 10 10 10 8 10 10 10 10 10
left_child=1 18 8 4 -4 6 20 -5 9 12 11 -11 13 15 -13 -2 27 -18 -1 28 21 -3 -23 25 -25 26 -21 -14 -20 -22
right_child=2 5 3 7 -6 -7 -8 -9 -10 10 -12 14 16 -15 -16 -17 17 -19 19 23 29 22 -24 24 -26 -27 -28 -29 -30 -31
leaf_value=-0.0013572568798546473 0.0015757555070842503 -0.10000000000000001 0.018114379709609555 0.0063692680654904715 -0.012936104835418051 0.021074591437670279 -0.014526163851389003 0.01825627155553913 -0.017153662244473365 0.021217428134263437 0.019462270153509431 -0.0040690659980517681 -0.012600748561758175 0.017409964549292816 0.014984494258208213 -0.014641749149356615 -0.0065802677940024886 0.012759972103305817 -0.099999999999999978 -0.10000000000000001 -0.10000000000000001 -0.10000000000000001 0.014503225001818058 -0.027213168628742002 0.0067571783522675059 -0.024632661752823044 0.007360345830919531 -0.028250253343930554 -0.050049019930915539 -0.10000000000000001
leaf_weight=257.80568885803223 1628.1817078590393 85.96140068769455 525.5753173828125 1578.4908027648926 945.77523756027222 22.277400732040405 34.8495192527771 2102.800931930542 370.10162973403931 278.87007713317871 678.27094125747681 2048.2595772743225 244.03028297424316 526.46224308013916 357.67322540283203 413.17043209075928 2885.6750104427338 299.14608001708984 17.252608582377437 21.334786683320999 189.93426747620106 11.731709346175192 29.091615319252014 104.63916140794754 94.93735659122467 145.45526576042175 14.829916074872015 194.76257801055908 6.1000308692455283 3.7354253381490699
leaf_count=34 165 514 25 29 37 21 9 29 36 14 24 153 23 16 30 34 396 10 80 64 1144 53 23 27 21 31 14 18 3 20
internal_value=-9.23611e-05 -0.0374493 0.00248429 0.00887486 -0.00184468 -0.0761454 -0.0822411 0.0131593 -0.000833551 -0.000201377 0.00479997 0.00109578 -0.00291802 0.00221269 -0.00123651 -0.00170667 -0.00655381 -0.00476366 -0.0153902 -0.024333 -0.0896051 -0.0737265 -0.0184024 -0.0204969 -0.0110537 -0.0308737 -0.0559752 -0.0195469 -0.0869521 -0.1
internal_weight=16117.2 1039.94 15077.2 5152.64 1471.35 377.581 355.304 3681.29 9924.6 9554.5 3363.07 2684.8 6191.43 2567.81 2405.93 2041.35 3623.61 3184.82 662.355 404.549 320.454 126.785 40.8233 381.196 199.577 181.62 36.1647 438.793 23.3526 193.67
internal_count=3097 2058 1039 120 62 1784 1763 58 919 883 221 197 662 215 183 199 447 406 274 240 1754 590 76 157 48 109 78 41 83 1164
is_linear=0
shrinkage=0.05


Tree=74
num_leaves=32
num_cat=0
split_feature=0 8 0 11 11 7 5 5 0 4 12 4 3 3 0 12 8 2 5 5 4 5 5 4 10 0 12 0 10 5 5
split_gain=570.075 344.075 115.541 85.5165 117.737 63.9028 63.7088 101.234 58.1951 39.3298 44.4449 56.7784 47.0803 45.9175 53.3144 39.7741 35.7725 30.4043 37.4706 22.7134 20.3762 18.2584 151.049 14.7942 14.7674 17.8845 8.46356 5.53489 3.85175 1.13687e-13 1.42109e-14
threshold=3.4004834849649899 21.875000000000004 45.771112190664589 975.00000000000011 245.00000000000003 67.500000000000014 82.500000000000014 84.500000000000014 1.5910880829644769 62.500000000000007 2.6768030274078449 1.6940333568240546 3.3390804597701154 1.3203947368421056 27.657604919392615 85.785714285714292 7.026315789473685 0.15490470269621553 117.50000000000001 604.50000000000011 8.0789473684210531 19.500000000000004 20.500000000000004 9.5912698412698436 3.7793522267206483 3.3963549445694601 2.3446213406411767 3.3963549445694601 3.2554347826086958 10.500000000000002 28.500000000000004
decision_type=10 8 10 10 8 10 10 10 10 10 8 8 8 10 10 10 10 8 10 10 8 10 10 10 10 8 10 8 8 10 10
left_child=1 17 9 4 -4 -5 21 -8 -9 10 11 19 -12 20 -15 16 -14 -1 27 28 -13 29 -23 24 25 -20 -26 -19 -2 -3 -29
right_child=2 6 3 5 -6 -7 7 8 -10 -11 12 13 15 14 -16 -17 -18 18 23 -21 -22 22 -24 -25 26 -27 -28 30 -30 -31 -32
leaf_value=-0.0012894058922738117 -0.013829173211957877 -0.10000000000000001 0.017236964234076561 0.018344510824451276 -0.012299599772017623 0.00506324690653954 0.07999005761644333 -0.10000000000000001 -0.013814442196047811 0.018052484836984514 -0.019236498699716411 0.0093394119384346847 -0.0025836462941796401 -0.0020986771755492381 0.0173913697530668 0.019137150557843818 -0.025624159373604283 -0.041785394107993729 -0.025840526923809434 0.0028399754300483799 0.026476523280926336 0.040292224444969653 -0.10000000000000001 0.00085754944233337261 -0.025975554992405538 -0.066263096361736593 -0.0028620281990529178 -0.099999999999999936 -0.024639661446731048 -0.10000000000000001 -0.10000000000000001
leaf_weight=257.80337429046631 157.50164318084717 95.293583035469055 524.73458480834961 2063.2217998504639 945.00366544723511 1614.3410797119141 14.828346520662306 44.780451431870461 34.81367015838623 269.3529691696167 451.95733833312988 361.82279491424561 5691.6161592006683 1466.5960931777954 461.22738552093506 205.05032873153687 173.60176277160645 5.3667593002319363 112.39693593978882 173.93217849731445 333.17857074737549 23.572335079312325 103.11354410648346 71.809123903512955 74.90979465842247 36.168683901429176 84.038340494036674 5.5672526359558132 172.79159641265869 46.855558574199677 11.502710074186323
leaf_count=34 22 593 25 30 37 28 6 226 9 7 36 35 600 129 14 7 17 1 23 11 19 28 626 19 22 69 24 28 22 296 54
internal_value=-9.03222e-05 -0.0362124 0.00236199 0.0084402 -0.00175428 0.0125144 -0.0752891 -0.0399572 -0.0623033 -0.000792309 -0.00131835 0.00358242 -0.003668 0.0065365 0.00256427 -0.00250886 -0.00326561 -0.0146907 -0.0232902 -0.0117838 0.0175548 -0.0876987 -0.0738959 -0.0195765 -0.0243481 -0.0356815 -0.0137551 -0.0860753 -0.0194846 -0.1 -0.1
internal_weight=16088.8 1022.82 15065.9 5147.3 1469.74 3677.56 363.257 94.4225 79.5941 9918.63 9649.28 3127.05 6522.23 2622.82 1927.82 6070.27 5865.22 659.563 401.76 504.225 695.001 268.835 126.686 379.323 307.514 148.566 158.948 22.4367 330.293 142.149 17.07
internal_count=3097 2058 1039 120 62 58 1784 241 235 919 912 252 660 197 143 624 617 274 240 55 54 1543 654 157 138 92 46 83 44 889 82
is_linear=0
shrinkage=0.05


Tree=75
num_leaves=28
num_cat=0
split_feature=1 12 14 1 7 14 14 3 10 8 4 8 13 12 5 13 8 8 14 4 14 14 14 5 12 4 5
split_gain=645.703 268.354 94.0136 88.8926 97.4947 154.397 160.422 114.614 125.91 71.6552 55.172 52.9002 49.5535 49.1942 45.1552 39.2428 33.9021 31.8833 44.1601 29.5325 25.6636 22.5614 76.1825 46.1006 20.8179 9.4001 1.13687e-13
threshold=1.0000000180025095e-35 9.1778115501519775 82.500000000000014 3280.966444125474 66.500000000000014 40.500000000000007 41.500000000000007 3.1792857142857147 11.055555555555557 0.74614499424626024 5.4944444444444454 0.68076166636867519 0.23833671399594322 18.484722222222224 2165.5000000000005 18.500000000000004 1.8538899430740041 0.6024691358024693 14.500000000000002 5.248742138364781 58.500000000000007 4.5000000000000009 3.5000000000000004 19.500000000000004 0.82156093307172451 3.2546558704453443 501.00000000000006
decision_type=10 8 10 10 10 10 10 10 8 8 8 10 8 10 10 10 8 10 10 10 10 8 10 10 10 10 10
left_child=1 17 21 4 5 9 -7 16 -9 11 14 12 -2 15 -6 -11 -8 -1 24 20 25 22 -3 -24 -19 -20 -23
right_child=3 2 -4 -5 10 6 7 8 -10 13 -12 -13 -14 -15 -16 -17 -18 18 19 -21 -22 26 23 -25 -26 -27 -28
leaf_value=0.0055030569650234189 0.021690214712086413 -0.10000000000000001 0.018750777099040956 0.021681089321534192 -0.023168669578625175 0.040057779401362695 -0.010455584093658517 0.020903265738281301 -0.0074241160294079706 -0.0030747731410528858 0.00043169375798441138 0.02822273062789233 -0.0041280308606009815 -0.02048336007014305 -0.0041028235832368141 0.014580981920039577 0.0032263134030757709 -0.0025500601476948046 -0.099999999999999978 0.024311525320706788 0.0021780442247420775 -0.10000000000000001 -0.10000000000000001 0.02247777043991226 -0.10000000000000001 -0.039515547382187446 -0.10000000000000001
leaf_weight=123.51455974578857 270.34398746490479 77.828980684280396 21.594102591276169 566.46290588378906 719.34453868865967 411.61443424224854 656.30946683883667 1878.0214726924896 495.84168386459351 5812.8481330871582 1083.9185180664062 302.84743690490723 594.63042306900024 387.66970109939575 546.4753885269165 332.73706436157227 1459.9139657020569 6.922988072037696 13.259438276290895 33.995429426431656 22.781311124563217 182.22176294028759 10.826299995183943 26.462421983480453 26.300916746258736 12.460186153650282 4.1124980747699729
leaf_count=25 14 514 22 5 34 7 43 53 28 623 29 14 54 33 16 17 130 3 35 7 7 1204 54 20 102 6 9
internal_value=0.000331916 -0.0523039 -0.0820293 0.00223901 0.00150246 0.00324579 0.0101826 0.00744387 0.0149864 -0.00116945 -0.00784786 0.0102382 0.00394135 -0.00320856 -0.0149376 -0.00211885 -0.00101689 -0.0121648 -0.0310228 -0.0114213 -0.0364673 -0.0892485 -0.0718457 -0.0130821 -0.079694 -0.0706976 -0.1
internal_weight=16081.3 562.281 323.046 15519 14952.5 12602.8 4901.7 4490.09 2373.86 7701.08 2349.74 1167.82 864.974 6533.25 1265.82 6145.59 2116.22 239.235 115.72 82.4964 48.5009 301.452 115.118 37.2887 33.2239 25.7196 186.334
internal_count=3108 2008 1823 1100 1095 1016 261 254 81 755 79 82 68 673 50 640 173 185 160 55 48 1801 588 74 105 41 1213
is_linear=0
shrinkage=0.05


Tree=76
num_leaves=22
num_cat=0
split_feature=0 12 14 0 7 11 4 7 6 5 5 4 5 2 11 14 14 5 12 4 4
split_gain=600.275 261.322 91.3601 91.0025 85.7812 135.842 85.3104 118.118 167.08 71.8168 63.4355 49.9112 40.97 39.7875 63.5255 22.8367 74.8557 43.6783 21.7281 38.0707 1.42109e-14
threshold=1.0000000180025095e-35 9.1778115501519775 82.500000000000014 396.05502096984537 66.500000000000014 1375.0000000000002 7.7182539682539693 47.500000000000007 108.23076980642529 1871.5000000000002 1534.0000000000002 5.4944444444444454 2165.5000000000005 1.0000000180025095e-35 505.00000000000006 4.5000000000000009 3.5000000000000004 19.500000000000004 5.7867924528301895 1.7521929824561406 2.0954545454545461
decision_type=10 8 10 10 10 10 10 10 10 10 10 8 10 8 8 8 10 10 10 8 10
left_child=1 13 15 4 5 6 9 8 -8 10 -2 12 -6 -1 18 16 -3 -18 19 -15 -16
right_child=3 2 -4 -5 11 -7 7 -9 -10 -11 -12 -13 -14 14 20 -17 17 -19 -20 -21 -22
leaf_value=0.0041162439076817825 -0.0012199011299606783 -0.10000000000000001 0.017844632704173729 0.019939755688198949 -0.022069518191622013 0.020490385017741339 0.0068353871634698514 -0.0072402297373428352 0.039716598058419546 -0.026788325070830701 0.018870167234925989 0.00041010937579624858 -0.0038980111670171812 0.0061703494924698074 -0.099999999999999978 -0.10000000000000001 -0.10000000000000001 0.021408007952306917 0.027519023584923544 -0.10000000000000001 -0.10000000000000001
leaf_weight=148.65925121307373 8004.7579255104065 74.033217668533325 21.557089924812317 685.50186920166016 717.46209812164307 1014.7052450180054 1454.5324170589447 795.58117818832397 526.06886672973633 262.55843067169189 413.20775842666626 1083.9175524711609 546.43054485321045 22.433065310120583 16.504066586494449 177.24663761258125 10.298295229673384 26.397242724895477 24.154513105750084 13.539711862802504 11.803046971559523
leaf_count=19 817 514 22 6 34 25 106 31 5 17 14 29 16 28 70 1213 54 20 9 44 15
internal_value=0.000313857 -0.0511824 -0.081439 0.00212938 0.00130552 0.00295606 0.00140307 0.00903246 0.015569 -0.00103694 -0.000233752 -0.00746206 -0.0142133 -0.0116816 -0.038238 -0.0888711 -0.0710569 -0.0126641 -0.00916128 -0.0337909 -0.1
internal_weight=16051.4 546.626 309.532 15504.7 14819.2 12471.4 11456.7 2776.18 1980.6 8680.52 8417.97 2347.81 1263.89 237.094 88.4344 287.975 110.729 36.6955 60.1273 35.9728 28.3071
internal_count=3108 2008 1823 1100 1094 1015 990 142 111 848 831 79 50 185 166 1801 588 74 81 72 85
is_linear=0
shrinkage=0.05


Tree=77
num_leaves=26
num_cat=0
split_feature=0 12 14 0 13 4 9 7 5 9 5 4 12 8 14 4 14 14 14 5 5 12 4 5 4
split_gain=557.851 254.098 88.7997 82.3149 79.5125 122.982 51.4524 58.0924 85.9194 95.824 56.1069 54.1942 42.9673 28.1778 41.0417 25.362 23.7779 23.1245 73.5504 41.3922 22.4081 20.4879 9.53972 1.13687e-13 1.42109e-14
threshold=1.0000000180025095e-35 9.1778115501519775 82.500000000000014 396.05502096984537 7.4031250000000011 123.50000000000001 32.910296706769394 66.500000000000014 1473.0000000000002 24.418788088397786 2088.5000000000005 6.3484848484848486 4.5829054666263973 0.6024691358024693 14.500000000000002 5.248742138364781 58.500000000000007 4.5000000000000009 3.5000000000000004 19.500000000000004 715.50000000000011 0.82156093307172451 3.2546558704453443 42.500000000000007 1.0892857142857146
decision_type=10 8 10 10 10 8 10 10 10 10 10 8 8 10 10 10 10 8 10 10 10 10 10 8 10
left_child=1 13 17 4 6 -6 7 8 12 -10 11 -9 -2 -1 21 16 22 18 -3 -20 -8 -15 -16 -19 -23
right_child=3 2 -4 -5 5 -7 20 10 9 -11 -12 -13 -14 14 15 -17 -18 23 19 -21 -22 24 -24 -25 -26
leaf_value=0.0052740671235900821 0.0035265561599554397 -0.10000000000000001 0.016979458226540279 0.018980532070222402 0.022046056152876792 -0.0084639431423916191 -0.004437044059986117 -0.023039280252909418 0.026835886218994062 0.0033569089175615832 0.0019453061491629996 -0.0011517772285653768 -0.0036014271935226154 -0.0022935407057350582 -0.099999999999999978 0.022469138583772398 0.0025960035605136155 -0.10000000000000001 -0.10000000000000001 0.020384356626446391 -0.021687080194025977 -0.099999999999999978 -0.037481841853028421 -0.10000000000000001 -0.10000000000000001
leaf_weight=123.17549818754196 4534.7123594284058 70.422576293349266 21.523624897003174 684.17316436767578 1016.4093647003174 489.29257154464722 394.37817144393921 692.23658037185669 690.54507112503052 1172.3128237724304 1020.0154724121094 478.17039585113525 3960.8314712047577 6.899407550692561 12.138087660074236 33.727860659360886 22.607592880725861 110.0786916166544 9.7960416376590711 26.338263869285583 360.22160720825195 10.554172381758692 12.270124331116675 58.52352249622345 13.574397519230841
leaf_count=25 365 514 22 6 33 38 31 32 16 42 26 15 479 3 35 7 7 807 54 20 17 62 6 406 40
internal_value=0.00029662 -0.0500649 -0.0808262 0.0020247 0.00124135 0.0121315 8.78299e-06 0.000771297 0.00233569 0.0120604 -0.00662664 -0.0140971 0.000203315 -0.0112205 -0.0293981 -0.0106162 -0.0343507 -0.0884768 -0.0702439 -0.0122519 -0.0126717 -0.0782739 -0.0685718 -0.1 -0.1
internal_weight=16024.9 531.63 296.683 15493.3 14809.1 1505.7 13303.4 12548.8 10358.4 1862.86 2190.42 1170.41 8495.54 234.947 111.772 80.7437 47.0158 275.159 106.557 36.1343 754.6 31.028 24.4082 168.602 24.1286
internal_count=3108 2008 1823 1100 1094 71 1023 975 902 58 73 47 844 185 160 55 48 1801 588 74 48 105 41 1213 102
is_linear=0
shrinkage=0.05


Tree=78
num_leaves=21
num_cat=0
split_feature=0 12 14 0 13 6 3 2 7 3 3 2 11 14 12 14 14 5 3 3
split_gain=518.03 246.919 86.3249 74.4429 71.9033 199.427 54.1347 51.9108 68.9283 42.0121 35.201 34.6538 60.9637 53.8562 34.1885 23.4235 72.2636 39.2339 1.42109e-14 7.10543e-15
threshold=1.0000000180025095e-35 9.1778115501519775 82.500000000000014 396.05502096984537 7.4031250000000011 108.23076980642529 12.071428571428573 5.989150223976714 66.500000000000014 3.5880398671096354 6.897368421052632 1.0000000180025095e-35 505.00000000000006 12.500000000000002 18.484722222222224 4.5000000000000009 3.5000000000000004 19.500000000000004 2.5678958150424354 3.6708333333333338
decision_type=10 8 10 10 10 10 10 10 10 8 10 8 8 10 8 8 10 10 10 8
left_child=1 11 15 4 6 14 7 8 10 -10 -2 -1 13 19 -6 16 -3 -18 -14 -13
right_child=3 2 -4 -5 5 -7 -8 -9 9 -11 -12 12 18 -15 -16 -17 17 -19 -20 -21
leaf_value=0.0037674494187297557 0.00044956729047728817 -0.10000000000000001 0.016153791009486908 0.018064071964407517 0.0054064587729662529 0.037019421673084744 -0.015930079604270213 0.012435889995216717 -0.019990537860903497 -0.0039026840729378337 0.010397510323719028 -0.099999999999999992 -0.099999999999999978 0.017070107338254689 -0.0139616639505872 -0.10000000000000001 -0.10000000000000001 0.019405490631249619 -0.10000000000000001 -0.10000000000000003
leaf_weight=148.57174634933472 9060.8171048164368 66.988027960062027 21.493374437093735 682.97154998779297 641.27364158630371 508.42934036254883 512.22891569137573 870.22450637817383 595.78042316436768 1272.6510105133057 986.03072500228882 6.5474675744771957 13.735446438193323 45.900259792804718 353.41974592208862 160.37939135730267 9.3182826638221723 26.284909278154373 12.287250697612761 5.9515503793954831
leaf_count=19 853 514 22 6 38 5 32 19 25 43 51 27 71 31 28 1213 54 20 14 23
internal_value=0.000280143 -0.0489319 -0.0801905 0.00192477 0.00118004 0.0115456 8.35891e-06 0.000646905 -0.000214096 -0.00903256 0.00142589 -0.0107682 -0.0363489 -0.00798605 -0.00147514 -0.088065 -0.0694071 -0.011846 -0.1 -0.1
internal_weight=16001.3 517.458 284.464 15483.8 14800.9 1503.12 13297.7 12785.5 11915.3 1868.43 10046.8 232.994 84.422 58.3993 994.693 262.971 102.591 35.6032 26.0227 12.499
internal_count=3108 2008 1823 1100 1094 71 1023 991 972 68 904 185 166 81 66 1801 588 74 85 50
is_linear=0
shrinkage=0.05


Tree=79
num_leaves=26
num_cat=0
split_feature=0 13 14 0 14 14 6 7 11 7 10 6 4 4 9 10 4 14 14 5 14 3 14 13 3
split_gain=480.882 239.311 83.9187 67.3103 69.1896 151.51 87.0638 67.3649 94.4676 55.8454 53.3352 39.5912 43.6527 33.1148 25.6687 24.4367 30.319 23.2178 70.9712 39.3655 15.6765 10.5408 8.39417 32.9253 1.6876
threshold=1.0000000180025095e-35 21.250000000000004 82.500000000000014 396.05502096984537 40.500000000000007 41.500000000000007 108.10312994540509 66.500000000000014 1365.0000000000002 75.500000000000014 11.055555555555557 107.73890513338769 30.500000000000004 8.4500000000000011 27.61476291989889 4.5521390374331565 4.5320512820512828 4.5000000000000009 3.5000000000000004 19.500000000000004 12.500000000000002 2.6598639455782318 14.500000000000002 1.0000000180025095e-35 3.3390804597701154
decision_type=10 8 10 10 10 10 10 10 10 10 8 10 10 10 10 8 8 8 10 10 10 8 10 8 8
left_child=1 15 17 4 6 -6 11 8 10 -9 -7 12 13 -2 -8 20 21 18 -3 -20 -1 -17 23 -18 -23
right_child=3 2 -4 -5 5 7 14 9 -10 -11 -12 -13 -14 -15 -16 16 22 -19 19 -21 -22 24 -24 -25 -26
leaf_value=-0.017684921121763661 -0.0010003527421897107 -0.10000000000000001 0.015366168255480065 0.017188936818896761 0.033552484985765268 0.0085997085652288457 -0.021438580142803833 -0.013489990341337556 0.021192845256824397 0.0048110693523239004 -0.0037406299309083743 0.022522548399108881 -0.020576418266932545 0.0096852196495704149 -0.0064678533581080874 -0.037633963054075827 0.026244261281731518 -0.10000000000000001 -0.10000000000000001 0.01978852053131552 0.019216525374944154 -0.070665378265694814 0.0069069253432858099 -0.099999999999999978 -0.099999999999999978
leaf_weight=46.720687612891197 5875.8429446220398 64.854860790073872 21.466032147407532 681.88509368896484 433.3457498550415 1804.7399079799652 630.22717666625977 955.91937065124512 849.98502349853516 739.17533016204834 1700.6999804973602 192.55371475219727 259.64982032775879 827.10861730575562 524.71004486083984 25.249459236860275 11.255570441484451 151.16014645248652 9.3225239366292936 25.947871208190918 74.953751564025879 9.1293792724609357 43.690036758780479 9.5440999045968056 10.59017786383629
leaf_count=29 648 523 22 6 8 71 22 31 19 18 163 3 26 65 20 12 3 1214 57 20 19 5 25 44 35
internal_value=0.000264572 -0.0478045 -0.0795245 0.00182968 0.00112173 0.00499283 -0.00189865 0.00294736 0.00623869 -0.0055095 0.00261267 0.000157502 -0.000461013 0.00031819 -0.0146371 -0.010373 -0.0275139 -0.0876306 -0.0689563 -0.0118735 0.00504707 -0.059027 -0.00553968 -0.031684 -0.0864192
internal_weight=15979.7 503.885 272.751 15475.8 14794 6483.87 8310.09 6050.52 4355.42 1695.09 3505.44 7155.16 6962.6 6702.95 1154.94 231.133 109.459 251.285 100.125 35.2704 121.674 44.969 64.4897 20.7997 19.7196
internal_count=3108 2008 1836 1100 1094 310 784 302 253 49 234 742 739 713 42 172 124 1814 600 77 48 52 72 47 40
is_linear=0
shrinkage=0.05


Tree=80
num_leaves=35
num_cat=0
split_feature=5 0 2 12 5 2 12 6 11 11 3 2 11 14 4 2 0 10 4 3 4 10 14 14 5 7 1 14 1 12 11 1 5 5
split_gain=319.303 194.548 79.4276 45.6947 68.8501 72.7629 59.5568 57.8722 50.6814 46.7421 43.2331 33.5344 66.1789 96.2982 33.4036 30.7329 58.7916 29.4054 42.3611 26.64 26.0455 25.8249 23.9422 77.9748 46.3501 14.2878 12.3456 39.5325 12.2441 9.16672 8.11897 0.891558 5.68434e-14 2.84217e-14
threshold=59.500000000000007 1.5885685100701512 1.0000000180025095e-35 1.7007853403141364 829.50000000000011 1.5813834771118909 1.4255423656056005 24.966902782261503 1205.0000000000002 875.00000000000011 3.3288288288288292 2.3053460355707185 475.00000000000006 19.500000000000004 1.3867521367521369 1.4125035611374031 4.6163286673913655 8.5750000000000011 2.5683229813664599 3.253571428571429 2.1462566844919793 7.2071428571428582 4.5000000000000009 3.5000000000000004 19.500000000000004 63.500000000000007 23.789428009275209 82.500000000000014 24.666606236509981 2.6236380145278457 185.00000000000003 26.892792739600683 55.500000000000007 42.500000000000007
decision_type=10 10 8 8 10 8 10 10 8 8 8 8 10 10 10 8 8 8 10 10 10 10 8 10 10 10 10 10 10 10 10 10 10 10
left_child=1 2 -1 6 9 10 8 -8 14 15 -6 -7 -13 -14 30 16 28 19 -19 -17 -16 26 23 33 -25 -12 27 -11 -5 -28 -2 -3 -24 -4
right_child=3 31 22 4 5 11 7 -9 -10 21 25 12 13 -15 20 17 -18 18 -20 -21 -22 -23 32 24 -26 -27 29 -29 -30 -31 -32 -33 -34 -35
leaf_value=0.011296676171059469 -0.031437806849842459 -0.0060643735612911642 -0.10000000000000001 -0.0023155809136912874 -0.019983642343295287 0.014862823275437651 0.033628125371662758 0.0068465651832297957 0.020551886616278173 -0.045935603186739726 0.0045249352700252104 0.020648575480490025 -0.01865765917463964 0.0049194805240432397 0.010914081895160046 -0.00073771485312635384 0.017832439271570071 -0.0041098663989032518 0.011348509016690322 -0.021634690269010909 -0.0091263206653855594 -0.033315056508344001 -0.10000000000000001 -0.099999999999999964 0.035735504793390348 -0.0073239135676407318 -0.0042133416031411644 0.037698903384748766 -0.024785414087942468 -0.015703524360777332 -0.012432342557478451 -0.012296383472501345 -0.10000000000000001 -0.10000000000000001
leaf_weight=24.130521774291992 107.50858852267265 119.80524230003357 54.794222712516785 136.40968441963196 426.51942777633667 890.20997953414917 356.86985969543457 463.96231651306152 251.61494950205088 67.831418372690678 542.58424854278564 545.21424424648285 491.55451554059982 3641.1604691147804 322.72184529900551 250.20614701509476 474.87780046463013 3008.4202351272106 519.74492193758488 390.60778404772282 325.80741550028324 146.45059394836426 110.15957026928663 8.7035239189863223 22.673912316560745 479.05263185501099 468.35153245925903 17.846910327672958 109.13046455383301 275.79528951644897 117.72805017232895 110.15796995162964 2.4555402845144263 2.4053660184144965
leaf_count=3 26 23 461 23 26 30 36 24 19 158 28 19 36 127 36 35 35 574 61 50 32 12 933 56 14 19 58 12 20 23 20 18 20 19
internal_value=-0.000158513 -0.0414027 -0.074422 0.00110785 2.89957e-05 0.00337122 0.00824879 0.0184903 0.000778831 -0.00396885 -0.00661309 0.00596793 0.00427524 0.00211516 -0.00491514 -0.0019744 0.00756161 -0.00362226 -0.00183265 -0.0134755 0.000846207 -0.0139575 -0.0847029 -0.0652545 -0.00191503 -0.00103107 -0.0105412 -0.0285144 -0.0123023 -0.00847183 -0.0215039 -0.00904966 -0.1 -0.1
internal_weight=15283.5 455.286 225.323 14828.2 12882 7016.3 1946.21 820.832 1125.38 5865.67 1448.16 5568.14 4677.93 4132.71 873.766 4889.4 720.418 4168.98 3528.17 640.814 648.529 976.276 201.192 88.577 31.3774 1021.64 829.825 85.6783 245.54 744.147 225.237 229.963 112.615 57.1996
internal_count=3086 1547 1506 1539 1346 285 193 60 133 1061 73 212 182 163 114 798 78 720 635 85 68 263 1503 550 70 47 251 170 43 81 46 41 953 480
is_linear=0
shrinkage=0.05


Tree=81
num_leaves=27
num_cat=0
split_feature=0 12 10 14 9 3 9 0 11 7 3 12 13 6 2 2 6 13 13 10 11 8 14 14 13 11
split_gain=215.385 366.177 69.7518 65.401 37.689 53.4489 51.3304 35.7293 33.8086 86.3569 88.0155 83.6433 76.6482 41.9777 36.5833 43.8349 34.1448 34.4356 27.0541 26.4954 51.0579 24.0398 23.3556 61.366 23.0153 2.84217e-14
threshold=2.4190747464181714 15.881578947368423 21.850000000000005 82.500000000000014 20.725608202940581 4.1406250000000009 13.72535113994498 1.5910880829644769 945.00000000000011 47.500000000000007 3.3288288288288292 2.6977286566800638 3.1151315789473686 137.45057252503298 2.0021089473181553 1.0056963178170968 23.926522562746033 6.8819444444444455 0.15484574111334679 4.6306818181818192 485.00000000000006 0.5911345987920622 4.5000000000000009 3.5000000000000004 0.11206240487062406 205.00000000000003
decision_type=10 8 10 10 10 10 10 10 10 10 8 10 10 10 10 10 10 10 10 10 10 10 8 10 10 8
left_child=1 2 19 7 5 6 -2 22 14 -10 11 -11 13 -12 15 16 18 -18 -6 20 21 -1 23 25 -23 -3
right_child=4 3 -4 -5 8 -7 -8 -9 9 10 12 -13 -14 -15 -16 -17 17 -19 -20 -21 -22 24 -24 -25 -26 -27
leaf_value=0.0071244671372195957 -0.019602731340677693 -0.10000000000000001 0.062182645652714891 0.00057316569228457064 -0.0023594622211799499 0.026830097952251854 0.016558879318731994 -0.010969703442290132 0.021189368428327537 0.00081618177677198378 0.012152094740485862 -0.025002819533889848 -0.011107864966785905 0.0005096566177244246 -0.012864104594389057 0.012178506372225912 -0.0022646512475500142 0.0083806510652356739 -0.025808898884246145 -0.029514534321699582 0.030520540640666938 -0.10000000000000001 -0.10000000000000001 -0.016490634707006825 -0.02239515293879496 -0.10000000000000001
leaf_weight=71.094497099518776 183.91848158836365 2.4658332690596572 43.937250316143036 27.135206252336502 239.06028747558594 336.07508659362793 210.39504289627075 16.805174589157104 611.36022043228149 746.90619659423828 2163.135712146759 540.81342697143555 622.83145999908447 1205.8179931640625 660.51066255569458 616.74391222000122 5326.8031826019287 886.04630470275879 253.35860681533813 82.041137635707855 102.90927892923355 10.873227469623087 132.51759372651577 36.201357066631317 78.73544754832983 53.607169598340988
leaf_count=20 30 21 3 29 40 12 20 5 21 32 85 25 28 19 36 32 615 49 42 37 14 72 1168 77 76 478
internal_value=-0.000152235 -0.0281281 0.00284265 -0.0730275 0.00110889 0.0121792 -0.000307873 -0.081294 0.000526073 0.00339932 0.00133926 -0.0100272 0.00500599 0.00798503 -0.0015943 -0.000577662 -0.00175096 -0.00074647 -0.0144246 -0.00470027 0.0030224 -0.0145865 -0.0865513 -0.0672374 -0.0318118 -0.1
internal_weight=15262.1 658.323 389.591 268.732 14603.8 730.389 394.314 241.597 13873.4 5890.87 5279.5 1287.72 3991.79 3368.95 7982.52 7322.01 6705.27 6212.85 492.419 345.654 263.612 160.703 224.792 92.2744 89.6087 56.073
internal_count=3086 2000 222 1778 1086 62 50 1749 1024 210 189 57 132 104 814 778 746 664 82 219 182 168 1744 576 148 499
is_linear=0
shrinkage=0.05


Tree=82
num_leaves=30
num_cat=0
split_feature=5 0 2 12 5 2 13 4 9 3 4 10 3 7 10 3 9 14 5 5 9 12 14 0 7 1 5 5 14
split_gain=272.541 180.193 75.1466 41.2808 58.3778 63.4109 72.2868 54.3097 50.5932 38.8915 37.6137 37.4323 35.809 32.5639 33.3534 34.1646 42.9216 24.8508 75.7736 99.8665 19.8565 17.5785 20.9415 29.5971 12.8752 0.824716 5.68434e-14 5.68434e-14 3.55271e-15
threshold=59.500000000000007 1.5885685100701512 1.0000000180025095e-35 1.7007853403141364 829.50000000000011 1.5813834771118909 0.54348739495798326 3.8090909090909095 23.610917542952716 0.88750000000000007 6.4105263157894745 17.283333333333335 3.3288288288288292 38.500000000000007 8.5750000000000011 3.7860411899313502 11.091227957149913 4.5000000000000009 19.500000000000004 20.500000000000004 26.785635693911996 1.0187362878455464 30.500000000000004 4.6688990801213013 63.500000000000007 26.892792739600683 12.500000000000002 48.500000000000007 21.500000000000004
decision_type=10 10 8 8 10 8 10 8 8 10 8 8 8 10 10 10 10 8 10 10 8 10 10 10 10 10 10 10 10
left_child=1 2 -1 7 13 12 -7 9 -8 -2 -10 -9 -6 14 15 16 -5 18 26 -20 -17 -11 23 -23 -14 -3 -4 -19 -29
right_child=3 25 17 4 5 6 8 11 10 21 -12 -13 24 -15 -16 20 -18 27 19 -21 -22 22 -24 -25 -26 -27 -28 28 -30
leaf_value=0.010386452337928401 -0.013279603095565065 -0.0055828682325388037 -0.10000000000000001 -0.029421416936158754 -0.018462300325527849 0.019965552153198105 0.017691560887219581 0.0097315932261483121 -0.0049863478985385217 0.019362587497933299 0.0048546921005551006 0.033731245607388147 0.0040835675193816598 -0.016052410982380059 0.015602044075323921 -0.025318859930792512 -0.0012050291911906358 -0.10000000000000001 0.080953022545696418 -0.10000000000000001 -0.0058482287980039099 -0.01615738996226394 0.015000977253413301 0.0087862398954805642 -0.0071657437700033775 -0.011578710071609578 -0.10000000000000001 -0.10000000000000001 -0.099999999999999978
leaf_weight=24.106437206268311 323.88092038780451 119.75203275680542 46.652452409267426 138.97168083488941 425.03649473190308 746.21340656280518 537.9556360244751 412.53457191586494 1491.1405435204506 215.19416292011738 2783.3847627043724 268.03223230689764 542.40416622161865 489.35827851295471 240.92813098430634 260.54689741134644 4464.415374994278 94.386440634727478 16.84515875577927 13.930141121149061 263.24056600034237 225.68596863746643 243.75073477625847 251.39509057998657 478.96181154251099 110.06227111816406 5.1792105585336676 3.5733669325709334 3.9687368720769882
leaf_count=3 39 23 417 386 26 27 18 29 71 24 96 18 28 39 19 27 555 883 5 82 35 55 14 14 19 18 46 32 38
internal_value=-0.000146326 -0.0389957 -0.0726363 0.00100437 -2.11857e-05 0.00305901 0.00548563 0.00780232 0.00324041 0.00165451 0.00142171 0.0191835 -0.00626681 -0.00370487 -0.00257927 -0.00343361 -0.00205685 -0.0834819 -0.0631002 -0.000953609 -0.0155335 0.00682197 0.00307814 -0.00301349 -0.00119171 -0.00845439 -0.1 -0.1 -0.1
internal_weight=15241.5 438.456 208.642 14803 12862.6 7005.1 5558.69 1940.47 4812.48 1259.91 4274.53 680.567 1446.4 5857.46 5368.1 5127.17 4603.39 184.536 82.607 30.7753 523.787 936.026 720.832 477.081 1021.37 229.814 51.8317 101.929 7.5421
internal_count=3086 1547 1506 1539 1346 285 212 193 185 146 167 47 73 1061 1022 1003 941 1503 550 87 62 107 83 69 47 41 463 953 70
is_linear=0
shrinkage=0.05


Tree=83
num_leaves=29
num_cat=0
split_feature=0 12 14 10 0 12 12 12 13 6 6 10 4 10 11 12 10 14 14 14 4 13 11 4 3 7 11 7
split_gain=182.225 333.949 65.2786 61.7489 35.1915 30.7178 51.1718 50.1426 53.011 44.6121 41.3057 36.4572 50.4058 40.7981 31.8646 25.2332 35.2634 23.3757 58.497 21.6525 17.8446 15.7385 12.0974 9.28557 9.22119 5.68434e-14 2.84217e-14 1.42109e-14
threshold=2.4190747464181714 15.881578947368423 82.500000000000014 21.850000000000005 1.5910880829644769 1.7007853403141364 1.4255423656056005 1.8998887137160347 0.54348739495798326 27.070582829883218 677.72530344615268 6.6181818181818191 2.8717105263157898 5.6733333333333347 855.00000000000011 4.9551488334674181 4.5521390374331565 4.5000000000000009 3.5000000000000004 2.5000000000000004 2.0089285714285716 0.30993852459016397 545.00000000000011 1.7403846153846156 3.0239316239316243 1.5000000000000002 265.00000000000006 9.5000000000000018
decision_type=10 8 10 10 10 8 10 8 8 10 10 10 10 10 8 10 8 8 10 10 8 10 10 10 10 10 8 8
left_child=1 3 4 15 17 6 14 22 -9 -8 11 13 -13 -10 20 16 23 18 26 -18 21 -2 -7 -1 -21 -19 -3 -27
right_child=5 2 -4 -5 -6 7 9 8 10 -11 -12 12 -14 -15 -16 -17 19 25 -20 24 -22 -23 -24 -25 -26 27 -28 -29
leaf_value=-0.0051955676455197634 -0.0084007591057608279 -0.10000000000000001 0.0019059099344158059 0.059490218251789455 -0.010576664735788834 -0.00924438225748383 0.02954679862639667 0.014268182671586437 -0.0015214744982133056 0.0052801853554923089 0.018178242161487491 -0.012536109121608928 0.0058784455607114889 -0.016442742106157121 0.011544949531113619 0.025330995590014973 0.00091820836752290924 -0.10000000000000001 -0.015909658412711743 -0.030515242121615258 -0.016037483994319514 0.013078427574238353 -0.026733598840612466 0.021689258248009314 -0.064226338204263558 -0.099999999999999978 -0.10000000000000001 -0.10000000000000001
leaf_weight=61.211806192994118 201.09565687179565 2.5444431081414214 27.169409692287445 42.773469030857086 16.7975754737854 214.05289077758789 366.14798069000244 681.43498277664185 7426.179780960083 392.34784173965454 301.9127197265625 422.20634365081787 3101.5693230628967 488.22702884674072 367.47212505340576 59.705747909843922 49.209962904453278 104.09902691096067 34.810967177152634 78.546614028513432 292.21165990829468 148.08711051940918 183.75948667526245 67.569857001304626 27.348163664340973 13.710053935647013 48.408689320087433 3.0405464619398108
leaf_count=34 26 23 29 3 5 24 25 27 707 16 3 24 124 28 19 32 34 1021 77 81 31 15 17 15 23 127 476 20
internal_value=-0.000140385 -0.0263187 -0.0712744 0.00283763 -0.080174 0.00100273 0.00718227 0.000150771 0.00071039 0.0169944 -7.65505e-05 -0.000558389 0.00367208 -0.00244194 -0.000194775 -0.004215 -0.010429 -0.0858322 -0.0658684 -0.0264863 -0.00692078 0.000708484 -0.0173231 0.00891051 -0.0392214 -0.1 -0.1 -0.1
internal_weight=15223.7 636.946 250.581 386.366 223.411 14586.7 1767.36 12819.3 12421.5 758.496 11740.1 11438.2 3523.78 7914.41 1008.87 343.592 283.886 206.614 85.7641 155.105 641.394 349.183 397.812 128.782 105.895 120.85 50.9531 16.7506
internal_count=3086 2000 1778 222 1749 1086 132 954 913 41 886 883 148 735 91 219 187 1744 576 138 72 41 41 49 104 1168 499 147
is_linear=0
shrinkage=0.05


Tree=84
num_leaves=32
num_cat=0
split_feature=5 0 2 14 7 6 2 0 12 12 3 5 9 9 4 3 2 14 2 1 12 4 14 5 5 2 12 1 5 5 12
split_gain=233.952 166.103 72.0431 34.9037 79.9648 44.1828 51.8887 48.132 41.8664 54.0297 44.1456 45.9276 58.343 65.4733 62.8141 34.2094 33.0891 32.5877 31.4806 35.9102 27.1003 24.9918 24.8635 73.4767 93.6526 15.535 11.5552 0.721202 5.68434e-14 5.68434e-14 2.84217e-14
threshold=59.500000000000007 1.5885685100701512 1.0000000180025095e-35 11.500000000000002 62.500000000000007 57.750725138805976 12.002146829582264 17.46849970251322 1.7007853403141364 1.436465221680651 2.767532467532468 765.50000000000011 24.418788088397786 25.52714648635266 2.2725464190981435 1.8637566137566142 0.33322207387627961 40.500000000000007 3.000640871585357 41.58384813889699 1.0187362878455464 2.8619047619047624 4.5000000000000009 19.500000000000004 20.500000000000004 0.49924510222542112 2.4884126700071589 26.892792739600683 55.500000000000007 14.500000000000002 1.4857582133031235
decision_type=10 10 8 10 10 8 8 10 8 10 8 10 10 10 10 10 10 10 10 10 8 8 8 10 10 8 8 10 10 10 8
left_child=1 2 -1 4 5 15 -7 -8 9 21 17 18 14 -14 -13 20 -17 -10 19 -12 -2 -5 23 30 -25 -22 -18 -3 29 -24 -4
right_child=3 27 22 8 -6 6 7 -9 10 -11 11 12 13 -15 -16 16 26 -19 -20 -21 25 -23 28 24 -26 -27 -28 -29 -30 -31 -32
leaf_value=0.0098964110821989637 0.017048222374769051 -0.0053914208434038234 -0.099999999999999964 0.0087273249300044552 0.018742328237539626 -0.010177378834310585 -0.10000000000000001 -0.029432758031354634 -2.2509060230165911e-05 0.022520710251362722 -0.0076059972809470067 -0.0058712512647572553 -0.011548943067316348 0.0045385654352032975 0.017267272883429722 -0.02733895034343041 -0.014916083288051191 -0.021089628120612821 -0.024429971150156736 0.0029310418170384964 -0.017836416281828318 -0.013178659447927213 -0.10000000000000001 0.080135647612467276 -0.10000000000000001 -0.00095369898586922751 0.0032411492250044543 -0.01100003702196593 -0.10000000000000001 -0.10000000000000001 -0.10000000000000001
leaf_weight=24.086926460266113 199.85447454452515 119.66259622573853 1.9459182322025297 343.72346234321594 360.28324174880981 328.13355302810669 32.881308734416962 91.144903182983398 366.72666484117508 553.79966317117214 1368.8663615435362 370.98208817839622 771.98802852630615 3499.0221242904663 1400.9137873649597 262.79821920394897 146.59135341644287 367.52392721176147 155.02134609222412 1975.4644360542297 148.8346529006958 209.59250064194202 28.960065104067326 16.38012802600861 12.896109625697134 1612.6752834320068 217.82474184036255 110.01198291778564 2.0275611951947203 61.377601273357868 45.355176001787186
leaf_count=3 16 23 13 31 12 19 184 5 33 31 457 24 36 129 49 39 19 21 8 152 25 21 305 5 82 207 21 18 20 628 450
internal_value=-0.000134834 -0.0368119 -0.0710007 0.000913789 -0.00353085 -0.00616989 -0.0205908 -0.0481412 0.00224169 0.0114799 0.00124643 0.00215548 0.00479516 0.00163074 0.0124228 -0.00365093 -0.0138154 -0.0105675 -0.0024029 -0.00138187 -0.000400497 0.00042948 -0.0825346 -0.0614684 0.000786344 -0.00238016 -0.00406285 -0.0080779 -0.1 -0.1 -0.1
internal_weight=15207.4 422.704 193.029 14784.6 3401.02 3040.74 452.16 124.026 11383.6 1107.12 10276.5 9542.26 6042.91 4271.01 1771.9 2588.58 627.214 734.251 3499.35 3344.33 1961.36 553.316 168.943 76.5773 29.2762 1761.51 364.416 229.675 92.3652 90.3377 47.3011
internal_count=3086 1547 1506 1539 547 535 208 189 992 83 909 855 238 165 73 327 79 54 617 609 248 52 1503 550 87 232 40 41 953 933 463
is_linear=0
shrinkage=0.05


Tree=85
num_leaves=27
num_cat=0
split_feature=5 6 13 4 12 14 3 11 13 5 0 5 14 4 0 13 4 3 12 13 10 11 12 11 1 11
split_gain=259.405 82.3659 96.0727 77.7175 71.6235 46.6038 84.7971 79.4892 54.3453 46.5996 110.973 87.1308 95.166 51.2874 35.9751 35.649 34.8656 37.851 34.3323 75.614 33.473 32.9138 22.3143 18.292 11.3635 2.93267
threshold=19.500000000000004 30.455886584559703 7.4031250000000011 9.2290640394088701 0.33630952380952389 5.5000000000000009 2.7041666666666671 1205.0000000000002 0.64932432432432441 153.50000000000003 1.5848538115532504 20.500000000000004 82.500000000000014 44.500000000000007 7.9699776586287863 0.046536796536796543 9.5912698412698436 1.9791666666666667 4.2539043583535117 8.6500000000000021 14.900000000000002 785.00000000000011 0.4200788771604223 1285.0000000000002 48.648487516882732 105.00000000000001
decision_type=10 10 10 10 8 10 8 8 10 10 10 10 10 10 10 10 10 10 10 8 10 10 8 8 10 8
left_child=4 9 3 5 -1 7 -7 -3 -8 10 11 -2 22 16 -6 24 18 -18 20 -20 -11 -19 -13 -5 25 -12
right_child=1 2 -4 23 14 6 8 -9 -10 13 15 12 -14 -15 -16 -17 17 21 19 -21 -22 -23 -24 -25 -26 -27
leaf_value=0.013973112142088021 0.042221002567609585 -0.0020405603621418875 0.020131437314502162 -0.013995582464899035 -0.10000000000000001 -0.011103331930622615 -0.0022653362063512592 0.02828717314679324 0.0095360249132310244 -0.00096705223718973924 -0.0096246475137529135 -0.034991979565174448 0.034126282705599524 -0.029388125926474919 -0.0037417391185684289 -0.030315402318317593 0.02158741011861235 -0.013508079149166768 -0.030300077214525087 0.0023769384044172535 0.021616152912490087 0.0108524909665227 -0.10000000000000001 -0.0022830371566505991 0.014704271860302258 -6.5550051087148977e-05
leaf_weight=20.132274553179741 19.93205101788044 361.80535888671875 943.61855840682983 622.34606122970581 88.515747629106045 816.19311952590942 1343.692615032196 536.33912372589111 3560.3272061347961 3914.9857979118824 120.13383269309998 15.636378765106199 18.2934450507164 153.26822155714035 10.902084827423094 110.99721384048462 356.12595225870609 235.6268390417099 313.74242907017469 406.29049701988697 171.26080274581909 336.92432415485382 84.736533381044865 717.85355472564697 116.68296003341675 241.59300875663757
leaf_count=8 34 35 24 30 951 39 86 13 103 662 24 3 15 18 2 18 32 28 52 45 12 19 800 19 13 45
internal_value=0.00134102 0.00190625 0.00504659 0.00325803 -0.0720289 0.00548145 0.00381891 0.0160701 0.00630247 -0.00231911 -0.014253 -0.0545097 -0.0707573 -0.000843635 -0.0894444 -0.00478662 -8.07764e-05 0.00878824 -0.00179446 -0.0118615 -2.05558e-05 0.000827179 -0.0898729 -0.00772197 0.00113638 -0.00324024
internal_weight=15638 15518.4 8902.18 7958.56 119.55 6618.36 5720.21 898.144 4904.02 6616.23 728.005 138.598 118.666 5888.22 99.4178 589.407 5734.96 928.677 4806.28 720.033 4086.25 572.551 100.373 1340.2 478.41 361.727
internal_count=3130 2169 349 325 961 276 228 48 189 1820 952 852 818 868 953 100 850 79 771 97 674 47 803 49 82 69
is_linear=0
shrinkage=0.05


Tree=86
num_leaves=22
num_cat=0
split_feature=5 9 5 5 2 1 10 9 8 2 2 5 11 9 8 13 1 14 9 8 5
split_gain=243.174 96.7436 101.206 102.93 76.8148 70.9675 56.4697 72.3404 49.202 45.5564 54.8119 44.1893 39.1253 36.7084 67.4827 38.9457 35.9762 27.5728 20.5138 17.4663 2.84217e-14
threshold=19.500000000000004 32.910296706769394 82.500000000000014 20.500000000000004 1.0000000180025095e-35 320.39778533465216 6.0200000000000005 26.858278061537387 0.62391940201494978 2.9911010205733084 1.9972747264236481 84.500000000000014 1425.0000000000002 30.294058281425652 1.459543378995434 11.100000000000001 27.258895652793161 11.500000000000002 38.47745497910828 1.1810826090028976 70.500000000000014
decision_type=10 8 10 10 8 10 8 10 8 10 10 10 8 10 8 10 10 10 10 8 10
left_child=4 5 3 -3 -1 9 -7 -8 -4 10 13 -10 17 15 -15 -2 -6 -13 -14 -5 -21
right_child=1 2 8 19 16 6 7 -9 11 -11 -12 12 18 14 -16 -17 -18 -19 -20 20 -22
leaf_value=0.021489088338478759 -0.0021358135157177926 0.040470933681213114 0.012863049539212924 -0.040582254602304704 -0.10000000000000001 0.00024480323964757168 0.0034823642747595406 0.019671959955248002 0.07646424966099441 -0.011823445753295249 0.015564301546588492 -0.027880417235523293 -0.049472028841823681 0.017821646339758107 -0.0036209982851061816 0.0099965884640444858 -0.0035549014078876139 -0.0041763094018988263 -0.012030336911705422 -0.10000000000000001 -0.10000000000000001
leaf_weight=18.755288124084473 6521.2569258213043 19.75882326066494 236.1774059087038 15.589180633425711 85.556607574224472 1402.4745922088623 1233.7450923919678 1565.5924072265625 13.66917237639427 677.57343006134033 653.86697053909302 155.80048250406981 104.99762321263552 781.31528520584106 691.81642532348633 736.13153147697449 10.901340484619139 577.09722832590342 56.14420223236084 55.662073969841003 4.1995316743850699
leaf_count=2 741 34 31 28 957 28 25 26 9 37 33 112 101 47 74 39 2 171 4 589 40
internal_value=0.00127432 0.00181217 -0.0115889 -0.0611193 -0.0710976 0.00297632 0.00843397 0.0125368 -0.00746633 0.00069724 0.00160126 -0.0127558 -0.01412 0.000555508 0.00775169 -0.0009052 -0.0891001 -0.00921536 -0.0364268 -0.0877235 -0.1
internal_weight=15618.1 15502.9 1239.1 95.2096 115.213 14263.8 4201.81 2799.34 1143.89 10062 9384.39 907.709 894.04 8730.52 1473.13 7257.39 96.4579 732.898 161.142 75.4508 59.8616
internal_count=3130 2169 1119 691 961 1050 79 51 428 971 934 397 388 901 121 780 959 283 105 657 629
is_linear=0
shrinkage=0.05


Tree=87
num_leaves=25
num_cat=0
split_feature=5 9 5 5 6 13 8 14 3 7 12 8 5 0 14 12 1 5 5 3 5 8 14 14
split_gain=228.051 88.5962 88.2094 97.5064 69.2575 96.729 69.2068 52.3873 60.768 52.2281 45.3435 44.2779 44.5602 35.8529 29.01 29.0489 37.7254 26.6294 30.3912 24.7837 26.9128 18.1761 13.5576 2.84217e-14
threshold=19.500000000000004 33.353520542528592 82.500000000000014 20.500000000000004 30.455886584559703 7.4031250000000011 0.23578104138851805 5.5000000000000009 2.7041666666666671 52.500000000000007 6.2142110762800433 0.62391940201494978 84.500000000000014 7.9699776586287863 111.50000000000001 2.6236380145278457 122.05899792134764 2243.0000000000005 179.50000000000003 4.4222222222222234 650.50000000000011 1.1810826090028976 89.000000000000014 56.500000000000007
decision_type=10 8 10 10 10 10 8 10 8 10 10 8 10 10 10 10 10 10 10 8 10 8 8 10
left_child=6 4 3 -3 14 7 -1 9 -9 -6 -10 -4 -13 -8 15 16 22 18 -14 -17 -21 -5 -2 -23
right_child=1 2 11 21 5 -7 13 8 10 -11 -12 12 17 -15 -16 19 -18 -19 -20 20 -22 23 -24 -25
leaf_value=0.01508936786236896 -0.00012681707856815544 0.038765079983813885 0.011445837390510428 -0.038873483564937687 0.0022793807453405364 0.021007693327934771 -0.10000000000000001 -0.0095932103874339734 0.006059493130868566 0.026463328737904857 -0.0061502744355203601 0.074829393707471978 -0.050911889652302769 -0.0033773696449880932 0.012423054382249684 -0.020283802909556187 0.02140628723214065 -0.049035578635588412 -0.0096964456815824482 -0.012918440606696117 -0.00014317924996806215 -0.10000000000000001 -0.01511402803027063 -0.10000000000000001
leaf_weight=19.586621791124344 3367.1026885509491 19.601043552160263 206.33836098015308 15.464010581374167 421.99231576919556 906.60578441619873 80.510404475033283 938.94989776611328 4815.2821888923645 474.02532863616943 902.99170446395874 13.279462605714796 49.870939299464226 10.900669097900389 358.1223726272583 298.99228239059448 202.26072692871094 60.883745193481445 433.60715420544147 643.4150493144989 1147.4308438301086 54.945390522480011 157.9771089553833 1.9967312365770329
leaf_count=6 475 34 29 28 39 21 953 39 176 10 32 9 185 2 29 36 9 3 190 86 84 607 26 22
internal_value=0.00121077 0.00172246 -0.0139127 -0.060164 0.00263693 0.00557561 -0.0702024 0.00372332 0.00219566 0.0150736 0.00413141 -0.00834254 -0.0156646 -0.0884779 -0.00138891 -0.00223922 0.000406449 -0.0178722 -0.0139478 -0.00695791 -0.00473307 -0.086945 -0.000798472 -0.1
internal_weight=15602.1 15491.1 855.987 92.0072 14635.1 8459.85 110.998 7553.24 6657.22 896.018 5718.27 763.98 557.641 91.4111 6175.3 5817.18 3727.34 544.362 483.478 2089.84 1790.85 72.4061 3525.08 56.9421
internal_count=3130 2169 1107 691 1062 317 961 296 247 49 208 416 387 955 745 716 510 378 375 206 170 657 501 629
is_linear=0
shrinkage=0.05


Tree=88
num_leaves=28
num_cat=0
split_feature=5 9 5 5 2 6 2 5 10 8 14 0 14 8 5 14 12 1 5 0 8 11 8 9 8 11 14
split_gain=213.659 80.4161 83.6558 92.3591 71.691 62.5505 44.6126 40.1612 36.9409 38.2987 51.8003 35.8085 30.6494 33.295 35.6095 26.1994 27.1335 37.0522 20.7299 36.2023 18.8615 16.65 15.7284 15.1608 28.7556 2.84217e-14 3.55271e-15
threshold=19.500000000000004 33.353520542528592 82.500000000000014 20.500000000000004 1.0000000180025095e-35 30.455886584559703 0.39537846730687765 2243.0000000000005 14.216666666666669 4.9156565656565663 5.5000000000000009 7.9699776586287863 8.5000000000000018 0.62391940201494978 84.500000000000014 111.50000000000001 3.3529645180025809 122.05899792134764 650.50000000000011 3.892197520416051 1.1810826090028976 295.00000000000006 0.86969439728353148 49.57461376481784 0.73926218708827418 85.000000000000014 23.500000000000004
decision_type=10 8 10 10 8 10 8 10 10 10 10 10 8 8 10 10 10 10 10 10 8 10 8 8 8 8 10
left_child=4 5 3 -3 -1 15 -7 12 9 10 -8 -6 23 -14 -15 16 17 22 21 -20 -5 -18 -2 -4 -25 26 -22
right_child=1 2 7 20 11 6 8 -9 -10 -11 -12 -13 13 14 -16 -17 18 -19 19 -21 25 -23 -24 24 -26 -27 -28
leaf_value=0.019737933663765209 -0.0080256291561034733 0.037105839531095544 -0.010693889383087797 -0.037211177670876776 -0.10000000000000001 -0.0079992004610469347 0.018428093069438083 -0.047151045962090583 -0.0047487868618548302 0.020404436586046262 0.0047241716841145975 -0.0032086843005860823 0.019645135843423433 0.074990653724136325 -0.0097935770665781383 0.011811024180490511 -0.0086238684733677979 0.017978428273420031 0.010166914017931062 -0.0104951366385371 -0.10000000000000001 -0.025983782268651452 0.00015583209276699676 -0.023119550943520764 -0.10000000000000001 -0.10000000000000001 -0.099999999999999978
leaf_weight=18.684710502624512 713.72200036048889 19.457440465688705 68.592530250549316 15.350082121789454 77.464037917554379 586.8028826713562 781.293053150177 60.170003890991211 691.05685806274414 521.43213891983032 5874.2330384254456 10.900063037872313 160.87115269899368 12.780007213354109 400.11204688996077 357.85292816162109 361.60710048675537 265.891357421875 326.62262678146362 604.07721662521362 3.9642690420150748 223.48412704467773 3320.0229585170746 42.35433928668499 17.06249325722456 47.20743553340435 2.9933158680796623
leaf_count=2 84 34 5 28 957 28 41 3 23 13 212 2 20 8 263 29 46 11 26 45 40 32 472 12 105 552 37
internal_value=0.00115039 0.00163722 -0.0133052 -0.0591836 -0.0692449 0.00250642 0.00530023 -0.00794794 0.00629212 0.00735523 0.00633288 -0.0880604 -0.00458666 0.000348905 -0.0071693 -0.00131993 -0.00212795 -0.0001001 -0.00788007 -0.00324393 -0.0861352 -0.0152547 -0.00129178 -0.0267089 -0.045197 -0.1 -0.1
internal_weight=15586.1 15479 850.915 88.9725 107.049 14628.1 8454.82 761.943 7868.02 7176.96 6655.53 88.3641 701.773 573.763 412.892 6173.28 5815.43 4299.64 1515.79 930.7 69.5151 585.091 4033.74 128.009 59.4168 54.165 6.95758
internal_count=3130 2169 1107 691 961 1062 317 416 289 266 253 959 413 291 271 745 716 567 149 71 657 78 556 122 117 629 77
is_linear=0
shrinkage=0.05


Tree=89
num_leaves=29
num_cat=0
split_feature=5 9 5 5 2 6 4 12 11 4 2 11 5 14 0 4 12 11 6 11 11 2 0 11 12 1 6 5
split_gain=200.201 73.936 85.1302 87.4723 69.058 63.6535 41.7298 40.6533 74.4202 111.831 58.4583 45.3802 38.6187 45.0007 35.6998 32.7981 33.753 58.9186 23.1126 36.9281 22.3806 21.0949 41.9627 20.8663 19.0171 15.4327 14.4933 5.68434e-14
threshold=19.500000000000004 32.910296706769394 82.500000000000014 20.500000000000004 1.0000000180025095e-35 30.455886584559703 41.500000000000007 2.3732142857142864 475.00000000000006 9.2290640394088701 0.89067875390874007 1315.0000000000002 2243.0000000000005 11.500000000000002 7.9699776586287863 9.7638888888888911 4.5034722222222223 485.00000000000006 33.353520542528592 235.00000000000003 585.00000000000011 12.002146829582264 6.1306561952765994 825.00000000000011 5.005319148936171 32.571503829923998 24.418788088397786 72.500000000000014
decision_type=10 8 10 10 8 10 10 10 10 10 10 8 10 8 10 10 10 10 10 8 10 8 10 10 8 10 10 10
left_child=4 5 3 -3 -1 6 15 11 -9 10 -10 23 13 21 -6 16 26 -18 19 -15 -17 -4 -23 25 -5 -7 -2 -26
right_child=1 2 12 24 14 7 -8 8 9 -11 -12 -13 -14 18 -16 20 17 -19 -20 -21 -22 22 -24 -25 27 -27 -28 -29
leaf_value=0.018787665314063163 -0.004254277180970276 0.035495088178264196 -0.014071344801734643 -0.036875527964799107 -0.10000000000000001 -0.012750401962857634 -0.025858632781522478 0.020042665657843264 -0.0022683701824248955 -0.010162059181947528 0.012844941179203354 0.0092597750305420858 -0.033995903267781534 -0.027417477844386591 -0.0030484074303761656 0.00014497036840625791 -0.0010574732472085735 -0.03207241527228185 -0.0053196814210795312 0.018949543226749424 0.016272766660992252 -0.10000000000000001 -0.011445664452892586 -0.01404049242402655 -0.10000000000000001 0.0014382272091334296 0.0016352783081311436 -0.10000000000000001
leaf_weight=18.649222373962402 1654.0209956169128 19.326832488179207 207.85446214675903 15.555199995636938 73.68607297539711 237.07862138748169 167.65118098258972 1029.5485873222351 841.0380334854126 942.92583513259888 2674.5143346786499 916.86349010467529 115.65145206451416 50.248016342520714 10.899515628814695 417.09082937240601 407.8962140083313 245.1617374420166 412.74254989624023 295.32052125781775 444.2029972076416 23.20358607172966 31.591567516326904 432.39739990234375 48.092537842690945 1000.0589556694031 2835.0138545036316 3.1220839023590079
leaf_count=2 254 34 15 32 957 39 18 36 33 31 52 32 5 123 2 38 45 28 21 116 24 144 4 19 591 63 338 34
internal_value=0.00109277 0.00155594 -0.0102433 -0.0581795 -0.068305 0.00256869 -0.00125445 0.00549059 0.00792617 0.00512824 0.00922933 0.000322588 -0.00661224 -0.0035103 -0.087507 -0.000567349 -0.00207987 -0.0127007 0.00266758 0.0122075 0.00846271 -0.0213468 -0.0489449 -0.00458547 -0.085294 -0.00128081 -0.000534776 -0.1
internal_weight=15571.4 15468.2 1222.71 86.0967 103.235 14245.5 6171.04 8074.43 5488.03 4458.48 3515.55 2586.4 1136.61 1020.96 84.5856 6003.39 5142.09 653.058 758.311 345.569 861.294 262.65 54.7952 1669.53 66.7698 1237.14 4489.03 51.2146
internal_count=3130 2169 1119 691 961 1050 745 305 152 116 85 153 428 423 959 727 665 73 260 239 62 163 148 121 657 102 592 625
is_linear=0
shrinkage=0.05


Tree=90
num_leaves=23
num_cat=0
split_feature=9 8 5 5 8 8 13 13 13 8 8 13 5 10 14 14 1 4 4 14 4 5
split_gain=213.437 151.088 67.8017 54.5232 49.9666 68.0629 68.4837 61.9354 47.9119 56.4691 51.5356 45.716 42.9205 42.0706 41.0076 42.3406 32.9593 29.67 21.2398 17.8029 11.5752 2.84217e-14
threshold=114.83667709569939 0.62391940201494978 82.500000000000014 84.500000000000014 4.9156565656565663 3.2554347826086958 10.200000000000001 3.3847771236333055 1.5741758241758244 2.1558704453441302 0.71237234878240396 6.0400000000000009 179.50000000000003 9.3392857142857171 4.5000000000000009 3.5000000000000004 244.60799583435059 3.1937500000000005 21.833333333333339 18.500000000000004 9.7638888888888911 5.5000000000000009
decision_type=8 8 10 10 10 10 10 10 10 10 10 10 10 10 8 10 10 10 10 10 10 10
left_child=4 -2 14 -4 5 6 7 8 9 -1 -10 -6 -5 20 15 16 21 -7 19 -14 -9 -3
right_child=1 2 3 12 11 17 -8 13 10 -11 -12 -13 18 -15 -16 -17 -18 -19 -20 -21 -22 -23
leaf_value=-9.5744579186166621e-05 0.011441410376039107 -0.10000000000000001 0.071980628729564108 -0.10000000000000001 0.0030603610053022926 -0.0034246348654073926 0.016181912829089321 -0.010466713658739775 -0.0097263704418930758 0.020136658881048972 0.010348037277000838 0.024884580293674335 -0.069284212686775287 -0.028030430595561776 -0.10000000000000001 0.0064997173773083663 -0.01339536689230912 -0.024118835658593504 0.023770645522330061 -0.024355407393208309 0.00084800882061390704 -0.10000000000000001
leaf_weight=8269.5002498626709 145.3040319532156 24.494659006595612 12.40702237933874 23.089020416140556 502.27706098556519 353.23893451690674 856.03164958953857 433.04240131378174 362.07391309738159 359.8785572052002 2732.7640199661255 459.45289897918701 27.87332983314991 241.93689966201782 76.675615474581718 24.156172476708889 15.793245315551756 339.84028625488281 18.248112380504608 105.50976937264204 472.86012077331543 11.596685282886027
leaf_count=733 38 346 9 174 29 23 36 41 35 13 111 14 83 20 1044 67 1 19 6 75 27 151
internal_value=0.00142195 -0.0312312 -0.0494764 -0.0293008 0.00245177 0.00171587 0.00248769 0.00157698 0.00266219 0.000748025 0.00799948 0.0134866 -0.0364929 -0.00950755 -0.074198 -0.0481805 -0.0736383 -0.0135717 -0.0268226 -0.0337443 -0.00456069 -0.1
internal_weight=15868 485.148 339.844 187.127 15382.9 14421.2 13728.1 12872.1 11724.2 8629.38 3094.84 961.73 174.72 1147.84 152.716 76.0408 51.8846 693.079 151.631 133.383 905.903 36.0913
internal_count=3095 1994 1956 347 1101 1058 1016 980 892 746 146 43 338 88 1609 565 498 42 164 158 68 497
is_linear=0
shrinkage=0.05


Tree=91
num_leaves=25
num_cat=0
split_feature=0 4 10 8 8 13 13 14 10 13 12 13 12 8 14 5 5 5 3 14 8 14 8 5
split_gain=195.465 200.822 53.3813 45.9701 60.6871 62.8741 55.0948 44.8587 42.7505 41.4847 41.1918 40.7877 55.8566 51.5494 36.3191 40.9491 63.7262 33.2453 24.448 12.6902 12.5028 11.0463 3.40512 1.42109e-14
threshold=1.0000000180025095e-35 1.0000000180025095e-35 8.5750000000000011 4.9156565656565663 3.2554347826086958 10.200000000000001 3.4188596491228074 82.500000000000014 9.1770833333333339 6.0400000000000009 12.521929824561406 1.5741758241758244 2.5855151031656818 2.1558704453441302 4.5000000000000009 6.5000000000000009 20.500000000000004 19.500000000000004 2.2158385093167707 12.500000000000002 0.37429776338579718 48.500000000000007 0.52461662631154171 31.500000000000004
decision_type=10 10 10 10 10 10 10 10 10 10 8 10 8 10 8 10 10 10 10 10 10 8 8 10
left_child=1 7 18 4 5 6 11 14 21 -5 -6 13 -13 -2 15 -1 17 -17 19 20 -3 -8 -22 -18
right_child=3 2 -4 9 10 -7 8 -9 -10 -11 -12 12 -14 -15 -16 16 23 -19 -20 -21 22 -23 -24 -25
leaf_value=-0.10000000000000001 -0.00017738584475618106 0.00051962081110877361 0.04005057342685861 0.0029074788740941857 -0.0017489266913467587 0.015392988446150689 4.8777636673591056e-05 -0.0018400572894249256 -0.027981416721013036 0.023713835418980662 -0.026241050126077997 0.020691683315124283 0.0039628154477440855 0.019168721743603987 -0.10000000000000001 -0.034189824264354435 -0.099999999999999922 0.075021500026480156 -0.057424994214150794 0.011209197876436369 -0.030414402063040483 -0.011799832976878966 -0.064918483337943464 -0.10000000000000001
leaf_weight=28.391719050705433 8336.0328419208527 30.754440858960152 60.720612958073616 502.25412273406982 376.64211797714233 854.9388632774353 560.46416401863098 20.969226479530334 239.58390426635742 458.06585645675659 315.45313549041748 621.46331214904785 2531.7067048549652 359.16716384887695 93.926745861768723 13.288884915411472 3.8600856587290791 14.651219487190247 28.353507488965988 57.036580242216587 16.739614337682724 303.08184957504272 12.482321083545687 13.005395762622355
leaf_count=393 737 6 9 29 22 36 49 27 20 14 20 26 124 13 1241 69 39 5 29 25 4 16 43 99
internal_value=0.00135108 -0.0334177 0.000677149 0.00223764 0.00153592 0.00226018 0.00139328 -0.0707743 -0.00929435 0.012832 -0.0129123 0.00238834 0.00725993 0.000621732 -0.0794235 -0.0530198 -0.0232501 0.0230784 -0.0157694 -0.00567581 -0.0217332 -0.00410977 -0.045153 -0.1
internal_weight=15853 394.18 206.087 15458.9 14498.5 13806.4 12951.5 188.093 1103.13 960.32 692.095 11848.4 3153.17 8695.2 167.124 73.1973 44.8056 27.9401 145.366 117.013 59.9764 863.546 29.2219 16.8655
internal_count=3095 1989 116 1106 1063 1021 985 1873 85 43 42 900 150 750 1846 605 212 74 107 78 53 65 47 138
is_linear=0
shrinkage=0.05


Tree=92
num_leaves=24
num_cat=0
split_feature=9 5 10 0 2 14 5 5 12 5 4 14 5 4 4 10 4 5 12 10 0 4 2
split_gain=184.1 141.669 44.0993 43.8654 42.0988 39.1278 48.7125 39.6682 35.1033 31.2822 29.6383 37.9112 60.0365 46.1081 30.3225 28.5505 27.0777 25.4703 25.3733 24.2945 17.5281 88.4656 7.27245
threshold=33.758379755234266 82.500000000000014 8.5750000000000011 6.9789998811483391 9.5248439751229146 4.5000000000000009 6.5000000000000009 20.500000000000004 85.785714285714292 19.500000000000004 29.772727272727277 64.500000000000014 1473.0000000000002 4.7247899159663875 10.42481203007519 4.6306818181818192 13.100000000000001 84.500000000000014 9.7736111111111139 7.3875000000000011 5.4179735771327113 1.0000000180025095e-35 1.0000000180025095e-35
decision_type=8 10 10 10 10 8 10 10 10 10 10 10 10 8 10 10 10 10 8 8 10 10 8
left_child=4 3 15 5 8 6 -2 9 10 -8 11 12 14 -13 -1 17 -15 -3 -12 -14 21 -19 -9
right_child=1 2 -4 -5 -6 -7 7 22 -10 -11 18 13 19 16 -16 -17 -18 20 -20 -21 -22 -23 -24
leaf_value=0.0017213300339614752 -0.10000000000000001 0.044632226306249773 0.01710390513256697 -0.0056623440578487351 0.017236490993803862 -0.10000000000000001 -0.033236736808786242 -0.027923412978760987 0.016920562998997392 0.073334942185278446 0.016581550073745479 -0.0139460187335515 0.015613968546365851 0.0029252951318716625 -0.007878726807525183 -0.047056666638125869 -0.013040125345235472 -0.10000000000000001 -0.0003014359263449553 0.0041701865019083389 -0.0088727958543738002 -0.0086212363723376217 -0.099999999999999978
leaf_weight=7618.6003658771515 27.007037989795208 18.719538561999798 116.20966538786888 28.760545253753662 475.98441123962402 69.775182604789734 13.325032956898212 5.1444692611694336 390.02162742614746 14.249130368232727 593.01196527481079 835.11686611175537 1048.8746070861816 1547.9620084762573 922.09597110748291 67.930474117398262 320.57685375213623 34.074040144681931 356.23136854171753 831.38866710662842 372.93558931350708 118.94419744610786 10.946398206055166
leaf_count=743 393 10 13 3 9 1046 70 1 12 5 26 34 25 101 65 20 12 254 14 26 28 81 104
internal_value=0.00128372 -0.0207039 -0.0111349 -0.0619196 0.00260538 -0.0734399 -0.0472169 -0.0145703 0.00212389 0.0218349 0.00171384 0.00109677 0.00246554 -0.00417904 0.00068486 -0.0164918 0.000186179 -0.0126798 0.0102457 0.0105539 -0.0147196 -0.0289694 -0.0769561
internal_weight=15837.9 898.021 728.814 169.208 14939.9 140.447 70.6721 43.665 14463.9 27.5742 14073.9 13124.6 10421 2703.66 8540.7 612.604 1868.54 544.673 949.243 1880.26 525.954 153.018 16.0909
internal_count=3095 2028 406 1622 1067 1619 573 180 1058 75 1046 1006 859 147 808 393 113 373 40 51 363 335 105
is_linear=0
shrinkage=0.05


Tree=93
num_leaves=22
num_cat=0
split_feature=9 5 10 8 8 4 5 13 2 6 8 3 6 1 2 5 5 5 5 7 13
split_gain=168.342 144.847 40.7269 38.9803 43.2732 55.0214 48.6633 64.5626 48.9401 38.316 34.9072 34.0837 31.4338 28.9913 28.2524 21.9437 17.248 95.8996 17.0022 37.0183 7.61419
threshold=34.066889679863984 82.500000000000014 8.5750000000000011 4.9156565656565663 3.2554347826086958 32.250000000000007 2002.0000000000002 1.4215418261345001 5.5166148032558375 54.222147238063577 3.7488125685056635 2.2158385093167707 137.45057252503298 48.852999168038373 1.0000000180025095e-35 84.500000000000014 19.500000000000004 20.500000000000004 179.50000000000003 3.5000000000000004 0.30993852459016397
decision_type=8 10 10 10 10 10 10 8 10 10 8 10 10 10 8 10 10 10 10 10 8
left_child=3 13 11 4 5 6 8 -8 12 -5 -6 15 -1 14 -2 -3 -16 -18 19 -17 -20
right_child=1 2 -4 9 10 -7 7 -9 -10 -11 -12 -13 -14 -15 16 18 17 -19 20 -21 -22
leaf_value=0.0017989632419544458 -0.0035873016707865914 0.042827483739312333 0.016272532013854386 0.0024097680957846628 -0.022082990348920053 0.015345209064981845 -0.00052343726641665173 0.017019051301506983 -0.018576385302885225 0.022644218946286362 0.00090629963394457409 -0.04288380773459264 -0.0070424212552979122 -0.011864100740021612 -0.10000000000000001 -0.10000000000000001 0.038410162862451157 -0.10000000000000001 0.0093272696632731994 -0.014509460359510996 -0.011397137295835745
leaf_weight=9077.9802858829498 13.281853675842285 18.537733688950539 116.04392920434475 478.77409076690674 334.4085488319397 770.91288328170776 1015.5648393630981 1084.6756868362427 335.91524887084961 457.53767204284668 326.18070030212402 99.028325021266937 1130.4912891387939 22.805875301361084 58.317058343440294 16.81989424675703 17.202121570706367 45.927244707942009 51.97965644299984 51.230256766080856 300.76128270477057
leaf_count=878 2 10 13 34 22 26 28 21 12 8 18 37 24 2 917 140 30 670 16 41 146
internal_value=0.00121953 -0.0209557 -0.0105941 0.00241886 0.00176176 0.00237693 0.00158629 0.00853643 0.000201953 0.0122975 -0.0107315 -0.0163852 0.000819864 -0.0639983 -0.0728232 -0.0104122 -0.0803951 -0.0622846 -0.0127576 -0.0356401 -0.0083432
internal_weight=15824.4 811.935 654.401 15012.4 14076.1 13415.5 12644.6 2100.24 10544.4 936.312 660.589 538.357 10208.5 157.534 134.728 439.329 121.446 63.1294 420.791 68.0502 352.741
internal_count=3095 2024 403 1071 1029 989 963 49 914 42 40 390 902 1621 1619 353 1617 700 343 181 162
is_linear=0
shrinkage=0.05


Tree=94
num_leaves=23
num_cat=0
split_feature=0 4 10 2 3 12 7 3 3 4 4 2 2 5 5 12 3 5 5 3 13 4
split_gain=152.333 178.536 45.5856 39.5276 51.192 29.3602 31.362 51.6205 48.5167 36.8988 72.4753 42.9657 21.8892 24.9452 74.1148 19.9127 49.6298 17.332 97.8354 7.95542 7.0676 1.42109e-14
threshold=1.0000000180025095e-35 1.0000000180025095e-35 21.850000000000005 9.5248439751229146 13.305555555555557 85.785714285714292 66.500000000000014 5.0350985221674884 3.5880398671096354 2.3316151202749147 2.7638888888888893 0.63201237800295063 1.0000000180025095e-35 19.500000000000004 20.500000000000004 4.9551488334674181 2.6929292929292932 82.500000000000014 84.500000000000014 1.3956521739130436 3.0263157894736845 3.8685714285714288
decision_type=10 10 10 10 10 10 10 8 10 10 10 10 8 10 10 10 8 10 10 10 8 8
left_child=1 12 15 4 5 6 9 8 -8 11 -11 -2 -1 -14 -15 16 19 -16 -19 -3 21 -18
right_child=3 2 -4 -5 -6 -7 7 -9 -10 10 -12 -13 13 14 17 -17 20 18 -20 -21 -22 -23
leaf_value=0.011068095251176085 0.0020353883881400947 -0.019557471296941437 0.048348246581352256 0.016133624589873611 -0.01750106204665924 0.015469921917003776 -0.0071936622737794878 -0.015788005256806761 0.0089130185195821117 0.0236252351925571 0.0037777743397428517 -0.0084719635259693695 -0.10000000000000001 0.036761036732609394 -0.10000000000000001 0.024452926203479788 -0.10000000000000001 0.068783988176934888 -0.10000000000000001 0.0080513643251593301 -0.043421984797651393 -0.09999999999999995
leaf_weight=8.1585454940795898 4916.9972512722015 47.458954893052578 40.578438818454742 474.05329895019531 347.38889408111572 389.11594581604004 957.83501386642456 639.35590362548828 913.38300466537476 505.7125039100647 5084.0586934089661 1212.9128174781799 55.368233885616064 17.078390970826149 42.484565135091543 32.039316400885582 11.445699557662008 11.684049196541308 32.37650091946125 57.953726254403591 8.0755070745944995 5.9948782846331623
leaf_count=1 558 21 4 9 29 12 30 28 24 35 284 97 916 30 660 13 39 9 257 19 5 15
internal_value=0.00115857 -0.0305157 0.000928871 0.001919 0.00146877 0.00191953 0.00154901 -0.0035225 0.000668366 0.00263542 0.0055734 -4.36799e-05 -0.0688072 -0.0729059 -0.0584289 -0.0108784 -0.0195242 -0.0772133 -0.0552416 -0.0043787 -0.0820938 -0.1
internal_weight=15811.5 370.697 203.547 15440.8 14966.8 14619.4 14230.3 2510.57 1871.22 11719.7 5589.77 6129.91 167.15 158.992 103.624 162.968 130.929 86.5451 44.0606 105.413 25.5161 17.4406
internal_count=3095 1989 116 1106 1097 1068 1056 82 54 974 319 655 1873 1872 956 112 99 926 266 40 59 54
is_linear=0
shrinkage=0.05


Tree=95
num_leaves=31
num_cat=0
split_feature=9 7 13 6 9 14 8 7 7 14 10 4 6 8 1 2 10 8 14 14 7 7 14 10 2 0 2 0 0 14
split_gain=90.1632 107.005 58.5141 135.594 48.2315 47.2664 63.9149 42.2312 49.5124 52.3652 48.1451 55.3752 46.8599 40.5244 34.0898 37.346 36.8995 32.1113 23.2687 58.5207 20.3761 24.0842 20.2844 19.6749 12.9055 27.4027 6.03498 3.67376 9.78751 2.84217e-14
threshold=33.353520542528592 1.0000000180025095e-35 6.8819444444444455 108.23076980642529 25.52714648635266 82.500000000000014 2.1398138916583584 42.500000000000007 47.500000000000007 6.5000000000000009 8.6862745098039227 4.834426229508197 67.568012019825275 1.4508064516129033 73.377498750388625 1.7286263275198028 10.062500000000002 0.57674982674982689 4.5000000000000009 3.5000000000000004 38.500000000000007 34.500000000000007 43.500000000000007 8.1010101010101021 6.3589094587099657 6.1306561952765994 1.0023679966877748 6.6997652679478543 6.9789998811483391 48.500000000000007
decision_type=8 10 10 10 10 10 8 10 10 10 8 10 10 10 10 10 10 8 8 10 10 10 8 10 8 10 8 8 10 10
left_child=2 5 7 4 -4 6 26 12 -9 -10 13 -12 14 -11 16 22 23 -3 19 -8 21 24 -16 -1 -19 -26 -2 -28 -29 -20
right_child=1 17 3 -5 -6 -7 18 8 9 10 11 -13 -14 -15 15 -17 -18 20 29 -21 -22 -23 -24 -25 25 -27 27 28 -30 -31
leaf_value=-0.0023445646971929231 0.0037364695389438193 0.011032465148452585 -0.011026700883077264 0.034724567483300398 0.010275429698964457 0.039872089956395601 -0.10000000000000001 0.017388923235438589 0.018044908153080106 -0.0059756337514274066 0.014835821816833232 -0.0021496161292010019 -0.013405247827299852 0.0081722219651714032 -0.0021591493988230479 0.020823602970916618 -0.024166555853128283 0.002048014852616009 -0.10000000000000001 0.010337222269891954 -0.024603299764527409 0.039000353845874414 0.011252034210458331 0.016430669822987156 -0.042415949822475131 -0.0037011865174075859 -0.0059436271735609312 -0.10000000000000003 -0.010064410504049465 -0.10000000000000001
leaf_weight=4047.6581566333771 29.720999717712402 204.11771088838577 439.49480724334717 437.06562423706055 672.03498697280884 13.622515529394148 28.492493700236082 609.21815633773804 485.44634389877319 2438.1796340942383 1044.386332988739 887.7034478187561 778.71352100372314 638.74374723434448 909.64579582214355 329.22570323944092 191.04594421386719 157.20461511611938 56.812068153172731 20.782831579446793 207.32665169239044 28.566261231899261 408.59045696258545 144.51659107208252 69.757281288504601 132.57016086578369 8.4256420135498065 5.3110551349818689 7.0286846160888672 2.2372057624161235
leaf_count=596 3 29 37 4 33 11 490 24 17 91 31 36 31 17 70 15 26 12 974 66 26 4 23 11 331 12 1 59 1 32
internal_value=0.000955341 -0.0137858 0.0019461 0.0111302 0.00185265 -0.0495093 -0.0571762 0.000844702 0.00386486 0.00236533 0.000845754 0.00703182 -0.00186245 -0.00303866 -0.000371987 0.00575982 -0.00267667 -0.00608152 -0.078831 -0.0534631 -0.0119484 -0.00518795 0.00199768 -0.00169733 -0.00869889 -0.017049 -0.0107132 -0.0313947 -0.0487729 -0.1
internal_weight=15433.6 971.976 14461.7 1548.6 1111.53 172.433 158.811 12913.1 6103.68 5494.46 5009.01 1932.09 6809.4 3076.92 6030.68 1647.46 4383.22 799.543 108.325 49.2753 595.425 388.098 1318.24 4192.17 359.532 202.327 50.4864 20.7654 12.3397 59.0493
internal_count=3113 2051 1062 74 70 1637 1626 988 216 192 175 67 772 108 741 108 633 414 1562 556 385 359 93 607 355 343 64 61 60 1006
is_linear=0
shrinkage=0.05


Tree=96
num_leaves=29
num_cat=0
split_feature=9 7 2 13 8 14 8 10 12 9 8 14 12 2 8 3 13 14 14 11 11 8 2 1 2 1 1 14
split_gain=81.9482 100.707 53.9176 47.129 72.3024 44.0885 62.3342 36.1266 41.7171 38.317 56.1867 34.1725 31.8755 33.0714 29.0437 24.2962 25.3202 23.4746 56.7353 19.6879 21.2694 14.6668 10.3206 25.0793 5.54108 3.45974 9.61348 2.84217e-14
threshold=33.353520542528592 1.0000000180025095e-35 9.5248439751229146 9.4166666666666696 2.8090909090909095 82.500000000000014 2.1398138916583584 3.8366666666666673 4.1575920895672551 24.117175814902769 0.70278352887048545 55.500000000000007 5.0986470621121489 2.6662119098131782 0.57674982674982689 3.0842945874001777 0.8452991452991454 4.5000000000000009 3.5000000000000004 865.00000000000011 725.00000000000011 0.80199792667986058 6.3589094587099657 33.416667461036397 1.0023679966877748 46.739118736879398 48.852999168038373 52.500000000000007
decision_type=8 10 10 10 8 10 8 8 8 10 10 8 8 10 8 10 8 8 10 10 10 8 8 10 8 8 10 10
left_child=2 5 3 7 -5 6 24 15 9 10 -9 -11 -10 -14 -3 16 21 18 -8 20 22 -1 -16 -24 -2 -26 -27 -19
right_child=1 14 -4 4 -6 -7 17 8 12 11 -12 -13 13 -15 19 -17 -18 27 -20 -21 -22 -23 23 -25 25 26 -28 -29
leaf_value=-0.0005544402858222346 0.003549893811432202 0.010487230130917234 0.018597523001039572 0.023430036786246593 -0.0015153619184899651 0.038182217437589247 -0.10000000000000001 0.011396856912521611 -0.01485997240712883 0.0031261043797569769 -0.014694608201904429 0.01200261599851965 0.00069259308468666678 -0.011857646176391869 0.00030402685072113654 -0.023858772201718479 0.0036123106712641372 -0.10000000000000001 0.0098256139453351057 -0.024927535697628782 0.034608616854371964 -0.018400293741313634 -0.040661185849506419 -0.0035163681861039952 -0.0056474435679106736 -0.10000000000000003 -0.0095660389531187287 -0.10000000000000001
leaf_weight=173.82128381729126 29.718976974487305 203.9965948164463 465.12802696228027 579.95912504196167 581.95287799835205 13.516931504011152 27.102898769080639 321.39917373657227 432.63274192810059 3535.3713240623474 576.351487159729 1563.8805775642395 4613.2896139621735 592.30884552001953 176.59204626083374 198.20892429351807 477.25455188751221 54.495769746601582 20.772005490958691 184.75870901346207 30.919900447130203 340.99966311454773 69.145417295396328 132.56130981445312 8.4241914749145526 5.0520319640636426 7.0252137184143066 1.6736367195844639
leaf_count=19 3 29 7 18 33 11 490 17 35 200 56 48 506 21 13 21 37 980 66 23 6 44 331 12 1 59 1 26
internal_value=0.000907909 -0.0131934 0.00185019 0.00129329 0.0109359 -0.0484052 -0.0559922 0.000419727 0.00126848 0.00417146 -0.00535373 0.00584843 -0.00181922 -0.000735411 -0.00578979 -0.00787702 -0.00468399 -0.0780738 -0.0523488 -0.01138 -0.00526341 -0.0123749 -0.00852231 -0.0162497 -0.0102445 -0.0302409 -0.0473955 -0.1
internal_weight=15418.3 965.756 14452.6 13987.4 1161.91 167.782 154.265 12825.5 11635.2 5997 897.751 5099.25 5638.23 5205.6 797.974 1190.28 992.075 104.044 47.8749 593.977 409.219 514.821 378.299 201.707 50.2204 20.5014 12.0772 56.1694
internal_count=3113 2051 1062 1055 51 1637 1626 1004 883 321 73 248 562 527 414 121 100 1562 556 385 362 63 356 343 64 61 60 1006
is_linear=0
shrinkage=0.05


Tree=97
num_leaves=29
num_cat=0
split_feature=5 13 6 11 1 9 11 10 3 8 9 13 14 14 6 10 5 5 8 8 0 13 14 14 5 6 9 12
split_gain=111.347 42.0503 100.056 49.1808 45.5155 39.6269 49.0414 39.1084 54.2695 77.5627 58.9196 58.0087 107.731 43.4831 39.2377 38.6979 36.1807 40.0261 35.7428 37.225 34.9562 53.637 28.032 24.5837 16.4484 9.46117 14.345 2.84217e-14
threshold=19.500000000000004 6.8819444444444455 108.23076980642529 285.00000000000006 20.657220918572609 25.52714648635266 525.00000000000011 3.4494949494949503 3.4031250000000006 0.99418604651162801 26.974023781004693 1.3659044542672563 56.500000000000007 68.500000000000014 57.750725138805976 1.7866161616161618 20.500000000000004 82.500000000000014 0.73926218708827418 0.64649000464900064 27.216066152362863 1.0000000180025095e-35 42.500000000000007 1.0000000180025095e-35 509.00000000000006 97.947654108036943 26.916263401652746 2.0124256007507846
decision_type=10 10 10 10 10 10 8 8 10 10 10 8 10 8 10 10 10 10 10 10 10 8 8 8 10 8 10 8
left_child=20 3 5 4 15 6 -3 25 9 14 -11 13 -13 -10 -9 16 -2 -18 19 23 21 -1 24 -6 -20 26 -5 -23
right_child=1 2 -4 7 18 -7 -8 8 11 10 -12 12 -14 -15 -16 -17 17 -19 22 -21 -22 27 -24 -25 -26 -27 -28 -29
leaf_value=0.022558882229288816 0.037575373029210511 -0.029367942320755621 0.028860739730788051 -0.015678877221724636 0.016278705863402961 0.0084589506609080139 0.0040082961644514799 0.0042592181319989052 0.0097769179819932103 0.018986546511029184 0.0031827182033217424 -0.015835784170297251 0.0038154207270158741 -0.0077327860524842021 -0.010407128605868569 0.020156392980683023 -0.076814169129310203 -0.025840774849913178 -0.010326310775370405 0.024505201127901416 -0.008152042171387569 -0.099999999999999922 -0.027638976271771372 -0.0027542006133433774 0.0045213410810688677 -0.020590310272379325 0.0047716762376267107 -0.10000000000000001
leaf_weight=10.953152909874916 16.500904858112335 195.72641050815582 449.3411865234375 188.33724069595337 185.45677089691162 699.08899927139282 251.45808820426464 1501.5007261782885 1517.8306971788406 1501.5180395245552 971.23809337615967 1325.6028432846069 1471.7692820727825 462.64600133895874 654.96146106719971 39.849951639771461 52.627968747168779 143.58252182230353 777.93277168273926 151.42746305465698 26.402335166931152 1.0968554429709909 190.85635328292847 1991.6910667419434 245.36069440841675 176.6839674860239 157.42397022247314 47.167324934154749
leaf_count=4 30 35 5 26 20 36 14 172 96 64 38 90 47 14 26 23 656 324 105 9 3 16 19 283 21 14 16 907
internal_value=0.000862492 0.00118026 0.00886286 0.000287103 -0.00455414 0.00102366 -0.0106 0.00213753 0.00287703 0.00673521 0.0127792 -0.000861136 -0.00549678 0.00568659 -0.00019525 -0.0250616 -0.0335329 -0.039513 -0.00309215 0.000534335 -0.0559983 -0.0773309 -0.0100473 -0.00113291 -0.00676621 -0.0111777 -0.00636781 -0.1
internal_weight=15406 15320.4 1595.61 13724.8 3795.29 1146.27 447.184 9929.51 9407.07 4629.22 2472.76 4777.85 2797.37 1980.48 2156.46 252.561 212.711 196.21 3542.73 2328.58 85.6197 59.2173 1214.15 2177.15 1023.29 522.445 345.761 48.2642
internal_count=3113 2183 90 2093 1490 85 49 603 547 300 102 247 137 110 198 1033 1010 980 457 312 930 927 145 303 126 56 42 923
is_linear=0
shrinkage=0.05


Tree=98
num_leaves=24
num_cat=0
split_feature=5 2 8 0 10 7 12 8 5 12 4 5 6 0 2 6 2 7 9 5 2 2 12
split_gain=103.539 48.657 39.656 65.5874 61.2593 122.994 49.7154 47.7412 47.6471 52.7707 45.7081 42.6639 41.3966 34.2242 54.6727 31.188 33.1236 27.3999 26.1634 18.1782 17.5387 13.3181 14.4377
threshold=19.500000000000004 9.5248439751229146 3.2554347826086958 1.5910880829644769 21.850000000000005 5.5000000000000009 3.8892577989901089 2.1791257522964842 20.500000000000004 9.1778115501519775 3.1937500000000005 63.500000000000007 30.686109372934908 27.216066152362863 1.0000000180025095e-35 24.071215966298652 1.0000000180025095e-35 14.500000000000002 30.634085034222487 82.500000000000014 1.000898828151995 1.999259664464901 33.483957219251344
decision_type=10 10 8 10 8 10 10 10 10 8 10 10 10 10 8 8 10 10 10 10 10 8 10
left_child=13 2 4 8 7 11 17 15 -4 -10 21 -6 -8 14 -1 16 -2 -7 -17 -11 -13 -5 -23
right_child=1 -3 3 10 5 6 12 -9 9 19 -12 20 -14 -15 -16 18 -18 -19 -20 -21 -22 22 -24
leaf_value=0.026327412724548329 -0.02611222195353264 0.017076882215059958 0.03595059099293714 0.0087219657343822476 0.023274008296336343 0.033290577019585738 0.014911103825323888 0.012952589128738199 0.038885066858266482 -0.10000000000000001 -0.022346879940060075 -0.018244713487354531 -0.0086663890067056205 -0.007747016830997152 -0.10000000000000001 0.0011610820123345944 0.00054092523657242088 0.016639207625678047 -0.007262232744988226 -0.050870716836604706 0.0043194852151681234 -0.00091121807451548925 -0.011656685884191718
leaf_weight=10.507218360900879 246.86542463302612 463.39595031738281 16.387321755290031 318.69408512115479 87.381507027894258 389.15342461317778 505.57798212766647 665.46526308357716 12.393313821405171 33.4299251511693 269.91466236114502 478.85227232798934 294.68124628067017 26.393781185150146 46.329069186002016 5775.8173427209258 220.85430192947388 676.56964728236198 1096.9499797821045 43.106712907552719 105.00321960449219 3260.8554055690765 345.74207448959351
leaf_count=1 44 7 30 29 25 24 46 20 7 619 20 110 16 3 926 347 25 37 68 264 6 418 21
internal_value=0.000819681 0.00112209 0.000624006 -0.00342249 0.00227456 0.0090447 0.0156473 0.000128985 -0.0423939 -0.0568307 -0.00244414 -0.00931004 0.00622911 -0.0547969 -0.0766461 -0.00103356 -0.0135268 0.0227195 -0.000183348 -0.0723296 -0.0141867 -0.00107557 -0.00194132
internal_weight=15390.3 15307.1 14843.7 4300.52 10543.2 2537.22 1865.98 8005.95 105.317 88.93 4195.21 671.237 800.259 83.2301 56.8363 7340.49 467.72 1065.72 6872.77 76.5366 583.855 3925.29 3606.6
internal_count=3113 2183 2176 1408 768 264 123 504 920 890 488 141 62 930 927 484 69 61 415 883 116 468 439
is_linear=0
shrinkage=0.05


Tree=99
num_leaves=21
num_cat=0
split_feature=5 2 8 13 0 13 5 14 3 13 10 9 9 6 13 3 0 2 8 2
split_gain=96.2588 43.9837 35.8321 86.0903 60.9608 59.4296 45.3415 63.3758 49.5798 44.9443 40.9119 41.3766 40.5606 44.2757 40.3146 61.1217 33.4937 52.9654 24.2729 17.6075
threshold=19.500000000000004 9.5248439751229146 3.2554347826086958 10.200000000000001 1.5848538115532504 16.100000000000005 20.500000000000004 82.500000000000014 4.5857142857142863 2.830143540669857 3.4494949494949503 32.484031849522886 26.361440432451499 27.070582829883218 9.4166666666666696 4.2136363636363647 27.216066152362863 1.0000000180025095e-35 0.81237679526893847 0.50320080970070546
decision_type=10 10 8 10 10 10 10 10 8 10 8 10 8 10 10 10 10 8 10 10
left_child=16 2 3 9 6 14 -4 8 -8 10 18 -12 19 -14 15 -6 17 -1 -2 -11
right_child=1 -3 4 -5 5 -7 7 -9 -10 12 11 -13 13 -15 -16 -17 -18 -19 -20 -21
leaf_value=0.025098093081782999 0.0053589492508164908 0.016246748534597233 0.034375374234736931 0.019112387909051592 -0.00050168025209037376 -0.024159210669461251 0.05078673557106439 0.011825952672171279 -0.10000000000000001 -0.028942965120596156 0.0043014222603422192 -0.011725144598086773 0.015859088570876041 -0.010310796250225253 0.022250823653853877 -0.032510239966914746 -0.0073618770099213617 -0.10000000000000001 -0.0122891624417604 -0.0094073868698533597
leaf_weight=10.471713066101074 268.60887196660042 462.73714637756348 16.284064784646034 699.39416621625423 3569.3522067070007 290.43352007865906 6.0733227729797363 23.934143573045731 53.247555207461119 245.38992047309875 7275.9375536926091 426.32798624038696 256.14729688316584 437.97113943099976 182.16553115844727 155.64674043655396 26.386058807373047 44.069573916494846 709.38119166344404 217.63924217224121
leaf_count=1 34 7 30 23 447 25 1 27 861 30 481 29 28 35 6 11 3 926 97 11
internal_value=0.000778774 0.00106651 0.00059297 0.0021623 -0.0032551 -0.00233803 -0.0419282 -0.0568526 -0.0845623 0.000957223 0.00219117 0.00341434 -0.00829911 -0.000653445 -0.00071598 -0.00183914 -0.0536084 -0.0759817 -0.00744204 -0.0197606
internal_weight=15377.6 15296.7 14833.9 10536.8 4297.14 4197.6 99.5391 83.255 59.3209 9837.4 8680.26 7702.27 1157.15 694.118 3907.16 3725 80.9273 54.5413 977.99 463.029
internal_count=3113 2183 2176 768 1408 489 919 889 862 745 641 510 104 63 464 458 930 927 131 41
is_linear=0
shrinkage=0.05


end of trees

feature_importances:
f_Interval_max_login_prev1days=354
f_Interval_sum_login_prev7days=324
f_Interval_sum_payment_prev7days=297
f_MeanSmoothInterval_payment_prev7days_smooth1days=242
f_TrendFraction_sum_login_prev7days_to2days_interval7days=241
f_TrendFraction_sum_battle_prev7days_to1days_interval7days=200
f_TrendFraction_sum_battle_prev6days_to3days_interval6days=188
f_TrendFraction_max_login_prev7days_to2days_interval7days=167
f_TrendFraction_sum_payment_prev6days_to3days_interval6days=165
f_TrendFraction_sum_finish_quest_prev7days_to2days_interval7days=158
f_Interval_sum_finish_quest_prev7days=154
f_TrendFraction_sum_finish_quest_prev7days_to1days_interval7days=118
f_Interval_max_payment_prev7days=104
f_Interval_count_finish_quest_prev7days=91
f_Interval_min_payment_prev7days=80

parameters:
[boosting: gbdt]
[objective: tweedie]
[metric: rmse]
[tree_learner: serial]
[device_type: cpu]
[data_sample_strategy: bagging]
[data: ]
[valid: ]
[num_iterations: 100]
[learning_rate: 0.05]
[num_leaves: 64]
[num_threads: 64]
[seed: 42]
[deterministic: 0]
[force_col_wise: 0]
[force_row_wise: 0]
[histogram_pool_size: -1]
[max_depth: 7]
[min_data_in_leaf: 20]
[min_sum_hessian_in_leaf: 0.001]
[bagging_fraction: 0.8]
[pos_bagging_fraction: 1]
[neg_bagging_fraction: 1]
[bagging_freq: 5]
[bagging_seed: 400]
[bagging_by_query: 0]
[feature_fraction: 0.8]
[feature_fraction_bynode: 1]
[feature_fraction_seed: 30056]
[extra_trees: 0]
[extra_seed: 12879]
[early_stopping_round: 0]
[early_stopping_min_delta: 0]
[first_metric_only: 0]
[max_delta_step: 0]
[lambda_l1: 0]
[lambda_l2: 0]
[linear_lambda: 0]
[min_gain_to_split: 0]
[drop_rate: 0.1]
[max_drop: 50]
[skip_drop: 0.5]
[xgboost_dart_mode: 0]
[uniform_drop: 0]
[drop_seed: 17869]
[top_rate: 0.2]
[other_rate: 0.1]
[min_data_per_group: 100]
[max_cat_threshold: 32]
[cat_l2: 10]
[cat_smooth: 10]
[max_cat_to_onehot: 4]
[top_k: 20]
[monotone_constraints: ]
[monotone_constraints_method: basic]
[monotone_penalty: 0]
[feature_contri: ]
[forcedsplits_filename: ]
[refit_decay_rate: 0.9]
[cegb_tradeoff: 1]
[cegb_penalty_split: 0]
[cegb_penalty_feature_lazy: ]
[cegb_penalty_feature_coupled: ]
[path_smooth: 0]
[interaction_constraints: ]
[verbosity: -1]
[saved_feature_importance_type: 0]
[use_quantized_grad: 0]
[num_grad_quant_bins: 4]
[quant_train_renew_leaf: 0]
[stochastic_rounding: 1]
[linear_tree: 0]
[max_bin: 255]
[max_bin_by_feature: ]
[min_data_in_bin: 3]
[bin_construct_sample_cnt: 200000]
[data_random_seed: 175]
[is_enable_sparse: 1]
[enable_bundle: 1]
[use_missing: 1]
[zero_as_missing: 0]
[feature_pre_filter: 1]
[pre_partition: 0]
[two_round: 0]
[header: 0]
[label_column: ]
[weight_column: ]
[group_column: ]
[ignore_column: ]
[categorical_feature: ]
[forcedbins_filename: ]
[precise_float_parser: 0]
[parser_config_file: ]
[objective_seed: 16083]
[num_class: 1]
[is_unbalance: 0]
[scale_pos_weight: 1]
[sigmoid: 1]
[boost_from_average: 1]
[reg_sqrt: 0]
[alpha: 0.9]
[fair_c: 1]
[poisson_max_delta_step: 0.7]
[tweedie_variance_power: 1.5]
[lambdarank_truncation_level: 30]
[lambdarank_norm: 1]
[label_gain: ]
[lambdarank_position_bias_regularization: 0]
[eval_at: ]
[multi_error_top_k: 1]
[auc_mu_weights: ]
[num_machines: 1]
[local_listen_port: 12400]
[time_out: 120]
[machine_list_filename: ]
[machines: ]
[gpu_platform_id: -1]
[gpu_device_id: -1]
[gpu_use_dp: 0]
[num_gpu: 1]

end of parameters

pandas_categorical:[]
